  0
SECTION
  2
HEADER
  9
$ACADVER
  1
AC1032
  9
$ACADMAINTVER
 90
      228
  9
$DWGCODEPAGE
  3
ANSI_1252
  9
$LASTSAVEDBY
  1
Precision7750
  9
$REQUIREDVERSIONS
160
                 0
  9
$INSBASE
 10
0.0
 20
0.0
 30
0.0
  9
$EXTMIN
 10
11903.30520408931
 20
20043.57445568685
 30
0.0
  9
$EXTMAX
 10
12333.30728480155
 20
20350.57685598351
 30
0.0
  9
$LIMMIN
 10
0.0
 20
0.0
  9
$LIMMAX
 10
12.0
 20
9.0
  9
$ORTHOMODE
 70
     1
  9
$REGENMODE
 70
     1
  9
$FILLMODE
 70
     1
  9
$QTEXTMODE
 70
     0
  9
$MIRRTEXT
 70
     0
  9
$LTSCALE
 40
2.0
  9
$ATTMODE
 70
     1
  9
$TEXTSIZE
 40
0.2
  9
$TRACEWID
 40
0.05
  9
$TEXTSTYLE
  7
Standard
  9
$CLAYER
  8
0
  9
$CELTYPE
  6
Continuous
  9
$CECOLOR
 62
   256
  9
$CELTSCALE
 40
1.0
  9
$DISPSILH
 70
     0
  9
$DIMSCALE
 40
1.0
  9
$DIMASZ
 40
0.18
  9
$DIMEXO
 40
0.0625
  9
$DIMDLI
 40
0.38
  9
$DIMRND
 40
0.0
  9
$DIMDLE
 40
0.0
  9
$DIMEXE
 40
0.18
  9
$DIMTP
 40
0.0
  9
$DIMTM
 40
0.0
  9
$DIMTXT
 40
0.18
  9
$DIMCEN
 40
0.09
  9
$DIMTSZ
 40
0.0
  9
$DIMTOL
 70
     0
  9
$DIMLIM
 70
     0
  9
$DIMTIH
 70
     1
  9
$DIMTOH
 70
     1
  9
$DIMSE1
 70
     0
  9
$DIMSE2
 70
     0
  9
$DIMTAD
 70
     0
  9
$DIMZIN
 70
     0
  9
$DIMBLK
  1

  9
$DIMASO
 70
     1
  9
$DIMSHO
 70
     1
  9
$DIMPOST
  1

  9
$DIMAPOST
  1

  9
$DIMALT
 70
     0
  9
$DIMALTD
 70
     2
  9
$DIMALTF
 40
25.4
  9
$DIMLFAC
 40
1.0
  9
$DIMTOFL
 70
     0
  9
$DIMTVP
 40
0.0
  9
$DIMTIX
 70
     0
  9
$DIMSOXD
 70
     0
  9
$DIMSAH
 70
     0
  9
$DIMBLK1
  1

  9
$DIMBLK2
  1

  9
$DIMSTYLE
  2
Standard
  9
$DIMCLRD
 70
     0
  9
$DIMCLRE
 70
     0
  9
$DIMCLRT
 70
     0
  9
$DIMTFAC
 40
1.0
  9
$DIMGAP
 40
0.09
  9
$DIMJUST
 70
     0
  9
$DIMSD1
 70
     0
  9
$DIMSD2
 70
     0
  9
$DIMTOLJ
 70
     1
  9
$DIMTZIN
 70
     0
  9
$DIMALTZ
 70
     0
  9
$DIMALTTZ
 70
     0
  9
$DIMUPT
 70
     0
  9
$DIMDEC
 70
     4
  9
$DIMTDEC
 70
     4
  9
$DIMALTU
 70
     2
  9
$DIMALTTD
 70
     2
  9
$DIMTXSTY
  7
Standard
  9
$DIMAUNIT
 70
     0
  9
$DIMADEC
 70
     0
  9
$DIMALTRND
 40
0.0
  9
$DIMAZIN
 70
     0
  9
$DIMDSEP
 70
    46
  9
$DIMATFIT
 70
     3
  9
$DIMFRAC
 70
     0
  9
$DIMLDRBLK
  1

  9
$DIMLUNIT
 70
     2
  9
$DIMLWD
 70
    -2
  9
$DIMLWE
 70
    -2
  9
$DIMTMOVE
 70
     0
  9
$DIMFXL
 40
1.0
  9
$DIMFXLON
 70
     0
  9
$DIMJOGANG
 40
0.7853981633974483
  9
$DIMTFILL
 70
     0
  9
$DIMTFILLCLR
 70
     0
  9
$DIMARCSYM
 70
     0
  9
$DIMLTYPE
  6

  9
$DIMLTEX1
  6

  9
$DIMLTEX2
  6

  9
$DIMTXTDIRECTION
 70
     0
  9
$LUNITS
 70
     2
  9
$LUPREC
 70
     4
  9
$SKETCHINC
 40
0.1
  9
$FILLETRAD
 40
0.0
  9
$AUNITS
 70
     2
  9
$AUPREC
 70
     4
  9
$MENU
  1
.
  9
$ELEVATION
 40
0.0
  9
$PELEVATION
 40
0.0
  9
$THICKNESS
 40
0.0
  9
$LIMCHECK
 70
     0
  9
$CHAMFERA
 40
0.0
  9
$CHAMFERB
 40
0.0
  9
$CHAMFERC
 40
0.0
  9
$CHAMFERD
 40
0.0
  9
$SKPOLY
 70
     0
  9
$TDCREATE
 40
2454994.497939815
  9
$TDUCREATE
 40
2454994.414608646
  9
$TDUPDATE
 40
2461013.920879629
  9
$TDUUPDATE
 40
2461013.879212963
  9
$TDINDWG
 40
0.1278778819
  9
$TDUSRTIMER
 40
0.1278778819
  9
$USRTIMER
 70
     1
  9
$ANGBASE
 50
90.0
  9
$ANGDIR
 70
     1
  9
$PDMODE
 70
     0
  9
$PDSIZE
 40
0.0
  9
$PLINEWID
 40
0.0
  9
$SPLFRAME
 70
     0
  9
$SPLINETYPE
 70
     6
  9
$SPLINESEGS
 70
     8
  9
$HANDSEED
  5
CD4
  9
$SURFTAB1
 70
     6
  9
$SURFTAB2
 70
     6
  9
$SURFTYPE
 70
     6
  9
$SURFU
 70
     6
  9
$SURFV
 70
     6
  9
$UCSBASE
  2

  9
$UCSNAME
  2

  9
$UCSORG
 10
0.0
 20
0.0
 30
0.0
  9
$UCSXDIR
 10
1.0
 20
0.0
 30
0.0
  9
$UCSYDIR
 10
0.0
 20
1.0
 30
0.0
  9
$UCSORTHOREF
  2

  9
$UCSORTHOVIEW
 70
     0
  9
$UCSORGTOP
 10
0.0
 20
0.0
 30
0.0
  9
$UCSORGBOTTOM
 10
0.0
 20
0.0
 30
0.0
  9
$UCSORGLEFT
 10
0.0
 20
0.0
 30
0.0
  9
$UCSORGRIGHT
 10
0.0
 20
0.0
 30
0.0
  9
$UCSORGFRONT
 10
0.0
 20
0.0
 30
0.0
  9
$UCSORGBACK
 10
0.0
 20
0.0
 30
0.0
  9
$PUCSBASE
  2

  9
$PUCSNAME
  2

  9
$PUCSORG
 10
0.0
 20
0.0
 30
0.0
  9
$PUCSXDIR
 10
1.0
 20
0.0
 30
0.0
  9
$PUCSYDIR
 10
0.0
 20
1.0
 30
0.0
  9
$PUCSORTHOREF
  2

  9
$PUCSORTHOVIEW
 70
     0
  9
$PUCSORGTOP
 10
0.0
 20
0.0
 30
0.0
  9
$PUCSORGBOTTOM
 10
0.0
 20
0.0
 30
0.0
  9
$PUCSORGLEFT
 10
0.0
 20
0.0
 30
0.0
  9
$PUCSORGRIGHT
 10
0.0
 20
0.0
 30
0.0
  9
$PUCSORGFRONT
 10
0.0
 20
0.0
 30
0.0
  9
$PUCSORGBACK
 10
0.0
 20
0.0
 30
0.0
  9
$USERI1
 70
   200
  9
$USERI2
 70
     0
  9
$USERI3
 70
     0
  9
$USERI4
 70
     0
  9
$USERI5
 70
     0
  9
$USERR1
 40
0.0
  9
$USERR2
 40
0.0
  9
$USERR3
 40
0.0
  9
$USERR4
 40
0.0
  9
$USERR5
 40
0.0
  9
$WORLDVIEW
 70
     1
  9
$SHADEDGE
 70
     3
  9
$SHADEDIF
 70
    70
  9
$TILEMODE
 70
     1
  9
$MAXACTVP
 70
    64
  9
$PINSBASE
 10
0.0
 20
0.0
 30
0.0
  9
$PLIMCHECK
 70
     0
  9
$PEXTMIN
 10
1.000000000000000E+20
 20
1.000000000000000E+20
 30
1.000000000000000E+20
  9
$PEXTMAX
 10
-1.000000000000000E+20
 20
-1.000000000000000E+20
 30
-1.000000000000000E+20
  9
$PLIMMIN
 10
0.0
 20
0.0
  9
$PLIMMAX
 10
12.0
 20
9.0
  9
$UNITMODE
 70
     0
  9
$VISRETAIN
 70
     1
  9
$PLINEGEN
 70
     1
  9
$PSLTSCALE
 70
     1
  9
$TREEDEPTH
 70
  3020
  9
$CMLSTYLE
  2
Standard
  9
$CMLJUST
 70
     0
  9
$CMLSCALE
 40
1.0
  9
$PROXYGRAPHICS
 70
     1
  9
$MEASUREMENT
 70
     1
  9
$CELWEIGHT
370
    -1
  9
$ENDCAPS
280
     0
  9
$JOINSTYLE
280
     0
  9
$LWDISPLAY
290
     0
  9
$INSUNITS
 70
     6
  9
$HYPERLINKBASE
  1

  9
$STYLESHEET
  1

  9
$XEDIT
290
     1
  9
$CEPSNTYPE
380
     0
  9
$PSTYLEMODE
290
     1
  9
$FINGERPRINTGUID
  2
{7F41C0DC-5F6A-40AE-893F-5F4205989E20}
  9
$VERSIONGUID
  2
{9BFFF8D2-487C-4D5C-A565-073CD1F35EA5}
  9
$EXTNAMES
290
     1
  9
$PSVPSCALE
 40
0.0
  9
$OLESTARTUP
290
     0
  9
$SORTENTS
280
   127
  9
$INDEXCTL
280
     0
  9
$HIDETEXT
280
     0
  9
$XCLIPFRAME
280
     2
  9
$HALOGAP
280
     0
  9
$OBSCOLOR
 70
   257
  9
$OBSLTYPE
280
     0
  9
$INTERSECTIONDISPLAY
280
     0
  9
$INTERSECTIONCOLOR
 70
   257
  9
$DIMASSOC
280
     1
  9
$PROJECTNAME
  1

  9
$CAMERADISPLAY
290
     0
  9
$LENSLENGTH
 40
50.0
  9
$CAMERAHEIGHT
 40
0.0
  9
$STEPSPERSEC
 40
2.0
  9
$STEPSIZE
 40
6.0
  9
$3DDWFPREC
 40
2.0
  9
$PSOLWIDTH
 40
0.25
  9
$PSOLHEIGHT
 40
4.0
  9
$LOFTANG1
 40
1.570796326794896
  9
$LOFTANG2
 40
1.570796326794896
  9
$LOFTMAG1
 40
0.0
  9
$LOFTMAG2
 40
0.0
  9
$LOFTPARAM
 70
     7
  9
$LOFTNORMALS
280
     1
  9
$LATITUDE
 40
37.795
  9
$LONGITUDE
 40
-122.394
  9
$NORTHDIRECTION
 40
0.0
  9
$TIMEZONE
 70
 -8000
  9
$LIGHTGLYPHDISPLAY
280
     1
  9
$TILEMODELIGHTSYNCH
280
     1
  9
$CMATERIAL
347
11
  9
$SOLIDHIST
280
     1
  9
$SHOWHIST
280
     1
  9
$DWFFRAME
280
     2
  9
$DGNFRAME
280
     0
  9
$REALWORLDSCALE
290
     1
  9
$INTERFERECOLOR
 62
     1
  9
$INTERFEREOBJVS
345
1E
  9
$INTERFEREVPVS
346
1B
  9
$CSHADOW
280
     0
  9
$SHADOWPLANELOCATION
 40
0.0
  0
ENDSEC
  0
SECTION
  2
CLASSES
  0
CLASS
  1
ACDBDICTIONARYWDFLT
  2
AcDbDictionaryWithDefault
  3
ObjectDBX Classes
 90
        0
 91
        1
280
     0
281
     0
  0
CLASS
  1
MATERIAL
  2
AcDbMaterial
  3
ObjectDBX Classes
 90
     1153
 91
        3
280
     0
281
     0
  0
CLASS
  1
VISUALSTYLE
  2
AcDbVisualStyle
  3
ObjectDBX Classes
 90
     4095
 91
       26
280
     0
281
     0
  0
CLASS
  1
TABLESTYLE
  2
AcDbTableStyle
  3
ObjectDBX Classes
 90
     4095
 91
        2
280
     0
281
     0
  0
CLASS
  1
DICTIONARYVAR
  2
AcDbDictionaryVar
  3
ObjectDBX Classes
 90
        0
 91
       12
280
     0
281
     0
  0
CLASS
  1
SCALE
  2
AcDbScale
  3
ObjectDBX Classes
 90
     1153
 91
       17
280
     0
281
     0
  0
CLASS
  1
MLEADERSTYLE
  2
AcDbMLeaderStyle
  3
ACDB_MLEADERSTYLE_CLASS
 90
     4095
 91
        1
280
     0
281
     0
  0
CLASS
  1
DMMAPMANAGER
  2
AcMapDMMapManager
  3
AcMapDisplayManagement
 90
     1024
 91
        1
280
     0
281
     0
  0
CLASS
  1
DMSTYLELIBRARY
  2
AcMapDMStyleLibrary
  3
AcMapDisplayManagement
 90
     1024
 91
        1
280
     0
281
     0
  0
CLASS
  1
DMSTYLECATEGORY
  2
AcMapDMStyleCategory
  3
AcMapDisplayManagement
 90
     1024
 91
        1
280
     0
281
     0
  0
CLASS
  1
DATATABLE
  2
AcDbDataTable
  3
ObjectDBX Classes
 90
        0
 91
        1
280
     0
281
     0
  0
CLASS
  1
DMMAP
  2
AcMapDMMap
  3
AcMapDisplayManagement
 90
     1024
 91
        1
280
     0
281
     0
  0
CLASS
  1
DMBASEELEMENT
  2
AcMapDMBaseElement
  3
AcMapDisplayManagement
 90
     1024
 91
        1
280
     0
281
     0
  0
CLASS
  1
DMDEFAULTSTYLE
  2
AcMapDMDefaultStyle
  3
AcMapDisplayManagement
 90
     1024
 91
        1
280
     0
281
     0
  0
CLASS
  1
DMSTYLEREFERENCE
  2
AcMapDMStyleReference
  3
AcMapDisplayManagement
 90
     1024
 91
        1
280
     0
281
     0
  0
CLASS
  1
DMSURROGATESTYLESETS
  2
AcMapDMSurrogateStyleSets
  3
AcMapDisplayManagement
 90
     1153
 91
        1
280
     0
281
     0
  0
CLASS
  1
SORTENTSTABLE
  2
AcDbSortentsTable
  3
ObjectDBX Classes
 90
        0
 91
        1
280
     0
281
     0
  0
CLASS
  1
DMSTYLIZEDENTITIESTABLE
  2
AcMapDMStylizedEntitiesTable
  3
AcMapDisplayManagement
 90
     1024
 91
        1
280
     0
281
     0
  0
CLASS
  1
MAPGWSUNDOOBJECT
  2
AcMapGWSUndoRecorder
  3
AcMapFeatureSourceManager
 90
     1025
 91
        1
280
     0
281
     0
  0
CLASS
  1
EXACXREFPANELOBJECT
  2
ExAcXREFPanelObject
  3
EXAC_ESW
 90
     1025
 91
        0
280
     0
281
     0
  0
CLASS
  1
NPOCOLLECTION
  2
AcDbImpNonPersistentObjectsCollection
  3
ObjectDBX Classes
 90
     1153
 91
        0
280
     0
281
     0
  0
CLASS
  1
MAPRESOURCEMANAGEROBJECT
  2
AcMapResourceManager
  3
AcMapSharedComponents
 90
     1024
 91
        1
280
     0
281
     0
  0
CLASS
  1
ACDBSECTIONVIEWSTYLE
  2
AcDbSectionViewStyle
  3
ObjectDBX Classes
 90
     1025
 91
        1
280
     0
281
     0
  0
CLASS
  1
ACDBDETAILVIEWSTYLE
  2
AcDbDetailViewStyle
  3
ObjectDBX Classes
 90
     1025
 91
        1
280
     0
281
     0
  0
CLASS
  1
CELLSTYLEMAP
  2
AcDbCellStyleMap
  3
ObjectDBX Classes
 90
     1152
 91
        2
280
     0
281
     0
  0
ENDSEC
  0
SECTION
  2
TABLES
  0
TABLE
  2
VPORT
  5
8
102
{ACAD_XDICTIONARY
360
5C9
102
}
330
0
100
AcDbSymbolTable
 70
     1
  0
VPORT
  5
63A
330
8
100
AcDbSymbolTableRecord
100
AcDbViewportTableRecord
  2
*Active
 70
     0
 10
0.0
 20
0.0
 11
1.0
 21
1.0
 12
12325.18697799671
 22
20163.3251370075
 13
0.0
 23
0.0
 14
1.0
 24
1.0
 15
0.0
 25
0.0
 16
0.0
 26
0.0
 36
1.0
 17
0.0
 27
0.0
 37
0.0
 40
408.4934830503355
 41
2.776416539050535
 42
50.0
 43
0.0
 44
0.0
 50
0.0
 51
0.0
 71
     0
 72
   100
 73
     1
 74
     1
 75
     0
 76
     0
 77
     0
 78
     0
281
     0
 65
     1
110
0.0
120
0.0
130
0.0
111
1.0
121
0.0
131
0.0
112
0.0
122
1.0
132
0.0
 79
     0
146
0.0
348
1A
 60
     3
 61
     5
292
     1
282
     1
141
0.0
142
0.0
 63
   250
421
  3355443
1001
ACAD_NAV_VCDISPLAY
1070
     3
  0
ENDTAB
  0
TABLE
  2
LTYPE
  5
5
330
0
100
AcDbSymbolTable
 70
     3
  0
LTYPE
  5
28
330
5
100
AcDbSymbolTableRecord
100
AcDbLinetypeTableRecord
  2
ByBlock
 70
     0
  3

 72
    65
 73
     0
 40
0.0
  0
LTYPE
  5
29
330
5
100
AcDbSymbolTableRecord
100
AcDbLinetypeTableRecord
  2
ByLayer
 70
     0
  3

 72
    65
 73
     0
 40
0.0
  0
LTYPE
  5
2A
330
5
100
AcDbSymbolTableRecord
100
AcDbLinetypeTableRecord
  2
Continuous
 70
     0
  3
Solid line
 72
    65
 73
     0
 40
0.0
  0
LTYPE
  5
3A
330
5
100
AcDbSymbolTableRecord
100
AcDbLinetypeTableRecord
  2
CONTINU
 70
     0
  3
-
 72
    65
 73
     0
 40
0.0
  0
LTYPE
  5
3C
330
5
100
AcDbSymbolTableRecord
100
AcDbLinetypeTableRecord
  2
TIRETE_MOYEN
 70
     0
  3
-
 72
    65
 73
     2
 40
4.0
 49
2.5
 74
     0
 49
-1.5
 74
     0
  0
ENDTAB
  0
TABLE
  2
LAYER
  5
2
102
{ACAD_XDICTIONARY
360
66C
102
}
330
0
100
AcDbSymbolTable
 70
    13
  0
LAYER
  5
25
102
{ACAD_XDICTIONARY
360
675
102
}
330
2
100
AcDbSymbolTableRecord
100
AcDbLayerTableRecord
  2
0
 70
     0
 62
     7
  6
Continuous
370
    -3
390
F
347
13
348
0
  0
LAYER
  5
46
102
{ACAD_XDICTIONARY
360
677
102
}
330
2
100
AcDbSymbolTableRecord
100
AcDbLayerTableRecord
  2
POINTS
 70
     0
 62
     7
  6
CONTINU
370
    -3
390
F
347
13
348
0
  0
LAYER
  5
47
102
{ACAD_XDICTIONARY
360
679
102
}
330
2
100
AcDbSymbolTableRecord
100
AcDbLayerTableRecord
  2
PILIERS
 70
     0
 62
     1
  6
CONTINU
370
    -3
390
F
347
13
348
0
  0
LAYER
  5
48
102
{ACAD_XDICTIONARY
360
67B
102
}
330
2
100
AcDbSymbolTableRecord
100
AcDbLayerTableRecord
  2
COCARDES
 70
     0
 62
     5
  6
CONTINU
370
    -3
390
F
347
13
348
0
  0
LAYER
  5
4A
102
{ACAD_XDICTIONARY
360
67F
102
}
330
2
100
AcDbSymbolTableRecord
100
AcDbLayerTableRecord
  2
HACHURES
 70
     0
 62
     4
  6
CONTINU
370
    -3
390
F
347
13
348
0
  0
LAYER
  5
4B
102
{ACAD_XDICTIONARY
360
681
102
}
330
2
100
AcDbSymbolTableRecord
100
AcDbLayerTableRecord
  2
CADRE
 70
     0
 62
     6
  6
CONTINU
370
    -3
390
F
347
13
348
0
  0
LAYER
  5
4C
102
{ACAD_XDICTIONARY
360
683
102
}
330
2
100
AcDbSymbolTableRecord
100
AcDbLayerTableRecord
  2
TITRE
 70
     0
 62
     2
  6
CONTINU
370
    -3
390
F
347
13
348
0
  0
LAYER
  5
4D
102
{ACAD_XDICTIONARY
360
685
102
}
330
2
100
AcDbSymbolTableRecord
100
AcDbLayerTableRecord
  2
HABILLAGE
 70
     0
 62
     7
  6
CONTINU
370
    -3
390
F
347
13
348
0
  0
LAYER
  5
6D2
330
2
100
AcDbSymbolTableRecord
100
AcDbLayerTableRecord
  2
ggc
 70
     0
 62
     7
  6
Continuous
370
    -3
390
F
347
13
348
0
1001
AcAecLayerStandard
1000

1000

  0
LAYER
  5
701
330
2
100
AcDbSymbolTableRecord
100
AcDbLayerTableRecord
  2
vecteurs_deplacement
 70
     0
 62
     3
  6
Continuous
370
    -3
390
F
347
13
348
0
1001
COVADIS_SORT_BY_LAYER
1070
     0
  0
LAYER
  5
763
330
2
100
AcDbSymbolTableRecord
100
AcDbLayerTableRecord
  2
Carroyage système local
 70
     1
 62
     7
  6
Continuous
370
    -3
390
F
347
13
348
0
  0
LAYER
  5
A59
330
2
100
AcDbSymbolTableRecord
100
AcDbLayerTableRecord
  2
Defpoints
 70
     0
 62
     7
  6
Continuous
290
     0
370
    -3
390
F
347
13
348
0
  0
LAYER
  5
B01
330
2
100
AcDbSymbolTableRecord
100
AcDbLayerTableRecord
  2
Carroyage CC46 approché
 70
     0
 62
     7
  6
Continuous
370
    -3
390
F
347
13
348
0
1001
AcAecLayerStandard
1000

1000

1001
AcCmTransparency
1071
        0
  0
ENDTAB
  0
TABLE
  2
STYLE
  5
3
330
0
100
AcDbSymbolTable
 70
     2
  0
STYLE
  5
26
330
3
100
AcDbSymbolTableRecord
100
AcDbTextStyleTableRecord
  2
Standard
 70
     0
 40
0.0
 41
1.0
 50
0.0
 71
     0
 42
0.2
  3
times.ttf
  4

1001
ACAD
1000
Times New Roman
1071
       18
  0
STYLE
  5
65E
330
3
100
AcDbSymbolTableRecord
100
AcDbTextStyleTableRecord
  2
Legend
 70
     0
 40
0.0
 41
1.0
 50
0.0
 71
     0
 42
0.2
  3
calibri.ttf
  4

1001
ACAD
1000
Calibri
1071
      256
  0
ENDTAB
  0
TABLE
  2
VIEW
  5
6
330
0
100
AcDbSymbolTable
 70
     0
  0
ENDTAB
  0
TABLE
  2
UCS
  5
7
330
0
100
AcDbSymbolTable
 70
     1
  0
UCS
  5
AA7
330
7
100
AcDbSymbolTableRecord
100
AcDbUCSTableRecord
  2
CC46 approché
 70
     0
 10
-5347310.717612239
 20
-1203896.555960802
 30
0.0
 11
0.5242668948397935
 21
-0.8515540047319611
 31
0.0
 12
0.8515540047319612
 22
0.5242668948397937
 32
0.0
 79
     0
146
0.0
  0
ENDTAB
  0
TABLE
  2
APPID
  5
9
330
0
100
AcDbSymbolTable
 70
    15
  0
APPID
  5
27
330
9
100
AcDbSymbolTableRecord
100
AcDbRegAppTableRecord
  2
ACAD
 70
     0
  0
APPID
  5
5BB
330
9
100
AcDbSymbolTableRecord
100
AcDbRegAppTableRecord
  2
DCO15
 70
     0
  0
APPID
  5
5BD
330
9
100
AcDbSymbolTableRecord
100
AcDbRegAppTableRecord
  2
ADE
 70
     0
  0
APPID
  5
65C
330
9
100
AcDbSymbolTableRecord
100
AcDbRegAppTableRecord
  2
COVADIS_ECHELLE
 70
     0
  0
APPID
  5
662
330
9
100
AcDbSymbolTableRecord
100
AcDbRegAppTableRecord
  2
AcMapDMDisplayStyleRegapp
 70
     0
  0
APPID
  5
671
330
9
100
AcDbSymbolTableRecord
100
AcDbRegAppTableRecord
  2
AcLayerTools
 70
     0
  0
APPID
  5
674
330
9
100
AcDbSymbolTableRecord
100
AcDbRegAppTableRecord
  2
MapGWS
 70
     0
  0
APPID
  5
6CB
330
9
100
AcDbSymbolTableRecord
100
AcDbRegAppTableRecord
  2
COVADIS_VARIABLES_1
 70
     0
  0
APPID
  5
6D3
330
9
100
AcDbSymbolTableRecord
100
AcDbRegAppTableRecord
  2
AcAecLayerStandard
 70
     0
  0
APPID
  5
6F9
330
9
100
AcDbSymbolTableRecord
100
AcDbRegAppTableRecord
  2
ACAD_EXEMPT_FROM_CAD_STANDARDS
 70
     0
  0
APPID
  5
702
330
9
100
AcDbSymbolTableRecord
100
AcDbRegAppTableRecord
  2
COVADIS_SORT_BY_LAYER
 70
     0
  0
APPID
  5
8A4
330
9
100
AcDbSymbolTableRecord
100
AcDbRegAppTableRecord
  2
ACAD_NAV_VCDISPLAY
 70
     0
  0
APPID
  5
8B6
330
9
100
AcDbSymbolTableRecord
100
AcDbRegAppTableRecord
  2
ACAD_PSEXT
 70
     0
  0
APPID
  5
B00
330
9
100
AcDbSymbolTableRecord
100
AcDbRegAppTableRecord
  2
PROJET
 70
     0
  0
APPID
  5
B02
330
9
100
AcDbSymbolTableRecord
100
AcDbRegAppTableRecord
  2
AcCmTransparency
 70
     0
  0
ENDTAB
  0
TABLE
  2
DIMSTYLE
  5
A
330
0
100
AcDbSymbolTable
 70
     1
100
AcDbDimStyleTable
 71
     1
340
5B5
  0
DIMSTYLE
105
5B5
330
A
100
AcDbSymbolTableRecord
100
AcDbDimStyleTableRecord
  2
Standard
 70
     0
340
26
  0
ENDTAB
  0
TABLE
  2
BLOCK_RECORD
  5
1
330
0
100
AcDbSymbolTable
 70
     4
  0
BLOCK_RECORD
  5
36
102
{ACAD_XDICTIONARY
360
666
102
}
330
1
100
AcDbSymbolTableRecord
100
AcDbBlockTableRecord
  2
*Model_Space
340
39
 70
     0
280
     1
281
     0
1001
COVADIS_ECHELLE
1040
200.0
1001
COVADIS_VARIABLES_1
1004
0217A46EFAF2039123070476120018004075A60A
1004
402CF42255C2039234941764120220000000AB6D
1004
2C413857D251039234941764120220000000AB6E
1004
00FFB05BB907039234941764120220000000ABC1
1004
00FF0053B907039234941764120220000000ABC4
1004
00FF10608207039234941764120220000000AC7A
1004
00FFB00B7707039234941764120220004075AC7B
1004
00FFE0947807039234941764120220004075AD1B
1004
00FF90947307039234941764120220004075AD1C
1004
402CF43718B9039234941764120220000000AEAE
1004
347DF6131C34000000000000180224010000B3A9
  0
BLOCK_RECORD
  5
32
330
1
100
AcDbSymbolTableRecord
100
AcDbBlockTableRecord
  2
*Paper_Space
340
35
 70
     0
280
     1
281
     0
  0
BLOCK_RECORD
  5
8D
330
1
100
AcDbSymbolTableRecord
100
AcDbBlockTableRecord
  2
SY131
340
0
102
{BLKREFS
331
6DC
331
6DD
331
6DE
331
6DF
331
6E0
331
6E1
331
6E2
331
6E3
331
6E4
331
6E5
331
6E6
331
6E7
331
6E8
331
6E9
331
6EA
331
6EB
102
}
 70
     0
280
     1
281
     0
  0
BLOCK_RECORD
  5
A7
330
1
100
AcDbSymbolTableRecord
100
AcDbBlockTableRecord
  2
SY129
340
0
102
{BLKREFS
331
25D
331
6D4
331
6D5
331
6D6
331
6D7
331
6D8
331
6D9
331
6DA
331
6DB
102
}
 70
     0
280
     1
281
     0
  0
BLOCK_RECORD
  5
B0
330
1
100
AcDbSymbolTableRecord
100
AcDbBlockTableRecord
  2
SY212
340
0
102
{BLKREFS
331
5B4
102
}
 70
     0
280
     1
281
     0
  0
BLOCK_RECORD
  5
6FB
330
1
100
AcDbSymbolTableRecord
100
AcDbBlockTableRecord
  2
vecteurDXY
340
0
310
2800000020000000200000000100080000000000000400000000000000000000000000000000000000000000000080000080000000808000800000008000800080800000C0C0C000C0DCC000F0CAA6000020400000206000002080000020A0000020C0000020E00000400000004020000040400000406000004080000040A0
310
000040C0000040E00000600000006020000060400000606000006080000060A0000060C0000060E00000800000008020000080400000806000008080000080A0000080C0000080E00000A0000000A0200000A0400000A0600000A0800000A0A00000A0C00000A0E00000C0000000C0200000C0400000C0600000C0800000C0
310
A00000C0C00000C0E00000E0000000E0200000E0400000E0600000E0800000E0A00000E0C00000E0E00040000000400020004000400040006000400080004000A0004000C0004000E00040200000402020004020400040206000402080004020A0004020C0004020E000404000004040200040404000404060004040800040
310
40A0004040C0004040E00040600000406020004060400040606000406080004060A0004060C0004060E00040800000408020004080400040806000408080004080A0004080C0004080E00040A0000040A0200040A0400040A0600040A0800040A0A00040A0C00040A0E00040C0000040C0200040C0400040C0600040C08000
310
40C0A00040C0C00040C0E00040E0000040E0200040E0400040E0600040E0800040E0A00040E0C00040E0E00080000000800020008000400080006000800080008000A0008000C0008000E00080200000802020008020400080206000802080008020A0008020C0008020E00080400000804020008040400080406000804080
310
008040A0008040C0008040E00080600000806020008060400080606000806080008060A0008060C0008060E00080800000808020008080400080806000808080008080A0008080C0008080E00080A0000080A0200080A0400080A0600080A0800080A0A00080A0C00080A0E00080C0000080C0200080C0400080C0600080C0
310
800080C0A00080C0C00080C0E00080E0000080E0200080E0400080E0600080E0800080E0A00080E0C00080E0E000C0000000C0002000C0004000C0006000C0008000C000A000C000C000C000E000C0200000C0202000C0204000C0206000C0208000C020A000C020C000C020E000C0400000C0402000C0404000C0406000C0
310
408000C040A000C040C000C040E000C0600000C0602000C0604000C0606000C0608000C060A000C060C000C060E000C0800000C0802000C0804000C0806000C0808000C080A000C080C000C080E000C0A00000C0A02000C0A04000C0A06000C0A08000C0A0A000C0A0C000C0A0E000C0C00000C0C02000C0C04000C0C06000
310
C0C08000C0C0A000F0FBFF00A4A0A000808080000000FF0000FF000000FFFF00FF000000FF00FF00FFFF0000FFFFFF0000000000000000000000000000000000000000000000000000000000000000000000000000000000000000000000000000000000000000000000000000000000000000000000000000000000000000
310
00000000000000000000000000000000000000000000000000000000000000000000000000000000000000000000000000000000000000000000000000000000000000000000000000000000000000000000000000000000000000000000000000000000000000000000000000000000000000000000000000000000000000
310
00000000000000000000000000000000000000000000000000000000000000000000000000000000000000000000000000000000000000000000000000000000000000000000000000000000000000000000000000000000000000000000000000000000000000000000000000000000000000000000000000000000000000
310
00000000000000000000000000000000000000000000000000000000000000000000000000000000000000000000000000000000000000000000000000000000000000000000000000000000000000000000000000000000000000000000000000000000000000000000000000000000000000000000000000000000000000
310
0000000000000000000000FFFF0000000000000000FFFFFFFFFFFFFFFFFFFFFFFFFFFFFFFFFFFFFFFFFFFFFFFFFFFFFFFF00000000FFFFFFFFFFFFFFFFFFFFFFFFFFFFFFFFFFFFFFFFFFFFFFFFFF00FFFFFFFF000000000000000000000000000000000000000000000000FFFFFFFF00000000000000000000000000000000
310
00000000000000000000000000000000000000000000000000000000000000000000000000000000000000000000000000000000000000000000000000000000000000000000000000000000000000000000000000000000000000000000000000000000000000000000000000000000000000000000000000000000000000
310
00000000000000000000000000000000000000000000000000000000000000000000000000000000000000000000000000000000000000000000000000000000000000000000000000000000000000000000000000000000000000000000000000000000000000000000000000000000000000000000000000000000000000
310
00000000000000000000000000000000000000000000000000000000000000000000000000000000000000000000000000000000000000000000000000000000000000000000000000000000000000000000000000000000000000000000000000000000000000000000000000000000000000000000000000000000000000
310
0000000000000000000000000000000000000000000000000000000000000000000000000000000000000000000000000000000000000000
102
{BLKREFS
331
CA9
331
CAA
331
CAB
331
CAC
331
CAD
331
CAE
331
CAF
331
CB0
331
CB1
331
CB2
331
CB3
331
CB4
331
CB5
331
CB6
331
CB7
331
CB8
331
717
102
}
 70
     0
280
     1
281
     0
  0
ENDTAB
  0
ENDSEC
  0
SECTION
  2
BLOCKS
  0
BLOCK
  5
37
330
36
100
AcDbEntity
  8
0
100
AcDbBlockBegin
  2
*Model_Space
 70
     0
 10
0.0
 20
0.0
 30
0.0
  3
*Model_Space
  1

  0
ENDBLK
  5
38
330
36
100
AcDbEntity
  8
0
100
AcDbBlockEnd
  0
BLOCK
  5
33
330
32
100
AcDbEntity
 67
     1
  8
0
100
AcDbBlockBegin
  2
*Paper_Space
 70
     0
 10
0.0
 20
0.0
 30
0.0
  3
*Paper_Space
  1

  0
ENDBLK
  5
34
330
32
100
AcDbEntity
 67
     1
  8
0
100
AcDbBlockEnd
  0
BLOCK
  5
8E
330
8D
100
AcDbEntity
  8
0
  6
CONTINU
 62
     0
100
AcDbBlockBegin
  2
SY131
 70
     0
 10
0.0
 20
0.0
 30
0.0
  3
SY131
  1

  0
CIRCLE
  5
8F
330
8D
100
AcDbEntity
  8
0
  6
CONTINU
 62
     0
100
AcDbCircle
 10
0.0
 20
0.0
 30
0.0
 40
0.714
  0
LWPOLYLINE
  5
90
330
8D
100
AcDbEntity
  8
0
  6
CONTINU
 62
     0
100
AcDbPolyline
 90
        4
 70
     0
 43
0.0
 10
-1.631
 20
-0.9379999999999999
 10
1.631
 20
-0.9379999999999999
 10
0.0
 20
1.883
 10
-1.631
 20
-0.9379999999999999
  0
LWPOLYLINE
  5
96
330
8D
100
AcDbEntity
  8
0
  6
CONTINU
 62
     0
100
AcDbPolyline
 90
        2
 70
     0
 43
0.0
 10
0.0
 20
0.0
 10
0.0
 20
0.0
  0
ENDBLK
  5
9A
330
8D
100
AcDbEntity
  8
0
100
AcDbBlockEnd
  0
BLOCK
  5
A8
330
A7
100
AcDbEntity
  8
0
  6
CONTINU
 62
     0
100
AcDbBlockBegin
  2
SY129
 70
     0
 10
0.0
 20
0.0
 30
0.0
  3
SY129
  1

  0
CIRCLE
  5
A9
330
A7
100
AcDbEntity
  8
0
  6
CONTINU
 62
     0
100
AcDbCircle
 10
0.0
 20
0.0
 30
0.0
 40
1.070999999999999
  0
CIRCLE
  5
AA
330
A7
100
AcDbEntity
  8
0
  6
CONTINU
 62
     0
100
AcDbCircle
 10
0.0
 20
0.0
 30
0.0
 40
0.6230000000000001
  0
LWPOLYLINE
  5
AB
330
A7
100
AcDbEntity
  8
0
  6
CONTINU
 62
     0
100
AcDbPolyline
 90
        2
 70
     0
 43
0.0
 10
0.0
 20
0.0
 10
0.0
 20
0.0
  0
ENDBLK
  5
AF
330
A7
100
AcDbEntity
  8
0
100
AcDbBlockEnd
  0
BLOCK
  5
B1
330
B0
100
AcDbEntity
  8
0
  6
CONTINU
 62
     0
100
AcDbBlockBegin
  2
SY212
 70
     0
 10
0.0
 20
0.0
 30
0.0
  3
SY212
  1

  0
LWPOLYLINE
  5
B2
330
B0
100
AcDbEntity
  8
0
  6
CONTINU
 62
     0
100
AcDbPolyline
 90
       11
 70
     0
 43
0.0
 10
0.6800000000000001
 20
1.45
 10
0.6800000000000001
 20
-1.439999999999999
 10
0.43
 20
-1.439999999999999
 10
-0.5200000000000001
 20
1.209999999999999
 10
-0.5200000000000001
 20
-1.439999999999999
 10
-0.69
 20
-1.439999999999999
 10
-0.69
 20
1.45
 10
-0.43
 20
1.45
 10
0.5200000000000001
 20
-1.189999999999999
 10
0.5200000000000001
 20
1.45
 10
0.6800000000000001
 20
1.45
  0
LWPOLYLINE
  5
BF
330
B0
100
AcDbEntity
  8
0
  6
CONTINU
 62
     0
100
AcDbPolyline
 90
        6
 70
     0
 43
0.0
 10
0.6
 20
1.45
 10
0.6
 20
-1.33
 10
0.48
 20
-1.33
 10
-0.4900000000000001
 20
1.37
 10
-0.61
 20
1.37
 10
-0.61
 20
-1.439999999999999
  0
LWPOLYLINE
  5
C7
330
B0
100
AcDbEntity
  8
0
  6
CONTINU
 62
     0
100
AcDbPolyline
 90
       14
 70
     0
 43
0.0
 10
0.0
 20
2.879999999999999
 10
-0.51
 20
16.77
 10
-0.51
 20
17.14
 10
-0.65
 20
20.6
 10
-0.6600000000000001
 20
20.97
 10
-1.139999999999999
 20
34.01
 10
0.0
 20
28.75
 10
0.0
 20
2.879999999999999
 10
0.51
 20
16.77
 10
0.51
 20
17.14
 10
0.65
 20
20.6
 10
0.6600000000000001
 20
20.97
 10
1.139999999999999
 20
34.01
 10
0.0
 20
28.75
  0
LWPOLYLINE
  5
D7
330
B0
100
AcDbEntity
  8
0
  6
CONTINU
 62
     0
100
AcDbPolyline
 90
        9
 70
     0
 43
0.0
 10
-0.5
 20
16.49
 10
-1.29
 20
16.81
 10
-1.929999999999999
 20
17.38
 10
-2.339999999999999
 20
18.14
 10
-2.45
 20
18.99
 10
-2.27
 20
19.83
 10
-1.81
 20
20.55
 10
-1.129999999999999
 20
21.07
 10
-0.69
 20
21.25
  0
LWPOLYLINE
  5
E2
330
B0
100
AcDbEntity
  8
0
  6
CONTINU
 62
     0
100
AcDbPolyline
 90
        9
 70
     0
 43
0.0
 10
0.6700000000000001
 20
21.25
 10
1.439999999999999
 20
20.88
 10
2.04
 20
20.26
 10
2.379999999999999
 20
19.47
 10
2.439999999999999
 20
18.62
 10
2.189999999999999
 20
17.79
 10
1.679999999999999
 20
17.11
 10
0.9599999999999999
 20
16.64
 10
0.51
 20
16.49
  0
LWPOLYLINE
  5
ED
330
B0
100
AcDbEntity
  8
0
  6
CONTINU
 62
     0
100
AcDbPolyline
 90
        8
 70
     0
 43
0.0
 10
-0.51
 20
17.14
 10
-1.159999999999999
 20
17.48
 10
-1.629999999999999
 20
18.06
 10
-1.82
 20
18.78
 10
-1.719999999999999
 20
19.51
 10
-1.34
 20
20.14
 10
-0.73
 20
20.57
 10
-0.65
 20
20.6
  0
LWPOLYLINE
  5
F7
330
B0
100
AcDbEntity
  8
0
  6
CONTINU
 62
     0
100
AcDbPolyline
 90
        8
 70
     0
 43
0.0
 10
0.65
 20
20.6
 10
1.27
 20
20.2
 10
1.689999999999999
 20
19.59
 10
1.83
 20
18.86
 10
1.669999999999999
 20
18.14
 10
1.229999999999999
 20
17.54
 10
0.59
 20
17.16
 10
0.51
 20
17.14
  0
LWPOLYLINE
  5
101
330
B0
100
AcDbEntity
  8
0
  6
CONTINU
 62
     0
100
AcDbPolyline
 90
        5
 70
     0
 43
0.0
 10
-1.05
 20
33.23
 10
-0.9099999999999999
 20
32.15
 10
-0.16
 20
28.72
 10
-0.17
 20
11.94
 10
-0.9099999999999999
 20
32.15
  0
LWPOLYLINE
  5
108
330
B0
100
AcDbEntity
  8
0
  6
CONTINU
 62
     0
100
AcDbPolyline
 90
        2
 70
     0
 43
0.0
 10
-0.8299999999999998
 20
31.8
 10
-0.8299999999999998
 20
30.89
  0
LWPOLYLINE
  5
10C
330
B0
100
AcDbEntity
  8
0
  6
CONTINU
 62
     0
100
AcDbPolyline
 90
        2
 70
     0
 43
0.0
 10
-0.6600000000000001
 20
25.53
 10
-0.6400000000000001
 20
31.03
  0
LWPOLYLINE
  5
110
330
B0
100
AcDbEntity
  8
0
  6
CONTINU
 62
     0
100
AcDbPolyline
 90
        2
 70
     0
 43
0.0
 10
-0.5
 20
30.27
 10
-0.5
 20
21.0
  0
LWPOLYLINE
  5
114
330
B0
100
AcDbEntity
  8
0
  6
CONTINU
 62
     0
100
AcDbPolyline
 90
        2
 70
     0
 43
0.0
 10
-0.33
 20
16.47
 10
-0.33
 20
29.5
  0
LWPOLYLINE
  5
118
330
B0
100
AcDbEntity
  8
0
  6
CONTINU
 62
     0
100
AcDbPolyline
 90
        2
 70
     0
 43
0.0
 10
0.0
 20
2.879999999999999
 10
-0.15
 20
11.1
  0
ENDBLK
  5
11C
330
B0
100
AcDbEntity
  8
0
100
AcDbBlockEnd
  0
BLOCK
  5
6FC
330
6FB
100
AcDbEntity
  8
0
100
AcDbBlockBegin
  2
vecteurDXY
 70
     0
 10
0.0
 20
0.0
 30
0.0
  3
vecteurDXY
  1

  0
LWPOLYLINE
  5
6FD
330
6FB
100
AcDbEntity
  8
0
  6
ByBlock
 62
     0
370
    -2
100
AcDbPolyline
 90
        2
 70
   128
 43
0.005
 10
0.0
 20
0.0
 10
0.8338538414100185
 20
0.0
  0
SOLID
  5
6FE
330
6FB
100
AcDbEntity
  8
0
  6
ByBlock
 62
     0
370
    -2
100
AcDbTrace
 10
0.7618636138504371
 20
0.0444515467388556
 30
0.0
 11
0.8338538414100185
 21
0.0
 31
0.0
 12
1.0
 22
0.0
 32
0.0
 13
0.7618636138504371
 23
-0.0444515467388556
 33
0.0
  0
LWPOLYLINE
  5
6FF
330
6FB
100
AcDbEntity
  8
0
  6
ByBlock
 62
     0
370
    -2
100
AcDbPolyline
 90
        4
 70
   129
 43
0.0
 10
0.7618636138504371
 20
0.0444515467388556
 10
1.0
 20
0.0
 10
0.7618636138504371
 20
-0.0444515467388556
 10
0.8338538414100185
 20
0.0
  0
ENDBLK
  5
700
330
6FB
100
AcDbEntity
  8
0
100
AcDbBlockEnd
  0
ENDSEC
  0
SECTION
  2
ENTITIES
  0
POINT
  5
13E
330
36
100
AcDbEntity
  8
COCARDES
 62
     1
100
AcDbPoint
 10
12114.22580812824
 20
20190.48836192467
 30
0.0
 50
359.9997479999999
  0
POINT
  5
13F
330
36
100
AcDbEntity
  8
COCARDES
 62
     1
100
AcDbPoint
 10
12166.33792787014
 20
20196.38614334005
 30
0.0
 50
359.9997479999999
  0
POINT
  5
140
330
36
100
AcDbEntity
  8
COCARDES
 62
     1
100
AcDbPoint
 10
12114.45584875972
 20
20199.63237737219
 30
0.0
 50
359.9997479999999
  0
POINT
  5
141
330
36
100
AcDbEntity
  8
COCARDES
 62
     1
100
AcDbPoint
 10
12062.0647420402
 20
20196.80960271889
 30
0.0
 50
359.9997479999999
  0
POINT
  5
142
330
36
100
AcDbEntity
  8
COCARDES
 62
     1
100
AcDbPoint
 10
12137.1679223464
 20
20207.06829086414
 30
0.0
 50
359.9997479999999
  0
POINT
  5
143
330
36
100
AcDbEntity
  8
COCARDES
 62
     1
100
AcDbPoint
 10
12091.50584346711
 20
20207.82149305186
 30
0.0
 50
359.9997479999999
  0
POINT
  5
144
330
36
100
AcDbEntity
  8
COCARDES
 62
     1
100
AcDbPoint
 10
12061.18677755015
 20
20205.24262175985
 30
0.0
 50
359.9997479999999
  0
POINT
  5
145
330
36
100
AcDbEntity
  8
HABILLAGE
 62
     7
100
AcDbPoint
 10
12003.55455038976
 20
20177.18082472776
 30
0.0
 50
359.9997479999999
  0
POINT
  5
146
330
36
100
AcDbEntity
  8
HABILLAGE
 62
     7
100
AcDbPoint
 10
12027.91940020947
 20
20133.06363815452
 30
0.0
 50
359.9997479999999
  0
POINT
  5
147
330
36
100
AcDbEntity
  8
POINTS
 62
     7
100
AcDbPoint
 10
12212.14776479459
 20
20072.35111859439
 30
0.0
 50
359.9997479999999
  0
POINT
  5
151
330
36
100
AcDbEntity
  8
HABILLAGE
 62
     7
100
AcDbPoint
 10
12150.32669555723
 20
20150.11913048009
 30
0.0
 50
359.9997479999999
  0
POINT
  5
152
330
36
100
AcDbEntity
  8
HABILLAGE
 62
     7
100
AcDbPoint
 10
12110.83239318709
 20
20097.53420953159
 30
0.0
 50
359.9997479999999
  0
POINT
  5
155
330
36
100
AcDbEntity
  8
HABILLAGE
 62
     7
100
AcDbPoint
 10
12174.09559955042
 20
20118.56296913788
 30
0.0
 50
359.9997479999999
  0
POINT
  5
156
330
36
100
AcDbEntity
  8
HABILLAGE
 62
     7
100
AcDbPoint
 10
12220.10994677083
 20
20178.67687496199
 30
0.0
 50
359.9997479999999
  0
POINT
  5
157
330
36
100
AcDbEntity
  8
HABILLAGE
 62
     7
100
AcDbPoint
 10
12251.48086696333
 20
20147.69268121398
 30
0.0
 50
359.9997479999999
  0
POINT
  5
171
330
36
100
AcDbEntity
  8
COCARDES
 62
     1
100
AcDbPoint
 10
12135.99484328784
 20
20189.57326453245
 30
0.0
 50
359.9997479999999
  0
POINT
  5
172
330
36
100
AcDbEntity
  8
COCARDES
 62
     1
100
AcDbPoint
 10
12092.35076818168
 20
20190.35845790212
 30
0.0
 50
359.9997479999999
  0
POINT
  5
174
330
36
100
AcDbEntity
  8
COCARDES
 62
     1
100
AcDbPoint
 10
12136.57588390458
 20
20198.57027817158
 30
0.0
 50
359.9997479999999
  0
POINT
  5
175
330
36
100
AcDbEntity
  8
COCARDES
 62
     1
100
AcDbPoint
 10
12091.80580666607
 20
20199.33147645047
 30
0.0
 50
359.9997479999999
  0
POINT
  5
176
330
36
100
AcDbEntity
  8
COCARDES
 62
     1
100
AcDbPoint
 10
12189.73998383037
 20
20199.53204607527
 30
0.0
 50
359.9997479999999
  0
POINT
  5
177
330
36
100
AcDbEntity
  8
COCARDES
 62
     1
100
AcDbPoint
 10
12167.38396094083
 20
20203.47715150323
 30
0.0
 50
359.9997479999999
  0
POINT
  5
178
330
36
100
AcDbEntity
  8
COCARDES
 62
     1
100
AcDbPoint
 10
12114.33888530519
 20
20207.9893929293
 30
0.0
 50
359.9997479999999
  0
POINT
  5
17A
330
36
100
AcDbEntity
  8
HABILLAGE
 62
     7
100
AcDbPoint
 10
11963.2105999452
 20
20204.95905217039
 30
0.0
 50
359.9997479999999
  0
POINT
  5
17B
330
36
100
AcDbEntity
  8
HABILLAGE
 62
     7
100
AcDbPoint
 10
12091.22258236653
 20
20148.57238764894
 30
0.0
 50
359.9997479999999
  0
POINT
  5
17C
330
36
100
AcDbEntity
  8
POINTS
 62
     7
100
AcDbPoint
 10
12202.76565212041
 20
20073.30916158349
 30
0.0
 50
359.9997479999999
  0
POINT
  5
1B9
330
36
100
AcDbEntity
  8
POINTS
 62
     7
100
AcDbPoint
 10
12012.18645177216
 20
20196.69892189544
 30
0.0
 50
359.9997479999999
  0
POINT
  5
1BB
330
36
100
AcDbEntity
  8
POINTS
 62
     7
100
AcDbPoint
 10
12011.21506709013
 20
20200.57923315239
 30
0.0
 50
359.9997479999999
  0
POINT
  5
1BC
330
36
100
AcDbEntity
  8
POINTS
 62
     7
100
AcDbPoint
 10
12222.7380266772
 20
20195.7691941694
 30
0.0
 50
359.9997479999999
  0
POINT
  5
1BD
330
36
100
AcDbEntity
  8
POINTS
 62
     7
100
AcDbPoint
 10
12221.59130775867
 20
20191.93709231512
 30
0.0
 50
359.9997479999999
  0
INSERT
  5
25D
330
36
100
AcDbEntity
  8
PILIERS
  6
CONTINU
 62
     5
100
AcDbBlockReference
  2
SY129
 10
12174.09559955042
 20
20118.56296913788
 30
0.0
 41
1.000001799999999
 42
1.000001799999999
 43
1.000001799999999
 50
16.95584799999997
  0
TEXT
  5
4B9
330
36
100
AcDbEntity
  8
HACHURES
 62
     1
100
AcDbText
 10
12041.62362275581
 20
20200.79069978946
 30
0.0
 40
1.800003239999999
  1
C.11
 50
359.9997480000049
 41
0.8514187468156075
 72
     5
 11
12045.96163056416
 21
20200.79068070991
 31
0.0
100
AcDbText
  0
TEXT
  5
4BA
330
36
100
AcDbEntity
  8
HACHURES
 62
     1
100
AcDbText
 10
12065.87178075448
 20
20204.05379901428
 30
0.0
 40
1.800003239999999
  1
C.21
 50
359.9997480000328
 41
0.9362073357096425
 72
     5
 11
12070.64178934043
 21
20204.0537780347
 31
0.0
100
AcDbText
  0
TEXT
  5
4BB
330
36
100
AcDbEntity
  8
HACHURES
 62
     1
100
AcDbText
 10
12094.27043986812
 20
20205.87177738305
 30
0.0
 40
1.800003239999999
  1
C.31
 50
359.9997480000328
 41
0.9362073357103566
 72
     5
 11
12099.04044845407
 21
20205.87175640346
 31
0.0
100
AcDbText
  0
TEXT
  5
4BC
330
36
100
AcDbEntity
  8
HACHURES
 62
     1
100
AcDbText
 10
12118.53118493886
 20
20206.19037125239
 30
0.0
 40
1.800003239999999
  1
C.41
 50
359.9997480000103
 41
0.9680030565462445
 72
     5
 11
12123.46319381642
 21
20206.19034956028
 31
0.0
100
AcDbText
  0
TEXT
  5
4BD
330
36
100
AcDbEntity
  8
HACHURES
 62
     1
100
AcDbText
 10
12140.5726170935
 20
20204.48057123162
 30
0.0
 40
1.800003239999999
  1
C.51
 50
359.9997480000328
 41
0.9362073357114276
 72
     5
 11
12145.34262567946
 21
20204.48055025203
 31
0.0
100
AcDbText
  0
TEXT
  5
4BE
330
36
100
AcDbEntity
  8
HACHURES
 62
     1
100
AcDbText
 10
12160.15174365226
 20
20202.50618156438
 30
0.0
 40
1.800003239999999
  1
C.61
 50
359.9997479999891
 41
0.9362073357099994
 72
     5
 11
12164.92175223821
 21
20202.50616058478
 31
0.0
100
AcDbText
  0
TEXT
  5
4BF
330
36
100
AcDbEntity
  8
HACHURES
 62
     1
100
AcDbText
 10
12190.18646963607
 20
20196.12203797349
 30
0.0
 40
1.800003239999999
  1
C.72
 50
359.999747999976
 41
1.020995924605462
 72
     5
 11
12195.38847899962
 21
20196.12201509386
 31
0.0
100
AcDbText
  0
TEXT
  5
4C0
330
36
100
AcDbEntity
  8
HACHURES
 62
     1
100
AcDbText
 10
12068.03695153089
 20
20196.52327593639
 30
0.0
 40
1.800003239999999
  1
C.22
 50
359.9997480000161
 41
1.020995924605105
 72
     5
 11
12073.23896089444
 21
20196.52325305676
 31
0.0
100
AcDbText
  0
TEXT
  5
4C1
330
36
100
AcDbEntity
  8
HACHURES
 62
     1
100
AcDbText
 10
12083.55918126034
 20
20196.93010839848
 30
0.0
 40
1.800003239999999
  1
C.32
 50
359.999747999976
 41
1.020995924605105
 72
     5
 11
12088.76119062389
 21
20196.93008551885
 31
0.0
100
AcDbText
  0
TEXT
  5
4C2
330
36
100
AcDbEntity
  8
HACHURES
 62
     1
100
AcDbText
 10
12116.63944181861
 20
20197.16056331898
 30
0.0
 40
1.800003239999999
  1
C.42
 50
359.9997479999959
 41
1.052791645440636
 72
     5
 11
12122.00345147376
 21
20197.16053972683
 31
0.0
100
AcDbText
  0
TEXT
  5
4C3
330
36
100
AcDbEntity
  8
HACHURES
 62
     1
100
AcDbText
 10
12141.59127222931
 20
20193.86314763993
 30
0.0
 40
1.800003239999999
  1
C.52
 50
359.999747999976
 41
1.020995924605105
 72
     5
 11
12146.79328159286
 21
20193.8631247603
 31
0.0
100
AcDbText
  0
TEXT
  5
4C4
330
36
100
AcDbEntity
  8
HACHURES
 62
     1
100
AcDbText
 10
12168.40243003716
 20
20196.03393362594
 30
0.0
 40
1.800003239999999
  1
C.63
 50
359.9997480000161
 41
1.020995924605462
 72
     5
 11
12173.60443940071
 21
20196.03391074631
 31
0.0
100
AcDbText
  0
TEXT
  5
4C5
330
36
100
AcDbEntity
  8
HACHURES
 62
     1
100
AcDbText
 10
12139.91552842249
 20
20184.5888383164
 30
0.0
 40
1.800003239999999
  1
C.53
 50
359.999747999976
 41
1.020995924605105
 72
     5
 11
12145.11753778604
 21
20184.58881543677
 31
0.0
100
AcDbText
  0
TEXT
  5
4C6
330
36
100
AcDbEntity
  8
HACHURES
 62
     1
100
AcDbText
 10
12116.3722847
 20
20189.21926507034
 30
0.0
 40
1.800003239999999
  1
C.43
 50
359.9997479999959
 41
1.052791645440993
 72
     5
 11
12121.73629435516
 21
20189.2192414782
 31
0.0
100
AcDbText
  0
TEXT
  5
4C7
330
36
100
AcDbEntity
  8
HACHURES
 62
     1
100
AcDbText
 10
12084.00014514281
 20
20188.5377913528
 30
0.0
 40
1.800003239999999
  1
C.33
 50
359.9997480000161
 41
1.020995924605462
 72
     5
 11
12089.20215450636
 21
20188.53776847317
 31
0.0
100
AcDbText
  0
TEXT
  5
4C8
330
36
100
AcDbEntity
  8
HACHURES
 62
     5
100
AcDbText
 10
11952.15096429937
 20
20201.38069437205
 30
0.0
 40
1.800003239999999
  1
St 109
 50
359.9997479999983
 41
1.244945200302366
 72
     5
 11
11960.70097968929
 21
20201.38065676712
 31
0.0
100
AcDbText
  0
TEXT
  5
4C9
330
36
100
AcDbEntity
  8
HACHURES
 62
     5
100
AcDbText
 10
11992.67542033572
 20
20174.79996829103
 30
0.0
 40
1.800003239999999
  1
St 108
 50
359.9997479999995
 41
1.258049886621634
 72
     5
 11
12001.31543588764
 21
20174.79993029025
 31
0.0
100
AcDbText
  0
TEXT
  5
4CA
330
36
100
AcDbEntity
  8
HACHURES
 62
     5
100
AcDbText
 10
12017.54606828751
 20
20130.05107835611
 30
0.0
 40
1.800003239999999
  1
St 107
 50
359.9997479999995
 41
1.25804988662084
 72
     5
 11
12026.18608383942
 21
20130.05104035534
 31
0.0
100
AcDbText
  0
TEXT
  5
4CB
330
36
100
AcDbEntity
  8
HACHURES
 62
     5
100
AcDbText
 10
12100.80166012206
 20
20094.12154750616
 30
0.0
 40
1.800003239999999
  1
St 105
 50
359.9997479999995
 41
1.25804988662084
 72
     5
 11
12109.44167567398
 21
20094.12150950539
 31
0.0
100
AcDbText
  0
TEXT
  5
4CC
330
36
100
AcDbEntity
  8
HACHURES
 62
     5
100
AcDbText
 10
12082.63374643342
 20
20143.91751704574
 30
0.0
 40
1.800003239999999
  1
St 106
 50
359.9997479999995
 41
1.258049886621634
 72
     5
 11
12091.27376198534
 21
20143.91747904497
 31
0.0
100
AcDbText
  0
TEXT
  5
4CD
330
36
100
AcDbEntity
  8
HACHURES
 62
     5
100
AcDbText
 10
12174.35598585285
 20
20115.34206219498
 30
0.0
 40
1.800003239999999
  1
St 103
 50
359.9997479999995
 41
1.258049886621634
 72
     5
 11
12182.99600140477
 21
20115.34202419421
 31
0.0
100
AcDbText
  0
TEXT
  5
4CE
330
36
100
AcDbEntity
  8
HACHURES
 62
     5
100
AcDbText
 10
12150.10980226293
 20
20151.73253433817
 30
0.0
 40
1.800003239999999
  1
St 104
 50
359.9997479999876
 41
1.28163832199584
 72
     5
 11
12158.91181810645
 21
20151.73249562488
 31
0.0
100
AcDbText
  0
TEXT
  5
4CF
330
36
100
AcDbEntity
  8
HACHURES
 62
     5
100
AcDbText
 10
12220.04105405608
 20
20180.3614782973
 30
0.0
 40
1.800003239999999
  1
St 102
 50
359.9997479999995
 41
1.258049886621104
 72
     5
 11
12228.681069608
 21
20180.36144029653
 31
0.0
100
AcDbText
  0
TEXT
  5
4D0
330
36
100
AcDbEntity
  8
HACHURES
 62
     5
100
AcDbText
 10
12250.06674774952
 20
20143.90288061192
 30
0.0
 40
1.800003239999999
  1
St 101
 50
359.9997480000085
 41
1.19514739229042
 72
     5
 11
12258.27476252385
 21
20143.90284451119
 31
0.0
100
AcDbText
  0
LWPOLYLINE
  5
4D1
330
36
100
AcDbEntity
  8
POINTS
  6
CONTINU
 62
     7
100
AcDbPolyline
 90
       25
 70
     0
 43
0.2000003599999999
 10
12317.46343224616
 20
20203.7411918957
 10
12316.99193007843
 20
20203.44129342966
 10
12316.49902783919
 20
20203.13389504422
 10
12312.00620973169
 20
20200.85561070371
 10
12305.73728702727
 20
20198.25903360197
 10
12292.3838426248
 20
20193.62848399836
 10
12281.26201070536
 20
20190.92282804444
 10
12269.84198111109
 20
20188.86787457334
 10
12255.84904796011
 20
20187.05723285819
 10
12248.87303132402
 20
20186.12976187081
 10
12243.09891557144
 20
20184.91128507339
 10
12234.82578805656
 20
20182.04121629429
 10
12231.38067420644
 20
20180.3021283163
 10
12228.02525844928
 20
20178.09273909725
 10
12224.66354038007
 20
20175.36024896433
 10
12221.46292065593
 20
20172.18555732689
 10
12218.54039948748
 20
20168.56866367036
 10
12216.01297708442
 20
20164.50936747977
 10
12214.04905308925
 20
20159.8574677441
 10
12212.59342733226
 20
20154.59696467732
 10
12210.33647251244
 20
20143.05655383109
 10
12208.66161681705
 20
20131.07883963752
 10
12207.2091515107
 20
20116.82492036863
 10
12205.08995792479
 20
20096.4140929497
 10
12202.76565212041
 20
20073.30916158349
  0
LWPOLYLINE
  5
4EC
330
36
100
AcDbEntity
  8
POINTS
  6
CONTINU
 62
     7
100
AcDbPolyline
 90
       23
 70
     0
 43
0.2000003599999999
 10
12318.83668967485
 20
20193.49996742154
 10
12313.50196945861
 20
20191.08678654109
 10
12307.30864765381
 20
20188.66380941931
 10
12295.10640766027
 20
20184.56455570878
 10
12283.27287371691
 20
20181.69000258108
 10
12271.50804326362
 20
20179.58085052893
 10
12257.64881020816
 20
20177.73720816633
 10
12250.98969432149
 20
20176.85043585841
 10
12245.78398022097
 20
20175.77495681843
 10
12239.01865770544
 20
20173.42448234295
 10
12236.34934689318
 20
20172.05859162456
 10
12233.75213462601
 20
20170.33239994051
 10
12231.16562082112
 20
20168.25220757222
 10
12228.75080605595
 20
20165.88341392927
 10
12226.53809000699
 20
20163.14001872315
 10
12224.55837235248
 20
20159.93622166353
 10
12222.93805250141
 20
20156.0859218595
 10
12221.67923040481
 20
20151.5771192802
 10
12219.62268142899
 20
20141.28340979661
 10
12218.03222829839
 20
20129.8542962193
 10
12216.58316382152
 20
20115.78757727242
 10
12214.47527071688
 20
20095.48154999243
 10
12212.14776479459
 20
20072.35111859439
  0
TEXT
  5
505
330
36
100
AcDbEntity
  8
TITRE
 62
     7
100
AcDbText
 10
11934.21620361828
 20
20326.08670184782
 30
0.0
 40
4.066207319159999
  1
ROANNAISE DE L'EAU
 50
359.9997479999999
100
AcDbText
  0
TEXT
  5
506
330
36
100
AcDbEntity
  8
TITRE
 62
     7
100
AcDbText
 10
11936.14568701993
 20
20309.03903202232
 30
0.0
 40
2.500004499999999
  1
sur la commune de RENAISON (Loire)
 50
359.9997479999999
100
AcDbText
  0
TEXT
  5
507
330
36
100
AcDbEntity
  8
TITRE
 62
     7
100
AcDbText
 10
11939.17554959073
 20
20287.8337685739
 30
0.0
 40
2.500004499999999
  1
ECHELLES : fond de plan 1/1000
 50
359.9997479999999
 72
     1
 11
11964.65324505372
 21
20287.83365651714
 31
0.0
100
AcDbText
  0
TEXT
  5
508
330
36
100
AcDbEntity
  8
TITRE
 62
     5
100
AcDbText
 10
11937.76639257752
 20
20295.97793708583
 30
0.0
 40
3.049605489279999
  1
( mai 2022 / novembre 2021 )
 50
359.9997479999999
 72
     1
 11
11964.65327125474
 21
20295.97781883116
 31
0.0
100
AcDbText
  0
TEXT
  5
509
330
36
100
AcDbEntity
  8
TITRE
 62
     7
100
AcDbText
 10
11927.4491626479
 20
20315.9622705525
 30
0.0
 40
4.066207319159999
  1
BARRAGE DU CHARTRAIN
 50
359.9997479999999
100
AcDbText
  0
ARC
  5
50A
330
36
100
AcDbEntity
  8
POINTS
  6
TIRETE_MOYEN
 62
     7
100
AcDbCircle
 10
12108.21973742813
 20
19813.08830901818
 30
0.0
 40
395.4485118060399
100
AcDbArc
 50
73.34004799995985
 51
104.054648000023
  0
ARC
  5
50B
330
36
100
AcDbEntity
  8
POINTS
  6
TIRETE_MOYEN
 62
     7
100
AcDbCircle
 10
12108.21973742813
 20
19813.08830901818
 30
0.0
 40
399.4485190060399
100
AcDbArc
 50
73.34004799995985
 51
104.054648000023
  0
TEXT
  5
50C
330
36
100
AcDbEntity
  8
POINTS
 62
     7
100
AcDbText
 10
12084.42651502792
 20
20226.98915869025
 30
0.0
 40
3.000005399999999
  1
PLAN D'EAU
 50
359.9997479999999
 41
1.5
100
AcDbText
  0
TEXT
  5
50D
330
36
100
AcDbEntity
  8
Carroyage système local
 62
     7
100
AcDbText
 10
12249.35961297767
 20
20232.45735454035
 30
0.0
 40
2.000003599999999
  1
Axe des X
 50
0.0000000000127721
 41
1.30918681318682
 72
     5
 11
12265.67964235367
 21
20232.45735454035
 31
0.0
100
AcDbText
  0
LWPOLYLINE
  5
50E
330
36
100
AcDbEntity
  8
Carroyage système local
  6
CONTINU
 62
     7
100
AcDbPolyline
 90
        3
 70
     0
 43
0.4000007199999999
 10
12290.12358635269
 20
20237.12766294689
 10
12230.12347835269
 20
20237.12766294689
 10
12230.12347835269
 20
20297.12777094689
  0
LWPOLYLINE
  5
513
330
36
100
AcDbEntity
  8
Carroyage système local
  6
CONTINU
 62
     7
100
AcDbPolyline
 90
        4
 70
     0
 43
0.4000007199999999
 10
12283.65637471173
 20
20239.80646776873
 10
12290.12358635269
 20
20237.12766294689
 10
12283.65637471173
 20
20234.44885812505
 10
12283.65637471173
 20
20239.80646776873
  0
TEXT
  5
519
330
36
100
AcDbEntity
  8
Carroyage système local
 62
     7
100
AcDbText
 10
12226.18067125565
 20
20275.36203176863
 30
0.0
 40
2.000003599999999
  1
Axe des Y
 50
270.0
 41
1.317208791208821
 72
     5
 11
12226.18067125565
 21
20258.94200221263
 31
0.0
100
AcDbText
  0
LWPOLYLINE
  5
51A
330
36
100
AcDbEntity
  8
Carroyage système local
  6
CONTINU
 62
     7
100
AcDbPolyline
 90
        4
 70
     0
 43
0.4000007199999999
 10
12227.44467353085
 20
20290.66055930594
 10
12230.12347835269
 20
20297.12777094689
 10
12232.80218317435
 20
20290.66055930594
 10
12227.44467353085
 20
20290.66055930594
  0
TEXT
  5
520
330
36
100
AcDbEntity
  8
HABILLAGE
 62
     7
100
AcDbText
 10
12255.17481502339
 20
20179.8445228407
 30
0.0
 40
4.000007199999998
  1
R.D. 41
 50
9.09688330829657
 41
1.656892478767545
 72
     5
 11
12285.50849098626
 21
20184.70149816906
 31
0.0
100
AcDbText
  0
LWPOLYLINE
  5
527
330
36
100
AcDbEntity
  8
CADRE
  6
CONTINU
 62
     7
100
AcDbPolyline
 90
        5
 70
     0
 43
0.2000003599999999
 10
11915.30525669677
 20
20055.57629397879
 10
11915.30650139802
 20
20338.57680337605
 10
12321.30723219409
 20
20338.57501769157
 10
12321.30598749284
 20
20055.57450829431
 10
11915.30525669677
 20
20055.57629397879
  0
LWPOLYLINE
  5
52E
330
36
100
AcDbEntity
  8
CADRE
  6
CONTINU
 62
     7
100
AcDbPolyline
 90
        5
 70
     0
 43
0.4000007199999999
 10
11913.30524430031
 20
20053.57629917528
 10
11913.30650659451
 20
20340.57681577251
 10
12323.30724459055
 20
20340.57501249508
 10
12323.30598229635
 20
20053.57449589785
 10
11913.30524430031
 20
20053.57629917528
  0
LWPOLYLINE
  5
583
330
36
100
AcDbEntity
  8
CADRE
  6
CONTINU
 62
     7
100
AcDbPolyline
 90
        2
 70
     0
 43
0.10000018
 10
11908.30523530036
 20
20053.57632116647
 10
11908.30519131798
 20
20043.57630316656
  0
LWPOLYLINE
  5
587
330
36
100
AcDbEntity
  8
CADRE
  6
CONTINU
 62
     7
100
AcDbPolyline
 90
        2
 70
     0
 43
0.10000018
 10
11903.30520430922
 20
20048.57633415771
 10
11913.30522230912
 20
20048.57629017533
  0
LWPOLYLINE
  5
58B
330
36
100
AcDbEntity
  8
CADRE
  6
CONTINU
 62
     7
100
AcDbPolyline
 90
        2
 70
     0
 43
0.10000018
 10
11908.30654157694
 20
20350.5768557636
 10
11908.30649759456
 20
20340.57683776369
  0
LWPOLYLINE
  5
58F
330
36
100
AcDbEntity
  8
CADRE
  6
CONTINU
 62
     7
100
AcDbPolyline
 90
        2
 70
     0
 43
0.10000018
 10
11903.3065105858
 20
20345.57686875484
 10
11913.3065285857
 20
20345.57682477246
  0
LWPOLYLINE
  5
593
330
36
100
AcDbEntity
  8
CADRE
  6
CONTINU
 62
     7
100
AcDbPolyline
 90
        2
 70
     0
 43
0.10000018
 10
12328.30729757288
 20
20350.57500850379
 10
12328.3072535905
 20
20340.57499050389
  0
LWPOLYLINE
  5
597
330
36
100
AcDbEntity
  8
CADRE
  6
CONTINU
 62
     7
100
AcDbPolyline
 90
        2
 70
     0
 43
0.10000018
 10
12323.30726658174
 20
20345.57502149503
 10
12333.30728458164
 20
20345.57497751265
  0
LWPOLYLINE
  5
59B
330
36
100
AcDbEntity
  8
CADRE
  6
CONTINU
 62
     7
100
AcDbPolyline
 90
        2
 70
     0
 43
0.10000018
 10
12328.3059912963
 20
20053.57447390667
 10
12328.30594731392
 20
20043.57445590676
  0
LWPOLYLINE
  5
59F
330
36
100
AcDbEntity
  8
CADRE
  6
CONTINU
 62
     7
100
AcDbPolyline
 90
        2
 70
     0
 43
0.10000018
 10
12323.30596030516
 20
20048.5744868979
 10
12333.30597830506
 20
20048.57444291552
  0
LWPOLYLINE
  5
5A3
330
36
100
AcDbEntity
  8
CADRE
  6
CONTINU
 62
     7
100
AcDbPolyline
 90
        2
 70
     0
 43
0.10000018
 10
12123.30690658367
 20
20345.57590114256
 10
12113.30688858377
 20
20345.57594512493
  0
LWPOLYLINE
  5
5A7
330
36
100
AcDbEntity
  8
CADRE
  6
CONTINU
 62
     7
100
AcDbPolyline
 90
        2
 70
     0
 43
0.10000018
 10
12118.30689758372
 20
20345.57592313374
 10
12118.30687559253
 20
20340.57591413379
  0
LWPOLYLINE
  5
5AB
330
36
100
AcDbEntity
  8
CADRE
  6
CONTINU
 62
     7
100
AcDbPolyline
 90
        2
 70
     0
 43
0.10000018
 10
12123.30560030709
 20
20048.57536654543
 10
12113.30558230719
 20
20048.5754105278
  0
LWPOLYLINE
  5
5AF
330
36
100
AcDbEntity
  8
CADRE
  6
CONTINU
 62
     7
100
AcDbPolyline
 90
        2
 70
     0
 43
0.10000018
 10
12118.30561329833
 20
20053.57539753657
 10
12118.30559130714
 20
20048.57538853662
  0
TEXT
  5
5B3
330
36
100
AcDbEntity
  8
TITRE
 62
     5
100
AcDbText
 10
11934.62837831876
 20
20301.96451953767
 30
0.0
 40
3.000005399999999
  1
CARTE DES DÉPLACEMENTS
 50
359.9997479999999
 72
     1
 11
11964.65330197733
 21
20301.00620262737
 31
0.0
100
AcDbText
 73
     1
  0
INSERT
  5
5B4
330
36
100
AcDbEntity
  8
CADRE
  6
CONTINU
 62
     7
100
AcDbBlockReference
  2
SY212
 10
12121.97233672819
 20
20284.76649755497
 30
0.0
 41
1.000001799999999
 42
1.000001799999999
 43
1.000001799999999
 50
123.2997479999999
  0
INSERT
  5
6D4
330
36
100
AcDbEntity
  8
ggc
  6
Continuous
 62
     5
100
AcDbBlockReference
  2
SY129
 10
11963.21
 20
20204.96
 30
0.0
  0
INSERT
  5
6D5
330
36
100
AcDbEntity
  8
ggc
  6
Continuous
 62
     5
100
AcDbBlockReference
  2
SY129
 10
12003.56
 20
20177.18
 30
0.0
  0
INSERT
  5
6D6
330
36
100
AcDbEntity
  8
ggc
  6
Continuous
 62
     5
100
AcDbBlockReference
  2
SY129
 10
12027.92
 20
20133.06
 30
0.0
  0
INSERT
  5
6D7
330
36
100
AcDbEntity
  8
ggc
  6
Continuous
 62
     5
100
AcDbBlockReference
  2
SY129
 10
12091.22
 20
20148.57
 30
0.0
  0
INSERT
  5
6D8
330
36
100
AcDbEntity
  8
ggc
  6
Continuous
 62
     5
100
AcDbBlockReference
  2
SY129
 10
12110.83
 20
20097.53
 30
0.0
  0
INSERT
  5
6D9
330
36
100
AcDbEntity
  8
ggc
  6
Continuous
 62
     5
100
AcDbBlockReference
  2
SY129
 10
12150.33
 20
20150.12
 30
0.0
  0
INSERT
  5
6DA
330
36
100
AcDbEntity
  8
ggc
  6
Continuous
 62
     5
100
AcDbBlockReference
  2
SY129
 10
12220.11
 20
20178.68
 30
0.0
  0
INSERT
  5
6DB
330
36
100
AcDbEntity
  8
ggc
  6
Continuous
 62
     5
100
AcDbBlockReference
  2
SY129
 10
12251.48
 20
20147.69
 30
0.0
  0
INSERT
  5
6DC
330
36
100
AcDbEntity
  8
ggc
  6
Continuous
 62
     1
100
AcDbBlockReference
  2
SY131
 10
12038.46
 20
20201.61
 30
0.0
  0
INSERT
  5
6DD
330
36
100
AcDbEntity
  8
ggc
  6
Continuous
 62
     1
100
AcDbBlockReference
  2
SY131
 10
12061.2
 20
20205.09
 30
0.0
  0
INSERT
  5
6DE
330
36
100
AcDbEntity
  8
ggc
  6
Continuous
 62
     1
100
AcDbBlockReference
  2
SY131
 10
12062.08
 20
20196.77
 30
0.0
  0
INSERT
  5
6DF
330
36
100
AcDbEntity
  8
ggc
  6
Continuous
 62
     1
100
AcDbBlockReference
  2
SY131
 10
12091.51
 20
20207.64
 30
0.0
  0
INSERT
  5
6E0
330
36
100
AcDbEntity
  8
ggc
  6
Continuous
 62
     1
100
AcDbBlockReference
  2
SY131
 10
12091.81
 20
20199.31
 30
0.0
  0
INSERT
  5
6E1
330
36
100
AcDbEntity
  8
ggc
  6
Continuous
 62
     1
100
AcDbBlockReference
  2
SY131
 10
12092.36
 20
20190.37
 30
0.0
  0
INSERT
  5
6E2
330
36
100
AcDbEntity
  8
ggc
  6
Continuous
 62
     1
100
AcDbBlockReference
  2
SY131
 10
12114.31
 20
20207.78
 30
0.0
  0
INSERT
  5
6E3
330
36
100
AcDbEntity
  8
ggc
  6
Continuous
 62
     1
100
AcDbBlockReference
  2
SY131
 10
12114.46
 20
20199.56
 30
0.0
  0
INSERT
  5
6E4
330
36
100
AcDbEntity
  8
ggc
  6
Continuous
 62
     1
100
AcDbBlockReference
  2
SY131
 10
12114.21
 20
20190.46
 30
0.0
  0
INSERT
  5
6E5
330
36
100
AcDbEntity
  8
ggc
  6
Continuous
 62
     1
100
AcDbBlockReference
  2
SY131
 10
12113.95
 20
20180.75
 30
0.0
  0
INSERT
  5
6E6
330
36
100
AcDbEntity
  8
ggc
  6
Continuous
 62
     1
100
AcDbBlockReference
  2
SY131
 10
12137.14
 20
20206.89
 30
0.0
  0
INSERT
  5
6E7
330
36
100
AcDbEntity
  8
ggc
  6
Continuous
 62
     1
100
AcDbBlockReference
  2
SY131
 10
12136.57
 20
20198.56
 30
0.0
  0
INSERT
  5
6E8
330
36
100
AcDbEntity
  8
ggc
  6
Continuous
 62
     1
100
AcDbBlockReference
  2
SY131
 10
12135.99
 20
20189.57
 30
0.0
  0
INSERT
  5
6E9
330
36
100
AcDbEntity
  8
ggc
  6
Continuous
 62
     1
100
AcDbBlockReference
  2
SY131
 10
12167.39
 20
20203.27
 30
0.0
  0
INSERT
  5
6EA
330
36
100
AcDbEntity
  8
ggc
  6
Continuous
 62
     1
100
AcDbBlockReference
  2
SY131
 10
12166.24
 20
20195.03
 30
0.0
  0
INSERT
  5
6EB
330
36
100
AcDbEntity
  8
ggc
  6
Continuous
 62
     1
100
AcDbBlockReference
  2
SY131
 10
12189.69
 20
20199.37
 30
0.0
  0
TEXT
  5
6F8
330
36
100
AcDbEntity
  8
HACHURES
 62
     1
100
AcDbText
 10
12116.25503725316
 20
20179.68582729386
 30
0.0
 40
1.800003239999999
  1
C.44
 50
359.9997479999959
 41
1.052791645440993
 72
     5
 11
12121.61904690831
 21
20179.68580370172
 31
0.0
100
AcDbText
  0
INSERT
  5
717
330
36
100
AcDbEntity
  8
vecteurs_deplacement
  6
Continuous
100
AcDbBlockReference
  2
vecteurDXY
 10
11917.3697022417
 20
20062.5426275563
 30
0.0
 41
9.999999999999998
 42
9.999999999999998
 43
9.999999999999998
 50
359.9997433486995
  0
TEXT
  5
718
330
36
100
AcDbEntity
  8
TITRE
  6
Continuous
 62
     7
100
AcDbText
 10
11928.67174217363
 20
20057.99637784514
 30
0.0
 40
1.999999999999999
  1
(échelle 10/1)
 50
359.9997433488884
100
AcDbText
  0
TEXT
  5
719
330
36
100
AcDbEntity
  8
TITRE
  6
Continuous
 62
     7
100
AcDbText
 10
11928.67175967784
 20
20062.06803721528
 30
0.0
 40
1.999999999999999
  1
Exemple de déplacement de 1mm
 50
359.9997433488884
100
AcDbText
  0
LWPOLYLINE
  5
71A
330
36
100
AcDbEntity
  8
CADRE
  6
CONTINU
 62
     7
100
AcDbPolyline
 90
        2
 70
     0
 43
0.19999238000076
 10
11987.89042678668
 20
20066.24124585121
 10
11987.89037901254
 20
20055.57596884025
  0
LWPOLYLINE
  5
71B
330
36
100
AcDbEntity
  8
CADRE
  6
CONTINU
 62
     7
100
AcDbPolyline
 90
        2
 70
     0
 43
0.19999238000076
 10
11987.89042678668
 20
20066.24124585121
 10
11915.30530360508
 20
20066.24156509725
  0
LWPOLYLINE
  5
742
330
36
100
AcDbEntity
  8
CADRE
  6
CONTINU
 62
     7
100
AcDbPolyline
 90
        2
 70
     0
 43
0.2000003599999999
 10
12014.00018838225
 20
20279.49614699964
 10
12014.00044823022
 20
20338.57627342032
  0
LWPOLYLINE
  5
743
330
36
100
AcDbEntity
  8
CADRE
  6
CONTINU
 62
     7
100
AcDbPolyline
 90
        2
 70
     0
 43
0.2000003599999999
 10
12014.00018838225
 20
20279.49614699964
 10
11915.30624154963
 20
20279.49658107829
  0
TEXT
  5
77A
330
36
100
AcDbEntity
  8
Carroyage système local
100
AcDbText
 10
11921.30545208243
 20
20099.0
 30
0.0
 40
2.0
  1
Y=20100
 11
11921.30545208243
 21
20100.0
 31
0.0
100
AcDbText
 73
     2
  0
TEXT
  5
77C
330
36
100
AcDbEntity
  8
Carroyage système local
100
AcDbText
 10
12304.12521677245
 20
20099.0
 30
0.0
 40
2.0
  1
Y=20100
 72
     2
 11
12315.30618288636
 21
20100.0
 31
0.0
100
AcDbText
 73
     2
  0
TEXT
  5
77F
330
36
100
AcDbEntity
  8
Carroyage système local
100
AcDbText
 10
11921.3058919054
 20
20199.0
 30
0.0
 40
2.0
  1
Y=20200
 11
11921.3058919054
 21
20200.0
 31
0.0
100
AcDbText
 73
     2
  0
TEXT
  5
781
330
36
100
AcDbEntity
  8
Carroyage système local
100
AcDbText
 10
12304.12565659542
 20
20199.0
 30
0.0
 40
2.0
  1
Y=20200
 72
     2
 11
12315.30662270933
 21
20200.0
 31
0.0
100
AcDbText
 73
     2
  0
TEXT
  5
784
330
36
100
AcDbEntity
  8
Carroyage système local
100
AcDbText
 10
12020.00027856291
 20
20299.0
 30
0.0
 40
2.0
  1
Y=20300
 11
12020.00027856291
 21
20300.0
 31
0.0
100
AcDbText
 73
     2
  0
TEXT
  5
786
330
36
100
AcDbEntity
  8
Carroyage système local
100
AcDbText
 10
12304.12609641839
 20
20299.0
 30
0.0
 40
2.0
  1
Y=20300
 72
     2
 11
12315.3070625323
 21
20300.0
 31
0.0
100
AcDbText
 73
     2
  0
LWPOLYLINE
  5
7AF
330
36
100
AcDbEntity
  8
Carroyage système local
  6
Continuous
100
AcDbPolyline
 90
        2
 70
   128
 43
0.2
 10
11995.0
 20
20200.0
 10
12005.0
 20
20200.0
  0
LWPOLYLINE
  5
7B0
330
36
100
AcDbEntity
  8
Carroyage système local
  6
Continuous
100
AcDbPolyline
 90
        2
 70
   128
 43
0.2
 10
12000.0
 20
20195.0
 10
12000.0
 20
20205.0
  0
LWPOLYLINE
  5
7B1
330
36
100
AcDbEntity
  8
Carroyage système local
  6
Continuous
100
AcDbPolyline
 90
        2
 70
   128
 43
0.2
 10
12000.0
 20
20095.0
 10
12000.0
 20
20105.0
  0
LWPOLYLINE
  5
7B2
330
36
100
AcDbEntity
  8
Carroyage système local
  6
Continuous
100
AcDbPolyline
 90
        2
 70
   128
 43
0.2
 10
12005.0
 20
20100.0
 10
11995.0
 20
20100.0
  0
LWPOLYLINE
  5
7BD
330
36
100
AcDbEntity
  8
Carroyage système local
  6
Continuous
100
AcDbPolyline
 90
        2
 70
   128
 43
0.2
 10
12100.0
 20
20095.0
 10
12100.0
 20
20105.0
  0
LWPOLYLINE
  5
7BE
330
36
100
AcDbEntity
  8
Carroyage système local
  6
Continuous
100
AcDbPolyline
 90
        2
 70
   128
 43
0.2
 10
12105.0
 20
20100.0
 10
12095.0
 20
20100.0
  0
LWPOLYLINE
  5
7BF
330
36
100
AcDbEntity
  8
Carroyage système local
  6
Continuous
100
AcDbPolyline
 90
        2
 70
   128
 43
0.2
 10
12105.0
 20
20300.0
 10
12095.0
 20
20300.0
  0
LWPOLYLINE
  5
7C0
330
36
100
AcDbEntity
  8
Carroyage système local
  6
Continuous
100
AcDbPolyline
 90
        2
 70
   128
 43
0.2
 10
12100.0
 20
20295.0
 10
12100.0
 20
20305.0
  0
LWPOLYLINE
  5
7C7
330
36
100
AcDbEntity
  8
Carroyage système local
  6
Continuous
100
AcDbPolyline
 90
        2
 70
   128
 43
0.2
 10
12195.0
 20
20200.0
 10
12205.0
 20
20200.0
  0
LWPOLYLINE
  5
7C8
330
36
100
AcDbEntity
  8
Carroyage système local
  6
Continuous
100
AcDbPolyline
 90
        2
 70
   128
 43
0.2
 10
12200.0
 20
20195.0
 10
12200.0
 20
20205.0
  0
LWPOLYLINE
  5
7C9
330
36
100
AcDbEntity
  8
Carroyage système local
  6
Continuous
100
AcDbPolyline
 90
        2
 70
   128
 43
0.2
 10
12200.0
 20
20095.0
 10
12200.0
 20
20105.0
  0
LWPOLYLINE
  5
7CA
330
36
100
AcDbEntity
  8
Carroyage système local
  6
Continuous
100
AcDbPolyline
 90
        2
 70
   128
 43
0.2
 10
12205.0
 20
20100.0
 10
12195.0
 20
20100.0
  0
LWPOLYLINE
  5
7CB
330
36
100
AcDbEntity
  8
Carroyage système local
  6
Continuous
100
AcDbPolyline
 90
        2
 70
   128
 43
0.2
 10
12205.0
 20
20300.0
 10
12195.0
 20
20300.0
  0
LWPOLYLINE
  5
7CC
330
36
100
AcDbEntity
  8
Carroyage système local
  6
Continuous
100
AcDbPolyline
 90
        2
 70
   128
 43
0.2
 10
12200.0
 20
20295.0
 10
12200.0
 20
20305.0
  0
LWPOLYLINE
  5
7CD
330
36
100
AcDbEntity
  8
Carroyage système local
  6
Continuous
100
AcDbPolyline
 90
        2
 70
   128
 43
0.2
 10
12019.00027856291
 20
20300.0
 10
12014.00027856291
 20
20300.0
  0
LWPOLYLINE
  5
7CE
330
36
100
AcDbEntity
  8
Carroyage système local
  6
Continuous
100
AcDbPolyline
 90
        2
 70
   128
 43
0.2
 10
11920.3058919054
 20
20200.0
 10
11915.3058919054
 20
20200.0
  0
LWPOLYLINE
  5
7CF
330
36
100
AcDbEntity
  8
Carroyage système local
  6
Continuous
100
AcDbPolyline
 90
        2
 70
   128
 43
0.2
 10
11920.30545208243
 20
20100.0
 10
11915.30545208243
 20
20100.0
  0
LWPOLYLINE
  5
7D0
330
36
100
AcDbEntity
  8
Carroyage système local
  6
Continuous
100
AcDbPolyline
 90
        2
 70
   128
 43
0.2
 10
12321.3070625323
 20
20300.0
 10
12316.3070625323
 20
20300.0
  0
LWPOLYLINE
  5
7D1
330
36
100
AcDbEntity
  8
Carroyage système local
  6
Continuous
100
AcDbPolyline
 90
        2
 70
   128
 43
0.2
 10
12321.30662270933
 20
20200.0
 10
12316.30662270933
 20
20200.0
  0
LWPOLYLINE
  5
7D2
330
36
100
AcDbEntity
  8
Carroyage système local
  6
Continuous
100
AcDbPolyline
 90
        2
 70
   128
 43
0.2
 10
12321.30618288636
 20
20100.0
 10
12316.30618288636
 20
20100.0
  0
TEXT
  5
7DD
330
36
100
AcDbEntity
  8
Carroyage système local
100
AcDbText
 10
12001.0
 20
20061.57592147185
 30
0.0
 40
2.0
  1
X=12000
 50
90.0
 11
12000.0
 21
20061.57592147185
 31
0.0
100
AcDbText
 73
     2
  0
LWPOLYLINE
  5
7DE
330
36
100
AcDbEntity
  8
Carroyage système local
  6
Continuous
100
AcDbPolyline
 90
        2
 70
   128
 43
0.2
 10
12000.0
 20
20060.57592147185
 10
12000.0
 20
20055.57592147185
  0
TEXT
  5
7DF
330
36
100
AcDbEntity
  8
Carroyage système local
100
AcDbText
 10
12101.0
 20
20061.57548164888
 30
0.0
 40
2.0
  1
X=12100
 50
90.0
 11
12100.0
 21
20061.57548164888
 31
0.0
100
AcDbText
 73
     2
  0
LWPOLYLINE
  5
7E0
330
36
100
AcDbEntity
  8
Carroyage système local
  6
Continuous
100
AcDbPolyline
 90
        2
 70
   128
 43
0.2
 10
12100.0
 20
20060.57548164888
 10
12100.0
 20
20055.57548164888
  0
TEXT
  5
7E1
330
36
100
AcDbEntity
  8
Carroyage système local
100
AcDbText
 10
12201.0
 20
20061.57504182591
 30
0.0
 40
2.0
  1
X=12200
 50
90.0
 11
12200.0
 21
20061.57504182591
 31
0.0
100
AcDbText
 73
     2
  0
LWPOLYLINE
  5
7E2
330
36
100
AcDbEntity
  8
Carroyage système local
  6
Continuous
100
AcDbPolyline
 90
        2
 70
   128
 43
0.2
 10
12200.0
 20
20060.57504182591
 10
12200.0
 20
20055.57504182591
  0
TEXT
  5
7E6
330
36
100
AcDbEntity
  8
Carroyage système local
100
AcDbText
 10
12201.0
 20
20321.39458511473
 30
0.0
 40
2.0
  1
X=12200
 50
90.0
 72
     2
 11
12200.0
 21
20332.57555122864
 31
0.0
100
AcDbText
 73
     2
  0
LWPOLYLINE
  5
7E7
330
36
100
AcDbEntity
  8
Carroyage système local
  6
Continuous
100
AcDbPolyline
 90
        2
 70
   128
 43
0.2
 10
12200.0
 20
20338.57555122865
 10
12200.0
 20
20333.57555122865
  0
TEXT
  5
7E8
330
36
100
AcDbEntity
  8
Carroyage système local
100
AcDbText
 10
12101.0
 20
20321.3950249377
 30
0.0
 40
2.0
  1
X=12100
 50
90.0
 72
     2
 11
12100.0
 21
20332.57599105162
 31
0.0
100
AcDbText
 73
     2
  0
LWPOLYLINE
  5
7E9
330
36
100
AcDbEntity
  8
Carroyage système local
  6
Continuous
100
AcDbPolyline
 90
        2
 70
   128
 43
0.2
 10
12100.0
 20
20338.57599105162
 10
12100.0
 20
20333.57599105162
  0
TEXT
  5
7EA
330
36
100
AcDbEntity
  8
Carroyage système local
100
AcDbText
 10
12001.0
 20
20262.31524246177
 30
0.0
 40
2.0
  1
X=12000
 50
90.0
 72
     2
 11
12000.0
 21
20273.49620857568
 31
0.0
100
AcDbText
 73
     2
  0
LWPOLYLINE
  5
7EB
330
36
100
AcDbEntity
  8
Carroyage système local
  6
Continuous
100
AcDbPolyline
 90
        2
 70
   128
 43
0.2
 10
12000.0
 20
20279.49620857568
 10
12000.0
 20
20274.49620857568
  0
TEXT
  5
7F3
330
36
100
AcDbEntity
  8
TITRE
 62
     7
100
AcDbText
 10
11960.41205557406
 20
20284.55570301893
 30
0.0
 40
2.500004499999999
  1
déplacements 10/1
 50
359.9997479999999
100
AcDbText
  0
LWPOLYLINE
  5
B14
330
36
100
AcDbEntity
  8
Carroyage CC46 approché
  6
Continuous
100
AcDbPolyline
 90
        2
 70
   128
 43
0.2
 10
12301.05149573303
 20
20291.2394629035
 10
12295.80882678622
 20
20299.7550029518
  0
LWPOLYLINE
  5
B15
330
36
100
AcDbEntity
  8
Carroyage CC46 approché
  6
Continuous
100
AcDbPolyline
 90
        2
 70
   128
 43
0.2
 10
12294.17239123547
 20
20292.87589845425
 10
12302.68793128378
 20
20298.11856740106
  0
LWPOLYLINE
  5
B18
330
36
100
AcDbEntity
  8
Carroyage CC46 approché
  6
Continuous
100
AcDbPolyline
 90
        2
 70
   128
 43
0.2
 10
12215.8960952594
 20
20238.81277341982
 10
12210.6534263126
 20
20247.32831346811
  0
LWPOLYLINE
  5
B19
330
36
100
AcDbEntity
  8
Carroyage CC46 approché
  6
Continuous
100
AcDbPolyline
 90
        2
 70
   128
 43
0.2
 10
12209.01699076185
 20
20240.44920897056
 10
12217.53253081015
 20
20245.69187791736
  0
LWPOLYLINE
  5
B1A
330
36
100
AcDbEntity
  8
Carroyage CC46 approché
  6
Continuous
100
AcDbPolyline
 90
        2
 70
   128
 43
0.2
 10
12268.32278474449
 20
20153.65737294712
 10
12263.08011579769
 20
20162.17291299542
  0
LWPOLYLINE
  5
B1B
330
36
100
AcDbEntity
  8
Carroyage CC46 approché
  6
Continuous
100
AcDbPolyline
 90
        2
 70
   128
 43
0.2
 10
12261.44368024694
 20
20155.29380849787
 10
12269.95922029524
 20
20160.53647744467
  0
LWPOLYLINE
  5
B1E
330
36
100
AcDbEntity
  8
Carroyage CC46 approché
  6
Continuous
100
AcDbPolyline
 90
        2
 70
   128
 43
0.2
 10
12183.16738427087
 20
20101.2306834632
 10
12177.92471532406
 20
20109.74622351149
  0
LWPOLYLINE
  5
B1F
330
36
100
AcDbEntity
  8
Carroyage CC46 approché
  6
Continuous
100
AcDbPolyline
 90
        2
 70
   128
 43
0.2
 10
12176.28827977331
 20
20102.86711901394
 10
12184.80381982161
 20
20108.10978796075
  0
LWPOLYLINE
  5
B20
330
36
100
AcDbEntity
  8
Carroyage CC46 approché
  6
Continuous
100
AcDbPolyline
 90
        2
 70
   128
 43
0.2
 10
12130.74069478578
 20
20186.38608393589
 10
12125.49802583897
 20
20194.90162398419
  0
LWPOLYLINE
  5
B21
330
36
100
AcDbEntity
  8
Carroyage CC46 approché
  6
Continuous
100
AcDbPolyline
 90
        2
 70
   128
 43
0.2
 10
12123.86159028822
 20
20188.02251948664
 10
12132.37713033653
 20
20193.26518843344
  0
LWPOLYLINE
  5
B22
330
36
100
AcDbEntity
  8
Carroyage CC46 approché
  6
Continuous
100
AcDbPolyline
 90
        2
 70
   128
 43
0.2
 10
12078.31400530255
 20
20271.54148440905
 10
12073.07133635575
 20
20280.05702445735
  0
LWPOLYLINE
  5
B23
330
36
100
AcDbEntity
  8
Carroyage CC46 approché
  6
Continuous
100
AcDbPolyline
 90
        2
 70
   128
 43
0.2
 10
12071.434900805
 20
20273.17791995979
 10
12079.9504408533
 20
20278.4205889066
  0
LWPOLYLINE
  5
B24
330
36
100
AcDbEntity
  8
Carroyage CC46 approché
  6
Continuous
100
AcDbPolyline
 90
        2
 70
   128
 43
0.2
 10
11993.15860482893
 20
20219.11479492513
 10
11987.91593588212
 20
20227.63033497342
  0
LWPOLYLINE
  5
B25
330
36
100
AcDbEntity
  8
Carroyage CC46 approché
  6
Continuous
100
AcDbPolyline
 90
        2
 70
   128
 43
0.2
 10
11986.27950033138
 20
20220.75123047587
 10
11994.79504037968
 20
20225.99389942268
  0
LWPOLYLINE
  5
B26
330
36
100
AcDbEntity
  8
Carroyage CC46 approché
  6
Continuous
100
AcDbPolyline
 90
        2
 70
   128
 43
0.2
 10
12045.58529431309
 20
20133.95939445197
 10
12040.34262536628
 20
20142.47493450026
  0
LWPOLYLINE
  5
B27
330
36
100
AcDbEntity
  8
Carroyage CC46 approché
  6
Continuous
100
AcDbPolyline
 90
        2
 70
   128
 43
0.2
 10
12038.70618981553
 20
20135.59583000271
 10
12047.22172986383
 20
20140.83849894952
  0
LWPOLYLINE
  5
B28
330
36
100
AcDbEntity
  8
Carroyage CC46 approché
  6
Continuous
100
AcDbPolyline
 90
        2
 70
   128
 43
0.2
 10
11960.42989383946
 20
20081.53270496851
 10
11955.18722489266
 20
20090.04824501681
  0
LWPOLYLINE
  5
B29
330
36
100
AcDbEntity
  8
Carroyage CC46 approché
  6
Continuous
100
AcDbPolyline
 90
        2
 70
   128
 43
0.2
 10
11953.55078934191
 20
20083.16914051925
 10
11962.06632939021
 20
20088.41180946606
  0
TEXT
  5
B2A
330
36
100
AcDbEntity
  8
Carroyage CC46 approché
100
AcDbText
 10
11920.93938191467
 20
20179.34967426384
 30
0.0
 40
2.0
  1
E=1767300
 50
31.61890407707905
 11
11920.41511501982
 21
20180.20122826857
 31
0.0
100
AcDbText
 73
     2
  0
LWPOLYLINE
  5
B2B
330
36
100
AcDbEntity
  8
Carroyage CC46 approché
  6
Continuous
100
AcDbPolyline
 90
        2
 70
   128
 43
0.2
 10
11919.5635610151
 20
20179.67696137371
 10
11915.30579099149
 20
20177.05562689943
  0
TEXT
  5
B2C
330
36
100
AcDbEntity
  8
Carroyage CC46 approché
100
AcDbText
 10
11931.68925317702
 20
20068.53556517778
 30
0.0
 40
2.0
  1
E=1767400
 50
31.61890407707905
 11
11931.16498628217
 21
20069.3871191825
 31
0.0
100
AcDbText
 73
     2
  0
LWPOLYLINE
  5
B2D
330
36
100
AcDbEntity
  8
Carroyage CC46 approché
  6
Continuous
100
AcDbPolyline
 90
        2
 70
   128
 43
0.2
 10
11930.31343227745
 20
20068.86285228765
 10
11926.05566225384
 20
20066.24151781337
  0
TEXT
  5
B2E
330
36
100
AcDbEntity
  8
Carroyage CC46 approché
100
AcDbText
 10
12161.31779840257
 20
20327.34081456006
 30
0.0
 40
2.0
  1
E=1767300
 50
31.61887936431967
 72
     2
 11
12172.54952352049
 21
20335.43004396741
 31
0.0
100
AcDbText
 73
     2
  0
LWPOLYLINE
  5
B2F
330
36
100
AcDbEntity
  8
Carroyage CC46 approché
  6
Continuous
100
AcDbPolyline
 90
        2
 70
   128
 43
0.2
 10
12177.65884890558
 20
20338.57564313279
 10
12173.40107775134
 20
20335.95431049497
  0
TEXT
  5
B30
330
36
100
AcDbEntity
  8
Carroyage CC46 approché
100
AcDbText
 10
12304.96604384709
 20
20298.34679431316
 30
0.0
 40
2.0
  1
E=1767400
 50
31.61887936431967
 72
     2
 11
12316.19776896501
 21
20306.4360237205
 31
0.0
100
AcDbText
 73
     2
  0
LWPOLYLINE
  5
B31
330
36
100
AcDbEntity
  8
Carroyage CC46 approché
  6
Continuous
100
AcDbPolyline
 90
        2
 70
   128
 43
0.2
 10
12321.3070943501
 20
20309.58162288589
 10
12317.04932319586
 20
20306.96029024807
  0
TEXT
  5
B32
330
36
100
AcDbEntity
  8
Carroyage CC46 approché
100
AcDbText
 10
12304.96552735049
 20
20180.91411215054
 30
0.0
 40
2.0
  1
E=1767500
 50
31.61887936431967
 72
     2
 11
12316.19725246841
 21
20189.00334155789
 31
0.0
100
AcDbText
 73
     2
  0
LWPOLYLINE
  5
B33
330
36
100
AcDbEntity
  8
Carroyage CC46 approché
  6
Continuous
100
AcDbPolyline
 90
        2
 70
   128
 43
0.2
 10
12321.3065778535
 20
20192.14894072328
 10
12317.04880669926
 20
20189.52760808545
  0
TEXT
  5
B34
330
36
100
AcDbEntity
  8
Carroyage CC46 approché
100
AcDbText
 10
12105.10721462825
 20
20057.86953132843
 30
0.0
 40
2.0
  1
E=1767500
 50
31.61890407707905
 11
12104.58294773339
 21
20058.72108533315
 31
0.0
100
AcDbText
 73
     2
  0
LWPOLYLINE
  5
B35
330
36
100
AcDbEntity
  8
Carroyage CC46 approché
  6
Continuous
100
AcDbPolyline
 90
        2
 70
   128
 43
0.2
 10
12103.73139372867
 20
20058.1968184383
 10
12099.47362370506
 20
20055.57548396402
  0
TEXT
  5
B36
330
36
100
AcDbEntity
  8
Carroyage CC46 approché
100
AcDbText
 10
12295.84839358879
 20
20057.86869240493
 30
0.0
 40
2.0
  1
E=1767600
 50
31.61890407707905
 11
12295.32412669393
 21
20058.72024640965
 31
0.0
100
AcDbText
 73
     2
  0
LWPOLYLINE
  5
B37
330
36
100
AcDbEntity
  8
Carroyage CC46 approché
  6
Continuous
100
AcDbPolyline
 90
        2
 70
   128
 43
0.2
 10
12294.47257268921
 20
20058.1959795148
 10
12290.2148026656
 20
20055.57464504052
  0
TEXT
  5
B38
330
36
100
AcDbEntity
  8
Carroyage CC46 approché
100
AcDbText
 10
11958.27817170683
 20
20273.86281124647
 30
0.0
 40
2.0
  1
N=5205500
 50
301.6189040725045
 11
11959.12972571159
 21
20274.38707814126
 31
0.0
100
AcDbText
 73
     2
  0
LWPOLYLINE
  5
B39
330
36
100
AcDbEntity
  8
Carroyage CC46 approché
  6
Continuous
100
AcDbPolyline
 90
        2
 70
   128
 43
0.2
 10
11958.6054588168
 20
20275.23863214602
 10
11955.98412434287
 20
20279.49640216984
  0
TEXT
  5
B3A
330
36
100
AcDbEntity
  8
Carroyage CC46 approché
100
AcDbText
 10
12039.3374842488
 20
20332.94267702829
 30
0.0
 40
2.0
  1
N=5205600
 50
301.6189040725045
 11
12040.18903825356
 21
20333.46694392308
 31
0.0
100
AcDbText
 73
     2
  0
LWPOLYLINE
  5
B3B
330
36
100
AcDbEntity
  8
Carroyage CC46 approché
  6
Continuous
100
AcDbPolyline
 90
        2
 70
   128
 43
0.2
 10
12039.66477135877
 20
20334.31849792785
 10
12037.04343688484
 20
20338.57626795167
  0
LWPOLYLINE
  5
B3D
330
36
100
AcDbEntity
  8
Carroyage CC46 approché
  6
Continuous
100
AcDbPolyline
 90
        2
 70
   128
 43
0.2
 10
12157.09745352185
 20
20334.31798143218
 10
12154.47611904792
 20
20338.575751456
  0
TEXT
  5
B3E
330
36
100
AcDbEntity
  8
Carroyage CC46 approché
100
AcDbText
 10
12274.20284857496
 20
20332.94164403626
 30
0.0
 40
2.0
  1
N=5205800
 50
301.6189040725045
 11
12275.05440257973
 21
20333.46591093105
 31
0.0
100
AcDbText
 73
     2
  0
LWPOLYLINE
  5
B3F
330
36
100
AcDbEntity
  8
Carroyage CC46 approché
  6
Continuous
100
AcDbPolyline
 90
        2
 70
   128
 43
0.2
 10
12274.53013568494
 20
20334.31746493581
 10
12271.908801211
 20
20338.57523495963
  0
TEXT
  5
B40
330
36
100
AcDbEntity
  8
Carroyage CC46 approché
100
AcDbText
 10
12199.86852537452
 20
20072.19601609995
 30
0.0
 40
2.0
  1
N=5205600
 50
301.618879359658
 72
     2
 11
12208.13011637903
 21
20060.68432794656
 31
0.0
100
AcDbText
 73
     2
  0
LWPOLYLINE
  5
B41
330
36
100
AcDbEntity
  8
Carroyage CC46 approché
  6
Continuous
100
AcDbPolyline
 90
        2
 70
   128
 43
0.2
 10
12211.275715544
 20
20055.57500256121
 10
12208.65438290652
 20
20059.83277371567
  0
TEXT
  5
B42
330
36
100
AcDbEntity
  8
Carroyage CC46 approché
100
AcDbText
 10
12082.43586634549
 20
20072.19653259608
 30
0.0
 40
2.0
  1
N=5205500
 50
301.618879359658
 72
     2
 11
12090.69745735
 21
20060.68484444269
 31
0.0
100
AcDbText
 73
     2
  0
LWPOLYLINE
  5
B43
330
36
100
AcDbEntity
  8
Carroyage CC46 approché
  6
Continuous
100
AcDbPolyline
 90
        2
 70
   128
 43
0.2
 10
12093.84305651497
 20
20055.57551905735
 10
12091.22172387749
 20
20059.8332902118
  0
TEXT
  5
B44
330
36
100
AcDbEntity
  8
Carroyage CC46 approché
100
AcDbText
 10
11958.43699615153
 20
20082.86234909034
 30
0.0
 40
2.0
  1
N=5205400
 50
301.618879359658
 72
     2
 11
11966.69858715604
 21
20071.35066093695
 31
0.0
100
AcDbText
 73
     2
  0
LWPOLYLINE
  5
B45
330
36
100
AcDbEntity
  8
Carroyage CC46 approché
  6
Continuous
100
AcDbPolyline
 90
        2
 70
   128
 43
0.2
 10
11969.84418632101
 20
20066.24133555161
 10
11967.22285368353
 20
20070.49910670606
  0
TEXT
  5
B46
330
36
100
AcDbEntity
  8
Carroyage CC46 approché
100
AcDbText
 10
12309.89884384612
 20
20084.21897944756
 30
0.0
 40
2.0
  1
N=5205700
 50
301.618879359658
 72
     2
 11
12318.16043485063
 21
20072.70729129417
 31
0.0
100
AcDbText
 73
     2
  0
LWPOLYLINE
  5
B47
330
36
100
AcDbEntity
  8
Carroyage CC46 approché
  6
Continuous
100
AcDbPolyline
 90
        2
 70
   128
 43
0.2
 10
12321.30603401561
 20
20067.59796590883
 10
12318.68470137812
 20
20071.85573706328
  0
TEXT
  5
B48
330
36
100
AcDbEntity
  8
Carroyage CC46 approché
100
AcDbText
 10
11917.59974058985
 20
20149.19325892678
 30
0.0
 40
2.0
  1
N=5205400
 50
301.6189040725045
 11
11918.45129459462
 21
20149.71752582157
 31
0.0
100
AcDbText
 73
     2
  0
LWPOLYLINE
  5
B49
330
36
100
AcDbEntity
  8
Carroyage CC46 approché
  6
Continuous
100
AcDbPolyline
 90
        2
 70
   128
 43
0.2
 10
11917.92702769983
 20
20150.56907982634
 10
11915.30569322589
 20
20154.82684985016
  0
TEXT
  5
B4A
330
36
100
AcDbEntity
  8
Carroyage CC46 approché
100
AcDbText
 10
12309.90004275723
 20
20274.9595736884
 30
0.0
 40
2.0
  1
N=5205800
 50
301.618879359658
 72
     2
 11
12318.16163376174
 21
20263.44788553501
 31
0.0
100
AcDbText
 73
     2
  0
LWPOLYLINE
  5
B4B
330
36
100
AcDbEntity
  8
Carroyage CC46 approché
  6
Continuous
100
AcDbPolyline
 90
        2
 70
   128
 43
0.2
 10
12321.30723292671
 20
20258.33856014966
 10
12318.68590028923
 20
20262.59633130412
  0
TEXT
  5
B5C
330
36
100
AcDbEntity
  8
Carroyage CC46 approché
100
AcDbText
 10
12240.45450048566
 20
20286.62670194537
 30
0.0
 40
2.000003599999998
  1
Axe Nord
 50
31.61890407900071
 41
1.399271319734368
 72
     5
 11
12254.43704241144
 21
20295.2351798546
 31
0.0
100
AcDbText
  0
LWPOLYLINE
  5
B5D
330
36
100
AcDbEntity
  8
Carroyage CC46 approché
  6
CONTINU
100
AcDbPolyline
 90
        3
 70
     0
 43
0.4000007199999998
 10
12253.32612750844
 20
20221.20945067248
 10
12221.87005719457
 20
20272.30278292261
 10
12272.96338944469
 20
20303.75885323647
  0
TEXT
  5
B5E
330
36
100
AcDbEntity
  8
Carroyage CC46 approché
100
AcDbText
 10
12227.97790593718
 20
20253.47368736121
 30
0.0
 40
2.000003599999998
  1
Axe Est
 50
301.6189040790219
 41
1.729511002445352
 72
     5
 11
12236.53395706256
 21
20239.57630098918
 31
0.0
100
AcDbText
  0
LWPOLYLINE
  5
B5F
330
36
100
AcDbEntity
  8
Carroyage CC46 approché
  6
CONTINU
100
AcDbPolyline
 90
        4
 70
     0
 43
0.4000007199999998
 10
12252.21672951673
 20
20228.12103933056
 10
12253.32612750844
 20
20221.20945067248
 10
12247.65443556901
 20
20225.31222195866
 10
12252.21672951673
 20
20228.12103933056
  0
LWPOLYLINE
  5
B64
330
36
100
AcDbEntity
  8
Carroyage CC46 approché
  6
CONTINU
100
AcDbPolyline
 90
        4
 70
     0
 43
0.4000007199999998
 10
12266.05180078662
 20
20302.64945524477
 10
12272.96338944469
 20
20303.75885323647
 10
12268.86056573172
 20
20298.0872464526
 10
12266.05180078662
 20
20302.64945524477
  0
TEXT
  5
B79
330
36
100
AcDbEntity
  8
Carroyage CC46 approché
100
AcDbText
 10
12155.4928354061
 20
20332.15576019096
 30
0.0
 40
2.0
  1
N=5205700
 50
301.6189040725045
 11
12156.34438941086
 21
20332.68002708575
 31
0.0
100
AcDbText
 73
     2
  0
INSERT
  5
CA9
330
36
100
AcDbEntity
  8
vecteurs_deplacement
  6
Continuous
100
AcDbBlockReference
  2
vecteurDXY
 10
12038.46
 20
20201.61
 30
0.0
 41
20.22374859962428
 42
20.22374859962428
 43
20.22374859962428
 50
113.0912890675479
  0
INSERT
  5
CAA
330
36
100
AcDbEntity
  8
vecteurs_deplacement
  6
Continuous
100
AcDbBlockReference
  2
vecteurDXY
 10
12061.2
 20
20205.09
 30
0.0
 41
22.20360287642636
 42
22.20360287642636
 43
22.20360287642636
 50
113.8568636039269
  0
INSERT
  5
CAB
330
36
100
AcDbEntity
  8
vecteurs_deplacement
  6
Continuous
100
AcDbBlockReference
  2
vecteurDXY
 10
12062.08
 20
20196.77
 30
0.0
 41
8.062262824086896
 42
8.062262824086896
 43
8.062262824086896
 50
204.4970236510982
  0
INSERT
  5
CAC
330
36
100
AcDbEntity
  8
vecteurs_deplacement
  6
Continuous
100
AcDbBlockReference
  2
vecteurDXY
 10
12091.51
 20
20207.64
 30
0.0
 41
31.30494640377573
 42
31.30494640377573
 43
31.30494640377573
 50
95.05699454015722
  0
INSERT
  5
CAD
330
36
100
AcDbEntity
  8
vecteurs_deplacement
  6
Continuous
100
AcDbBlockReference
  2
vecteurDXY
 10
12091.81
 20
20199.31
 30
0.0
 41
8.543999586632757
 42
8.543999586632757
 43
8.543999586632757
 50
191.0659874707071
  0
INSERT
  5
CAE
330
36
100
AcDbEntity
  8
vecteurs_deplacement
  6
Continuous
100
AcDbBlockReference
  2
vecteurDXY
 10
12092.36
 20
20190.37
 30
0.0
 41
8.246216442836022
 42
8.246216442836022
 43
8.246216442836022
 50
197.5857965320735
  0
INSERT
  5
CAF
330
36
100
AcDbEntity
  8
vecteurs_deplacement
  6
Continuous
100
AcDbBlockReference
  2
vecteurDXY
 10
12114.31
 20
20207.78
 30
0.0
 41
28.23118632465443
 42
28.23118632465443
 43
28.23118632465443
 50
98.68993788860668
  0
INSERT
  5
CB0
330
36
100
AcDbEntity
  8
vecteurs_deplacement
  6
Continuous
100
AcDbBlockReference
  2
vecteurDXY
 10
12114.46
 20
20199.56
 30
0.0
 41
6.403122087128648
 42
6.403122087128648
 43
6.403122087128648
 50
172.9622675367379
  0
INSERT
  5
CB1
330
36
100
AcDbEntity
  8
vecteurs_deplacement
  6
Continuous
100
AcDbBlockReference
  2
vecteurDXY
 10
12114.21
 20
20190.46
 30
0.0
 41
6.324554148186773
 42
6.324554148186773
 43
6.324554148186773
 50
193.1870978471858
  0
INSERT
  5
CB2
330
36
100
AcDbEntity
  8
vecteurs_deplacement
  6
Continuous
100
AcDbBlockReference
  2
vecteurDXY
 10
12113.95
 20
20180.75
 30
0.0
 41
11.66189875338384
 42
11.66189875338384
 43
11.66189875338384
 50
152.585806341058
  0
INSERT
  5
CB3
330
36
100
AcDbEntity
  8
vecteurs_deplacement
  6
Continuous
100
AcDbBlockReference
  2
vecteurDXY
 10
12137.14
 20
20206.89
 30
0.0
 41
34.98571023569519
 42
34.98571023569519
 43
34.98571023569519
 50
90.65828739151879
  0
INSERT
  5
CB4
330
36
100
AcDbEntity
  8
vecteurs_deplacement
  6
Continuous
100
AcDbBlockReference
  2
vecteurDXY
 10
12136.57
 20
20198.56
 30
0.0
 41
6.324554884462045
 42
6.324554884462045
 43
6.324554884462045
 50
193.1870778368638
  0
INSERT
  5
CB5
330
36
100
AcDbEntity
  8
vecteurs_deplacement
  6
Continuous
100
AcDbBlockReference
  2
vecteurDXY
 10
12135.99
 20
20189.57
 30
0.0
 41
3.605550962403553
 42
3.605550962403553
 43
3.605550962403553
 50
267.9320340442405
  0
INSERT
  5
CB6
330
36
100
AcDbEntity
  8
vecteurs_deplacement
  6
Continuous
100
AcDbBlockReference
  2
vecteurDXY
 10
12167.39
 20
20203.27
 30
0.0
 41
17.49285471854746
 42
17.49285471854746
 43
17.49285471854746
 50
90.65830439375229
  0
INSERT
  5
CB7
330
36
100
AcDbEntity
  8
vecteurs_deplacement
  6
Continuous
100
AcDbBlockReference
  2
vecteurDXY
 10
12166.24
 20
20195.03
 30
0.0
 41
9.219541927849391
 42
9.219541927849391
 43
9.219541927849391
 50
171.0207390772464
  0
INSERT
  5
CB8
330
36
100
AcDbEntity
  8
vecteurs_deplacement
  6
Continuous
100
AcDbBlockReference
  2
vecteurDXY
 10
12189.69
 20
20199.37
 30
0.0
 41
7.071067324542731
 42
7.071067324542731
 43
7.071067324542731
 50
113.4919509860581
  0
ENDSEC
  0
SECTION
  2
OBJECTS
  0
DICTIONARY
  5
C
330
0
100
AcDbDictionary
281
     1
  3
ACAD_CIP_PREVIOUS_PRODUCT_INFO
350
88C
  3
ACAD_COLOR
350
2F
  3
ACAD_DETAILVIEWSTYLE
350
CC4
  3
ACAD_GROUP
350
D
  3
ACAD_LAYOUT
350
2E
  3
ACAD_MATERIAL
350
10
  3
ACAD_MLEADERSTYLE
350
651
  3
ACAD_MLINESTYLE
350
2B
  3
ACAD_PLOTSETTINGS
350
2D
  3
ACAD_PLOTSTYLENAME
350
E
  3
ACAD_SCALELIST
350
63F
  3
ACAD_SECTIONVIEWSTYLE
350
CC2
  3
ACAD_TABLESTYLE
350
30
  3
ACAD_VISUALSTYLE
350
14
  3
ACDB_RECOMPOSE_DATA
350
CD3
  3
AcDbVariableDictionary
350
5C0
  3
ADE_QUERY_LIBRARY
350
5BE
  3
ASE_INDEX_DICTIONARY
350
C9C
  3
Autodesk_MAP
350
657
1001
ADE
1000
ADE02C004
1000
[Query]
1000
CaseSensitiveMatch=0
1000
SaveCurrQueryInSession=1
1000
MkSelSetWithQryObj=0
1000
ShowBlockAsInsPt=0
1000
CreateAssociativeHatchObjects=0
1000
ReferenceBoundaryForAreaLocation=1
1000
ShowImageAsBoundary=1
1000
DefaultJoinOperator=2
1000
ColorForAdd=red
1000
ColorForRemove=red
1000
BlockLocnForQuery=1
1000
TextLocnForQuery=1
1000
IncludeAllObjectsInGroups=0
1000
AlwaysUseLibraryDefinitions=0
1000
PreviewDefinitionsFrom=2
1000
[Save Back]
1000
RedefineBlockDefinitions=1
1000
RedefineLayerDefinitions=1
1000
RedefineTextStyleDefinitions=1
1000
RemoveUnusedGroups=1
1000
EraseSavedBackObjects=1
1000
RemoveLockAfterSave=1
1000
CreateHistoryFileOfChanges=0
1000
CreateBackupFileOfSourceDwg=1
1000
DontAddObjectsToSaveSet=0
1000
MarkObjectsForEditingWithoutPrompting=0
1000
FdoDontAddObjsToSvSet=0
1000
FdoEditWithoutPrompt=1
1000
FdoRemUnusedGrps=1
1000
FdoEraseSvdBkObjs=1
1000
FdoRemoveLockOnSave=1
1000
FdoTesselationMaxPointsDistance=0
1000
FdoTesselationMaxCurvesDistance=0
1000
[Coordinate Transformation]
1000
RestoreLastActiveDwgsOnStartup=1
1000
ActivateDwgsOnAttach=1
1000
AdjustSizesAndScalesForChangesInUnits=1
1000
AdjustRotationsForMapDistortions=1
1000
AdjustSizesAndScalesForMapDistortions=1
1000
AdjustElevations=1
1000
AdjustZeroRotationObjects=1
1000
ReconnectDbOnWSOpen=1
1000
NoOfSQLConditionsInHistory=10
  0
DICTIONARY
  5
5C9
330
8
100
AcDbDictionary
280
     1
281
     1
  0
DICTIONARY
  5
66C
330
2
100
AcDbDictionary
280
     1
281
     1
  3
ACAD_LAYERSTATES
360
66D
  0
DICTIONARY
  5
675
330
25
100
AcDbDictionary
280
     1
281
     1
  3
ADSK_XREC_LAYER_RECONCILED
360
676
  0
DICTIONARY
  5
677
330
46
100
AcDbDictionary
280
     1
281
     1
  3
ADSK_XREC_LAYER_RECONCILED
360
678
  0
DICTIONARY
  5
679
330
47
100
AcDbDictionary
280
     1
281
     1
  3
ADSK_XREC_LAYER_RECONCILED
360
67A
  0
DICTIONARY
  5
67B
330
48
100
AcDbDictionary
280
     1
281
     1
  3
ADSK_XREC_LAYER_RECONCILED
360
67C
  0
DICTIONARY
  5
67F
330
4A
100
AcDbDictionary
280
     1
281
     1
  3
ADSK_XREC_LAYER_RECONCILED
360
680
  0
DICTIONARY
  5
681
330
4B
100
AcDbDictionary
280
     1
281
     1
  3
ADSK_XREC_LAYER_RECONCILED
360
682
  0
DICTIONARY
  5
683
330
4C
100
AcDbDictionary
280
     1
281
     1
  3
ADSK_XREC_LAYER_RECONCILED
360
684
  0
DICTIONARY
  5
685
330
4D
100
AcDbDictionary
280
     1
281
     1
  3
ADSK_XREC_LAYER_RECONCILED
360
686
  0
DICTIONARY
  5
666
330
36
100
AcDbDictionary
280
     1
281
     1
  3
ACAD_SORTENTS
360
667
  0
XRECORD
  5
88C
102
{ACAD_REACTORS
330
C
102
}
330
C
100
AcDbXrecord
280
     1
300
MAP
300
2023
300

  0
DICTIONARY
  5
2F
102
{ACAD_REACTORS
330
C
102
}
330
C
100
AcDbDictionary
281
     1
  0
DICTIONARY
  5
CC4
102
{ACAD_REACTORS
330
C
102
}
330
C
100
AcDbDictionary
281
     1
  3
Metric50
350
CC5
  0
DICTIONARY
  5
D
102
{ACAD_REACTORS
330
C
102
}
330
C
100
AcDbDictionary
281
     1
  0
DICTIONARY
  5
2E
102
{ACAD_REACTORS
330
C
102
}
330
C
100
AcDbDictionary
281
     1
  3
Model
350
39
  3
Présentation1
350
35
  0
DICTIONARY
  5
10
102
{ACAD_REACTORS
330
C
102
}
330
C
100
AcDbDictionary
281
     1
  3
ByBlock
350
12
  3
ByLayer
350
11
  3
Global
350
13
  0
DICTIONARY
  5
651
102
{ACAD_REACTORS
330
C
102
}
330
C
100
AcDbDictionary
281
     1
  3
Standard
350
652
  0
DICTIONARY
  5
2B
102
{ACAD_REACTORS
330
C
102
}
330
C
100
AcDbDictionary
281
     1
  3
Standard
350
2C
  0
DICTIONARY
  5
2D
102
{ACAD_REACTORS
330
C
102
}
330
C
100
AcDbDictionary
281
     1
  0
ACDBDICTIONARYWDFLT
  5
E
102
{ACAD_REACTORS
330
C
102
}
330
C
100
AcDbDictionary
281
     1
  3
Normal
350
F
100
AcDbDictionaryWithDefault
340
F
  0
DICTIONARY
  5
63F
102
{ACAD_REACTORS
330
C
102
}
330
C
100
AcDbDictionary
281
     1
  3
A0
350
640
  3
A1
350
641
  3
A2
350
642
  3
A3
350
643
  3
A4
350
644
  3
A5
350
645
  3
A6
350
646
  3
A7
350
647
  3
A8
350
648
  3
A9
350
649
  3
B0
350
64A
  3
B1
350
64B
  3
B2
350
64C
  3
B3
350
64D
  3
B4
350
64E
  3
B5
350
64F
  3
B6
350
650
  0
DICTIONARY
  5
CC2
102
{ACAD_REACTORS
330
C
102
}
330
C
100
AcDbDictionary
281
     1
  3
Metric50
350
CC3
  0
DICTIONARY
  5
30
102
{ACAD_REACTORS
330
C
102
}
330
C
100
AcDbDictionary
281
     1
  3
Legend
350
65F
  3
Standard
350
31
  0
DICTIONARY
  5
14
102
{ACAD_REACTORS
330
C
102
}
330
C
100
AcDbDictionary
281
     1
  3
2dWireframe
350
1A
  3
3D Hidden
350
1C
  3
3dWireframe
350
1B
  3
Basic
350
19
  3
Brighten
350
20
  3
ColorChange
350
24
  3
Conceptual
350
1D
  3
Dim
350
1F
  3
EdgeColorOff
350
63E
  3
Facepattern
350
23
  3
Flat
350
15
  3
FlatWithEdges
350
16
  3
Gouraud
350
17
  3
GouraudWithEdges
350
18
  3
Hidden
350
882
  3
JitterOff
350
63C
  3
Linepattern
350
22
  3
OverhangOff
350
63D
  3
Realistic
350
1E
  3
Shaded
350
887
  3
Shaded with edges
350
886
  3
Shades of Gray
350
883
  3
Sketchy
350
884
  3
Thicken
350
21
  3
Wireframe
350
881
  3
X-Ray
350
885
  0
XRECORD
  5
CD3
102
{ACAD_REACTORS
330
C
102
}
330
C
100
AcDbXrecord
280
     1
 90
        1
330
31
330
65F
  0
DICTIONARY
  5
5C0
102
{ACAD_REACTORS
330
C
102
}
330
C
100
AcDbDictionary
281
     1
  3
CANNOSCALE
350
81A
  3
CMLEADERSTYLE
350
818
  3
CTABLESTYLE
350
5C1
  3
CVIEWDETAILSTYLE
350
CCD
  3
CVIEWSECTIONSTYLE
350
CCE
  3
DIMASSOC
350
62D
  3
INDEXCTL
350
62C
  3
LAYEREVAL
350
81C
  3
LAYERNOTIFY
350
81D
  3
LIGHTINGUNITS
350
81B
  3
MSLTSCALE
350
819
  3
SORTENTS
350
62B
  0
DICTIONARY
  5
5BE
102
{ACAD_REACTORS
330
C
102
}
330
C
100
AcDbDictionary
281
     1
  3
_CurrQry
350
CCC
  0
DICTIONARY
  5
C9C
102
{ACAD_REACTORS
330
C
102
}
330
C
100
AcDbDictionary
281
     1
  3
ASEBlockHierarchyIndexRecord
350
C9D
1001
DCO15
1040
-2116762036.0
  0
DICTIONARY
  5
657
102
{ACAD_REACTORS
330
C
102
}
330
C
100
AcDbDictionary
281
     1
  3
AcMapDMStylizedEntities
350
668
  3
AcMapResourceManager
350
CCA
  3
MAP_DISPLAY_CUSTOMOBJ_REG_TABLE
350
65B
  3
MAP_DISPLAY_MANAGEMENT_DICTIONARY
350
658
  3
MAP_DISPLAY_STYLELIBRARY_DICTIONARY
350
659
  3
MAP_RESOURCE_VERSION_MANAGEMENT_DICTIONARY
350
669
1001
MapGWS
1000
C:\ProgramData\Autodesk\Autodesk AutoCAD Map 3D 2023\R24.2\MapCache\Chartrain_vecteurs deplacement 2022-05_2021-11 - CC46GWS.xml
  0
DICTIONARY
  5
66D
102
{ACAD_REACTORS
330
66C
102
}
330
66C
100
AcDbDictionary
281
     1
  0
XRECORD
  5
676
102
{ACAD_REACTORS
330
675
102
}
330
675
100
AcDbXrecord
280
     1
290
     1
  0
XRECORD
  5
678
102
{ACAD_REACTORS
330
677
102
}
330
677
100
AcDbXrecord
280
     1
290
     1
  0
XRECORD
  5
67A
102
{ACAD_REACTORS
330
679
102
}
330
679
100
AcDbXrecord
280
     1
290
     1
  0
XRECORD
  5
67C
102
{ACAD_REACTORS
330
67B
102
}
330
67B
100
AcDbXrecord
280
     1
290
     1
  0
XRECORD
  5
680
102
{ACAD_REACTORS
330
67F
102
}
330
67F
100
AcDbXrecord
280
     1
290
     1
  0
XRECORD
  5
682
102
{ACAD_REACTORS
330
681
102
}
330
681
100
AcDbXrecord
280
     1
290
     1
  0
XRECORD
  5
684
102
{ACAD_REACTORS
330
683
102
}
330
683
100
AcDbXrecord
280
     1
290
     1
  0
XRECORD
  5
686
102
{ACAD_REACTORS
330
685
102
}
330
685
100
AcDbXrecord
280
     1
290
     1
  0
SORTENTSTABLE
  5
667
102
{ACAD_REACTORS
330
666
102
}
330
666
100
AcDbSortentsTable
330
36
  0
ACDBDETAILVIEWSTYLE
  5
CC5
102
{ACAD_REACTORS
330
CC4
102
}
330
CC4
100
AcDbModelDocViewStyle
 70
     0
  3
Metric50
290
     1
300
Metric50
 90
        0
100
AcDbDetailViewStyle
 70
     0
 71
     0
 90
        3
 71
     1
340
26
 62
   256
 40
5.0
340
0
 62
   256
 40
5.0
300

 40
0.0
280
     1
 71
     2
340
2A
 90
       25
 62
   256
 71
     3
340
26
 62
   256
 40
5.0
 90
        0
 40
15.0
 90
        1
300
%<\AcVar ViewDetailId>% (%<\AcVar ViewScale \f "%sn">%)
 71
     4
340
2A
 90
       25
 62
   256
340
2A
 90
       25
 62
   256
280
     0
  0
LAYOUT
  5
39
102
{ACAD_XDICTIONARY
360
74D
102
}
102
{ACAD_REACTORS
330
2E
102
}
330
2E
100
AcDbPlotSettings
  1

  2
DWG To PDF.pc3
  4
ISO_full_bleed_A3_(297.00_x_420.00_MM)
  6

 40
0.7937499880790711
 41
0.7937499880790711
 42
0.79376220703125
 43
0.79376220703125
 44
297.0
 45
420.0
 46
4.205083965118319
 47
4.206506051528776
 48
11913.30650659451
 49
20053.57449589785
140
12323.30598229635
141
20340.57681577251
142
1.0
143
1.0
 70
 11940
 72
     1
 73
     1
 74
     4
  7

 75
     0
147
0.6666666666666666
 76
     0
 77
     2
 78
   300
148
-11913.30650659451
149
-20053.57449589785
100
AcDbLayout
  1
Model
 70
     1
 71
     0
 10
0.0
 20
0.0
 11
12.0
 21
9.0
 12
0.0
 22
0.0
 32
0.0
 14
0.0
 24
0.0
 34
0.0
 15
0.0
 25
0.0
 35
0.0
146
0.0
 13
0.0
 23
0.0
 33
0.0
 16
1.0
 26
0.0
 36
0.0
 17
0.0
 27
1.0
 37
0.0
 76
     0
330
36
331
63A
1001
ACAD_PSEXT
1000
DWG To PDF.pc3
1000
DWG To PDF
1000
Fichier
1000

1070
     0
  0
LAYOUT
  5
35
102
{ACAD_REACTORS
330
2E
102
}
330
2E
100
AcDbPlotSettings
  1

  2
HP Deskjet 5900 Series
  4

  6

 40
0.0
 41
0.0
 42
0.0
 43
0.0
 44
0.0
 45
0.0
 46
0.0
 47
0.0
 48
0.0
 49
0.0
140
0.0
141
0.0
142
1.0
143
1.0
 70
   688
 72
     0
 73
     0
 74
     5
  7

 75
    16
147
1.0
 76
     0
 77
     2
 78
   300
148
0.0
149
0.0
100
AcDbLayout
  1
Présentation1
 70
     1
 71
     1
 10
0.0
 20
0.0
 11
12.0
 21
9.0
 12
0.0
 22
0.0
 32
0.0
 14
1.000000000000000E+20
 24
1.000000000000000E+20
 34
1.000000000000000E+20
 15
-1.000000000000000E+20
 25
-1.000000000000000E+20
 35
-1.000000000000000E+20
146
0.0
 13
0.0
 23
0.0
 33
0.0
 16
1.0
 26
0.0
 36
0.0
 17
0.0
 27
1.0
 37
0.0
 76
     0
330
32
  0
MATERIAL
  5
12
102
{ACAD_REACTORS
330
10
102
}
330
10
100
AcDbMaterial
  1
ByBlock
 73
     1
 78
     1
172
     1
176
     1
270
     1
274
     1
 94
       63
  0
MATERIAL
  5
11
102
{ACAD_REACTORS
330
10
102
}
330
10
100
AcDbMaterial
  1
ByLayer
 73
     1
 78
     1
172
     1
176
     1
270
     1
274
     1
 94
       63
  0
MATERIAL
  5
13
102
{ACAD_REACTORS
330
10
102
}
330
10
100
AcDbMaterial
  1
Global
 73
     1
 78
     1
172
     1
176
     1
270
     1
274
     1
 94
       63
  0
MLEADERSTYLE
  5
652
102
{ACAD_REACTORS
330
651
102
}
330
651
100
AcDbMLeaderStyle
179
     2
170
     2
171
     1
172
     0
 90
        2
 40
0.0
 41
0.0
173
     1
 91
-1056964608
340
28
 92
       -2
290
     1
 42
2.0
291
     1
 43
0.36
  3
Standard
 44
4.0
300

342
26
174
     1
178
     6
175
     1
176
     0
 93
-1056964608
 45
4.0
292
     0
297
     0
 46
4.0
 94
-1056964608
 47
1.0
 49
1.0
140
1.0
293
     1
141
0.0
294
     1
177
     0
142
1.0
295
     0
296
     0
143
0.125
271
     0
272
     9
273
     9
298
     0
  0
MLINESTYLE
  5
2C
102
{ACAD_REACTORS
330
2B
102
}
330
2B
100
AcDbMlineStyle
  2
STANDARD
 70
     0
  3

 62
   256
 51
90.0
 52
90.0
 71
     2
 49
0.5
 62
   256
  6
BYLAYER
 49
-0.5
 62
   256
  6
BYLAYER
  0
ACDBPLACEHOLDER
  5
F
102
{ACAD_REACTORS
330
E
102
}
330
E
  0
SCALE
  5
640
102
{ACAD_REACTORS
330
63F
102
}
330
63F
100
AcDbScale
 70
     0
300
1:1
140
1.0
141
1.0
290
     1
  0
SCALE
  5
641
102
{ACAD_REACTORS
330
63F
102
}
330
63F
100
AcDbScale
 70
     0
300
1:2
140
1.0
141
2.0
290
     0
  0
SCALE
  5
642
102
{ACAD_REACTORS
330
63F
102
}
330
63F
100
AcDbScale
 70
     0
300
1:4
140
1.0
141
4.0
290
     0
  0
SCALE
  5
643
102
{ACAD_REACTORS
330
63F
102
}
330
63F
100
AcDbScale
 70
     0
300
1:5
140
1.0
141
5.0
290
     0
  0
SCALE
  5
644
102
{ACAD_REACTORS
330
63F
102
}
330
63F
100
AcDbScale
 70
     0
300
1:8
140
1.0
141
8.0
290
     0
  0
SCALE
  5
645
102
{ACAD_REACTORS
330
63F
102
}
330
63F
100
AcDbScale
 70
     0
300
1:10
140
1.0
141
10.0
290
     0
  0
SCALE
  5
646
102
{ACAD_REACTORS
330
63F
102
}
330
63F
100
AcDbScale
 70
     0
300
1:16
140
1.0
141
16.0
290
     0
  0
SCALE
  5
647
102
{ACAD_REACTORS
330
63F
102
}
330
63F
100
AcDbScale
 70
     0
300
1:20
140
1.0
141
20.0
290
     0
  0
SCALE
  5
648
102
{ACAD_REACTORS
330
63F
102
}
330
63F
100
AcDbScale
 70
     0
300
1:30
140
1.0
141
30.0
290
     0
  0
SCALE
  5
649
102
{ACAD_REACTORS
330
63F
102
}
330
63F
100
AcDbScale
 70
     0
300
1:40
140
1.0
141
40.0
290
     0
  0
SCALE
  5
64A
102
{ACAD_REACTORS
330
63F
102
}
330
63F
100
AcDbScale
 70
     0
300
1:50
140
1.0
141
50.0
290
     0
  0
SCALE
  5
64B
102
{ACAD_REACTORS
330
63F
102
}
330
63F
100
AcDbScale
 70
     0
300
1:100
140
1.0
141
100.0
290
     0
  0
SCALE
  5
64C
102
{ACAD_REACTORS
330
63F
102
}
330
63F
100
AcDbScale
 70
     0
300
2:1
140
2.0
141
1.0
290
     0
  0
SCALE
  5
64D
102
{ACAD_REACTORS
330
63F
102
}
330
63F
100
AcDbScale
 70
     0
300
4:1
140
4.0
141
1.0
290
     0
  0
SCALE
  5
64E
102
{ACAD_REACTORS
330
63F
102
}
330
63F
100
AcDbScale
 70
     0
300
8:1
140
8.0
141
1.0
290
     0
  0
SCALE
  5
64F
102
{ACAD_REACTORS
330
63F
102
}
330
63F
100
AcDbScale
 70
     0
300
10:1
140
10.0
141
1.0
290
     0
  0
SCALE
  5
650
102
{ACAD_REACTORS
330
63F
102
}
330
63F
100
AcDbScale
 70
     0
300
100:1
140
100.0
141
1.0
290
     0
  0
ACDBSECTIONVIEWSTYLE
  5
CC3
102
{ACAD_REACTORS
330
CC2
102
}
330
CC2
100
AcDbModelDocViewStyle
 70
     0
  3
Metric50
290
     1
300
Metric50
 90
        0
100
AcDbSectionViewStyle
 70
     0
 71
     0
 90
      102
 71
     1
340
26
 62
   256
 40
5.0
340
0
340
0
 62
   256
 40
5.0
300
I, O, Q, S, X, Z
 40
10.0
 90
        0
 40
2.5
 90
        0
 71
     2
340
2A
 90
       25
 62
   256
340
2A
 90
       50
 62
   256
 40
5.0
 40
2.5
 40
5.0
 71
     3
340
26
 62
   256
 40
5.0
 90
        0
 40
15.0
 90
        1
300
%<\AcVar ViewSectionStartId>%-%<\AcVar ViewSectionEndId>% (%<\AcVar ViewScale \f "%sn">%)
 71
     4
 62
   256
 62
   257
300
ANSI31
 40
1.0
 90
        0
290
     0
290
     0
 90
        6
 40
0.0
 40
1.570796326794896
 40
0.2617993877991494
 40
1.308996938995747
 40
-0.2617993877991494
 40
1.832595714594046
  0
TABLESTYLE
  5
65F
102
{ACAD_XDICTIONARY
360
CD1
102
}
102
{ACAD_REACTORS
330
30
102
}
330
30
100
AcDbTableStyle
280
     0
  3

 70
     0
 71
     3
 40
0.06
 41
0.06
280
     0
281
     0
  7
Legend
140
0.4
170
     4
 62
     0
 63
     7
283
     0
 90
      512
 91
        0
  1

274
    -2
284
     0
 64
     0
275
    -2
285
     0
 65
     0
276
    -2
286
     0
 66
     0
277
    -2
287
     0
 67
     0
278
    -2
288
     0
 68
     0
279
    -2
289
     0
 69
     0
  7
Legend
140
0.5
170
     5
 62
     0
 63
     7
283
     0
 90
      512
 91
        0
  1

274
    -2
284
     0
 64
     0
275
    -2
285
     0
 65
     0
276
    -2
286
     0
 66
     0
277
    -2
287
     0
 67
     0
278
    -2
288
     0
 68
     0
279
    -2
289
     0
 69
     0
  7
Legend
140
0.4
170
     4
 62
     0
 63
     7
283
     0
 90
      512
 91
        0
  1

274
    -2
284
     0
 64
     0
275
    -2
285
     0
 65
     0
276
    -2
286
     0
 66
     0
277
    -2
287
     0
 67
     0
278
    -2
288
     0
 68
     0
279
    -2
289
     0
 69
     0
  0
TABLESTYLE
  5
31
102
{ACAD_XDICTIONARY
360
CCF
102
}
102
{ACAD_REACTORS
330
30
102
}
330
30
100
AcDbTableStyle
280
     0
  3
Standard
 70
     0
 71
     0
 40
0.06
 41
0.06
280
     0
281
     0
  7
Standard
140
0.18
170
     2
 62
     0
 63
     7
283
     0
 90
      512
 91
        0
  1

274
    -2
284
     1
 64
     0
275
    -2
285
     1
 65
     0
276
    -2
286
     1
 66
     0
277
    -2
287
     1
 67
     0
278
    -2
288
     1
 68
     0
279
    -2
289
     1
 69
     0
  7
Standard
140
0.25
170
     5
 62
     0
 63
     7
283
     0
 90
      512
 91
        0
  1

274
    -2
284
     1
 64
     0
275
    -2
285
     1
 65
     0
276
    -2
286
     1
 66
     0
277
    -2
287
     1
 67
     0
278
    -2
288
     1
 68
     0
279
    -2
289
     1
 69
     0
  7
Standard
140
0.18
170
     5
 62
     0
 63
     7
283
     0
 90
      512
 91
        0
  1

274
    -2
284
     1
 64
     0
275
    -2
285
     1
 65
     0
276
    -2
286
     1
 66
     0
277
    -2
287
     1
 67
     0
278
    -2
288
     1
 68
     0
279
    -2
289
     1
 69
     0
  0
VISUALSTYLE
  5
1A
102
{ACAD_REACTORS
330
14
102
}
330
14
100
AcDbVisualStyle
  2
2dWireframe
 70
     4
177
     3
291
     0
 70
    58
 90
        0
176
     1
 90
        2
176
     1
 90
        0
176
     1
 90
        0
176
     1
 40
0.6
176
     1
 40
30.0
176
     1
 62
     7
176
     1
 90
        1
176
     1
 90
        4
176
     1
 62
     7
176
     1
 62
   257
176
     1
 90
        1
176
     1
 90
        1
176
     1
 40
1.0
176
     1
 90
        0
176
     1
 62
   257
176
     1
 40
1.0
176
     1
 90
        1
176
     1
 90
        6
176
     1
 90
        2
176
     1
 62
     7
176
     1
 90
        5
176
     1
 90
        0
176
     1
 90
        0
176
     1
290
     0
176
     1
 90
        1
176
     1
 40
0.0
176
     1
 90
        0
176
     1
290
     1
176
     1
290
     1
176
     1
290
     0
176
     1
290
     0
176
     1
290
     0
176
     1
290
     0
176
     1
290
     0
176
     1
290
     0
176
     1
290
     0
176
     1
 90
       50
176
     1
 40
0.0
176
     1
 40
1.0
176
     1
 90
        0
176
     1
 62
    18
420
        0
176
     1
 90
       50
176
     1
 90
        3
176
     1
 62
     5
420
      255
176
     1
290
     0
176
     1
 90
       50
176
     1
 90
       50
176
     1
 90
       50
176
     1
290
     0
176
     1
 90
       50
176
     1
 62
   256
176
     0
 40
1.0
176
     0
 90
        2
176
     1
  1
strokes_ogs.tif
176
     1
290
     0
176
     1
 40
1.0
176
     1
 40
1.0
176
     1
  0
VISUALSTYLE
  5
1C
102
{ACAD_REACTORS
330
14
102
}
330
14
100
AcDbVisualStyle
  2
3D Hidden
 70
     6
177
     3
291
     0
 70
    58
 90
        1
176
     1
 90
        2
176
     1
 90
        2
176
     1
 90
        0
176
     1
 40
0.6
176
     1
 40
30.0
176
     1
 62
     7
176
     1
 90
        2
176
     1
 90
        2
176
     1
 62
     7
176
     1
 62
   257
176
     1
 90
        2
176
     1
 90
        1
176
     1
 40
40.0
176
     1
 90
        0
176
     1
 62
   257
176
     1
 40
1.0
176
     1
 90
        1
176
     1
 90
        6
176
     1
 90
        2
176
     1
 62
     7
176
     1
 90
        3
176
     1
 90
        0
176
     1
 90
        0
176
     1
290
     0
176
     1
 90
        1
176
     1
 40
0.0
176
     1
 90
        0
176
     1
290
     0
176
     1
290
     1
176
     1
290
     1
176
     1
290
     0
176
     1
290
     0
176
     1
290
     0
176
     1
290
     0
176
     1
290
     0
176
     1
290
     0
176
     1
 90
       50
176
     1
 40
0.0
176
     1
 40
1.0
176
     1
 90
        0
176
     1
 62
    18
420
        0
176
     1
 90
       50
176
     1
 90
        3
176
     1
 62
     5
420
      255
176
     1
290
     0
176
     1
 90
       50
176
     1
 90
       50
176
     1
 90
       50
176
     1
290
     0
176
     1
 90
       50
176
     1
 62
   256
176
     0
 40
1.0
176
     0
 90
        2
176
     1
  1
strokes_ogs.tif
176
     1
290
     0
176
     1
 40
1.0
176
     1
 40
1.0
176
     1
  0
VISUALSTYLE
  5
1B
102
{ACAD_REACTORS
330
14
102
}
330
14
100
AcDbVisualStyle
  2
3dWireframe
 70
     5
177
     3
291
     0
 70
    58
 90
        0
176
     1
 90
        2
176
     1
 90
        0
176
     1
 90
        0
176
     1
 40
0.6
176
     1
 40
30.0
176
     1
 62
     7
176
     1
 90
        1
176
     1
 90
        4
176
     1
 62
     7
176
     1
 62
   257
176
     1
 90
        1
176
     1
 90
        1
176
     1
 40
1.0
176
     1
 90
        0
176
     1
 62
   257
176
     1
 40
1.0
176
     1
 90
        1
176
     1
 90
        6
176
     1
 90
        2
176
     1
 62
     7
176
     1
 90
        5
176
     1
 90
        0
176
     1
 90
        0
176
     1
290
     0
176
     1
 90
        1
176
     1
 40
0.0
176
     1
 90
        0
176
     1
290
     0
176
     1
290
     1
176
     1
290
     1
176
     1
290
     0
176
     1
290
     0
176
     1
290
     0
176
     1
290
     0
176
     1
290
     0
176
     1
290
     0
176
     1
 90
       50
176
     1
 40
0.0
176
     1
 40
1.0
176
     1
 90
        0
176
     1
 62
    18
420
        0
176
     1
 90
       50
176
     1
 90
        3
176
     1
 62
     5
420
      255
176
     1
290
     0
176
     1
 90
       50
176
     1
 90
       50
176
     1
 90
       50
176
     1
290
     0
176
     1
 90
       50
176
     1
 62
   256
176
     0
 40
1.0
176
     0
 90
        2
176
     1
  1
strokes_ogs.tif
176
     1
290
     0
176
     1
 40
1.0
176
     1
 40
1.0
176
     1
  0
VISUALSTYLE
  5
19
102
{ACAD_REACTORS
330
14
102
}
330
14
100
AcDbVisualStyle
  2
Basic
 70
     7
177
     3
291
     1
 70
    58
 90
        1
176
     1
 90
        0
176
     1
 90
        1
176
     1
 90
        0
176
     1
 40
0.6
176
     1
 40
30.0
176
     1
 62
     7
176
     1
 90
        0
176
     1
 90
        4
176
     1
 62
     7
176
     1
 62
   257
176
     1
 90
        1
176
     1
 90
        1
176
     1
 40
1.0
176
     1
 90
        8
176
     1
 62
     7
176
     1
 40
1.0
176
     1
 90
        1
176
     1
 90
        6
176
     1
 90
        2
176
     1
 62
     7
176
     1
 90
        5
176
     1
 90
        0
176
     1
 90
        0
176
     1
290
     0
176
     1
 90
        1
176
     1
 40
0.0
176
     1
 90
        0
176
     1
290
     0
176
     1
290
     1
176
     1
290
     1
176
     1
290
     0
176
     1
290
     0
176
     1
290
     0
176
     1
290
     0
176
     1
290
     0
176
     1
290
     0
176
     1
 90
       50
176
     1
 40
0.0
176
     1
 40
1.0
176
     1
 90
        0
176
     1
 62
    18
420
        0
176
     1
 90
       50
176
     1
 90
        3
176
     1
 62
     5
420
      255
176
     1
290
     0
176
     1
 90
       50
176
     1
 90
       50
176
     1
 90
       50
176
     1
290
     0
176
     1
 90
       50
176
     1
 62
   256
176
     0
 40
1.0
176
     0
 90
        2
176
     1
  1
strokes_ogs.tif
176
     1
290
     0
176
     1
 40
1.0
176
     1
 40
1.0
176
     1
  0
VISUALSTYLE
  5
20
102
{ACAD_REACTORS
330
14
102
}
330
14
100
AcDbVisualStyle
  2
Brighten
 70
    12
177
     3
291
     1
 70
    58
 90
        2
176
     1
 90
        2
176
     1
 90
        0
176
     1
 90
        0
176
     1
 40
0.6
176
     1
 40
30.0
176
     1
 62
     7
176
     1
 90
        1
176
     1
 90
        4
176
     1
 62
     7
176
     1
 62
   257
176
     1
 90
        1
176
     1
 90
        1
176
     1
 40
1.0
176
     1
 90
        8
176
     1
 62
     7
176
     1
 40
1.0
176
     1
 90
        1
176
     1
 90
        6
176
     1
 90
        2
176
     1
 62
     7
176
     1
 90
        5
176
     1
 90
        0
176
     1
 90
        0
176
     1
290
     0
176
     1
 90
        1
176
     1
 40
50.0
176
     1
 90
        0
176
     1
290
     0
176
     1
290
     1
176
     1
290
     1
176
     1
290
     0
176
     1
290
     0
176
     1
290
     0
176
     1
290
     0
176
     1
290
     0
176
     1
290
     0
176
     1
 90
       50
176
     1
 40
0.0
176
     1
 40
1.0
176
     1
 90
        0
176
     1
 62
    18
420
        0
176
     1
 90
       50
176
     1
 90
        3
176
     1
 62
     5
420
      255
176
     1
290
     0
176
     1
 90
       50
176
     1
 90
       50
176
     1
 90
       50
176
     1
290
     0
176
     1
 90
       50
176
     1
 62
   256
176
     0
 40
1.0
176
     0
 90
        2
176
     1
  1
strokes_ogs.tif
176
     1
290
     0
176
     1
 40
1.0
176
     1
 40
1.0
176
     1
  0
VISUALSTYLE
  5
24
102
{ACAD_REACTORS
330
14
102
}
330
14
100
AcDbVisualStyle
  2
ColorChange
 70
    16
177
     3
291
     1
 70
    58
 90
        2
176
     1
 90
        2
176
     1
 90
        3
176
     1
 90
        0
176
     1
 40
0.6
176
     1
 40
30.0
176
     1
 62
     8
176
     1
 90
        1
176
     1
 90
        4
176
     1
 62
     7
176
     1
 62
   257
176
     1
 90
        1
176
     1
 90
        1
176
     1
 40
1.0
176
     1
 90
        8
176
     1
 62
     8
176
     1
 40
1.0
176
     1
 90
        1
176
     1
 90
        6
176
     1
 90
        2
176
     1
 62
     7
176
     1
 90
        5
176
     1
 90
        0
176
     1
 90
        0
176
     1
290
     0
176
     1
 90
        1
176
     1
 40
0.0
176
     1
 90
        0
176
     1
290
     0
176
     1
290
     1
176
     1
290
     1
176
     1
290
     0
176
     1
290
     0
176
     1
290
     0
176
     1
290
     0
176
     1
290
     0
176
     1
290
     0
176
     1
 90
       50
176
     1
 40
0.0
176
     1
 40
1.0
176
     1
 90
        0
176
     1
 62
    18
420
        0
176
     1
 90
       50
176
     1
 90
        3
176
     1
 62
     5
420
      255
176
     1
290
     0
176
     1
 90
       50
176
     1
 90
       50
176
     1
 90
       50
176
     1
290
     0
176
     1
 90
       50
176
     1
 62
   256
176
     0
 40
1.0
176
     0
 90
        2
176
     1
  1
strokes_ogs.tif
176
     1
290
     0
176
     1
 40
1.0
176
     1
 40
1.0
176
     1
  0
VISUALSTYLE
  5
1D
102
{ACAD_REACTORS
330
14
102
}
330
14
100
AcDbVisualStyle
  2
Conceptual
 70
     9
177
     3
291
     0
 70
    58
 90
        3
176
     1
 90
        2
176
     1
 90
        0
176
     1
 90
        0
176
     1
 40
0.6
176
     1
 40
30.0
176
     1
 62
     7
176
     1
 90
        2
176
     1
 90
        2
176
     1
 62
     7
176
     1
 62
   257
176
     1
 90
        1
176
     1
 90
        1
176
     1
 40
40.0
176
     1
 90
        8
176
     1
 62
     7
176
     1
 40
1.0
176
     1
 90
        1
176
     1
 90
        6
176
     1
 90
        2
176
     1
 62
     7
176
     1
 90
        3
176
     1
 90
        0
176
     1
 90
        0
176
     1
290
     0
176
     1
 90
        1
176
     1
 40
0.0
176
     1
 90
        0
176
     1
290
     0
176
     1
290
     1
176
     1
290
     1
176
     1
290
     0
176
     1
290
     0
176
     1
290
     0
176
     1
290
     0
176
     1
290
     0
176
     1
290
     0
176
     1
 90
       50
176
     1
 40
0.0
176
     1
 40
1.0
176
     1
 90
        0
176
     1
 62
    18
420
        0
176
     1
 90
       50
176
     1
 90
        3
176
     1
 62
     5
420
      255
176
     1
290
     0
176
     1
 90
       50
176
     1
 90
       50
176
     1
 90
       50
176
     1
290
     0
176
     1
 90
       50
176
     1
 62
   256
176
     0
 40
1.0
176
     0
 90
        2
176
     1
  1
strokes_ogs.tif
176
     1
290
     0
176
     1
 40
1.0
176
     1
 40
1.0
176
     1
  0
VISUALSTYLE
  5
1F
102
{ACAD_REACTORS
330
14
102
}
330
14
100
AcDbVisualStyle
  2
Dim
 70
    11
177
     3
291
     1
 70
    58
 90
        2
176
     1
 90
        2
176
     1
 90
        0
176
     1
 90
        0
176
     1
 40
0.6
176
     1
 40
30.0
176
     1
 62
     7
176
     1
 90
        1
176
     1
 90
        4
176
     1
 62
     7
176
     1
 62
   257
176
     1
 90
        1
176
     1
 90
        1
176
     1
 40
1.0
176
     1
 90
        8
176
     1
 62
     7
176
     1
 40
1.0
176
     1
 90
        1
176
     1
 90
        6
176
     1
 90
        2
176
     1
 62
     7
176
     1
 90
        5
176
     1
 90
        0
176
     1
 90
        0
176
     1
290
     0
176
     1
 90
        1
176
     1
 40
-50.0
176
     1
 90
        0
176
     1
290
     0
176
     1
290
     1
176
     1
290
     1
176
     1
290
     0
176
     1
290
     0
176
     1
290
     0
176
     1
290
     0
176
     1
290
     0
176
     1
290
     0
176
     1
 90
       50
176
     1
 40
0.0
176
     1
 40
1.0
176
     1
 90
        0
176
     1
 62
    18
420
        0
176
     1
 90
       50
176
     1
 90
        3
176
     1
 62
     5
420
      255
176
     1
290
     0
176
     1
 90
       50
176
     1
 90
       50
176
     1
 90
       50
176
     1
290
     0
176
     1
 90
       50
176
     1
 62
   256
176
     0
 40
1.0
176
     0
 90
        2
176
     1
  1
strokes_ogs.tif
176
     1
290
     0
176
     1
 40
1.0
176
     1
 40
1.0
176
     1
  0
VISUALSTYLE
  5
63E
102
{ACAD_REACTORS
330
14
102
}
330
14
100
AcDbVisualStyle
  2
EdgeColorOff
 70
    22
177
     3
291
     1
 70
    58
 90
        2
176
     0
 90
        2
176
     0
 90
        0
176
     0
 90
        0
176
     0
 40
0.6
176
     0
 40
30.0
176
     0
 62
     7
420
 16777215
176
     0
 90
        1
176
     0
 90
        4
176
     0
 62
     7
176
     0
 62
   257
176
     0
 90
        1
176
     0
 90
        1
176
     0
 40
1.0
176
     0
 90
        8
176
     2
 62
     7
176
     0
 40
1.0
176
     0
 90
        1
176
     0
 90
        6
176
     0
 90
        2
176
     0
 62
     7
176
     0
 90
        5
176
     0
 90
        0
176
     0
 90
        0
176
     0
290
     0
176
     0
 90
        1
176
     0
 40
0.0
176
     0
 90
        0
176
     0
290
     0
176
     1
290
     1
176
     1
290
     1
176
     1
290
     0
176
     1
290
     0
176
     1
290
     0
176
     1
290
     0
176
     1
290
     0
176
     1
290
     0
176
     1
 90
       50
176
     1
 40
0.0
176
     1
 40
1.0
176
     1
 90
        0
176
     1
 62
    18
420
        0
176
     1
 90
       50
176
     1
 90
        3
176
     1
 62
     5
420
      255
176
     1
290
     0
176
     1
 90
       50
176
     1
 90
       50
176
     1
 90
       50
176
     1
290
     0
176
     1
 90
       50
176
     1
 62
   256
176
     0
 40
1.0
176
     0
 90
        2
176
     1
  1
strokes_ogs.tif
176
     1
290
     0
176
     1
 40
1.0
176
     1
 40
1.0
176
     1
  0
VISUALSTYLE
  5
23
102
{ACAD_REACTORS
330
14
102
}
330
14
100
AcDbVisualStyle
  2
Facepattern
 70
    15
177
     3
291
     1
 70
    58
 90
        2
176
     1
 90
        2
176
     1
 90
        0
176
     1
 90
        0
176
     1
 40
0.6
176
     1
 40
30.0
176
     1
 62
     7
176
     1
 90
        1
176
     1
 90
        4
176
     1
 62
     7
176
     1
 62
   257
176
     1
 90
        1
176
     1
 90
        1
176
     1
 40
1.0
176
     1
 90
        8
176
     1
 62
     7
176
     1
 40
1.0
176
     1
 90
        1
176
     1
 90
        6
176
     1
 90
        2
176
     1
 62
     7
176
     1
 90
        5
176
     1
 90
        0
176
     1
 90
        0
176
     1
290
     0
176
     1
 90
        1
176
     1
 40
0.0
176
     1
 90
        0
176
     1
290
     0
176
     1
290
     1
176
     1
290
     1
176
     1
290
     0
176
     1
290
     0
176
     1
290
     0
176
     1
290
     0
176
     1
290
     0
176
     1
290
     0
176
     1
 90
       50
176
     1
 40
0.0
176
     1
 40
1.0
176
     1
 90
        0
176
     1
 62
    18
420
        0
176
     1
 90
       50
176
     1
 90
        3
176
     1
 62
     5
420
      255
176
     1
290
     0
176
     1
 90
       50
176
     1
 90
       50
176
     1
 90
       50
176
     1
290
     0
176
     1
 90
       50
176
     1
 62
   256
176
     0
 40
1.0
176
     0
 90
        2
176
     1
  1
strokes_ogs.tif
176
     1
290
     0
176
     1
 40
1.0
176
     1
 40
1.0
176
     1
  0
VISUALSTYLE
  5
15
102
{ACAD_REACTORS
330
14
102
}
330
14
100
AcDbVisualStyle
  2
Flat
 70
     0
177
     3
291
     1
 70
    58
 90
        2
176
     1
 90
        1
176
     1
 90
        1
176
     1
 90
        2
176
     1
 40
0.6
176
     1
 40
30.0
176
     1
 62
     7
176
     1
 90
        0
176
     1
 90
        4
176
     1
 62
     7
176
     1
 62
   257
176
     1
 90
        1
176
     1
 90
        1
176
     1
 40
1.0
176
     1
 90
        8
176
     1
 62
     7
176
     1
 40
1.0
176
     1
 90
        1
176
     1
 90
        6
176
     1
 90
        2
176
     1
 62
     7
176
     1
 90
        5
176
     1
 90
        0
176
     1
 90
        0
176
     1
290
     0
176
     1
 90
       13
176
     1
 40
0.0
176
     1
 90
        0
176
     1
290
     0
176
     1
290
     1
176
     1
290
     1
176
     1
290
     0
176
     1
290
     0
176
     1
290
     0
176
     1
290
     0
176
     1
290
     0
176
     1
290
     0
176
     1
 90
       50
176
     1
 40
0.0
176
     1
 40
1.0
176
     1
 90
        0
176
     1
 62
    18
420
        0
176
     1
 90
       50
176
     1
 90
        3
176
     1
 62
     5
420
      255
176
     1
290
     0
176
     1
 90
       50
176
     1
 90
       50
176
     1
 90
       50
176
     1
290
     0
176
     1
 90
       50
176
     1
 62
   256
176
     0
 40
1.0
176
     0
 90
        2
176
     1
  1
strokes_ogs.tif
176
     1
290
     0
176
     1
 40
1.0
176
     1
 40
1.0
176
     1
  0
VISUALSTYLE
  5
16
102
{ACAD_REACTORS
330
14
102
}
330
14
100
AcDbVisualStyle
  2
FlatWithEdges
 70
     1
177
     3
291
     1
 70
    58
 90
        2
176
     1
 90
        1
176
     1
 90
        1
176
     1
 90
        2
176
     1
 40
0.6
176
     1
 40
30.0
176
     1
 62
     7
176
     1
 90
        1
176
     1
 90
        4
176
     1
 62
     7
176
     1
 62
   257
176
     1
 90
        1
176
     1
 90
        1
176
     1
 40
1.0
176
     1
 90
        0
176
     1
 62
   257
176
     1
 40
1.0
176
     1
 90
        1
176
     1
 90
        6
176
     1
 90
        2
176
     1
 62
     7
176
     1
 90
        5
176
     1
 90
        0
176
     1
 90
        0
176
     1
290
     0
176
     1
 90
       13
176
     1
 40
0.0
176
     1
 90
        0
176
     1
290
     0
176
     1
290
     1
176
     1
290
     1
176
     1
290
     0
176
     1
290
     0
176
     1
290
     0
176
     1
290
     0
176
     1
290
     0
176
     1
290
     0
176
     1
 90
       50
176
     1
 40
0.0
176
     1
 40
1.0
176
     1
 90
        0
176
     1
 62
    18
420
        0
176
     1
 90
       50
176
     1
 90
        3
176
     1
 62
     5
420
      255
176
     1
290
     0
176
     1
 90
       50
176
     1
 90
       50
176
     1
 90
       50
176
     1
290
     0
176
     1
 90
       50
176
     1
 62
   256
176
     0
 40
1.0
176
     0
 90
        2
176
     1
  1
strokes_ogs.tif
176
     1
290
     0
176
     1
 40
1.0
176
     1
 40
1.0
176
     1
  0
VISUALSTYLE
  5
17
102
{ACAD_REACTORS
330
14
102
}
330
14
100
AcDbVisualStyle
  2
Gouraud
 70
     2
177
     3
291
     1
 70
    58
 90
        2
176
     1
 90
        2
176
     1
 90
        1
176
     1
 90
        2
176
     1
 40
0.6
176
     1
 40
30.0
176
     1
 62
     7
176
     1
 90
        0
176
     1
 90
        4
176
     1
 62
     7
176
     1
 62
   257
176
     1
 90
        1
176
     1
 90
        1
176
     1
 40
1.0
176
     1
 90
        0
176
     1
 62
     7
176
     1
 40
1.0
176
     1
 90
        1
176
     1
 90
        6
176
     1
 90
        2
176
     1
 62
     7
176
     1
 90
        5
176
     1
 90
        0
176
     1
 90
        0
176
     1
290
     0
176
     1
 90
       13
176
     1
 40
0.0
176
     1
 90
        0
176
     1
290
     0
176
     1
290
     1
176
     1
290
     1
176
     1
290
     0
176
     1
290
     0
176
     1
290
     0
176
     1
290
     0
176
     1
290
     0
176
     1
290
     0
176
     1
 90
       50
176
     1
 40
0.0
176
     1
 40
1.0
176
     1
 90
        0
176
     1
 62
    18
420
        0
176
     1
 90
       50
176
     1
 90
        3
176
     1
 62
     5
420
      255
176
     1
290
     0
176
     1
 90
       50
176
     1
 90
       50
176
     1
 90
       50
176
     1
290
     0
176
     1
 90
       50
176
     1
 62
   256
176
     0
 40
1.0
176
     0
 90
        2
176
     1
  1
strokes_ogs.tif
176
     1
290
     0
176
     1
 40
1.0
176
     1
 40
1.0
176
     1
  0
VISUALSTYLE
  5
18
102
{ACAD_REACTORS
330
14
102
}
330
14
100
AcDbVisualStyle
  2
GouraudWithEdges
 70
     3
177
     3
291
     1
 70
    58
 90
        2
176
     1
 90
        2
176
     1
 90
        1
176
     1
 90
        2
176
     1
 40
0.6
176
     1
 40
30.0
176
     1
 62
     7
176
     1
 90
        1
176
     1
 90
        4
176
     1
 62
     7
176
     1
 62
   257
176
     1
 90
        1
176
     1
 90
        1
176
     1
 40
1.0
176
     1
 90
        0
176
     1
 62
   257
176
     1
 40
1.0
176
     1
 90
        1
176
     1
 90
        6
176
     1
 90
        2
176
     1
 62
     7
176
     1
 90
        5
176
     1
 90
        0
176
     1
 90
        0
176
     1
290
     0
176
     1
 90
       13
176
     1
 40
0.0
176
     1
 90
        0
176
     1
290
     0
176
     1
290
     1
176
     1
290
     1
176
     1
290
     0
176
     1
290
     0
176
     1
290
     0
176
     1
290
     0
176
     1
290
     0
176
     1
290
     0
176
     1
 90
       50
176
     1
 40
0.0
176
     1
 40
1.0
176
     1
 90
        0
176
     1
 62
    18
420
        0
176
     1
 90
       50
176
     1
 90
        3
176
     1
 62
     5
420
      255
176
     1
290
     0
176
     1
 90
       50
176
     1
 90
       50
176
     1
 90
       50
176
     1
290
     0
176
     1
 90
       50
176
     1
 62
   256
176
     0
 40
1.0
176
     0
 90
        2
176
     1
  1
strokes_ogs.tif
176
     1
290
     0
176
     1
 40
1.0
176
     1
 40
1.0
176
     1
  0
VISUALSTYLE
  5
882
102
{ACAD_REACTORS
330
14
102
}
330
14
100
AcDbVisualStyle
  2
Hidden
 70
     6
177
     3
291
     0
 70
    58
 90
        1
176
     1
 90
        2
176
     1
 90
        2
176
     1
 90
        0
176
     1
 40
0.6
176
     1
 40
30.0
176
     1
 62
     7
420
 16777215
176
     1
 90
        2
176
     1
 90
        2
176
     1
 62
     7
176
     1
 62
   257
176
     1
 90
        2
176
     1
 90
        1
176
     1
 40
40.0
176
     1
 90
        0
176
     1
 62
   257
176
     1
 40
1.0
176
     1
 90
        1
176
     1
 90
        6
176
     1
 90
        2
176
     1
 62
     7
176
     1
 90
        3
176
     1
 90
        0
176
     1
 90
        0
176
     1
290
     0
176
     1
 90
        1
176
     1
 40
0.0
176
     1
 90
        0
176
     1
290
     0
176
     1
290
     1
176
     1
290
     1
176
     1
290
     0
176
     1
290
     0
176
     1
290
     0
176
     1
290
     0
176
     1
290
     0
176
     1
290
     0
176
     1
 90
       50
176
     1
 40
0.0
176
     1
 40
1.0
176
     1
 90
        0
176
     1
 62
    18
420
        0
176
     1
 90
       50
176
     1
 90
        3
176
     1
 62
     5
420
      255
176
     1
290
     0
176
     1
 90
       50
176
     1
 90
       50
176
     1
 90
       50
176
     1
290
     0
176
     1
 90
       50
176
     1
 62
   256
176
     0
 40
1.0
176
     0
 90
        2
176
     1
  1
strokes_ogs.tif
176
     1
290
     0
176
     1
 40
1.0
176
     1
 40
1.0
176
     1
  0
VISUALSTYLE
  5
63C
102
{ACAD_REACTORS
330
14
102
}
330
14
100
AcDbVisualStyle
  2
JitterOff
 70
    20
177
     3
291
     1
 70
    58
 90
        2
176
     0
 90
        2
176
     0
 90
        0
176
     0
 90
        0
176
     0
 40
0.6
176
     0
 40
30.0
176
     0
 62
     7
420
 16777215
176
     0
 90
        1
176
     0
 90
        4
176
     0
 62
     7
176
     0
 62
   257
176
     0
 90
        1
176
     0
 90
        1
176
     0
 40
1.0
176
     0
 90
       10
176
     2
 62
     7
176
     0
 40
1.0
176
     0
 90
        1
176
     0
 90
        6
176
     0
 90
        2
176
     0
 62
     7
176
     0
 90
        5
176
     0
 90
        0
176
     0
 90
        0
176
     0
290
     0
176
     0
 90
        1
176
     0
 40
0.0
176
     0
 90
        0
176
     0
290
     0
176
     1
290
     1
176
     1
290
     1
176
     1
290
     0
176
     1
290
     0
176
     1
290
     0
176
     1
290
     0
176
     1
290
     0
176
     1
290
     0
176
     1
 90
       50
176
     1
 40
0.0
176
     1
 40
1.0
176
     1
 90
        0
176
     1
 62
    18
420
        0
176
     1
 90
       50
176
     1
 90
        3
176
     1
 62
     5
420
      255
176
     1
290
     0
176
     1
 90
       50
176
     1
 90
       50
176
     1
 90
       50
176
     1
290
     0
176
     1
 90
       50
176
     1
 62
   256
176
     0
 40
1.0
176
     0
 90
        2
176
     1
  1
strokes_ogs.tif
176
     1
290
     0
176
     1
 40
1.0
176
     1
 40
1.0
176
     1
  0
VISUALSTYLE
  5
22
102
{ACAD_REACTORS
330
14
102
}
330
14
100
AcDbVisualStyle
  2
Linepattern
 70
    14
177
     3
291
     1
 70
    58
 90
        2
176
     1
 90
        2
176
     1
 90
        0
176
     1
 90
        0
176
     1
 40
0.6
176
     1
 40
30.0
176
     1
 62
     7
176
     1
 90
        1
176
     1
 90
        4
176
     1
 62
     7
176
     1
 62
   257
176
     1
 90
        7
176
     1
 90
        7
176
     1
 40
1.0
176
     1
 90
        8
176
     1
 62
     7
176
     1
 40
1.0
176
     1
 90
        1
176
     1
 90
        6
176
     1
 90
        2
176
     1
 62
     7
176
     1
 90
        5
176
     1
 90
        0
176
     1
 90
        0
176
     1
290
     0
176
     1
 90
        1
176
     1
 40
0.0
176
     1
 90
        0
176
     1
290
     0
176
     1
290
     1
176
     1
290
     1
176
     1
290
     0
176
     1
290
     0
176
     1
290
     0
176
     1
290
     0
176
     1
290
     0
176
     1
290
     0
176
     1
 90
       50
176
     1
 40
0.0
176
     1
 40
1.0
176
     1
 90
        0
176
     1
 62
    18
420
        0
176
     1
 90
       50
176
     1
 90
        3
176
     1
 62
     5
420
      255
176
     1
290
     0
176
     1
 90
       50
176
     1
 90
       50
176
     1
 90
       50
176
     1
290
     0
176
     1
 90
       50
176
     1
 62
   256
176
     0
 40
1.0
176
     0
 90
        2
176
     1
  1
strokes_ogs.tif
176
     1
290
     0
176
     1
 40
1.0
176
     1
 40
1.0
176
     1
  0
VISUALSTYLE
  5
63D
102
{ACAD_REACTORS
330
14
102
}
330
14
100
AcDbVisualStyle
  2
OverhangOff
 70
    21
177
     3
291
     1
 70
    58
 90
        2
176
     0
 90
        2
176
     0
 90
        0
176
     0
 90
        0
176
     0
 40
0.6
176
     0
 40
30.0
176
     0
 62
     7
420
 16777215
176
     0
 90
        1
176
     0
 90
        4
176
     0
 62
     7
176
     0
 62
   257
176
     0
 90
        1
176
     0
 90
        1
176
     0
 40
1.0
176
     0
 90
        9
176
     2
 62
     7
176
     0
 40
1.0
176
     0
 90
        1
176
     0
 90
        6
176
     0
 90
        2
176
     0
 62
     7
176
     0
 90
        5
176
     0
 90
        0
176
     0
 90
        0
176
     0
290
     0
176
     0
 90
        1
176
     0
 40
0.0
176
     0
 90
        0
176
     0
290
     0
176
     1
290
     1
176
     1
290
     1
176
     1
290
     0
176
     1
290
     0
176
     1
290
     0
176
     1
290
     0
176
     1
290
     0
176
     1
290
     0
176
     1
 90
       50
176
     1
 40
0.0
176
     1
 40
1.0
176
     1
 90
        0
176
     1
 62
    18
420
        0
176
     1
 90
       50
176
     1
 90
        3
176
     1
 62
     5
420
      255
176
     1
290
     0
176
     1
 90
       50
176
     1
 90
       50
176
     1
 90
       50
176
     1
290
     0
176
     1
 90
       50
176
     1
 62
   256
176
     0
 40
1.0
176
     0
 90
        2
176
     1
  1
strokes_ogs.tif
176
     1
290
     0
176
     1
 40
1.0
176
     1
 40
1.0
176
     1
  0
VISUALSTYLE
  5
1E
102
{ACAD_REACTORS
330
14
102
}
330
14
100
AcDbVisualStyle
  2
Realistic
 70
     8
177
     3
291
     0
 70
    58
 90
        2
176
     1
 90
        2
176
     1
 90
        0
176
     1
 90
        0
176
     1
 40
0.6
176
     1
 40
30.0
176
     1
 62
     7
176
     1
 90
        1
176
     1
 90
        0
176
     1
 62
     7
176
     1
 62
   257
176
     1
 90
        1
176
     1
 90
        1
176
     1
 40
1.0
176
     1
 90
        8
176
     1
 62
     8
176
     1
 40
1.0
176
     1
 90
        1
176
     1
 90
        6
176
     1
 90
        2
176
     1
 62
     7
176
     1
 90
        5
176
     1
 90
        0
176
     1
 90
        0
176
     1
290
     0
176
     1
 90
       13
176
     1
 40
0.0
176
     1
 90
        0
176
     1
290
     0
176
     1
290
     1
176
     1
290
     1
176
     1
290
     0
176
     1
290
     0
176
     1
290
     0
176
     1
290
     0
176
     1
290
     0
176
     1
290
     0
176
     1
 90
       50
176
     1
 40
0.0
176
     1
 40
1.0
176
     1
 90
        0
176
     1
 62
    18
420
        0
176
     1
 90
       50
176
     1
 90
        3
176
     1
 62
     5
420
      255
176
     1
290
     0
176
     1
 90
       50
176
     1
 90
       50
176
     1
 90
       50
176
     1
290
     0
176
     1
 90
       50
176
     1
 62
   256
176
     0
 40
1.0
176
     0
 90
        2
176
     1
  1
strokes_ogs.tif
176
     1
290
     0
176
     1
 40
1.0
176
     1
 40
1.0
176
     1
  0
VISUALSTYLE
  5
887
102
{ACAD_REACTORS
330
14
102
}
330
14
100
AcDbVisualStyle
  2
Shaded
 70
    27
177
     3
291
     0
 70
    58
 90
        2
176
     1
 90
        2
176
     1
 90
        1
176
     1
 90
        2
176
     1
 40
0.6
176
     1
 40
30.0
176
     1
 62
     7
420
 16777215
176
     1
 90
        0
176
     1
 90
        4
176
     1
 62
     7
176
     1
 62
   257
176
     1
 90
        1
176
     1
 90
        1
176
     1
 40
1.0
176
     1
 90
        8
176
     1
 62
   257
176
     1
 40
1.0
176
     1
 90
        1
176
     1
 90
        6
176
     1
 90
        2
176
     1
 62
     8
420
  7895160
176
     1
 90
        3
176
     1
 90
        0
176
     1
 90
        0
176
     1
290
     0
176
     1
 90
        5
176
     1
 40
0.0
176
     1
 90
        0
176
     1
290
     0
176
     1
290
     1
176
     1
290
     1
176
     1
290
     0
176
     1
290
     0
176
     1
290
     0
176
     1
290
     0
176
     1
290
     0
176
     1
290
     0
176
     1
 90
       50
176
     1
 40
0.0
176
     1
 40
1.0
176
     1
 90
        0
176
     1
 62
    18
420
        0
176
     1
 90
       50
176
     1
 90
        3
176
     1
 62
     5
420
      255
176
     1
290
     0
176
     1
 90
       50
176
     1
 90
       50
176
     1
 90
       50
176
     1
290
     0
176
     1
 90
       50
176
     1
 62
   256
176
     0
 40
1.0
176
     0
 90
        2
176
     1
  1
strokes_ogs.tif
176
     1
290
     0
176
     1
 40
1.0
176
     1
 40
1.0
176
     1
  0
VISUALSTYLE
  5
886
102
{ACAD_REACTORS
330
14
102
}
330
14
100
AcDbVisualStyle
  2
Shaded with edges
 70
    26
177
     3
291
     0
 70
    58
 90
        2
176
     1
 90
        2
176
     1
 90
        1
176
     1
 90
        2
176
     1
 40
0.6
176
     1
 40
30.0
176
     1
 62
     7
420
 16777215
176
     1
 90
        1
176
     1
 90
        2
176
     1
 62
     7
176
     1
 62
   257
176
     1
 90
        2
176
     1
 90
        1
176
     1
 40
1.0
176
     1
 90
        8
176
     1
 62
   257
176
     1
 40
1.0
176
     1
 90
        1
176
     1
 90
        6
176
     1
 90
        2
176
     1
 62
     7
176
     1
 90
        3
176
     1
 90
        0
176
     1
 90
        0
176
     1
290
     0
176
     1
 90
        5
176
     1
 40
0.0
176
     1
 90
        0
176
     1
290
     0
176
     1
290
     1
176
     1
290
     1
176
     1
290
     0
176
     1
290
     0
176
     1
290
     0
176
     1
290
     0
176
     1
290
     0
176
     1
290
     0
176
     1
 90
       50
176
     1
 40
0.0
176
     1
 40
1.0
176
     1
 90
        0
176
     1
 62
    18
420
        0
176
     1
 90
       50
176
     1
 90
        3
176
     1
 62
     5
420
      255
176
     1
290
     0
176
     1
 90
       50
176
     1
 90
       50
176
     1
 90
       50
176
     1
290
     0
176
     1
 90
       50
176
     1
 62
   256
176
     0
 40
1.0
176
     0
 90
        2
176
     1
  1
strokes_ogs.tif
176
     1
290
     0
176
     1
 40
1.0
176
     1
 40
1.0
176
     1
  0
VISUALSTYLE
  5
883
102
{ACAD_REACTORS
330
14
102
}
330
14
100
AcDbVisualStyle
  2
Shades of Gray
 70
    23
177
     3
291
     0
 70
    58
 90
        2
176
     1
 90
        2
176
     1
 90
        3
176
     1
 90
        0
176
     1
 40
0.6
176
     1
 40
30.0
176
     1
 62
     7
420
 16777215
176
     1
 90
        2
176
     1
 90
        2
176
     1
 62
     7
176
     1
 62
     7
176
     1
 90
        1
176
     1
 90
        1
176
     1
 40
40.0
176
     1
 90
        8
176
     1
 62
     7
176
     1
 40
1.0
176
     1
 90
        1
176
     1
 90
        6
176
     1
 90
        2
176
     1
 62
     7
176
     1
 90
        3
176
     1
 90
        0
176
     1
 90
        0
176
     1
290
     0
176
     1
 90
        1
176
     1
 40
0.0
176
     1
 90
        0
176
     1
290
     0
176
     1
290
     1
176
     1
290
     1
176
     1
290
     0
176
     1
290
     0
176
     1
290
     0
176
     1
290
     0
176
     1
290
     0
176
     1
290
     0
176
     1
 90
       50
176
     1
 40
0.0
176
     1
 40
1.0
176
     1
 90
        0
176
     1
 62
    18
420
        0
176
     1
 90
       50
176
     1
 90
        3
176
     1
 62
     5
420
      255
176
     1
290
     0
176
     1
 90
       50
176
     1
 90
       50
176
     1
 90
       50
176
     1
290
     0
176
     1
 90
       50
176
     1
 62
   256
176
     0
 40
1.0
176
     0
 90
        2
176
     1
  1
strokes_ogs.tif
176
     1
290
     0
176
     1
 40
1.0
176
     1
 40
1.0
176
     1
  0
VISUALSTYLE
  5
884
102
{ACAD_REACTORS
330
14
102
}
330
14
100
AcDbVisualStyle
  2
Sketchy
 70
    24
177
     3
291
     0
 70
    58
 90
        1
176
     1
 90
        2
176
     1
 90
        2
176
     1
 90
        0
176
     1
 40
0.6
176
     1
 40
30.0
176
     1
 62
     7
420
 16777215
176
     1
 90
        2
176
     1
 90
        2
176
     1
 62
     7
176
     1
 62
     7
176
     1
 90
        1
176
     1
 90
        1
176
     1
 40
40.0
176
     1
 90
       11
176
     1
 62
     7
176
     1
 40
1.0
176
     1
 90
        1
176
     1
 90
        6
176
     1
 90
        2
176
     1
 62
     7
176
     1
 90
        6
176
     1
 90
        0
176
     1
 90
        0
176
     1
290
     0
176
     1
 90
        1
176
     1
 40
0.0
176
     1
 90
        0
176
     1
290
     0
176
     1
290
     1
176
     1
290
     1
176
     1
290
     0
176
     1
290
     0
176
     1
290
     0
176
     1
290
     0
176
     1
290
     0
176
     1
290
     0
176
     1
 90
       50
176
     1
 40
0.0
176
     1
 40
1.0
176
     1
 90
        0
176
     1
 62
    18
420
        0
176
     1
 90
       50
176
     1
 90
        3
176
     1
 62
     5
420
      255
176
     1
290
     0
176
     1
 90
       50
176
     1
 90
       50
176
     1
 90
       50
176
     1
290
     0
176
     1
 90
       50
176
     1
 62
   256
176
     0
 40
1.0
176
     0
 90
        2
176
     1
  1
strokes_ogs.tif
176
     1
290
     0
176
     1
 40
1.0
176
     1
 40
1.0
176
     1
  0
VISUALSTYLE
  5
21
102
{ACAD_REACTORS
330
14
102
}
330
14
100
AcDbVisualStyle
  2
Thicken
 70
    13
177
     3
291
     1
 70
    58
 90
        2
176
     1
 90
        2
176
     1
 90
        0
176
     1
 90
        0
176
     1
 40
0.6
176
     1
 40
30.0
176
     1
 62
     7
176
     1
 90
        1
176
     1
 90
        4
176
     1
 62
     7
176
     1
 62
   257
176
     1
 90
        1
176
     1
 90
        1
176
     1
 40
1.0
176
     1
 90
       12
176
     1
 62
     7
176
     1
 40
1.0
176
     1
 90
        1
176
     1
 90
        6
176
     1
 90
        2
176
     1
 62
     7
176
     1
 90
        5
176
     1
 90
        0
176
     1
 90
        0
176
     1
290
     0
176
     1
 90
        1
176
     1
 40
0.0
176
     1
 90
        0
176
     1
290
     0
176
     1
290
     1
176
     1
290
     1
176
     1
290
     0
176
     1
290
     0
176
     1
290
     0
176
     1
290
     0
176
     1
290
     0
176
     1
290
     0
176
     1
 90
       50
176
     1
 40
0.0
176
     1
 40
1.0
176
     1
 90
        0
176
     1
 62
    18
420
        0
176
     1
 90
       50
176
     1
 90
        3
176
     1
 62
     5
420
      255
176
     1
290
     0
176
     1
 90
       50
176
     1
 90
       50
176
     1
 90
       50
176
     1
290
     0
176
     1
 90
       50
176
     1
 62
   256
176
     0
 40
1.0
176
     0
 90
        2
176
     1
  1
strokes_ogs.tif
176
     1
290
     0
176
     1
 40
1.0
176
     1
 40
1.0
176
     1
  0
VISUALSTYLE
  5
881
102
{ACAD_REACTORS
330
14
102
}
330
14
100
AcDbVisualStyle
  2
Wireframe
 70
     5
177
     3
291
     0
 70
    58
 90
        0
176
     1
 90
        2
176
     1
 90
        0
176
     1
 90
        0
176
     1
 40
0.6
176
     1
 40
30.0
176
     1
 62
     7
420
 16777215
176
     1
 90
        1
176
     1
 90
        4
176
     1
 62
     7
176
     1
 62
   257
176
     1
 90
        1
176
     1
 90
        1
176
     1
 40
1.0
176
     1
 90
        0
176
     1
 62
   257
176
     1
 40
1.0
176
     1
 90
        1
176
     1
 90
        6
176
     1
 90
        2
176
     1
 62
     7
176
     1
 90
        3
176
     1
 90
        0
176
     1
 90
        0
176
     1
290
     0
176
     1
 90
        1
176
     1
 40
0.0
176
     1
 90
        0
176
     1
290
     0
176
     1
290
     1
176
     1
290
     1
176
     1
290
     0
176
     1
290
     0
176
     1
290
     0
176
     1
290
     0
176
     1
290
     0
176
     1
290
     0
176
     1
 90
       50
176
     1
 40
0.0
176
     1
 40
1.0
176
     1
 90
        0
176
     1
 62
    18
420
        0
176
     1
 90
       50
176
     1
 90
        3
176
     1
 62
     5
420
      255
176
     1
290
     0
176
     1
 90
       50
176
     1
 90
       50
176
     1
 90
       50
176
     1
290
     0
176
     1
 90
       50
176
     1
 62
   256
176
     0
 40
1.0
176
     0
 90
        2
176
     1
  1
strokes_ogs.tif
176
     1
290
     0
176
     1
 40
1.0
176
     1
 40
1.0
176
     1
  0
VISUALSTYLE
  5
885
102
{ACAD_REACTORS
330
14
102
}
330
14
100
AcDbVisualStyle
  2
X-Ray
 70
    25
177
     3
291
     0
 70
    58
 90
        2
176
     1
 90
        2
176
     1
 90
        1
176
     1
 90
        1
176
     1
 40
0.5
176
     1
 40
30.0
176
     1
 62
     7
420
 16777215
176
     1
 90
        1
176
     1
 90
        0
176
     1
 62
     7
176
     1
 62
   257
176
     1
 90
        1
176
     1
 90
        1
176
     1
 40
1.0
176
     1
 90
        8
176
     1
 62
     7
176
     1
 40
1.0
176
     1
 90
        1
176
     1
 90
        6
176
     1
 90
        2
176
     1
 62
     7
176
     1
 90
        3
176
     1
 90
        0
176
     1
 90
        0
176
     1
290
     0
176
     1
 90
       13
176
     1
 40
0.0
176
     1
 90
        0
176
     1
290
     0
176
     1
290
     1
176
     1
290
     1
176
     1
290
     0
176
     1
290
     0
176
     1
290
     0
176
     1
290
     0
176
     1
290
     0
176
     1
290
     0
176
     1
 90
       50
176
     1
 40
0.0
176
     1
 40
1.0
176
     1
 90
        0
176
     1
 62
    18
420
        0
176
     1
 90
       50
176
     1
 90
        3
176
     1
 62
     5
420
      255
176
     1
290
     0
176
     1
 90
       50
176
     1
 90
       50
176
     1
 90
       50
176
     1
290
     0
176
     1
 90
       50
176
     1
 62
   256
176
     0
 40
1.0
176
     0
 90
        2
176
     1
  1
strokes_ogs.tif
176
     1
290
     0
176
     1
 40
1.0
176
     1
 40
1.0
176
     1
  0
DICTIONARYVAR
  5
81A
102
{ACAD_REACTORS
330
5C0
102
}
330
5C0
100
DictionaryVariables
280
     0
  1
1:1
  0
DICTIONARYVAR
  5
818
102
{ACAD_REACTORS
330
5C0
102
}
330
5C0
100
DictionaryVariables
280
     0
  1
STANDARD
  0
DICTIONARYVAR
  5
5C1
102
{ACAD_REACTORS
330
5C0
102
}
330
5C0
100
DictionaryVariables
280
     0
  1
STANDARD
  0
DICTIONARYVAR
  5
CCD
102
{ACAD_REACTORS
330
5C0
102
}
330
5C0
100
DictionaryVariables
280
     0
  1
Metric50
  0
DICTIONARYVAR
  5
CCE
102
{ACAD_REACTORS
330
5C0
102
}
330
5C0
100
DictionaryVariables
280
     0
  1
Metric50
  0
DICTIONARYVAR
  5
62D
102
{ACAD_REACTORS
330
5C0
102
}
330
5C0
100
DictionaryVariables
280
     0
  1
1
  0
DICTIONARYVAR
  5
62C
102
{ACAD_REACTORS
330
5C0
102
}
330
5C0
100
DictionaryVariables
280
     0
  1
0
  0
DICTIONARYVAR
  5
81C
102
{ACAD_REACTORS
330
5C0
102
}
330
5C0
100
DictionaryVariables
280
     0
  1
1
  0
DICTIONARYVAR
  5
81D
102
{ACAD_REACTORS
330
5C0
102
}
330
5C0
100
DictionaryVariables
280
     0
  1
15
  0
DICTIONARYVAR
  5
81B
102
{ACAD_REACTORS
330
5C0
102
}
330
5C0
100
DictionaryVariables
280
     0
  1
0
  0
DICTIONARYVAR
  5
819
102
{ACAD_REACTORS
330
5C0
102
}
330
5C0
100
DictionaryVariables
280
     0
  1
0
  0
DICTIONARYVAR
  5
62B
102
{ACAD_REACTORS
330
5C0
102
}
330
5C0
100
DictionaryVariables
280
     0
  1
127
  0
XRECORD
  5
CCC
102
{ACAD_REACTORS
330
5BE
102
}
330
5BE
100
AcDbXrecord
280
     1
1000
ADE02C001
1070
     1
1070
     0
1002
{
1002
}
1002
{
1002
}
1002
{
1002
}
1000

  0
XRECORD
  5
C9D
102
{ACAD_REACTORS
330
C9C
102
}
330
C9C
100
AcDbXrecord
280
     1
330
25D
330
CA9
330
CAA
330
CAB
330
CAC
330
CAD
330
CAE
330
CAF
330
CB0
330
CB1
330
CB2
330
CB3
330
CB4
330
CB5
330
CB6
330
CB7
330
CB8
330
5B4
330
6D4
330
6D5
330
6D6
330
6D7
330
6D8
330
6D9
330
6DA
330
6DB
330
6DC
330
6DD
330
6DE
330
6DF
330
6E0
330
6E1
330
6E2
330
6E3
330
6E4
330
6E5
330
6E6
330
6E7
330
6E8
330
6E9
330
6EA
330
6EB
330
717
  0
DMSTYLIZEDENTITIESTABLE
  5
668
102
{ACAD_REACTORS
330
657
102
}
330
657
100
AcMapDMStylizedEntitiesTable
 70
     1
  0
MAPRESOURCEMANAGEROBJECT
  5
CCA
102
{ACAD_REACTORS
330
657
102
}
330
657
100
AcMapResourceManager
 70
     1
 90
        0
  0
DATATABLE
  5
65B
102
{ACAD_REACTORS
330
657
102
}
330
657
100
AcDbDataTable
 70
     2
 90
        4
 91
       15
  1

 92
        3
  2
OriginalClassName
  3
AcMapDMDefaultStyle
  3
AcMapDMEntityStyle
  3
AcMapDMRasterStyle
  3
AcMapDMSEAnnotationStyle
  3
AcMapDMSEHatchStyle
  3
AcMapDMSETextStyle
  3
AcMapDMThematicStyle
  3
AcMapDMBaseElement
  3
AcMapDMAttachedDwgsQueryElement
  3
AcMapDMFeatureElement
  3
AcMapDMLayerElement
  3
AcMapDMCurrentDwgQueryElement
  3
AcMapDMRasterElement
  3
AcMapDMTopoElement
  3
AcMapDMTopoQueryElement
 92
        3
  2
ProxyDisplayName
  3
Default
  3
Entity
  3
Raster
  3
Annotation
  3
Hatch
  3
Text
  3
Thematic
  3
Map Base
  3
Ade Query
  3
Feature Class
  3
Layer
  3
Ade Project Query
  3
Raster
  3
Topology
  3
Topology Query
 92
        1
  2
CustomObjectType
 93
        2
 93
        2
 93
        2
 93
        2
 93
        2
 93
        2
 93
        2
 93
        1
 93
        1
 93
        1
 93
        1
 93
        1
 93
        1
 93
        1
 93
        1
 92
        1
  2
StyleCoExistanceType
 93
        1
 93
        1
 93
        1
 93
        1
 93
        1
 93
        1
 93
        2
 93
        0
 93
        0
 93
        0
 93
        0
 93
        0
 93
        0
 93
        0
 93
        0
  0
DMMAPMANAGER
  5
658
102
{ACAD_REACTORS
330
657
102
}
330
657
100
AcDbDictionary
281
     1
  3
DisplayMap1
350
65D
100
AcDbDictionaryWithDefault
340
65D
100
AcMapDMMapManager
 70
     1
340
65D
  0
DMSTYLELIBRARY
  5
659
102
{ACAD_REACTORS
330
657
102
}
330
657
100
AcMapDMStyleLibrary
 70
     1
 70
     1
360
65A
  0
DICTIONARY
  5
669
102
{ACAD_REACTORS
330
657
102
}
330
657
100
AcDbDictionary
281
     1
  0
DICTIONARY
  5
74D
330
39
100
AcDbDictionary
280
     1
281
     1
  0
DICTIONARY
  5
CD1
330
65F
100
AcDbDictionary
280
     1
281
     1
  3
ACAD_ROUNDTRIP_2008_TABLESTYLE_CELLSTYLEMAP
360
CD2
  0
DICTIONARY
  5
CCF
330
31
100
AcDbDictionary
280
     1
281
     1
  3
ACAD_ROUNDTRIP_2008_TABLESTYLE_CELLSTYLEMAP
360
CD0
  0
DMMAP
  5
65D
102
{ACAD_REACTORS
330
658
330
660
102
}
330
658
100
AcMapDMMap
 70
     1
  1
Par défaut
 70
     1
330
0
100
AcMapDMMap
 70
     1
 90
        1
360
660
 90
        1
 40
1.797693134862314E+99
 70
     1
100
AcMapDMMap
 70
     6
 70
     0
 40
1.797693134862314E+99
290
     1
290
     1
 40
1.0
 40
3.0
  1
Legend
 90
        1
 40
1.797693134862314E+99
  1

 70
     0
 40
2.0
 70
     1
 90
        0
 90
        1
360
661
 40
2360.722288812168
290
     0
290
     1
 40
1.0
 90
       40
290
     0
290
     0
  1

290
     1
 40
45.0
 40
45.0
  0
DMSTYLECATEGORY
  5
65A
102
{ACAD_REACTORS
330
659
102
}
330
659
100
AcMapDMStyleCategory
 70
     1
  1
Afficher les styles
 70
     0
  0
CELLSTYLEMAP
  5
CD2
102
{ACAD_REACTORS
330
CD1
102
}
330
CD1
100
AcDbCellStyleMap
 90
        3
300
CELLSTYLE
  1
TABLEFORMAT_BEGIN
 90
        5
170
     1
 91
        0
 92
    32768
 62
   257
 93
        1
300
CONTENTFORMAT
  1
CONTENTFORMAT_BEGIN
 90
        0
 91
        0
 92
      512
 93
        0
300

 40
0.0
140
1.0
 94
        5
 62
     0
340
65E
144
0.5
309
CONTENTFORMAT_END
171
     0
 94
        6
 95
        1
302
GRIDFORMAT
  1
GRIDFORMAT_BEGIN
 90
        0
 91
        1
 62
     0
 92
       -2
340
0
 93
        1
 40
0.045
309
GRIDFORMAT_END
 95
        2
302
GRIDFORMAT
  1
GRIDFORMAT_BEGIN
 90
        0
 91
        1
 62
     0
 92
       -2
340
0
 93
        1
 40
0.045
309
GRIDFORMAT_END
 95
        4
302
GRIDFORMAT
  1
GRIDFORMAT_BEGIN
 90
        0
 91
        1
 62
     0
 92
       -2
340
0
 93
        1
 40
0.045
309
GRIDFORMAT_END
 95
        8
302
GRIDFORMAT
  1
GRIDFORMAT_BEGIN
 90
        0
 91
        1
 62
     0
 92
       -2
340
0
 93
        1
 40
0.045
309
GRIDFORMAT_END
 95
       16
302
GRIDFORMAT
  1
GRIDFORMAT_BEGIN
 90
        0
 91
        1
 62
     0
 92
       -2
340
0
 93
        1
 40
0.045
309
GRIDFORMAT_END
 95
       32
302
GRIDFORMAT
  1
GRIDFORMAT_BEGIN
 90
        0
 91
        1
 62
     0
 92
       -2
340
0
 93
        1
 40
0.045
309
GRIDFORMAT_END
309
TABLEFORMAT_END
  1
CELLSTYLE_BEGIN
 90
        1
 91
        1
300
_TITLE
309
CELLSTYLE_END
300
CELLSTYLE
  1
TABLEFORMAT_BEGIN
 90
        5
170
     1
 91
        0
 92
        0
 62
   257
 93
        1
300
CONTENTFORMAT
  1
CONTENTFORMAT_BEGIN
 90
        0
 91
        0
 92
      512
 93
        0
300

 40
0.0
140
1.0
 94
        4
 62
     0
340
65E
144
0.4
309
CONTENTFORMAT_END
171
     0
 94
        6
 95
        1
302
GRIDFORMAT
  1
GRIDFORMAT_BEGIN
 90
        0
 91
        1
 62
     0
 92
       -2
340
0
 93
        1
 40
0.045
309
GRIDFORMAT_END
 95
        2
302
GRIDFORMAT
  1
GRIDFORMAT_BEGIN
 90
        0
 91
        1
 62
     0
 92
       -2
340
0
 93
        1
 40
0.045
309
GRIDFORMAT_END
 95
        4
302
GRIDFORMAT
  1
GRIDFORMAT_BEGIN
 90
        0
 91
        1
 62
     0
 92
       -2
340
0
 93
        1
 40
0.045
309
GRIDFORMAT_END
 95
        8
302
GRIDFORMAT
  1
GRIDFORMAT_BEGIN
 90
        0
 91
        1
 62
     0
 92
       -2
340
0
 93
        1
 40
0.045
309
GRIDFORMAT_END
 95
       16
302
GRIDFORMAT
  1
GRIDFORMAT_BEGIN
 90
        0
 91
        1
 62
     0
 92
       -2
340
0
 93
        1
 40
0.045
309
GRIDFORMAT_END
 95
       32
302
GRIDFORMAT
  1
GRIDFORMAT_BEGIN
 90
        0
 91
        1
 62
     0
 92
       -2
340
0
 93
        1
 40
0.045
309
GRIDFORMAT_END
309
TABLEFORMAT_END
  1
CELLSTYLE_BEGIN
 90
        2
 91
        1
300
_HEADER
309
CELLSTYLE_END
300
CELLSTYLE
  1
TABLEFORMAT_BEGIN
 90
        5
170
     1
 91
        0
 92
        0
 62
   257
 93
        1
300
CONTENTFORMAT
  1
CONTENTFORMAT_BEGIN
 90
        0
 91
        0
 92
      512
 93
        0
300

 40
0.0
140
1.0
 94
        4
 62
     0
340
65E
144
0.4
309
CONTENTFORMAT_END
171
     0
 94
        6
 95
        1
302
GRIDFORMAT
  1
GRIDFORMAT_BEGIN
 90
        0
 91
        1
 62
     0
 92
       -2
340
0
 93
        1
 40
0.045
309
GRIDFORMAT_END
 95
        2
302
GRIDFORMAT
  1
GRIDFORMAT_BEGIN
 90
        0
 91
        1
 62
     0
 92
       -2
340
0
 93
        1
 40
0.045
309
GRIDFORMAT_END
 95
        4
302
GRIDFORMAT
  1
GRIDFORMAT_BEGIN
 90
        0
 91
        1
 62
     0
 92
       -2
340
0
 93
        1
 40
0.045
309
GRIDFORMAT_END
 95
        8
302
GRIDFORMAT
  1
GRIDFORMAT_BEGIN
 90
        0
 91
        1
 62
     0
 92
       -2
340
0
 93
        1
 40
0.045
309
GRIDFORMAT_END
 95
       16
302
GRIDFORMAT
  1
GRIDFORMAT_BEGIN
 90
        0
 91
        1
 62
     0
 92
       -2
340
0
 93
        1
 40
0.045
309
GRIDFORMAT_END
 95
       32
302
GRIDFORMAT
  1
GRIDFORMAT_BEGIN
 90
        0
 91
        1
 62
     0
 92
       -2
340
0
 93
        1
 40
0.045
309
GRIDFORMAT_END
309
TABLEFORMAT_END
  1
CELLSTYLE_BEGIN
 90
        3
 91
        2
300
_DATA
309
CELLSTYLE_END
  0
CELLSTYLEMAP
  5
CD0
102
{ACAD_REACTORS
330
CCF
102
}
330
CCF
100
AcDbCellStyleMap
 90
        3
300
CELLSTYLE
  1
TABLEFORMAT_BEGIN
 90
        5
170
     1
 91
        0
 92
    32768
 62
   257
 93
        1
300
CONTENTFORMAT
  1
CONTENTFORMAT_BEGIN
 90
        0
 91
        0
 92
      512
 93
        0
300

 40
0.0
140
1.0
 94
        5
 62
     0
340
26
144
0.25
309
CONTENTFORMAT_END
171
     0
 94
        6
 95
        1
302
GRIDFORMAT
  1
GRIDFORMAT_BEGIN
 90
        0
 91
        1
 62
     0
 92
       -2
340
0
 93
        0
 40
0.045
309
GRIDFORMAT_END
 95
        2
302
GRIDFORMAT
  1
GRIDFORMAT_BEGIN
 90
        0
 91
        1
 62
     0
 92
       -2
340
0
 93
        0
 40
0.045
309
GRIDFORMAT_END
 95
        4
302
GRIDFORMAT
  1
GRIDFORMAT_BEGIN
 90
        0
 91
        1
 62
     0
 92
       -2
340
0
 93
        0
 40
0.045
309
GRIDFORMAT_END
 95
        8
302
GRIDFORMAT
  1
GRIDFORMAT_BEGIN
 90
        0
 91
        1
 62
     0
 92
       -2
340
0
 93
        0
 40
0.045
309
GRIDFORMAT_END
 95
       16
302
GRIDFORMAT
  1
GRIDFORMAT_BEGIN
 90
        0
 91
        1
 62
     0
 92
       -2
340
0
 93
        0
 40
0.045
309
GRIDFORMAT_END
 95
       32
302
GRIDFORMAT
  1
GRIDFORMAT_BEGIN
 90
        0
 91
        1
 62
     0
 92
       -2
340
0
 93
        0
 40
0.045
309
GRIDFORMAT_END
309
TABLEFORMAT_END
  1
CELLSTYLE_BEGIN
 90
        1
 91
        1
300
_TITLE
309
CELLSTYLE_END
300
CELLSTYLE
  1
TABLEFORMAT_BEGIN
 90
        5
170
     1
 91
        0
 92
        0
 62
   257
 93
        1
300
CONTENTFORMAT
  1
CONTENTFORMAT_BEGIN
 90
        0
 91
        0
 92
      512
 93
        0
300

 40
0.0
140
1.0
 94
        5
 62
     0
340
26
144
0.18
309
CONTENTFORMAT_END
171
     0
 94
        6
 95
        1
302
GRIDFORMAT
  1
GRIDFORMAT_BEGIN
 90
        0
 91
        1
 62
     0
 92
       -2
340
0
 93
        0
 40
0.045
309
GRIDFORMAT_END
 95
        2
302
GRIDFORMAT
  1
GRIDFORMAT_BEGIN
 90
        0
 91
        1
 62
     0
 92
       -2
340
0
 93
        0
 40
0.045
309
GRIDFORMAT_END
 95
        4
302
GRIDFORMAT
  1
GRIDFORMAT_BEGIN
 90
        0
 91
        1
 62
     0
 92
       -2
340
0
 93
        0
 40
0.045
309
GRIDFORMAT_END
 95
        8
302
GRIDFORMAT
  1
GRIDFORMAT_BEGIN
 90
        0
 91
        1
 62
     0
 92
       -2
340
0
 93
        0
 40
0.045
309
GRIDFORMAT_END
 95
       16
302
GRIDFORMAT
  1
GRIDFORMAT_BEGIN
 90
        0
 91
        1
 62
     0
 92
       -2
340
0
 93
        0
 40
0.045
309
GRIDFORMAT_END
 95
       32
302
GRIDFORMAT
  1
GRIDFORMAT_BEGIN
 90
        0
 91
        1
 62
     0
 92
       -2
340
0
 93
        0
 40
0.045
309
GRIDFORMAT_END
309
TABLEFORMAT_END
  1
CELLSTYLE_BEGIN
 90
        2
 91
        1
300
_HEADER
309
CELLSTYLE_END
300
CELLSTYLE
  1
TABLEFORMAT_BEGIN
 90
        5
170
     1
 91
        0
 92
        0
 62
   257
 93
        1
300
CONTENTFORMAT
  1
CONTENTFORMAT_BEGIN
 90
        0
 91
        0
 92
      512
 93
        0
300

 40
0.0
140
1.0
 94
        2
 62
     0
340
26
144
0.18
309
CONTENTFORMAT_END
171
     0
 94
        6
 95
        1
302
GRIDFORMAT
  1
GRIDFORMAT_BEGIN
 90
        0
 91
        1
 62
     0
 92
       -2
340
0
 93
        0
 40
0.045
309
GRIDFORMAT_END
 95
        2
302
GRIDFORMAT
  1
GRIDFORMAT_BEGIN
 90
        0
 91
        1
 62
     0
 92
       -2
340
0
 93
        0
 40
0.045
309
GRIDFORMAT_END
 95
        4
302
GRIDFORMAT
  1
GRIDFORMAT_BEGIN
 90
        0
 91
        1
 62
     0
 92
       -2
340
0
 93
        0
 40
0.045
309
GRIDFORMAT_END
 95
        8
302
GRIDFORMAT
  1
GRIDFORMAT_BEGIN
 90
        0
 91
        1
 62
     0
 92
       -2
340
0
 93
        0
 40
0.045
309
GRIDFORMAT_END
 95
       16
302
GRIDFORMAT
  1
GRIDFORMAT_BEGIN
 90
        0
 91
        1
 62
     0
 92
       -2
340
0
 93
        0
 40
0.045
309
GRIDFORMAT_END
 95
       32
302
GRIDFORMAT
  1
GRIDFORMAT_BEGIN
 90
        0
 91
        1
 62
     0
 92
       -2
340
0
 93
        0
 40
0.045
309
GRIDFORMAT_END
309
TABLEFORMAT_END
  1
CELLSTYLE_BEGIN
 90
        3
 91
        2
300
_DATA
309
CELLSTYLE_END
  0
DMBASEELEMENT
  5
660
102
{ACAD_XDICTIONARY
360
664
102
}
102
{ACAD_REACTORS
330
65D
102
}
330
65D
100
AcMapDMBaseElement
 70
     1
  1
Base de la carte
 70
     1
330
65D
100
AcMapDMBaseElement
 70
     2
  1

 70
     2
  1

 70
     1
 40
1.797693134862314E+99
 70
        1
 70
     1
 70
     1
 70
     1
360
663
100
AcMapDMBaseElement
 70
     1
  0
DMDEFAULTSTYLE
  5
661
102
{ACAD_REACTORS
330
65D
102
}
330
65D
100
AcMapDMDefaultStyle
 70
     1
 90
        1
  1
Par défaut
100
AcMapDMDefaultStyle
 70
     1
280
   100
 90
        0
1001
AcMapDMDisplayStyleRegapp
1070
     2
1071
        1
1000
Par défaut
1000

  0
DICTIONARY
  5
664
330
660
100
AcDbDictionary
280
     1
281
     1
  3
AcMapDMSurrogateStyleSets
360
665
  0
DMSTYLEREFERENCE
  5
663
330
660
100
AcMapDMStyleReference
 70
     1
 70
     0
340
661
330
65D
  0
DMSURROGATESTYLESETS
  5
665
102
{ACAD_REACTORS
330
664
102
}
330
664
100
AcMapDMSurrogateStyleSets
 70
     1
  1
Base de la carte
 70
     1
 40
1.797693134862314E+99
 70
        1
 70
     1
 70
     1
 70
     1
330
663
 70
     0
  0
ENDSEC
  0
SECTION
  2
ACDSDATA
 70
     2
 71
     8
  0
ACDSSCHEMA
 90
        0
  1
AcDb_Thumbnail_Schema
  2
AcDbDs::ID
280
    10
 91
        8
  2
Thumbnail_Data
280
    15
 91
        0
101
ACDSRECORD
 95
        0
 90
        1
  2
AcDbDs::TreatedAsObjectData
280
     1
291
     1
101
ACDSRECORD
 95
        0
 90
        2
  2
AcDbDs::Legacy
280
     1
291
     1
101
ACDSRECORD
  1
AcDbDs::ID
 90
        3
  2
AcDs:Indexable
280
     1
291
     1
101
ACDSRECORD
  1
AcDbDs::ID
 90
        4
  2
AcDbDs::HandleAttribute
280
     7
282
     1
  0
ACDSSCHEMA
 90
        1
  1
AcDbDs::TreatedAsObjectDataSchema
  2
AcDbDs::TreatedAsObjectData
280
     1
 91
        0
  0
ACDSSCHEMA
 90
        2
  1
AcDbDs::LegacySchema
  2
AcDbDs::Legacy
280
     1
 91
        0
  0
ACDSSCHEMA
 90
        3
  1
AcDbDs::IndexedPropertySchema
  2
AcDs:Indexable
280
     1
 91
        0
  0
ACDSSCHEMA
 90
        4
  1
AcDbDs::HandleAttributeSchema
  2
AcDbDs::HandleAttribute
280
     7
 91
        1
284
     1
  0
ACDSRECORD
 90
        0
  2
AcDbDs::ID
280
    10
320
39
  2
Thumbnail_Data
280
    15
 94
     1614
310
89504E470D0A1A0A0000000D49484452000001000000007208030000008B31FF2A00000300504C5445000000000000C8C8C80000000000000000000000000000000000000000000000000000330000660000990000CC0000FF0033000033330033660033990033CC0033FF0066000066330066660066990066CC0066FF0099
310
000099330099660099990099CC0099FF00CC0000CC3300CC6600CC9900CCCC00CCFF00FF0000FF3300FF6600FF9900FFCC00FFFF3300003300333300663300993300CC3300FF3333003333333333663333993333CC3333FF3366003366333366663366993366CC3366FF3399003399333399663399993399CC3399FF33CC00
310
33CC3333CC6633CC9933CCCC33CCFF33FF0033FF3333FF6633FF9933FFCC33FFFF6600006600336600666600996600CC6600FF6633006633336633666633996633CC6633FF6666006666336666666666996666CC6666FF6699006699336699666699996699CC6699FF66CC0066CC3366CC6666CC9966CCCC66CCFF66FF0066
310
FF3366FF6666FF9966FFCC66FFFF9900009900339900669900999900CC9900FF9933009933339933669933999933CC9933FF9966009966339966669966999966CC9966FF9999009999339999669999999999CC9999FF99CC0099CC3399CC6699CC9999CCCC99CCFF99FF0099FF3399FF6699FF9999FFCC99FFFFCC0000CC00
310
33CC0066CC0099CC00CCCC00FFCC3300CC3333CC3366CC3399CC33CCCC33FFCC6600CC6633CC6666CC6699CC66CCCC66FFCC9900CC9933CC9966CC9999CC99CCCC99FFCCCC00CCCC33CCCC66CCCC99CCCCCCCCCCFFCCFF00CCFF33CCFF66CCFF99CCFFCCCCFFFFFF0000FF0033FF0066FF0099FF00CCFF00FFFF3300FF3333
310
FF3366FF3399FF33CCFF33FFFF6600FF6633FF6666FF6699FF66CCFF66FFFF9900FF9933FF9966FF9999FF99CCFF99FFFFCC00FFCC33FFCC66FFCC99FFCCCCFFCCFFFFFF00FFFF33FFFF66FFFF99FFFFCCFFFFFF0000000D0D0D1A1A1A2828283535354343435050505D5D5D6B6B6B787878868686939393A1A1A1AEAEAEBB
310
BBBBC9C9C9D6D6D6E4E4E4F1F1F1FFFFFF00000000000000000000000000000000000000000000000000000000000008F1915C000003094944415478DAED9C5BA283200C44D981DB60FF0B6057F37F2B6A15795B6E9B90CC47EF43ABE6384000D118954AA552B508624E9AB914E0F9377FF0D57F21F003912A03C2E337A5CB
310
416399456D27B49E912680EA15BF7640FB49480248DBB4D5017D3B7004800F6C14EDC0B00E186B018200725535BE8E5C01FCAC08249B6A4900BE97B3D34C8496BB4602B8860C890E384EB1A74B3401A40C3000C09A23E2065490036E3D9F23BDA20920D55FC3E7F1336B056EFD553CF64E690772003A3AEEF83C7CE20E686D
310
D0AA8D79613B63001DF1B7350BD45B81DCD84FC377F2046803405BAD613E00407C4C70D8C581575FE09BC71502C04807009679C0C87B9F2520C001DB789A0C00367F4870E90B3C0AD916009C534A7302B0E7E7F1A3AB25980A80B1FD07E700209EEC7C070AEB3BCA762FE1B6FFE82C1C80F47D6FAD03D803B83A202AECC922
310
60DB6B016E754054DD0516687402EB4AF00C15EFE27F7CB6D605DC01F8502DCC1580DBFFD8B7620E00C79448307EB145EE8E9BEDDCB6C9F9DF5D688B41E329BF01B0DCC3871FC15B6FF6F5BF6EAB12DCF9C7CAC19DB6A884CF6966E87AB1EFCA700BDDAD46B04756B4E3F000F2A35EFB53073C33417B38DFBC6FBD8F67F383
310
BB18C2C78FACF5C13F1576C7E7EAF97AF31F3C7241B308F45C9237FDE6FCD77DAE2682E153679B39084E8DF50F03D8B040944AFC7DB68D1E80F486A845BCD709A5ADCB12CE3A734C842A00CA5A902FF12246854BCD9D0400C5A22E0240698E4DC2B0B8091F8D824400F933480310A5C55CF2807C1317B597511FBABC7E6636
310
002503A492098600D0971F05001606AD0006BB04865711185E4AE602E03DDC0B00661200CBA31ED144009EA601B20154AA8069012CE2015CD699C82C0210EE80F3E128B10E405323300980648200E900E438A0982032068021CB05383B604CFC8C1D30E2DA6A9D61FE6B86E60480610B9BEB79104100ADAB651B178C3203D0
310
F7B2AB012F942106C0DAF89977B41699CEF8A82E9FB73D6F4FD95F3BF3E00E83E80B14F46D7A9209E81B25A5BF535401A8542A954AA552A9542A954AA552A9542A954AC55D7FEE7A939A54A60C8D0000000049454E44AE426082
  0
ENDSEC
  0
EOF
