  0
SECTION
  2
HEADER
  9
$ACADVER
  1
AC1032
  9
$ACADMAINTVER
 90
      228
  9
$DWGCODEPAGE
  3
ANSI_1252
  9
$LASTSAVEDBY
  1
Precision7750
  9
$REQUIREDVERSIONS
160
                 0
  9
$INSBASE
 10
0.0
 20
0.0
 30
0.0
  9
$EXTMIN
 10
18446.56495386275
 20
96888.72802100904
 30
0.0
  9
$EXTMAX
 10
18862.72861550386
 20
97386.66613150833
 30
499.8366554997295
  9
$LIMMIN
 10
0.0
 20
0.0
  9
$LIMMAX
 10
12.0
 20
9.0
  9
$ORTHOMODE
 70
     0
  9
$REGENMODE
 70
     1
  9
$FILLMODE
 70
     1
  9
$QTEXTMODE
 70
     0
  9
$MIRRTEXT
 70
     0
  9
$LTSCALE
 40
2.0
  9
$ATTMODE
 70
     1
  9
$TEXTSIZE
 40
0.2
  9
$TRACEWID
 40
0.05
  9
$TEXTSTYLE
  7
Tahoma
  9
$CLAYER
  8
0
  9
$CELTYPE
  6
Continuous
  9
$CECOLOR
 62
   256
  9
$CELTSCALE
 40
1.0
  9
$DISPSILH
 70
     0
  9
$DIMSCALE
 40
1.0
  9
$DIMASZ
 40
0.18
  9
$DIMEXO
 40
0.0625
  9
$DIMDLI
 40
0.38
  9
$DIMRND
 40
0.0
  9
$DIMDLE
 40
0.0
  9
$DIMEXE
 40
0.18
  9
$DIMTP
 40
0.0
  9
$DIMTM
 40
0.0
  9
$DIMTXT
 40
0.18
  9
$DIMCEN
 40
0.09
  9
$DIMTSZ
 40
0.0
  9
$DIMTOL
 70
     0
  9
$DIMLIM
 70
     0
  9
$DIMTIH
 70
     1
  9
$DIMTOH
 70
     1
  9
$DIMSE1
 70
     0
  9
$DIMSE2
 70
     0
  9
$DIMTAD
 70
     0
  9
$DIMZIN
 70
     0
  9
$DIMBLK
  1

  9
$DIMASO
 70
     1
  9
$DIMSHO
 70
     1
  9
$DIMPOST
  1

  9
$DIMAPOST
  1

  9
$DIMALT
 70
     0
  9
$DIMALTD
 70
     2
  9
$DIMALTF
 40
25.4
  9
$DIMLFAC
 40
1.0
  9
$DIMTOFL
 70
     0
  9
$DIMTVP
 40
0.0
  9
$DIMTIX
 70
     0
  9
$DIMSOXD
 70
     0
  9
$DIMSAH
 70
     0
  9
$DIMBLK1
  1

  9
$DIMBLK2
  1

  9
$DIMSTYLE
  2
Standard
  9
$DIMCLRD
 70
     0
  9
$DIMCLRE
 70
     0
  9
$DIMCLRT
 70
     0
  9
$DIMTFAC
 40
1.0
  9
$DIMGAP
 40
0.09
  9
$DIMJUST
 70
     0
  9
$DIMSD1
 70
     0
  9
$DIMSD2
 70
     0
  9
$DIMTOLJ
 70
     1
  9
$DIMTZIN
 70
     0
  9
$DIMALTZ
 70
     0
  9
$DIMALTTZ
 70
     0
  9
$DIMUPT
 70
     0
  9
$DIMDEC
 70
     4
  9
$DIMTDEC
 70
     4
  9
$DIMALTU
 70
     2
  9
$DIMALTTD
 70
     2
  9
$DIMTXSTY
  7
Standard
  9
$DIMAUNIT
 70
     0
  9
$DIMADEC
 70
     0
  9
$DIMALTRND
 40
0.0
  9
$DIMAZIN
 70
     0
  9
$DIMDSEP
 70
    46
  9
$DIMATFIT
 70
     3
  9
$DIMFRAC
 70
     0
  9
$DIMLDRBLK
  1

  9
$DIMLUNIT
 70
     2
  9
$DIMLWD
 70
    -2
  9
$DIMLWE
 70
    -2
  9
$DIMTMOVE
 70
     0
  9
$DIMFXL
 40
1.0
  9
$DIMFXLON
 70
     0
  9
$DIMJOGANG
 40
0.7853981633974483
  9
$DIMTFILL
 70
     0
  9
$DIMTFILLCLR
 70
     0
  9
$DIMARCSYM
 70
     0
  9
$DIMLTYPE
  6

  9
$DIMLTEX1
  6

  9
$DIMLTEX2
  6

  9
$DIMTXTDIRECTION
 70
     0
  9
$LUNITS
 70
     2
  9
$LUPREC
 70
     4
  9
$SKETCHINC
 40
0.1
  9
$FILLETRAD
 40
0.0
  9
$AUNITS
 70
     2
  9
$AUPREC
 70
     4
  9
$MENU
  1
.
  9
$ELEVATION
 40
0.0
  9
$PELEVATION
 40
0.0
  9
$THICKNESS
 40
0.0
  9
$LIMCHECK
 70
     0
  9
$CHAMFERA
 40
0.0
  9
$CHAMFERB
 40
0.0
  9
$CHAMFERC
 40
0.0
  9
$CHAMFERD
 40
0.0
  9
$SKPOLY
 70
     0
  9
$TDCREATE
 40
2454963.377465278
  9
$TDUCREATE
 40
2454963.294139352
  9
$TDUPDATE
 40
2461013.921157408
  9
$TDUUPDATE
 40
2461013.879490741
  9
$TDINDWG
 40
0.2520482292
  9
$TDUSRTIMER
 40
0.2520482292
  9
$USRTIMER
 70
     1
  9
$ANGBASE
 50
90.0
  9
$ANGDIR
 70
     1
  9
$PDMODE
 70
     0
  9
$PDSIZE
 40
0.0
  9
$PLINEWID
 40
0.0
  9
$SPLFRAME
 70
     0
  9
$SPLINETYPE
 70
     6
  9
$SPLINESEGS
 70
     8
  9
$HANDSEED
  5
EED
  9
$SURFTAB1
 70
     6
  9
$SURFTAB2
 70
     6
  9
$SURFTYPE
 70
     6
  9
$SURFU
 70
     6
  9
$SURFV
 70
     6
  9
$UCSBASE
  2

  9
$UCSNAME
  2

  9
$UCSORG
 10
0.0
 20
0.0
 30
0.0
  9
$UCSXDIR
 10
1.0
 20
0.0
 30
0.0
  9
$UCSYDIR
 10
0.0
 20
1.0
 30
0.0
  9
$UCSORTHOREF
  2

  9
$UCSORTHOVIEW
 70
     0
  9
$UCSORGTOP
 10
0.0
 20
0.0
 30
0.0
  9
$UCSORGBOTTOM
 10
0.0
 20
0.0
 30
0.0
  9
$UCSORGLEFT
 10
0.0
 20
0.0
 30
0.0
  9
$UCSORGRIGHT
 10
0.0
 20
0.0
 30
0.0
  9
$UCSORGFRONT
 10
0.0
 20
0.0
 30
0.0
  9
$UCSORGBACK
 10
0.0
 20
0.0
 30
0.0
  9
$PUCSBASE
  2

  9
$PUCSNAME
  2

  9
$PUCSORG
 10
0.0
 20
0.0
 30
0.0
  9
$PUCSXDIR
 10
1.0
 20
0.0
 30
0.0
  9
$PUCSYDIR
 10
0.0
 20
1.0
 30
0.0
  9
$PUCSORTHOREF
  2

  9
$PUCSORTHOVIEW
 70
     0
  9
$PUCSORGTOP
 10
0.0
 20
0.0
 30
0.0
  9
$PUCSORGBOTTOM
 10
0.0
 20
0.0
 30
0.0
  9
$PUCSORGLEFT
 10
0.0
 20
0.0
 30
0.0
  9
$PUCSORGRIGHT
 10
0.0
 20
0.0
 30
0.0
  9
$PUCSORGFRONT
 10
0.0
 20
0.0
 30
0.0
  9
$PUCSORGBACK
 10
0.0
 20
0.0
 30
0.0
  9
$USERI1
 70
   200
  9
$USERI2
 70
     0
  9
$USERI3
 70
     0
  9
$USERI4
 70
     0
  9
$USERI5
 70
     0
  9
$USERR1
 40
0.0
  9
$USERR2
 40
0.0
  9
$USERR3
 40
0.0
  9
$USERR4
 40
0.0
  9
$USERR5
 40
0.0
  9
$WORLDVIEW
 70
     1
  9
$SHADEDGE
 70
     3
  9
$SHADEDIF
 70
    70
  9
$TILEMODE
 70
     1
  9
$MAXACTVP
 70
    64
  9
$PINSBASE
 10
0.0
 20
0.0
 30
0.0
  9
$PLIMCHECK
 70
     0
  9
$PEXTMIN
 10
1.000000000000000E+20
 20
1.000000000000000E+20
 30
1.000000000000000E+20
  9
$PEXTMAX
 10
-1.000000000000000E+20
 20
-1.000000000000000E+20
 30
-1.000000000000000E+20
  9
$PLIMMIN
 10
0.0
 20
0.0
  9
$PLIMMAX
 10
12.0
 20
9.0
  9
$UNITMODE
 70
     0
  9
$VISRETAIN
 70
     1
  9
$PLINEGEN
 70
     1
  9
$PSLTSCALE
 70
     1
  9
$TREEDEPTH
 70
  3020
  9
$CMLSTYLE
  2
Standard
  9
$CMLJUST
 70
     0
  9
$CMLSCALE
 40
1.0
  9
$PROXYGRAPHICS
 70
     1
  9
$MEASUREMENT
 70
     1
  9
$CELWEIGHT
370
    -1
  9
$ENDCAPS
280
     0
  9
$JOINSTYLE
280
     0
  9
$LWDISPLAY
290
     0
  9
$INSUNITS
 70
     6
  9
$HYPERLINKBASE
  1

  9
$STYLESHEET
  1

  9
$XEDIT
290
     1
  9
$CEPSNTYPE
380
     0
  9
$PSTYLEMODE
290
     1
  9
$FINGERPRINTGUID
  2
{817F101B-ED91-4D3B-9199-A51AE71A14D1}
  9
$VERSIONGUID
  2
{0B400296-70AE-4B16-BC5F-F27C9F440C49}
  9
$EXTNAMES
290
     1
  9
$PSVPSCALE
 40
0.0
  9
$OLESTARTUP
290
     0
  9
$SORTENTS
280
   127
  9
$INDEXCTL
280
     0
  9
$HIDETEXT
280
     0
  9
$XCLIPFRAME
280
     2
  9
$HALOGAP
280
     0
  9
$OBSCOLOR
 70
   257
  9
$OBSLTYPE
280
     0
  9
$INTERSECTIONDISPLAY
280
     0
  9
$INTERSECTIONCOLOR
 70
   257
  9
$DIMASSOC
280
     1
  9
$PROJECTNAME
  1

  9
$CAMERADISPLAY
290
     0
  9
$LENSLENGTH
 40
50.0
  9
$CAMERAHEIGHT
 40
0.0
  9
$STEPSPERSEC
 40
2.0
  9
$STEPSIZE
 40
6.0
  9
$3DDWFPREC
 40
2.0
  9
$PSOLWIDTH
 40
0.25
  9
$PSOLHEIGHT
 40
4.0
  9
$LOFTANG1
 40
1.570796326794896
  9
$LOFTANG2
 40
1.570796326794896
  9
$LOFTMAG1
 40
0.0
  9
$LOFTMAG2
 40
0.0
  9
$LOFTPARAM
 70
     7
  9
$LOFTNORMALS
280
     1
  9
$LATITUDE
 40
37.795
  9
$LONGITUDE
 40
-122.394
  9
$NORTHDIRECTION
 40
0.0
  9
$TIMEZONE
 70
 -8000
  9
$LIGHTGLYPHDISPLAY
280
     1
  9
$TILEMODELIGHTSYNCH
280
     1
  9
$CMATERIAL
347
11
  9
$SOLIDHIST
280
     1
  9
$SHOWHIST
280
     1
  9
$DWFFRAME
280
     2
  9
$DGNFRAME
280
     0
  9
$REALWORLDSCALE
290
     1
  9
$INTERFERECOLOR
 62
     1
  9
$INTERFEREOBJVS
345
1E
  9
$INTERFEREVPVS
346
1B
  9
$CSHADOW
280
     0
  9
$SHADOWPLANELOCATION
 40
0.0
  0
ENDSEC
  0
SECTION
  2
CLASSES
  0
CLASS
  1
ACDBDICTIONARYWDFLT
  2
AcDbDictionaryWithDefault
  3
ObjectDBX Classes
 90
        0
 91
        1
280
     0
281
     0
  0
CLASS
  1
MATERIAL
  2
AcDbMaterial
  3
ObjectDBX Classes
 90
     1153
 91
        3
280
     0
281
     0
  0
CLASS
  1
VISUALSTYLE
  2
AcDbVisualStyle
  3
ObjectDBX Classes
 90
     4095
 91
       26
280
     0
281
     0
  0
CLASS
  1
TABLESTYLE
  2
AcDbTableStyle
  3
ObjectDBX Classes
 90
     4095
 91
        2
280
     0
281
     0
  0
CLASS
  1
DICTIONARYVAR
  2
AcDbDictionaryVar
  3
ObjectDBX Classes
 90
        0
 91
       12
280
     0
281
     0
  0
CLASS
  1
SCALE
  2
AcDbScale
  3
ObjectDBX Classes
 90
     1153
 91
       33
280
     0
281
     0
  0
CLASS
  1
MLEADERSTYLE
  2
AcDbMLeaderStyle
  3
ACDB_MLEADERSTYLE_CLASS
 90
     4095
 91
        1
280
     0
281
     0
  0
CLASS
  1
RASTERVARIABLES
  2
AcDbRasterVariables
  3
ISM
 90
        0
 91
        1
280
     0
281
     0
  0
CLASS
  1
DMMAPMANAGER
  2
AcMapDMMapManager
  3
AcMapDisplayManagement
 90
     1024
 91
        1
280
     0
281
     0
  0
CLASS
  1
DMSTYLELIBRARY
  2
AcMapDMStyleLibrary
  3
AcMapDisplayManagement
 90
     1024
 91
        1
280
     0
281
     0
  0
CLASS
  1
DMSTYLECATEGORY
  2
AcMapDMStyleCategory
  3
AcMapDisplayManagement
 90
     1024
 91
        1
280
     0
281
     0
  0
CLASS
  1
DATATABLE
  2
AcDbDataTable
  3
ObjectDBX Classes
 90
        0
 91
        1
280
     0
281
     0
  0
CLASS
  1
DMMAP
  2
AcMapDMMap
  3
AcMapDisplayManagement
 90
     1024
 91
        1
280
     0
281
     0
  0
CLASS
  1
DMBASEELEMENT
  2
AcMapDMBaseElement
  3
AcMapDisplayManagement
 90
     1024
 91
        1
280
     0
281
     0
  0
CLASS
  1
DMDEFAULTSTYLE
  2
AcMapDMDefaultStyle
  3
AcMapDisplayManagement
 90
     1024
 91
        1
280
     0
281
     0
  0
CLASS
  1
DMSTYLEREFERENCE
  2
AcMapDMStyleReference
  3
AcMapDisplayManagement
 90
     1024
 91
        1
280
     0
281
     0
  0
CLASS
  1
DMSURROGATESTYLESETS
  2
AcMapDMSurrogateStyleSets
  3
AcMapDisplayManagement
 90
     1153
 91
        1
280
     0
281
     0
  0
CLASS
  1
SORTENTSTABLE
  2
AcDbSortentsTable
  3
ObjectDBX Classes
 90
        0
 91
        1
280
     0
281
     0
  0
CLASS
  1
DMSTYLIZEDENTITIESTABLE
  2
AcMapDMStylizedEntitiesTable
  3
AcMapDisplayManagement
 90
     1024
 91
        1
280
     0
281
     0
  0
CLASS
  1
MAPGWSUNDOOBJECT
  2
AcMapGWSUndoRecorder
  3
AcMapFeatureSourceManager
 90
     1025
 91
        1
280
     0
281
     0
  0
CLASS
  1
EXACXREFPANELOBJECT
  2
ExAcXREFPanelObject
  3
EXAC_ESW
 90
     1025
 91
        0
280
     0
281
     0
  0
CLASS
  1
NPOCOLLECTION
  2
AcDbImpNonPersistentObjectsCollection
  3
ObjectDBX Classes
 90
     1153
 91
        0
280
     0
281
     0
  0
CLASS
  1
MAPRESOURCEMANAGEROBJECT
  2
AcMapResourceManager
  3
AcMapSharedComponents
 90
     1024
 91
        1
280
     0
281
     0
  0
CLASS
  1
ACDBSECTIONVIEWSTYLE
  2
AcDbSectionViewStyle
  3
ObjectDBX Classes
 90
     1025
 91
        1
280
     0
281
     0
  0
CLASS
  1
ACDBDETAILVIEWSTYLE
  2
AcDbDetailViewStyle
  3
ObjectDBX Classes
 90
     1025
 91
        1
280
     0
281
     0
  0
CLASS
  1
CELLSTYLEMAP
  2
AcDbCellStyleMap
  3
ObjectDBX Classes
 90
     1152
 91
        2
280
     0
281
     0
  0
ENDSEC
  0
SECTION
  2
TABLES
  0
TABLE
  2
VPORT
  5
8
102
{ACAD_XDICTIONARY
360
7BE
102
}
330
0
100
AcDbSymbolTable
 70
     1
  0
VPORT
  5
827
330
8
100
AcDbSymbolTableRecord
100
AcDbViewportTableRecord
  2
*Active
 70
     0
 10
0.0
 20
0.0
 11
1.0
 21
1.0
 12
87587.80474581424
 22
-46176.22094681048
 13
0.0
 23
0.0
 14
1.0
 24
1.0
 15
0.0
 25
0.0
 16
0.0
 26
0.0
 36
1.0
 17
0.0
 27
0.0
 37
0.0
 40
312.8810231770403
 41
2.776416539050535
 42
50.0
 43
0.0
 44
0.0
 50
0.0
 51
253.0422674951279
 71
     0
 72
   100
 73
     1
 74
     1
 75
     0
 76
     0
 77
     0
 78
     0
281
     0
 65
     1
110
0.0
120
0.0
130
0.0
111
1.0
121
0.0
131
0.0
112
0.0
122
1.0
132
0.0
 79
     0
146
0.0
348
1A
 60
     3
 61
     5
292
     1
282
     1
141
0.0
142
0.0
 63
   250
421
  3355443
1001
ACAD_NAV_VCDISPLAY
1070
     3
  0
ENDTAB
  0
TABLE
  2
LTYPE
  5
5
330
0
100
AcDbSymbolTable
 70
     9
  0
LTYPE
  5
28
330
5
100
AcDbSymbolTableRecord
100
AcDbLinetypeTableRecord
  2
ByBlock
 70
     0
  3

 72
    65
 73
     0
 40
0.0
  0
LTYPE
  5
29
330
5
100
AcDbSymbolTableRecord
100
AcDbLinetypeTableRecord
  2
ByLayer
 70
     0
  3

 72
    65
 73
     0
 40
0.0
  0
LTYPE
  5
2A
330
5
100
AcDbSymbolTableRecord
100
AcDbLinetypeTableRecord
  2
Continuous
 70
     0
  3
Solid line
 72
    65
 73
     0
 40
0.0
  0
LTYPE
  5
3A
330
5
100
AcDbSymbolTableRecord
100
AcDbLinetypeTableRecord
  2
CONTINU
 70
     0
  3
-
 72
    65
 73
     0
 40
0.0
  0
LTYPE
  5
3B
330
5
100
AcDbSymbolTableRecord
100
AcDbLinetypeTableRecord
  2
TIRETE_PETIT
 70
     0
  3
-
 72
    65
 73
     2
 40
1.8
 49
1.0
 74
     0
 49
-0.8
 74
     0
  0
LTYPE
  5
3C
330
5
100
AcDbSymbolTableRecord
100
AcDbLinetypeTableRecord
  2
TIRETE_MOYEN
 70
     0
  3
-
 72
    65
 73
     2
 40
4.0
 49
2.5
 74
     0
 49
-1.5
 74
     0
  0
LTYPE
  5
3D
330
5
100
AcDbSymbolTableRecord
100
AcDbLinetypeTableRecord
  2
TIRETE_LONG
 70
     0
  3
-
 72
    65
 73
     2
 40
5.5
 49
4.0
 74
     0
 49
-1.5
 74
     0
  0
LTYPE
  5
3F
330
5
100
AcDbSymbolTableRecord
100
AcDbLinetypeTableRecord
  2
POINTILLE_PETIT
 70
     0
  3
-
 72
    65
 73
     2
 40
2.0
 49
0.1
 74
     0
 49
-1.9
 74
     0
  0
LTYPE
  5
40
330
5
100
AcDbSymbolTableRecord
100
AcDbLinetypeTableRecord
  2
POINTILLE_MOYEN
 70
     0
  3
-
 72
    65
 73
     2
 40
3.799999999999999
 49
0.1
 74
     0
 49
-3.7
 74
     0
  0
LTYPE
  5
41
330
5
100
AcDbSymbolTableRecord
100
AcDbLinetypeTableRecord
  2
POINTILLE_LONG
 70
     0
  3
-
 72
    65
 73
     2
 40
5.599999999999999
 49
0.1
 74
     0
 49
-5.5
 74
     0
  0
LTYPE
  5
45
330
5
100
AcDbSymbolTableRecord
100
AcDbLinetypeTableRecord
  2
POINTILLE_TRAME
 70
     0
  3
-
 72
    65
 73
     2
 40
1.0
 49
0.1
 74
     0
 49
-0.9
 74
     0
  0
ENDTAB
  0
TABLE
  2
LAYER
  5
2
102
{ACAD_XDICTIONARY
360
86D
102
}
330
0
100
AcDbSymbolTable
 70
    13
1001
COVADIS_THEMES
1000
20,0,2,182
  0
LAYER
  5
25
102
{ACAD_XDICTIONARY
360
878
102
}
330
2
100
AcDbSymbolTableRecord
100
AcDbLayerTableRecord
  2
0
 70
     0
 62
     7
  6
Continuous
370
    -3
390
F
347
13
348
0
  0
LAYER
  5
46
102
{ACAD_XDICTIONARY
360
87A
102
}
330
2
100
AcDbSymbolTableRecord
100
AcDbLayerTableRecord
  2
POINTS
 70
     0
 62
     7
  6
CONTINU
370
    -3
390
F
347
13
348
0
  0
LAYER
  5
48
102
{ACAD_XDICTIONARY
360
87E
102
}
330
2
100
AcDbSymbolTableRecord
100
AcDbLayerTableRecord
  2
ROUTES
 70
     0
 62
     5
  6
CONTINU
370
    -3
390
F
347
13
348
0
  0
LAYER
  5
49
102
{ACAD_XDICTIONARY
360
880
102
}
330
2
100
AcDbSymbolTableRecord
100
AcDbLayerTableRecord
  2
TALUS
 70
     0
 62
     3
  6
CONTINU
370
    -3
390
F
347
13
348
0
  0
LAYER
  5
4A
102
{ACAD_XDICTIONARY
360
882
102
}
330
2
100
AcDbSymbolTableRecord
100
AcDbLayerTableRecord
  2
POINTS_LAMBERT
 70
     0
 62
     4
  6
CONTINU
370
    -3
390
F
347
13
348
0
  0
LAYER
  5
4B
102
{ACAD_XDICTIONARY
360
884
102
}
330
2
100
AcDbSymbolTableRecord
100
AcDbLayerTableRecord
  2
FLECHE
 70
     0
 62
     6
  6
CONTINU
370
    -3
390
F
347
13
348
0
  0
LAYER
  5
4D
102
{ACAD_XDICTIONARY
360
888
102
}
330
2
100
AcDbSymbolTableRecord
100
AcDbLayerTableRecord
  2
HACHURES
 70
     0
 62
     7
  6
CONTINU
370
    -3
390
F
347
13
348
0
  0
LAYER
  5
51
102
{ACAD_XDICTIONARY
360
890
102
}
330
2
100
AcDbSymbolTableRecord
100
AcDbLayerTableRecord
  2
AXES_X_ET_Y
 70
     0
 62
   182
  6
CONTINU
370
    -3
390
F
347
13
348
0
  0
LAYER
  5
53
102
{ACAD_XDICTIONARY
360
894
102
}
330
2
100
AcDbSymbolTableRecord
100
AcDbLayerTableRecord
  2
COUCHE_25
 70
     0
 62
    42
  6
CONTINU
370
    -3
390
F
347
13
348
0
  0
LAYER
  5
54
102
{ACAD_XDICTIONARY
360
896
102
}
330
2
100
AcDbSymbolTableRecord
100
AcDbLayerTableRecord
  2
CADRE
 70
     0
 62
    46
  6
CONTINU
370
    -3
390
F
347
13
348
0
  0
LAYER
  5
924
330
2
100
AcDbSymbolTableRecord
100
AcDbLayerTableRecord
  2
Carroyage système local
 70
     1
 62
     7
  6
Continuous
370
    -3
390
F
347
13
348
0
1001
AcAecLayerStandard
1000

1000

  0
LAYER
  5
961
330
2
100
AcDbSymbolTableRecord
100
AcDbLayerTableRecord
  2
vecteurs_deplacement
 70
     0
 62
     3
  6
Continuous
370
    -3
390
F
347
13
348
0
1001
COVADIS_SORT_BY_LAYER
1070
     0
  0
LAYER
  5
CCF
330
2
100
AcDbSymbolTableRecord
100
AcDbLayerTableRecord
  2
Carroyage CC46 approché
 70
     0
 62
     7
  6
Continuous
370
    -3
390
F
347
13
348
0
1001
AcAecLayerStandard
1000

1000

1001
AcCmTransparency
1071
        0
  0
ENDTAB
  0
TABLE
  2
STYLE
  5
3
330
0
100
AcDbSymbolTable
 70
    11
  0
STYLE
  5
26
330
3
100
AcDbSymbolTableRecord
100
AcDbTextStyleTableRecord
  2
Standard
 70
     0
 40
0.0
 41
1.0
 50
0.0
 71
     0
 42
0.2
  3
txt
  4

  0
STYLE
  5
55
330
3
100
AcDbSymbolTableRecord
100
AcDbTextStyleTableRecord
  2

 70
     0
 40
0.0
 41
0.0
 50
0.0
 71
     0
 42
0.0
  3

  4

  0
STYLE
  5
56
330
3
100
AcDbSymbolTableRecord
100
AcDbTextStyleTableRecord
  2

 70
     0
 40
0.0
 41
0.0
 50
0.0
 71
     0
 42
0.0
  3

  4

  0
STYLE
  5
57
330
3
100
AcDbSymbolTableRecord
100
AcDbTextStyleTableRecord
  2

 70
     0
 40
0.0
 41
0.0
 50
0.0
 71
     0
 42
0.0
  3

  4

  0
STYLE
  5
58
330
3
100
AcDbSymbolTableRecord
100
AcDbTextStyleTableRecord
  2

 70
     0
 40
0.0
 41
0.0
 50
0.0
 71
     0
 42
0.0
  3

  4

  0
STYLE
  5
59
330
3
100
AcDbSymbolTableRecord
100
AcDbTextStyleTableRecord
  2

 70
     0
 40
0.0
 41
0.0
 50
0.0
 71
     0
 42
0.0
  3

  4

  0
STYLE
  5
5A
330
3
100
AcDbSymbolTableRecord
100
AcDbTextStyleTableRecord
  2

 70
     0
 40
0.0
 41
0.0
 50
0.0
 71
     0
 42
0.0
  3

  4

  0
STYLE
  5
5B
330
3
100
AcDbSymbolTableRecord
100
AcDbTextStyleTableRecord
  2

 70
     0
 40
0.0
 41
0.0
 50
0.0
 71
     0
 42
0.0
  3

  4

  0
STYLE
  5
5C
330
3
100
AcDbSymbolTableRecord
100
AcDbTextStyleTableRecord
  2

 70
     0
 40
0.0
 41
0.0
 50
0.0
 71
     0
 42
0.0
  3

  4

  0
STYLE
  5
859
330
3
100
AcDbSymbolTableRecord
100
AcDbTextStyleTableRecord
  2
Legend
 70
     0
 40
0.0
 41
1.0
 50
0.0
 71
     0
 42
0.2
  3
calibri.ttf
  4

1001
ACAD
1000
Calibri
1071
      256
  0
STYLE
  5
9F8
330
3
100
AcDbSymbolTableRecord
100
AcDbTextStyleTableRecord
  2
Tahoma
 70
     0
 40
0.0
 41
1.0
 50
0.0
 71
     0
 42
0.2
  3
tahoma.ttf
  4

1001
ACAD
1000
Tahoma
1071
       34
  0
ENDTAB
  0
TABLE
  2
VIEW
  5
6
330
0
100
AcDbSymbolTable
 70
     0
  0
ENDTAB
  0
TABLE
  2
UCS
  5
7
330
0
100
AcDbSymbolTable
 70
     2
  0
UCS
  5
7AD
330
7
100
AcDbSymbolTableRecord
100
AcDbUCSTableRecord
  2
cadre
 70
     0
 10
718851.7123000001
 20
116983.4652
 30
0.0
 11
-0.2916661525596386
 21
0.9565201803679091
 31
0.0
 12
-0.9565201803679091
 22
-0.2916661525596386
 32
0.0
 79
     0
146
0.0
  0
UCS
  5
CBC
330
7
100
AcDbSymbolTableRecord
100
AcDbUCSTableRecord
  2
CC46 approché Rouchain
 70
     0
 10
-1703361.332994541
 20
-5123282.324103322
 30
0.0
 11
0.9999622589186916
 21
0.0086879651373136
 31
0.0
 12
-0.0086879651373136
 22
0.999962258918692
 32
0.0
 79
     0
146
0.0
  0
ENDTAB
  0
TABLE
  2
APPID
  5
9
330
0
100
AcDbSymbolTable
 70
    17
  0
APPID
  5
27
330
9
100
AcDbSymbolTableRecord
100
AcDbRegAppTableRecord
  2
ACAD
 70
     0
  0
APPID
  5
7B0
330
9
100
AcDbSymbolTableRecord
100
AcDbRegAppTableRecord
  2
DCO15
 70
     0
  0
APPID
  5
7B2
330
9
100
AcDbSymbolTableRecord
100
AcDbRegAppTableRecord
  2
ADE
 70
     0
  0
APPID
  5
85D
330
9
100
AcDbSymbolTableRecord
100
AcDbRegAppTableRecord
  2
AcMapDMDisplayStyleRegapp
 70
     0
  0
APPID
  5
867
330
9
100
AcDbSymbolTableRecord
100
AcDbRegAppTableRecord
  2
COVADIS_ECHELLE
 70
     0
  0
APPID
  5
868
330
9
100
AcDbSymbolTableRecord
100
AcDbRegAppTableRecord
  2
ACAD_EXEMPT_FROM_CAD_STANDARDS
 70
     0
  0
APPID
  5
872
330
9
100
AcDbSymbolTableRecord
100
AcDbRegAppTableRecord
  2
AcLayerTools
 70
     0
  0
APPID
  5
877
330
9
100
AcDbSymbolTableRecord
100
AcDbRegAppTableRecord
  2
MapGWS
 70
     0
  0
APPID
  5
89A
330
9
100
AcDbSymbolTableRecord
100
AcDbRegAppTableRecord
  2
COVADIS_VARIABLES_1
 70
     0
  0
APPID
  5
8AA
330
9
100
AcDbSymbolTableRecord
100
AcDbRegAppTableRecord
  2
AcAecLayerStandard
 70
     0
  0
APPID
  5
964
330
9
100
AcDbSymbolTableRecord
100
AcDbRegAppTableRecord
  2
COVADIS_SORT_BY_LAYER
 70
     0
  0
APPID
  5
9F9
330
9
100
AcDbSymbolTableRecord
100
AcDbRegAppTableRecord
  2
AcadAnnoPO
 70
     0
  0
APPID
  5
A77
330
9
100
AcDbSymbolTableRecord
100
AcDbRegAppTableRecord
  2
ACAD_NAV_VCDISPLAY
 70
     0
  0
APPID
  5
ABC
330
9
100
AcDbSymbolTableRecord
100
AcDbRegAppTableRecord
  2
ACAD_PSEXT
 70
     0
  0
APPID
  5
B1B
330
9
100
AcDbSymbolTableRecord
100
AcDbRegAppTableRecord
  2
PROJET
 70
     0
  0
APPID
  5
B55
330
9
100
AcDbSymbolTableRecord
100
AcDbRegAppTableRecord
  2
COVADIS_THEMES
 70
     0
  0
APPID
  5
CD0
330
9
100
AcDbSymbolTableRecord
100
AcDbRegAppTableRecord
  2
AcCmTransparency
 70
     0
  0
ENDTAB
  0
TABLE
  2
DIMSTYLE
  5
A
330
0
100
AcDbSymbolTable
 70
     1
100
AcDbDimStyleTable
 71
     1
340
7AC
  0
DIMSTYLE
105
7AC
330
A
100
AcDbSymbolTableRecord
100
AcDbDimStyleTableRecord
  2
Standard
 70
     0
340
26
  0
ENDTAB
  0
TABLE
  2
BLOCK_RECORD
  5
1
330
0
100
AcDbSymbolTable
 70
    17
  0
BLOCK_RECORD
  5
36
102
{ACAD_XDICTIONARY
360
861
102
}
330
1
100
AcDbSymbolTableRecord
100
AcDbBlockTableRecord
  2
*Model_Space
340
39
 70
     0
280
     1
281
     0
1001
COVADIS_ECHELLE
1040
200.0
1001
COVADIS_VARIABLES_1
1004
0217A46EFAF2039123070476120018000000A643
1004
402CF42255C2039234941764120220000000A802
1004
2C413857D251039234941764120220000000AB6E
1004
00FFB05BB907039234941764120220000000ABC1
1004
00FF0053B907039234941764120220000000ABC4
1004
00FF10608207039234941764120220000000AC7A
1004
00FFB00B7707039234941764120220004075AC7B
1004
00FFE0947807039234941764120220004075AD1B
1004
00FF90947307039234941764120220004075AD1C
1004
402CF43718B9039234941764120220000000AEAE
1004
347DF6131C34000000000000180224010000B3A9
  0
BLOCK_RECORD
  5
32
330
1
100
AcDbSymbolTableRecord
100
AcDbBlockTableRecord
  2
*Paper_Space
340
35
 70
     0
280
     1
281
     0
  0
BLOCK_RECORD
  5
60
330
1
100
AcDbSymbolTableRecord
100
AcDbBlockTableRecord
  2
*X0
340
0
102
{BLKREFS
331
337
102
}
 70
     0
280
     1
281
     0
  0
BLOCK_RECORD
  5
6A
330
1
100
AcDbSymbolTableRecord
100
AcDbBlockTableRecord
  2
*X1
340
0
102
{BLKREFS
331
338
102
}
 70
     0
280
     1
281
     0
  0
BLOCK_RECORD
  5
74
330
1
100
AcDbSymbolTableRecord
100
AcDbBlockTableRecord
  2
*X2
340
0
102
{BLKREFS
331
339
102
}
 70
     0
280
     1
281
     0
  0
BLOCK_RECORD
  5
7E
330
1
100
AcDbSymbolTableRecord
100
AcDbBlockTableRecord
  2
*X3
340
0
102
{BLKREFS
331
33A
102
}
 70
     0
280
     1
281
     0
  0
BLOCK_RECORD
  5
88
330
1
100
AcDbSymbolTableRecord
100
AcDbBlockTableRecord
  2
*X4
340
0
102
{BLKREFS
331
367
102
}
 70
     0
280
     1
281
     0
  0
BLOCK_RECORD
  5
AB
330
1
100
AcDbSymbolTableRecord
100
AcDbBlockTableRecord
  2
*X5
340
0
102
{BLKREFS
331
391
102
}
 70
     0
280
     1
281
     0
  0
BLOCK_RECORD
  5
B0
330
1
100
AcDbSymbolTableRecord
100
AcDbBlockTableRecord
  2
*X6
340
0
102
{BLKREFS
331
392
102
}
 70
     0
280
     1
281
     0
  0
BLOCK_RECORD
  5
B5
330
1
100
AcDbSymbolTableRecord
100
AcDbBlockTableRecord
  2
*X7
340
0
102
{BLKREFS
331
393
102
}
 70
     0
280
     1
281
     0
  0
BLOCK_RECORD
  5
BD
330
1
100
AcDbSymbolTableRecord
100
AcDbBlockTableRecord
  2
*X8
340
0
102
{BLKREFS
331
394
102
}
 70
     0
280
     1
281
     0
  0
BLOCK_RECORD
  5
CC
330
1
100
AcDbSymbolTableRecord
100
AcDbBlockTableRecord
  2
TALUS_1
340
0
102
{BLKREFS
331
33B
102
}
 70
     0
280
     1
281
     0
  0
BLOCK_RECORD
  5
EA
330
1
100
AcDbSymbolTableRecord
100
AcDbBlockTableRecord
  2
TALUS_2
340
0
102
{BLKREFS
331
33C
102
}
 70
     0
280
     1
281
     0
  0
BLOCK_RECORD
  5
108
330
1
100
AcDbSymbolTableRecord
100
AcDbBlockTableRecord
  2
SY141
340
0
102
{BLKREFS
331
370
331
371
331
373
331
374
331
37C
331
37D
331
37E
102
}
 70
     0
280
     1
281
     0
  0
BLOCK_RECORD
  5
114
330
1
100
AcDbSymbolTableRecord
100
AcDbBlockTableRecord
  2
SY128
340
0
102
{BLKREFS
331
37F
331
380
331
381
331
382
331
383
102
}
 70
     0
280
     1
281
     0
  0
BLOCK_RECORD
  5
11C
330
1
100
AcDbSymbolTableRecord
100
AcDbBlockTableRecord
  2
SY131
340
0
102
{BLKREFS
331
38E
331
38F
331
390
331
7F2
331
7FB
331
803
331
8AC
331
8AD
331
8AE
331
8AF
331
8B0
331
8B1
331
8B2
331
8B3
331
8B4
331
8B5
331
8B6
331
8B7
331
8B8
102
}
 70
     0
280
     1
281
     0
  0
BLOCK_RECORD
  5
12A
330
1
100
AcDbSymbolTableRecord
100
AcDbBlockTableRecord
  2
SY129
340
0
102
{BLKREFS
331
8B9
331
8BA
331
8BB
331
8BC
331
8BD
331
8BE
331
8BF
102
}
 70
     0
280
     1
281
     0
  0
BLOCK_RECORD
  5
133
330
1
100
AcDbSymbolTableRecord
100
AcDbBlockTableRecord
  2
SY212
340
0
102
{BLKREFS
331
787
331
D27
102
}
 70
     0
280
     1
281
     0
  0
BLOCK_RECORD
  5
95B
330
1
100
AcDbSymbolTableRecord
100
AcDbBlockTableRecord
  2
vecteurDXY
340
0
310
2800000020000000200000000100080000000000000400000000000000000000000000000000000000000000000080000080000000808000800000008000800080800000C0C0C000C0DCC000F0CAA6000020400000206000002080000020A0000020C0000020E00000400000004020000040400000406000004080000040A0
310
000040C0000040E00000600000006020000060400000606000006080000060A0000060C0000060E00000800000008020000080400000806000008080000080A0000080C0000080E00000A0000000A0200000A0400000A0600000A0800000A0A00000A0C00000A0E00000C0000000C0200000C0400000C0600000C0800000C0
310
A00000C0C00000C0E00000E0000000E0200000E0400000E0600000E0800000E0A00000E0C00000E0E00040000000400020004000400040006000400080004000A0004000C0004000E00040200000402020004020400040206000402080004020A0004020C0004020E000404000004040200040404000404060004040800040
310
40A0004040C0004040E00040600000406020004060400040606000406080004060A0004060C0004060E00040800000408020004080400040806000408080004080A0004080C0004080E00040A0000040A0200040A0400040A0600040A0800040A0A00040A0C00040A0E00040C0000040C0200040C0400040C0600040C08000
310
40C0A00040C0C00040C0E00040E0000040E0200040E0400040E0600040E0800040E0A00040E0C00040E0E00080000000800020008000400080006000800080008000A0008000C0008000E00080200000802020008020400080206000802080008020A0008020C0008020E00080400000804020008040400080406000804080
310
008040A0008040C0008040E00080600000806020008060400080606000806080008060A0008060C0008060E00080800000808020008080400080806000808080008080A0008080C0008080E00080A0000080A0200080A0400080A0600080A0800080A0A00080A0C00080A0E00080C0000080C0200080C0400080C0600080C0
310
800080C0A00080C0C00080C0E00080E0000080E0200080E0400080E0600080E0800080E0A00080E0C00080E0E000C0000000C0002000C0004000C0006000C0008000C000A000C000C000C000E000C0200000C0202000C0204000C0206000C0208000C020A000C020C000C020E000C0400000C0402000C0404000C0406000C0
310
408000C040A000C040C000C040E000C0600000C0602000C0604000C0606000C0608000C060A000C060C000C060E000C0800000C0802000C0804000C0806000C0808000C080A000C080C000C080E000C0A00000C0A02000C0A04000C0A06000C0A08000C0A0A000C0A0C000C0A0E000C0C00000C0C02000C0C04000C0C06000
310
C0C08000C0C0A000F0FBFF00A4A0A000808080000000FF0000FF000000FFFF00FF000000FF00FF00FFFF0000FFFFFF0000000000000000000000000000000000000000000000000000000000000000000000000000000000000000000000000000000000000000000000000000000000000000000000000000000000000000
310
00000000000000000000000000000000000000000000000000000000000000000000000000000000000000000000000000000000000000000000000000000000000000000000000000000000000000000000000000000000000000000000000000000000000000000000000000000000000000000000000000000000000000
310
00000000000000000000000000000000000000000000000000000000000000000000000000000000000000000000000000000000000000000000000000000000000000000000000000000000000000000000000000000000000000000000000000000000000000000000000000000000000000000000000000000000000000
310
00000000000000000000000000000000000000000000000000000000000000000000000000000000000000000000000000000000000000000000000000000000000000000000000000000000000000000000000000000000000000000000000000000000000000000000000000000000000000000000000000000000000000
310
0000000000000000000000FFFF0000000000000000FFFFFFFFFFFFFFFFFFFFFFFFFFFFFFFFFFFFFFFFFFFFFFFFFFFFFFFF00000000FFFFFFFFFFFFFFFFFFFFFFFFFFFFFFFFFFFFFFFFFFFFFFFFFF00FFFFFFFF000000000000000000000000000000000000000000000000FFFFFFFF00000000000000000000000000000000
310
00000000000000000000000000000000000000000000000000000000000000000000000000000000000000000000000000000000000000000000000000000000000000000000000000000000000000000000000000000000000000000000000000000000000000000000000000000000000000000000000000000000000000
310
00000000000000000000000000000000000000000000000000000000000000000000000000000000000000000000000000000000000000000000000000000000000000000000000000000000000000000000000000000000000000000000000000000000000000000000000000000000000000000000000000000000000000
310
00000000000000000000000000000000000000000000000000000000000000000000000000000000000000000000000000000000000000000000000000000000000000000000000000000000000000000000000000000000000000000000000000000000000000000000000000000000000000000000000000000000000000
310
0000000000000000000000000000000000000000000000000000000000000000000000000000000000000000000000000000000000000000
102
{BLKREFS
331
EC2
331
EC3
331
EC4
331
EC5
331
EC6
331
EC7
331
EC8
331
EC9
331
ECA
331
ECB
331
ECC
331
ECD
331
ECE
331
ECF
331
ED0
331
99B
102
}
 70
     0
280
     1
281
     0
  0
ENDTAB
  0
ENDSEC
  0
SECTION
  2
BLOCKS
  0
BLOCK
  5
37
330
36
100
AcDbEntity
  8
0
100
AcDbBlockBegin
  2
*Model_Space
 70
     0
 10
0.0
 20
0.0
 30
0.0
  3
*Model_Space
  1

  0
ENDBLK
  5
38
330
36
100
AcDbEntity
  8
0
100
AcDbBlockEnd
  0
BLOCK
  5
33
330
32
100
AcDbEntity
 67
     1
  8
0
100
AcDbBlockBegin
  2
*Paper_Space
 70
     0
 10
0.0
 20
0.0
 30
0.0
  3
*Paper_Space
  1

  0
ENDBLK
  5
34
330
32
100
AcDbEntity
 67
     1
  8
0
100
AcDbBlockEnd
  0
BLOCK
  5
61
330
60
100
AcDbEntity
  8
HACHURES
  6
POINTILLE_TRAME
 62
     5
100
AcDbBlockBegin
  2
*X0
 70
     1
 10
0.0
 20
0.0
 30
0.0
  3
*X0
  1

  0
LINE
  5
62
330
60
100
AcDbEntity
  8
HACHURES
  6
POINTILLE_TRAME
 62
     5
100
AcDbLine
 10
-5.208099999999999
 20
-0.3464
 30
0.0
 11
-1.135999999999999
 21
3.7258
 31
0.0
  0
LINE
  5
63
330
60
100
AcDbEntity
  8
HACHURES
  6
POINTILLE_TRAME
 62
     5
100
AcDbLine
 10
-5.5716
 20
0.8458
 30
0.0
 11
-1.5878
 21
4.8296
 31
0.0
  0
LINE
  5
64
330
60
100
AcDbEntity
  8
HACHURES
  6
POINTILLE_TRAME
 62
     5
100
AcDbLine
 10
-5.9351
 20
2.037999999999999
 30
0.0
 11
-3.8258
 21
4.147199999999999
 31
0.0
  0
LINE
  5
65
330
60
100
AcDbEntity
  8
HACHURES
  6
POINTILLE_TRAME
 62
     5
100
AcDbLine
 10
-6.298499999999999
 20
3.2301
 30
0.0
 11
-6.063799999999999
 21
3.4649
 31
0.0
  0
LINE
  5
66
330
60
100
AcDbEntity
  8
HACHURES
  6
POINTILLE_TRAME
 62
     5
100
AcDbLine
 10
-4.7563
 20
-1.450199999999999
 30
0.0
 11
-0.7725
 21
2.533599999999999
 31
0.0
  0
LINE
  5
67
330
60
100
AcDbEntity
  8
HACHURES
  6
POINTILLE_TRAME
 62
     5
100
AcDbLine
 10
-2.518299999999999
 20
-0.7678000000000001
 30
0.0
 11
-0.409
 21
1.341499999999999
 31
0.0
  0
LINE
  5
68
330
60
100
AcDbEntity
  8
HACHURES
  6
POINTILLE_TRAME
 62
     5
100
AcDbLine
 10
-0.2803
 20
-0.0855
 30
0.0
 11
-0.0455
 21
0.1493
 31
0.0
  0
ENDBLK
  5
69
330
60
100
AcDbEntity
  8
0
100
AcDbBlockEnd
  0
BLOCK
  5
6B
330
6A
100
AcDbEntity
  8
HACHURES
  6
POINTILLE_TRAME
 62
     5
100
AcDbBlockBegin
  2
*X1
 70
     1
 10
0.0
 20
0.0
 30
0.0
  3
*X1
  1

  0
LINE
  5
6C
330
6A
100
AcDbEntity
  8
HACHURES
  6
POINTILLE_TRAME
 62
     5
100
AcDbLine
 10
-5.208099999999999
 20
-0.3464
 30
0.0
 11
-1.135999999999999
 21
3.7258
 31
0.0
  0
LINE
  5
6D
330
6A
100
AcDbEntity
  8
HACHURES
  6
POINTILLE_TRAME
 62
     5
100
AcDbLine
 10
-5.5716
 20
0.8458
 30
0.0
 11
-1.5878
 21
4.8296
 31
0.0
  0
LINE
  5
6E
330
6A
100
AcDbEntity
  8
HACHURES
  6
POINTILLE_TRAME
 62
     5
100
AcDbLine
 10
-5.9351
 20
2.037999999999999
 30
0.0
 11
-3.8258
 21
4.147199999999999
 31
0.0
  0
LINE
  5
6F
330
6A
100
AcDbEntity
  8
HACHURES
  6
POINTILLE_TRAME
 62
     5
100
AcDbLine
 10
-6.298499999999999
 20
3.2301
 30
0.0
 11
-6.063799999999999
 21
3.4649
 31
0.0
  0
LINE
  5
70
330
6A
100
AcDbEntity
  8
HACHURES
  6
POINTILLE_TRAME
 62
     5
100
AcDbLine
 10
-4.7563
 20
-1.450199999999999
 30
0.0
 11
-0.7725
 21
2.533599999999999
 31
0.0
  0
LINE
  5
71
330
6A
100
AcDbEntity
  8
HACHURES
  6
POINTILLE_TRAME
 62
     5
100
AcDbLine
 10
-2.518299999999999
 20
-0.7678000000000001
 30
0.0
 11
-0.409
 21
1.341499999999999
 31
0.0
  0
LINE
  5
72
330
6A
100
AcDbEntity
  8
HACHURES
  6
POINTILLE_TRAME
 62
     5
100
AcDbLine
 10
-0.2803
 20
-0.0855
 30
0.0
 11
-0.0455
 21
0.1493
 31
0.0
  0
ENDBLK
  5
73
330
6A
100
AcDbEntity
  8
0
100
AcDbBlockEnd
  0
BLOCK
  5
75
330
74
100
AcDbEntity
  8
HACHURES
  6
POINTILLE_TRAME
 62
     5
100
AcDbBlockBegin
  2
*X2
 70
     1
 10
0.0
 20
0.0
 30
0.0
  3
*X2
  1

  0
LINE
  5
76
330
74
100
AcDbEntity
  8
HACHURES
  6
POINTILLE_TRAME
 62
     5
100
AcDbLine
 10
-5.208099999999999
 20
-0.3464
 30
0.0
 11
-1.135999999999999
 21
3.7258
 31
0.0
  0
LINE
  5
77
330
74
100
AcDbEntity
  8
HACHURES
  6
POINTILLE_TRAME
 62
     5
100
AcDbLine
 10
-5.5716
 20
0.8458
 30
0.0
 11
-1.5878
 21
4.8296
 31
0.0
  0
LINE
  5
78
330
74
100
AcDbEntity
  8
HACHURES
  6
POINTILLE_TRAME
 62
     5
100
AcDbLine
 10
-5.9351
 20
2.037999999999999
 30
0.0
 11
-3.8258
 21
4.147199999999999
 31
0.0
  0
LINE
  5
79
330
74
100
AcDbEntity
  8
HACHURES
  6
POINTILLE_TRAME
 62
     5
100
AcDbLine
 10
-6.298499999999999
 20
3.2301
 30
0.0
 11
-6.063799999999999
 21
3.4649
 31
0.0
  0
LINE
  5
7A
330
74
100
AcDbEntity
  8
HACHURES
  6
POINTILLE_TRAME
 62
     5
100
AcDbLine
 10
-4.7563
 20
-1.450199999999999
 30
0.0
 11
-0.7725
 21
2.533599999999999
 31
0.0
  0
LINE
  5
7B
330
74
100
AcDbEntity
  8
HACHURES
  6
POINTILLE_TRAME
 62
     5
100
AcDbLine
 10
-2.518299999999999
 20
-0.7678000000000001
 30
0.0
 11
-0.409
 21
1.341499999999999
 31
0.0
  0
LINE
  5
7C
330
74
100
AcDbEntity
  8
HACHURES
  6
POINTILLE_TRAME
 62
     5
100
AcDbLine
 10
-0.2803
 20
-0.0855
 30
0.0
 11
-0.0455
 21
0.1493
 31
0.0
  0
ENDBLK
  5
7D
330
74
100
AcDbEntity
  8
0
100
AcDbBlockEnd
  0
BLOCK
  5
7F
330
7E
100
AcDbEntity
  8
HACHURES
  6
POINTILLE_TRAME
 62
     5
100
AcDbBlockBegin
  2
*X3
 70
     1
 10
0.0
 20
0.0
 30
0.0
  3
*X3
  1

  0
LINE
  5
80
330
7E
100
AcDbEntity
  8
HACHURES
  6
POINTILLE_TRAME
 62
     5
100
AcDbLine
 10
-5.208099999999999
 20
-0.3464
 30
0.0
 11
-1.135999999999999
 21
3.7258
 31
0.0
  0
LINE
  5
81
330
7E
100
AcDbEntity
  8
HACHURES
  6
POINTILLE_TRAME
 62
     5
100
AcDbLine
 10
-5.5716
 20
0.8458
 30
0.0
 11
-1.5878
 21
4.8296
 31
0.0
  0
LINE
  5
82
330
7E
100
AcDbEntity
  8
HACHURES
  6
POINTILLE_TRAME
 62
     5
100
AcDbLine
 10
-5.9351
 20
2.037999999999999
 30
0.0
 11
-3.8258
 21
4.147199999999999
 31
0.0
  0
LINE
  5
83
330
7E
100
AcDbEntity
  8
HACHURES
  6
POINTILLE_TRAME
 62
     5
100
AcDbLine
 10
-6.298499999999999
 20
3.2301
 30
0.0
 11
-6.063799999999999
 21
3.4649
 31
0.0
  0
LINE
  5
84
330
7E
100
AcDbEntity
  8
HACHURES
  6
POINTILLE_TRAME
 62
     5
100
AcDbLine
 10
-4.7563
 20
-1.450199999999999
 30
0.0
 11
-0.7725
 21
2.533599999999999
 31
0.0
  0
LINE
  5
85
330
7E
100
AcDbEntity
  8
HACHURES
  6
POINTILLE_TRAME
 62
     5
100
AcDbLine
 10
-2.518299999999999
 20
-0.7678000000000001
 30
0.0
 11
-0.409
 21
1.341499999999999
 31
0.0
  0
LINE
  5
86
330
7E
100
AcDbEntity
  8
HACHURES
  6
POINTILLE_TRAME
 62
     5
100
AcDbLine
 10
-0.2803
 20
-0.0855
 30
0.0
 11
-0.0455
 21
0.1493
 31
0.0
  0
ENDBLK
  5
87
330
7E
100
AcDbEntity
  8
0
100
AcDbBlockEnd
  0
BLOCK
  5
89
330
88
100
AcDbEntity
  8
POINTS
  6
POINTILLE_MOYEN
 62
   254
100
AcDbBlockBegin
  2
*X4
 70
     1
 10
0.0
 20
0.0
 30
0.0
  3
*X4
  1

  0
LINE
  5
8A
330
88
100
AcDbEntity
  8
POINTS
  6
POINTILLE_MOYEN
 62
   254
100
AcDbLine
 10
-16.2364
 20
53.2523
 30
0.0
 11
-14.5737
 21
54.915
 31
0.0
  0
LINE
  5
8B
330
88
100
AcDbEntity
  8
POINTS
  6
POINTILLE_MOYEN
 62
   254
100
AcDbLine
 10
-17.5251
 20
57.479
 30
0.0
 11
-15.8624
 21
59.1417
 31
0.0
  0
LINE
  5
8C
330
88
100
AcDbEntity
  8
POINTS
  6
POINTILLE_MOYEN
 62
   254
100
AcDbLine
 10
-18.8138
 20
61.7057
 30
0.0
 11
-17.1511
 21
63.3684
 31
0.0
  0
LINE
  5
8D
330
88
100
AcDbEntity
  8
POINTS
  6
POINTILLE_MOYEN
 62
   254
100
AcDbLine
 10
-20.1026
 20
65.9324
 30
0.0
 11
-18.4398
 21
67.59520000000001
 31
0.0
  0
LINE
  5
8E
330
88
100
AcDbEntity
  8
POINTS
  6
POINTILLE_MOYEN
 62
   254
100
AcDbLine
 10
-21.3913
 20
70.15909999999999
 30
0.0
 11
-19.7285
 21
71.8219
 31
0.0
  0
LINE
  5
8F
330
88
100
AcDbEntity
  8
POINTS
  6
POINTILLE_MOYEN
 62
   254
100
AcDbLine
 10
-22.68
 20
74.38590000000001
 30
0.0
 11
-21.0172
 21
76.04859999999999
 31
0.0
  0
LINE
  5
90
330
88
100
AcDbEntity
  8
POINTS
  6
POINTILLE_MOYEN
 62
   254
100
AcDbLine
 10
-23.9687
 20
78.6126
 30
0.0
 11
-22.3059
 21
80.2753
 31
0.0
  0
LINE
  5
91
330
88
100
AcDbEntity
  8
POINTS
  6
POINTILLE_MOYEN
 62
   254
100
AcDbLine
 10
-25.2574
 20
82.83929999999999
 30
0.0
 11
-23.5946
 21
84.5021
 31
0.0
  0
LINE
  5
92
330
88
100
AcDbEntity
  8
POINTS
  6
POINTILLE_MOYEN
 62
   254
100
AcDbLine
 10
-26.5461
 20
87.06599999999999
 30
0.0
 11
-24.8834
 21
88.7288
 31
0.0
  0
LINE
  5
93
330
88
100
AcDbEntity
  8
POINTS
  6
POINTILLE_MOYEN
 62
   254
100
AcDbLine
 10
-27.8348
 20
91.29269999999999
 30
0.0
 11
-26.1721
 21
92.9555
 31
0.0
  0
LINE
  5
94
330
88
100
AcDbEntity
  8
POINTS
  6
POINTILLE_MOYEN
 62
   254
100
AcDbLine
 10
-29.1235
 20
95.51949999999999
 30
0.0
 11
-27.4608
 21
97.1822
 31
0.0
  0
LINE
  5
95
330
88
100
AcDbEntity
  8
POINTS
  6
POINTILLE_MOYEN
 62
   254
100
AcDbLine
 10
-30.4122
 20
99.74620000000001
 30
0.0
 11
-28.7495
 21
101.4089
 31
0.0
  0
LINE
  5
96
330
88
100
AcDbEntity
  8
POINTS
  6
POINTILLE_MOYEN
 62
   254
100
AcDbLine
 10
-31.701
 20
103.9729
 30
0.0
 11
-30.0382
 21
105.6357
 31
0.0
  0
LINE
  5
97
330
88
100
AcDbEntity
  8
POINTS
  6
POINTILLE_MOYEN
 62
   254
100
AcDbLine
 10
-32.9897
 20
108.1996
 30
0.0
 11
-31.3269
 21
109.8624
 31
0.0
  0
LINE
  5
98
330
88
100
AcDbEntity
  8
POINTS
  6
POINTILLE_MOYEN
 62
   254
100
AcDbLine
 10
-34.2784
 20
112.4263
 30
0.0
 11
-32.6156
 21
114.0891
 31
0.0
  0
LINE
  5
99
330
88
100
AcDbEntity
  8
POINTS
  6
POINTILLE_MOYEN
 62
   254
100
AcDbLine
 10
-35.56710000000001
 20
116.6531
 30
0.0
 11
-33.9043
 21
118.3158
 31
0.0
  0
LINE
  5
9A
330
88
100
AcDbEntity
  8
POINTS
  6
POINTILLE_MOYEN
 62
   254
100
AcDbLine
 10
-36.8558
 20
120.8798
 30
0.0
 11
-35.1931
 21
122.5425
 31
0.0
  0
LINE
  5
9B
330
88
100
AcDbEntity
  8
POINTS
  6
POINTILLE_MOYEN
 62
   254
100
AcDbLine
 10
-38.1445
 20
125.1065
 30
0.0
 11
-36.4818
 21
126.7693
 31
0.0
  0
LINE
  5
9C
330
88
100
AcDbEntity
  8
POINTS
  6
POINTILLE_MOYEN
 62
   254
100
AcDbLine
 10
-39.4332
 20
129.3332
 30
0.0
 11
-37.7705
 21
130.996
 31
0.0
  0
LINE
  5
9D
330
88
100
AcDbEntity
  8
POINTS
  6
POINTILLE_MOYEN
 62
   254
100
AcDbLine
 10
-40.72189999999999
 20
133.56
 30
0.0
 11
-40.4182
 21
133.8637
 31
0.0
  0
LINE
  5
9E
330
88
100
AcDbEntity
  8
POINTS
  6
POINTILLE_MOYEN
 62
   254
100
AcDbLine
 10
-14.9477
 20
49.0255
 30
0.0
 11
-13.2849
 21
50.6883
 31
0.0
  0
LINE
  5
9F
330
88
100
AcDbEntity
  8
POINTS
  6
POINTILLE_MOYEN
 62
   254
100
AcDbLine
 10
-13.659
 20
44.7988
 30
0.0
 11
-11.9962
 21
46.4616
 31
0.0
  0
LINE
  5
A0
330
88
100
AcDbEntity
  8
POINTS
  6
POINTILLE_MOYEN
 62
   254
100
AcDbLine
 10
-12.3703
 20
40.5721
 30
0.0
 11
-10.7075
 21
42.2348
 31
0.0
  0
LINE
  5
A1
330
88
100
AcDbEntity
  8
POINTS
  6
POINTILLE_MOYEN
 62
   254
100
AcDbLine
 10
-11.0816
 20
36.3454
 30
0.0
 11
-9.418799999999999
 21
38.0081
 31
0.0
  0
LINE
  5
A2
330
88
100
AcDbEntity
  8
POINTS
  6
POINTILLE_MOYEN
 62
   254
100
AcDbLine
 10
-9.792899999999999
 20
32.1186
 30
0.0
 11
-8.1301
 21
33.7814
 31
0.0
  0
LINE
  5
A3
330
88
100
AcDbEntity
  8
POINTS
  6
POINTILLE_MOYEN
 62
   254
100
AcDbLine
 10
-8.504099999999999
 20
27.8919
 30
0.0
 11
-6.8414
 21
29.5547
 31
0.0
  0
LINE
  5
A4
330
88
100
AcDbEntity
  8
POINTS
  6
POINTILLE_MOYEN
 62
   254
100
AcDbLine
 10
-7.215399999999999
 20
23.6652
 30
0.0
 11
-5.552699999999999
 21
25.328
 31
0.0
  0
LINE
  5
A5
330
88
100
AcDbEntity
  8
POINTS
  6
POINTILLE_MOYEN
 62
   254
100
AcDbLine
 10
-5.9267
 20
19.4385
 30
0.0
 11
-4.264
 21
21.1012
 31
0.0
  0
LINE
  5
A6
330
88
100
AcDbEntity
  8
POINTS
  6
POINTILLE_MOYEN
 62
   254
100
AcDbLine
 10
-4.637999999999999
 20
15.2118
 30
0.0
 11
-2.975299999999999
 21
16.8745
 31
0.0
  0
LINE
  5
A7
330
88
100
AcDbEntity
  8
POINTS
  6
POINTILLE_MOYEN
 62
   254
100
AcDbLine
 10
-3.349299999999999
 20
10.985
 30
0.0
 11
-1.6865
 21
12.6478
 31
0.0
  0
LINE
  5
A8
330
88
100
AcDbEntity
  8
POINTS
  6
POINTILLE_MOYEN
 62
   254
100
AcDbLine
 10
-2.060599999999999
 20
6.7583
 30
0.0
 11
-0.3978
 21
8.421099999999999
 31
0.0
  0
LINE
  5
A9
330
88
100
AcDbEntity
  8
POINTS
  6
POINTILLE_MOYEN
 62
   254
100
AcDbLine
 10
-0.7719000000000001
 20
2.5316
 30
0.0
 11
0.8909
 21
4.194399999999999
 31
0.0
  0
ENDBLK
  5
AA
330
88
100
AcDbEntity
  8
0
100
AcDbBlockEnd
  0
BLOCK
  5
AC
330
AB
100
AcDbEntity
  8
HACHURES
  6
POINTILLE_PETIT
 62
     5
100
AcDbBlockBegin
  2
*X5
 70
     1
 10
0.0
 20
0.0
 30
0.0
  3
*X5
  1

  0
LINE
  5
AD
330
AB
100
AcDbEntity
  8
HACHURES
  6
POINTILLE_PETIT
 62
     5
100
AcDbLine
 10
1.3062
 20
-5.0178
 30
0.0
 11
5.486399999999999
 21
-0.8377
 31
0.0
  0
LINE
  5
AE
330
AB
100
AcDbEntity
  8
HACHURES
  6
POINTILLE_PETIT
 62
     5
100
AcDbLine
 10
5.290099999999999
 20
-4.0038
 30
0.0
 11
6.1271
 21
-3.166799999999999
 31
0.0
  0
ENDBLK
  5
AF
330
AB
100
AcDbEntity
  8
0
100
AcDbBlockEnd
  0
BLOCK
  5
B1
330
B0
100
AcDbEntity
  8
HACHURES
  6
POINTILLE_PETIT
 62
   254
100
AcDbBlockBegin
  2
*X6
 70
     1
 10
0.0
 20
0.0
 30
0.0
  3
*X6
  1

  0
LINE
  5
B2
330
B0
100
AcDbEntity
  8
HACHURES
  6
POINTILLE_PETIT
 62
   254
100
AcDbLine
 10
-2.9809
 20
-2.971499999999999
 30
0.0
 11
-0.0125
 21
-0.003
 31
0.0
  0
LINE
  5
B3
330
B0
100
AcDbEntity
  8
HACHURES
  6
POINTILLE_PETIT
 62
   254
100
AcDbLine
 10
-0.1656
 20
-3.125999999999999
 30
0.0
 11
0.5421000000000001
 21
-2.418299999999999
 31
0.0
  0
ENDBLK
  5
B4
330
B0
100
AcDbEntity
  8
0
100
AcDbBlockEnd
  0
BLOCK
  5
B6
330
B5
100
AcDbEntity
  8
HACHURES
  6
CONTINU
 62
   253
100
AcDbBlockBegin
  2
*X7
 70
     1
 10
0.0
 20
0.0
 30
0.0
  3
*X7
  1

  0
LINE
  5
B7
330
B5
100
AcDbEntity
  8
HACHURES
  6
CONTINU
 62
   253
100
AcDbLine
 10
-5.4682
 20
4.958599999999999
 30
0.0
 11
-0.4228
 21
-0.0868
 31
0.0
  0
LINE
  5
B8
330
B5
100
AcDbEntity
  8
HACHURES
  6
CONTINU
 62
   253
100
AcDbLine
 10
-5.434199999999999
 20
2.8033
 30
0.0
 11
-2.1827
 21
-0.4483
 31
0.0
  0
LINE
  5
B9
330
B5
100
AcDbEntity
  8
HACHURES
  6
CONTINU
 62
   253
100
AcDbLine
 10
-4.830799999999999
 20
0.0786
 30
0.0
 11
-3.942499999999999
 21
-0.8096999999999999
 31
0.0
  0
LINE
  5
BA
330
B5
100
AcDbEntity
  8
HACHURES
  6
CONTINU
 62
   253
100
AcDbLine
 10
-3.7099
 20
5.3216
 30
0.0
 11
-0.4584
 21
2.070199999999999
 31
0.0
  0
LINE
  5
BB
330
B5
100
AcDbEntity
  8
HACHURES
  6
CONTINU
 62
   253
100
AcDbLine
 10
-1.9515
 20
5.684599999999999
 30
0.0
 11
-1.0618
 21
4.7948
 31
0.0
  0
ENDBLK
  5
BC
330
B5
100
AcDbEntity
  8
0
100
AcDbBlockEnd
  0
BLOCK
  5
BE
330
BD
100
AcDbEntity
  8
HACHURES
  6
POINTILLE_LONG
 62
     4
100
AcDbBlockBegin
  2
*X8
 70
     1
 10
0.0
 20
0.0
 30
0.0
  3
*X8
  1

  0
LINE
  5
BF
330
BD
100
AcDbEntity
  8
HACHURES
  6
POINTILLE_LONG
 62
     4
100
AcDbLine
 10
28.9166
 20
-7.0274
 30
0.0
 11
44.569
 21
8.625
 31
0.0
  0
LINE
  5
C0
330
BD
100
AcDbEntity
  8
HACHURES
  6
POINTILLE_LONG
 62
     4
100
AcDbLine
 10
21.4373
 20
-6.4457
 30
0.0
 11
35.1128
 21
7.2298
 31
0.0
  0
LINE
  5
C1
330
BD
100
AcDbEntity
  8
HACHURES
  6
POINTILLE_LONG
 62
     4
100
AcDbLine
 10
13.9581
 20
-5.8639
 30
0.0
 11
24.9616
 21
5.139599999999999
 31
0.0
  0
LINE
  5
C2
330
BD
100
AcDbEntity
  8
HACHURES
  6
POINTILLE_LONG
 62
     4
100
AcDbLine
 10
6.478799999999999
 20
-5.282199999999999
 30
0.0
 11
14.8105
 21
3.0495
 31
0.0
  0
LINE
  5
C3
330
BD
100
AcDbEntity
  8
HACHURES
  6
POINTILLE_LONG
 62
     4
100
AcDbLine
 10
0.7982000000000001
 20
-2.9018
 30
0.0
 11
4.659299999999999
 21
0.9594000000000001
 31
0.0
  0
LINE
  5
C4
330
BD
100
AcDbEntity
  8
HACHURES
  6
POINTILLE_LONG
 62
     4
100
AcDbLine
 10
36.3958
 20
-7.6092
 30
0.0
 11
53.17009999999999
 21
9.1651
 31
0.0
  0
LINE
  5
C5
330
BD
100
AcDbEntity
  8
HACHURES
  6
POINTILLE_LONG
 62
     4
100
AcDbLine
 10
43.8751
 20
-8.191
 30
0.0
 11
61.1476
 21
9.081599999999999
 31
0.0
  0
LINE
  5
C6
330
BD
100
AcDbEntity
  8
HACHURES
  6
POINTILLE_LONG
 62
     4
100
AcDbLine
 10
50.9664
 20
-9.1607
 30
0.0
 11
68.84399999999999
 21
8.717
 31
0.0
  0
LINE
  5
C7
330
BD
100
AcDbEntity
  8
HACHURES
  6
POINTILLE_LONG
 62
     4
100
AcDbLine
 10
57.815
 20
-10.3731
 30
0.0
 11
76.1784
 21
7.9903
 31
0.0
  0
LINE
  5
C8
330
BD
100
AcDbEntity
  8
HACHURES
  6
POINTILLE_LONG
 62
     4
100
AcDbLine
 10
64.6635
 20
-11.5856
 30
0.0
 11
78.22199999999999
 21
1.9729
 31
0.0
  0
LINE
  5
C9
330
BD
100
AcDbEntity
  8
HACHURES
  6
POINTILLE_LONG
 62
     4
100
AcDbLine
 10
71.2552
 20
-13.055
 30
0.0
 11
78.57389999999999
 21
-5.7362
 31
0.0
  0
LINE
  5
CA
330
BD
100
AcDbEntity
  8
HACHURES
  6
POINTILLE_LONG
 62
     4
100
AcDbLine
 10
77.76130000000001
 20
-14.6099
 30
0.0
 11
78.92579999999999
 21
-13.4454
 31
0.0
  0
ENDBLK
  5
CB
330
BD
100
AcDbEntity
  8
0
100
AcDbBlockEnd
  0
BLOCK
  5
CD
330
CC
100
AcDbEntity
  8
POINTS
  6
CONTINU
 62
     3
100
AcDbBlockBegin
  2
TALUS_1
 70
     0
 10
0.0
 20
0.0
 30
0.0
  3
TALUS_1
  1

  0
LINE
  5
CE
330
CC
100
AcDbEntity
  8
POINTS
  6
CONTINU
 62
     3
100
AcDbLine
 10
0.0
 20
0.0
 30
0.0
 11
0.8387
 21
4.628499999999999
 31
0.0
  0
LINE
  5
CF
330
CC
100
AcDbEntity
  8
POINTS
  6
CONTINU
 62
     3
100
AcDbLine
 10
-1.925999999999999
 20
0.355
 30
0.0
 11
-1.5658
 21
2.281499999999999
 31
0.0
  0
LINE
  5
D0
330
CC
100
AcDbEntity
  8
POINTS
  6
CONTINU
 62
     3
100
AcDbLine
 10
-3.8512
 20
0.7184000000000001
 30
0.0
 11
-3.4851
 21
2.6438
 31
0.0
  0
LINE
  5
D1
330
CC
100
AcDbEntity
  8
POINTS
  6
CONTINU
 62
     3
100
AcDbLine
 10
-5.7762
 20
1.085399999999999
 30
0.0
 11
-4.8951
 21
5.706
 31
0.0
  0
LINE
  5
D2
330
CC
100
AcDbEntity
  8
POINTS
  6
CONTINU
 62
     3
100
AcDbLine
 10
-7.702099999999999
 20
1.4511
 30
0.0
 11
-7.338799999999999
 21
3.377099999999999
 31
0.0
  0
LINE
  5
D3
330
CC
100
AcDbEntity
  8
POINTS
  6
CONTINU
 62
     3
100
AcDbLine
 10
-9.629799999999999
 20
1.810599999999999
 30
0.0
 11
-9.275199999999999
 21
3.738199999999999
 31
0.0
  0
LINE
  5
D4
330
CC
100
AcDbEntity
  8
POINTS
  6
CONTINU
 62
     3
100
AcDbLine
 10
-11.5602
 20
2.159199999999999
 30
0.0
 11
-10.7416
 21
6.791299999999999
 31
0.0
  0
LINE
  5
D5
330
CC
100
AcDbEntity
  8
POINTS
  6
CONTINU
 62
     3
100
AcDbLine
 10
-13.494
 20
2.491899999999999
 30
0.0
 11
-13.1712
 21
4.425099999999999
 31
0.0
  0
LINE
  5
D6
330
CC
100
AcDbEntity
  8
POINTS
  6
CONTINU
 62
     3
100
AcDbLine
 10
-15.432
 20
2.8041
 30
0.0
 11
-15.1322
 21
4.740899999999999
 31
0.0
  0
LINE
  5
D7
330
CC
100
AcDbEntity
  8
POINTS
  6
CONTINU
 62
     3
100
AcDbLine
 10
-17.3747
 20
3.091099999999999
 30
0.0
 11
-16.721
 21
7.749299999999999
 31
0.0
  0
LINE
  5
D8
330
CC
100
AcDbEntity
  8
POINTS
  6
CONTINU
 62
     3
100
AcDbLine
 10
-19.3178
 20
3.3466
 30
0.0
 11
-19.0876
 21
5.293
 31
0.0
  0
LINE
  5
D9
330
CC
100
AcDbEntity
  8
POINTS
  6
CONTINU
 62
     3
100
AcDbLine
 10
-21.368
 20
3.555899999999999
 30
0.0
 11
-21.1951
 21
5.5082
 31
0.0
  0
LINE
  5
DA
330
CC
100
AcDbEntity
  8
POINTS
  6
CONTINU
 62
     3
100
AcDbLine
 10
-23.3803
 20
3.714799999999999
 30
0.0
 11
-23.0482
 21
8.4069
 31
0.0
  0
LINE
  5
DB
330
CC
100
AcDbEntity
  8
POINTS
  6
CONTINU
 62
     3
100
AcDbLine
 10
-25.3675
 20
3.8435
 30
0.0
 11
-25.2508
 21
5.799999999999999
 31
0.0
  0
LINE
  5
DC
330
CC
100
AcDbEntity
  8
POINTS
  6
CONTINU
 62
     3
100
AcDbLine
 10
-27.3349
 20
3.953699999999999
 30
0.0
 11
-27.2312
 21
5.910899999999999
 31
0.0
  0
LINE
  5
DD
330
CC
100
AcDbEntity
  8
POINTS
  6
CONTINU
 62
     3
100
AcDbLine
 10
-29.2841
 20
4.053499999999999
 30
0.0
 11
-29.0491
 21
8.7515
 31
0.0
  0
LINE
  5
DE
330
CC
100
AcDbEntity
  8
POINTS
  6
CONTINU
 62
     3
100
AcDbLine
 10
-31.2141
 20
4.149899999999999
 30
0.0
 11
-31.1151
 21
6.1074
 31
0.0
  0
LINE
  5
DF
330
CC
100
AcDbEntity
  8
POINTS
  6
CONTINU
 62
     3
100
AcDbLine
 10
-33.1213
 20
4.250099999999999
 30
0.0
 11
-33.0131
 21
6.207099999999999
 31
0.0
  0
LINE
  5
E0
330
CC
100
AcDbEntity
  8
POINTS
  6
CONTINU
 62
     3
100
AcDbLine
 10
-34.9978
 20
4.362899999999999
 30
0.0
 11
-34.6866
 21
9.056499999999999
 31
0.0
  0
LINE
  5
E1
330
CC
100
AcDbEntity
  8
POINTS
  6
CONTINU
 62
     3
100
AcDbLine
 10
-36.826
 20
4.5022
 30
0.0
 11
-36.6522
 21
6.4545
 31
0.0
  0
LINE
  5
E2
330
CC
100
AcDbEntity
  8
POINTS
  6
CONTINU
 62
     3
100
AcDbLine
 10
-38.5616
 20
4.6951
 30
0.0
 11
-38.285
 21
6.635399999999999
 31
0.0
  0
LINE
  5
E3
330
CC
100
AcDbEntity
  8
POINTS
  6
CONTINU
 62
     3
100
AcDbLine
 10
-40.0469
 20
5.015799999999999
 30
0.0
 11
-38.4066
 21
9.4244
 31
0.0
  0
LINE
  5
E4
330
CC
100
AcDbEntity
  8
POINTS
  6
CONTINU
 62
     3
100
AcDbLine
 10
-40.0602
 20
5.0208
 30
0.0
 11
-38.3933
 21
9.419399999999999
 31
0.0
  0
LINE
  5
E5
330
CC
100
AcDbEntity
  8
POINTS
  6
CONTINU
 62
     3
100
AcDbLine
 10
-41.566
 20
5.703299999999999
 30
0.0
 11
-40.6111
 21
7.415
 31
0.0
  0
LINE
  5
E6
330
CC
100
AcDbEntity
  8
POINTS
  6
CONTINU
 62
     3
100
AcDbLine
 10
-42.8988
 20
6.696399999999999
 30
0.0
 11
-41.5176
 21
8.086999999999999
 31
0.0
  0
LINE
  5
E7
330
CC
100
AcDbEntity
  8
POINTS
  6
CONTINU
 62
     3
100
AcDbLine
 10
-44.1912
 20
8.2199
 30
0.0
 11
-40.3892
 21
10.9896
 31
0.0
  0
LINE
  5
E8
330
CC
100
AcDbEntity
  8
POINTS
  6
CONTINU
 62
     3
100
AcDbLine
 10
-45.145
 20
9.9867
 30
0.0
 11
-43.3429
 21
10.7573
 31
0.0
  0
ENDBLK
  5
E9
330
CC
100
AcDbEntity
  8
0
100
AcDbBlockEnd
  0
BLOCK
  5
EB
330
EA
100
AcDbEntity
  8
POINTS
  6
CONTINU
 62
     3
100
AcDbBlockBegin
  2
TALUS_2
 70
     0
 10
0.0
 20
0.0
 30
0.0
  3
TALUS_2
  1

  0
LINE
  5
EC
330
EA
100
AcDbEntity
  8
POINTS
  6
CONTINU
 62
     3
100
AcDbLine
 10
0.0
 20
0.0
 30
0.0
 11
4.7038
 21
-0.023
 31
0.0
  0
LINE
  5
ED
330
EA
100
AcDbEntity
  8
POINTS
  6
CONTINU
 62
     3
100
AcDbLine
 10
0.0184
 20
1.945999999999999
 30
0.0
 11
1.9774
 21
1.885599999999999
 31
0.0
  0
LINE
  5
EE
330
EA
100
AcDbEntity
  8
POINTS
  6
CONTINU
 62
     3
100
AcDbLine
 10
0.19
 20
3.729299999999999
 30
0.0
 11
2.110199999999999
 21
3.3365
 31
0.0
  0
LINE
  5
EF
330
EA
100
AcDbEntity
  8
POINTS
  6
CONTINU
 62
     3
100
AcDbLine
 10
0.8278
 20
5.413499999999999
 30
0.0
 11
4.996
 21
3.2334
 31
0.0
  0
LINE
  5
F0
330
EA
100
AcDbEntity
  8
POINTS
  6
CONTINU
 62
     3
100
AcDbLine
 10
2.064
 20
6.907099999999999
 30
0.0
 11
3.2852
 21
5.3741
 31
0.0
  0
LINE
  5
F1
330
EA
100
AcDbEntity
  8
POINTS
  6
CONTINU
 62
     3
100
AcDbLine
 10
4.0585
 20
7.924999999999999
 30
0.0
 11
4.6207
 21
6.047399999999999
 31
0.0
  0
LINE
  5
F2
330
EA
100
AcDbEntity
  8
POINTS
  6
CONTINU
 62
     3
100
AcDbLine
 10
6.2308
 20
8.415499999999999
 30
0.0
 11
7.070299999999999
 21
3.787199999999999
 31
0.0
  0
LINE
  5
F3
330
EA
100
AcDbEntity
  8
POINTS
  6
CONTINU
 62
     3
100
AcDbLine
 10
8.2964
 20
8.761699999999999
 30
0.0
 11
8.6094
 21
6.8269
 31
0.0
  0
LINE
  5
F4
330
EA
100
AcDbEntity
  8
POINTS
  6
CONTINU
 62
     3
100
AcDbLine
 10
10.3084
 20
9.091699999999999
 30
0.0
 11
10.609
 21
7.155
 31
0.0
  0
LINE
  5
F5
330
EA
100
AcDbEntity
  8
POINTS
  6
CONTINU
 62
     3
100
AcDbLine
 10
12.5116
 20
9.396
 30
0.0
 11
13.0964
 21
4.7286
 31
0.0
  0
LINE
  5
F6
330
EA
100
AcDbEntity
  8
POINTS
  6
CONTINU
 62
     3
100
AcDbLine
 10
14.5655
 20
9.637199999999999
 30
0.0
 11
14.781
 21
7.689099999999999
 31
0.0
  0
LINE
  5
F7
330
EA
100
AcDbEntity
  8
POINTS
  6
CONTINU
 62
     3
100
AcDbLine
 10
16.5621
 20
9.8473
 30
0.0
 11
16.7577
 21
7.897199999999999
 31
0.0
  0
LINE
  5
F8
330
EA
100
AcDbEntity
  8
POINTS
  6
CONTINU
 62
     3
100
AcDbLine
 10
18.5217
 20
10.0353
 30
0.0
 11
18.951
 21
5.350999999999999
 31
0.0
  0
LINE
  5
F9
330
EA
100
AcDbEntity
  8
POINTS
  6
CONTINU
 62
     3
100
AcDbLine
 10
20.4487
 20
10.2039
 30
0.0
 11
20.6113
 21
8.2507
 31
0.0
  0
LINE
  5
FA
330
EA
100
AcDbEntity
  8
POINTS
  6
CONTINU
 62
     3
100
AcDbLine
 10
22.3389
 20
10.3525
 30
0.0
 11
22.483
 21
8.397899999999999
 31
0.0
  0
LINE
  5
FB
330
EA
100
AcDbEntity
  8
POINTS
  6
CONTINU
 62
     3
100
AcDbLine
 10
24.2409
 20
10.4816
 30
0.0
 11
24.5327
 21
5.7868
 31
0.0
  0
LINE
  5
FC
330
EA
100
AcDbEntity
  8
POINTS
  6
CONTINU
 62
     3
100
AcDbLine
 10
26.1629
 20
10.59
 30
0.0
 11
26.2617
 21
8.6326
 31
0.0
  0
LINE
  5
FD
330
EA
100
AcDbEntity
  8
POINTS
  6
CONTINU
 62
     3
100
AcDbLine
 10
28.0936
 20
10.6754
 30
0.0
 11
28.1676
 21
8.716799999999999
 31
0.0
  0
LINE
  5
FE
330
EA
100
AcDbEntity
  8
POINTS
  6
CONTINU
 62
     3
100
AcDbLine
 10
30.0347
 20
10.736
 30
0.0
 11
30.1504
 21
6.0335
 31
0.0
  0
LINE
  5
FF
330
EA
100
AcDbEntity
  8
POINTS
  6
CONTINU
 62
     3
100
AcDbLine
 10
31.9874
 20
10.7711
 30
0.0
 11
32.0097
 21
8.811299999999999
 31
0.0
  0
LINE
  5
100
330
EA
100
AcDbEntity
  8
POINTS
  6
CONTINU
 62
     3
100
AcDbLine
 10
33.9521
 20
10.781
 30
0.0
 11
33.9499
 21
8.821099999999999
 31
0.0
  0
LINE
  5
101
330
EA
100
AcDbEntity
  8
POINTS
  6
CONTINU
 62
     3
100
AcDbLine
 10
35.9253
 20
10.766
 30
0.0
 11
35.8464
 21
6.0627
 31
0.0
  0
LINE
  5
102
330
EA
100
AcDbEntity
  8
POINTS
  6
CONTINU
 62
     3
100
AcDbLine
 10
37.8814
 20
10.7124
 30
0.0
 11
37.809
 21
8.7538
 31
0.0
  0
LINE
  5
103
330
EA
100
AcDbEntity
  8
POINTS
  6
CONTINU
 62
     3
100
AcDbLine
 10
39.8374
 20
10.6255
 30
0.0
 11
39.7378
 21
8.667999999999999
 31
0.0
  0
LINE
  5
104
330
EA
100
AcDbEntity
  8
POINTS
  6
CONTINU
 62
     3
100
AcDbLine
 10
41.7933
 20
10.5175
 30
0.0
 11
41.51909999999999
 21
5.821699999999999
 31
0.0
  0
LINE
  5
105
330
EA
100
AcDbEntity
  8
POINTS
  6
CONTINU
 62
     3
100
AcDbLine
 10
43.7496
 20
10.4012
 30
0.0
 11
43.6333
 21
8.444699999999999
 31
0.0
  0
LINE
  5
106
330
EA
100
AcDbEntity
  8
POINTS
  6
CONTINU
 62
     3
100
AcDbLine
 10
45.7068
 20
10.2891
 30
0.0
 11
45.6011
 21
8.332
 31
0.0
  0
ENDBLK
  5
107
330
EA
100
AcDbEntity
  8
0
100
AcDbBlockEnd
  0
BLOCK
  5
109
330
108
100
AcDbEntity
  8
0
  6
CONTINU
 62
     0
100
AcDbBlockBegin
  2
SY141
 70
     0
 10
0.0
 20
0.0
 30
0.0
  3
SY141
  1

  0
CIRCLE
  5
10A
330
108
100
AcDbEntity
  8
0
  6
CONTINU
 62
     0
100
AcDbCircle
 10
0.0
 20
0.0
 30
0.0
 40
0.4480000000000001
  0
LWPOLYLINE
  5
10B
330
108
100
AcDbEntity
  8
0
  6
CONTINU
 62
     0
100
AcDbPolyline
 90
        2
 70
     0
 43
0.0
 10
0.0
 20
0.4480000000000001
 10
0.0
 20
2.233
  0
LWPOLYLINE
  5
10F
330
108
100
AcDbEntity
  8
0
  6
CONTINU
 62
     0
100
AcDbPolyline
 90
        2
 70
     0
 43
0.0
 10
-0.4480000000000001
 20
2.233
 10
0.4480000000000001
 20
2.233
  0
ENDBLK
  5
113
330
108
100
AcDbEntity
  8
0
100
AcDbBlockEnd
  0
BLOCK
  5
115
330
114
100
AcDbEntity
  8
0
  6
CONTINU
 62
     0
100
AcDbBlockBegin
  2
SY128
 70
     0
 10
0.0
 20
0.0
 30
0.0
  3
SY128
  1

  0
CIRCLE
  5
116
330
114
100
AcDbEntity
  8
0
  6
CONTINU
 62
     0
100
AcDbCircle
 10
0.0
 20
0.0
 30
0.0
 40
0.6230000000000001
  0
LWPOLYLINE
  5
117
330
114
100
AcDbEntity
  8
0
  6
CONTINU
 62
     0
100
AcDbPolyline
 90
        2
 70
     0
 43
0.0
 10
0.0
 20
0.0
 10
0.0
 20
0.0
  0
ENDBLK
  5
11B
330
114
100
AcDbEntity
  8
0
100
AcDbBlockEnd
  0
BLOCK
  5
11D
330
11C
100
AcDbEntity
  8
0
  6
CONTINU
 62
     0
100
AcDbBlockBegin
  2
SY131
 70
     0
 10
0.0
 20
0.0
 30
0.0
  3
SY131
  1

  0
CIRCLE
  5
11E
330
11C
100
AcDbEntity
  8
0
  6
CONTINU
 62
     0
100
AcDbCircle
 10
0.0
 20
0.0
 30
0.0
 40
0.714
  0
LWPOLYLINE
  5
11F
330
11C
100
AcDbEntity
  8
0
  6
CONTINU
 62
     0
100
AcDbPolyline
 90
        4
 70
     0
 43
0.0
 10
-1.631
 20
-0.9379999999999999
 10
1.631
 20
-0.9379999999999999
 10
0.0
 20
1.883
 10
-1.631
 20
-0.9379999999999999
  0
LWPOLYLINE
  5
125
330
11C
100
AcDbEntity
  8
0
  6
CONTINU
 62
     0
100
AcDbPolyline
 90
        2
 70
     0
 43
0.0
 10
0.0
 20
0.0
 10
0.0
 20
0.0
  0
ENDBLK
  5
129
330
11C
100
AcDbEntity
  8
0
100
AcDbBlockEnd
  0
BLOCK
  5
12B
330
12A
100
AcDbEntity
  8
0
  6
CONTINU
 62
     0
100
AcDbBlockBegin
  2
SY129
 70
     0
 10
0.0
 20
0.0
 30
0.0
  3
SY129
  1

  0
CIRCLE
  5
12C
330
12A
100
AcDbEntity
  8
0
  6
CONTINU
 62
     0
100
AcDbCircle
 10
0.0
 20
0.0
 30
0.0
 40
1.070999999999999
  0
CIRCLE
  5
12D
330
12A
100
AcDbEntity
  8
0
  6
CONTINU
 62
     0
100
AcDbCircle
 10
0.0
 20
0.0
 30
0.0
 40
0.6230000000000001
  0
LWPOLYLINE
  5
12E
330
12A
100
AcDbEntity
  8
0
  6
CONTINU
 62
     0
100
AcDbPolyline
 90
        2
 70
     0
 43
0.0
 10
0.0
 20
0.0
 10
0.0
 20
0.0
  0
ENDBLK
  5
132
330
12A
100
AcDbEntity
  8
0
100
AcDbBlockEnd
  0
BLOCK
  5
134
330
133
100
AcDbEntity
  8
0
  6
CONTINU
 62
     0
100
AcDbBlockBegin
  2
SY212
 70
     0
 10
0.0
 20
0.0
 30
0.0
  3
SY212
  1

  0
LWPOLYLINE
  5
135
330
133
100
AcDbEntity
  8
0
  6
CONTINU
 62
     0
100
AcDbPolyline
 90
       11
 70
     0
 43
0.0
 10
0.6800000000000001
 20
1.45
 10
0.6800000000000001
 20
-1.439999999999999
 10
0.43
 20
-1.439999999999999
 10
-0.5200000000000001
 20
1.209999999999999
 10
-0.5200000000000001
 20
-1.439999999999999
 10
-0.69
 20
-1.439999999999999
 10
-0.69
 20
1.45
 10
-0.43
 20
1.45
 10
0.5200000000000001
 20
-1.189999999999999
 10
0.5200000000000001
 20
1.45
 10
0.6800000000000001
 20
1.45
  0
LWPOLYLINE
  5
142
330
133
100
AcDbEntity
  8
0
  6
CONTINU
 62
     0
100
AcDbPolyline
 90
        6
 70
     0
 43
0.0
 10
0.6
 20
1.45
 10
0.6
 20
-1.33
 10
0.48
 20
-1.33
 10
-0.4900000000000001
 20
1.37
 10
-0.61
 20
1.37
 10
-0.61
 20
-1.439999999999999
  0
LWPOLYLINE
  5
14A
330
133
100
AcDbEntity
  8
0
  6
CONTINU
 62
     0
100
AcDbPolyline
 90
       14
 70
     0
 43
0.0
 10
0.0
 20
2.879999999999999
 10
-0.51
 20
16.77
 10
-0.51
 20
17.14
 10
-0.65
 20
20.6
 10
-0.6600000000000001
 20
20.97
 10
-1.139999999999999
 20
34.01
 10
0.0
 20
28.75
 10
0.0
 20
2.879999999999999
 10
0.51
 20
16.77
 10
0.51
 20
17.14
 10
0.65
 20
20.6
 10
0.6600000000000001
 20
20.97
 10
1.139999999999999
 20
34.01
 10
0.0
 20
28.75
  0
LWPOLYLINE
  5
15A
330
133
100
AcDbEntity
  8
0
  6
CONTINU
 62
     0
100
AcDbPolyline
 90
        9
 70
     0
 43
0.0
 10
-0.5
 20
16.49
 10
-1.29
 20
16.81
 10
-1.929999999999999
 20
17.38
 10
-2.339999999999999
 20
18.14
 10
-2.45
 20
18.99
 10
-2.27
 20
19.83
 10
-1.81
 20
20.55
 10
-1.129999999999999
 20
21.07
 10
-0.69
 20
21.25
  0
LWPOLYLINE
  5
165
330
133
100
AcDbEntity
  8
0
  6
CONTINU
 62
     0
100
AcDbPolyline
 90
        9
 70
     0
 43
0.0
 10
0.6700000000000001
 20
21.25
 10
1.439999999999999
 20
20.88
 10
2.04
 20
20.26
 10
2.379999999999999
 20
19.47
 10
2.439999999999999
 20
18.62
 10
2.189999999999999
 20
17.79
 10
1.679999999999999
 20
17.11
 10
0.9599999999999999
 20
16.64
 10
0.51
 20
16.49
  0
LWPOLYLINE
  5
170
330
133
100
AcDbEntity
  8
0
  6
CONTINU
 62
     0
100
AcDbPolyline
 90
        8
 70
     0
 43
0.0
 10
-0.51
 20
17.14
 10
-1.159999999999999
 20
17.48
 10
-1.629999999999999
 20
18.06
 10
-1.82
 20
18.78
 10
-1.719999999999999
 20
19.51
 10
-1.34
 20
20.14
 10
-0.73
 20
20.57
 10
-0.65
 20
20.6
  0
LWPOLYLINE
  5
17A
330
133
100
AcDbEntity
  8
0
  6
CONTINU
 62
     0
100
AcDbPolyline
 90
        8
 70
     0
 43
0.0
 10
0.65
 20
20.6
 10
1.27
 20
20.2
 10
1.689999999999999
 20
19.59
 10
1.83
 20
18.86
 10
1.669999999999999
 20
18.14
 10
1.229999999999999
 20
17.54
 10
0.59
 20
17.16
 10
0.51
 20
17.14
  0
LWPOLYLINE
  5
184
330
133
100
AcDbEntity
  8
0
  6
CONTINU
 62
     0
100
AcDbPolyline
 90
        5
 70
     0
 43
0.0
 10
-1.05
 20
33.23
 10
-0.9099999999999999
 20
32.15
 10
-0.16
 20
28.72
 10
-0.17
 20
11.94
 10
-0.9099999999999999
 20
32.15
  0
LWPOLYLINE
  5
18B
330
133
100
AcDbEntity
  8
0
  6
CONTINU
 62
     0
100
AcDbPolyline
 90
        2
 70
     0
 43
0.0
 10
-0.8299999999999998
 20
31.8
 10
-0.8299999999999998
 20
30.89
  0
LWPOLYLINE
  5
18F
330
133
100
AcDbEntity
  8
0
  6
CONTINU
 62
     0
100
AcDbPolyline
 90
        2
 70
     0
 43
0.0
 10
-0.6600000000000001
 20
25.53
 10
-0.6400000000000001
 20
31.03
  0
LWPOLYLINE
  5
193
330
133
100
AcDbEntity
  8
0
  6
CONTINU
 62
     0
100
AcDbPolyline
 90
        2
 70
     0
 43
0.0
 10
-0.5
 20
30.27
 10
-0.5
 20
21.0
  0
LWPOLYLINE
  5
197
330
133
100
AcDbEntity
  8
0
  6
CONTINU
 62
     0
100
AcDbPolyline
 90
        2
 70
     0
 43
0.0
 10
-0.33
 20
16.47
 10
-0.33
 20
29.5
  0
LWPOLYLINE
  5
19B
330
133
100
AcDbEntity
  8
0
  6
CONTINU
 62
     0
100
AcDbPolyline
 90
        2
 70
     0
 43
0.0
 10
0.0
 20
2.879999999999999
 10
-0.15
 20
11.1
  0
ENDBLK
  5
19F
330
133
100
AcDbEntity
  8
0
100
AcDbBlockEnd
  0
BLOCK
  5
95C
330
95B
100
AcDbEntity
  8
0
100
AcDbBlockBegin
  2
vecteurDXY
 70
     0
 10
0.0
 20
0.0
 30
0.0
  3
vecteurDXY
  1

  0
LWPOLYLINE
  5
95D
330
95B
100
AcDbEntity
  8
0
  6
ByBlock
 62
     0
370
    -2
100
AcDbPolyline
 90
        2
 70
   128
 43
0.005
 10
0.0
 20
0.0
 10
0.8338538414100185
 20
0.0
  0
SOLID
  5
95E
330
95B
100
AcDbEntity
  8
0
  6
ByBlock
 62
     0
370
    -2
100
AcDbTrace
 10
0.7618636138504371
 20
0.0444515467388556
 30
0.0
 11
0.8338538414100185
 21
0.0
 31
0.0
 12
1.0
 22
0.0
 32
0.0
 13
0.7618636138504371
 23
-0.0444515467388556
 33
0.0
  0
LWPOLYLINE
  5
95F
330
95B
100
AcDbEntity
  8
0
  6
ByBlock
 62
     0
370
    -2
100
AcDbPolyline
 90
        4
 70
   129
 43
0.0
 10
0.7618636138504371
 20
0.0444515467388556
 10
1.0
 20
0.0
 10
0.7618636138504371
 20
-0.0444515467388556
 10
0.8338538414100185
 20
0.0
  0
ENDBLK
  5
960
330
95B
100
AcDbEntity
  8
0
100
AcDbBlockEnd
  0
ENDSEC
  0
SECTION
  2
ENTITIES
  0
POINT
  5
1A0
330
36
100
AcDbEntity
  8
POINTS
 62
     7
100
AcDbPoint
 10
18659.85999368484
 20
97071.73042028268
 30
0.0
 50
359.999789299046
  0
POINT
  5
1A1
330
36
100
AcDbEntity
  8
POINTS
 62
     7
100
AcDbPoint
 10
18628.79135219513
 20
97173.6321519368
 30
0.0
 50
359.999789299046
  0
POINT
  5
1A2
330
36
100
AcDbEntity
  8
POINTS
 62
     7
100
AcDbPoint
 10
18645.68428085845
 20
97030.14275696466
 30
0.0
 50
359.999789299046
  0
POINT
  5
1A3
330
36
100
AcDbEntity
  8
POINTS
 62
     7
100
AcDbPoint
 10
18635.28770238724
 20
97064.24249594958
 30
0.0
 50
359.999789299046
  0
POINT
  5
1A4
330
36
100
AcDbEntity
  8
POINTS
 62
     7
100
AcDbPoint
 10
18624.95262082981
 20
97098.14024240454
 30
0.0
 50
359.999789299046
  0
POINT
  5
1A5
330
36
100
AcDbEntity
  8
POINTS
 62
     7
100
AcDbPoint
 10
18614.61673931363
 20
97132.04088875196
 30
0.0
 50
359.999789299046
  0
POINT
  5
1A6
330
36
100
AcDbEntity
  8
POINTS
 62
     7
100
AcDbPoint
 10
18604.20696150324
 20
97166.18362614706
 30
0.0
 50
359.999789299046
  0
POINT
  5
1A7
330
36
100
AcDbEntity
  8
POINTS
 62
     7
100
AcDbPoint
 10
18593.67808966831
 20
97200.71724908692
 30
0.0
 50
359.999789299046
  0
POINT
  5
1A8
330
36
100
AcDbEntity
  8
POINTS
 62
     7
100
AcDbPoint
 10
18639.24552777722
 20
97139.34351993721
 30
0.0
 50
359.999789299046
  0
POINT
  5
1A9
330
36
100
AcDbEntity
  8
POINTS
 62
     7
100
AcDbPoint
 10
18649.55231075364
 20
97105.53847005444
 30
0.0
 50
359.999789299046
  0
POINT
  5
1AA
330
36
100
AcDbEntity
  8
POINTS
 62
     7
100
AcDbPoint
 10
18676.78930386949
 20
97113.93654990965
 30
0.0
 50
359.999789299046
  0
POINT
  5
1AB
330
36
100
AcDbEntity
  8
POINTS
 62
     7
100
AcDbPoint
 10
18666.45312236808
 20
97147.83809622389
 30
0.0
 50
359.999789299046
  0
POINT
  5
1AC
330
36
100
AcDbEntity
  8
POINTS
 62
     7
100
AcDbPoint
 10
18656.0431445687
 20
97181.98173358546
 30
0.0
 50
359.999789299046
  0
POINT
  5
1AD
330
36
100
AcDbEntity
  8
POINTS
 62
     7
100
AcDbPoint
 10
18618.24998098589
 20
97208.20647337191
 30
0.0
 50
359.999789299046
  0
POINT
  5
1D1
330
36
100
AcDbEntity
  8
POINTS
 62
     7
100
AcDbPoint
 10
18640.14590808481
 20
97197.70099312214
 30
0.0
 50
359.999789299046
  0
POINT
  5
1D2
330
36
100
AcDbEntity
  8
POINTS
 62
     7
100
AcDbPoint
 10
18577.76805442295
 20
97243.83256484147
 30
0.0
 50
359.999789299046
  0
POINT
  5
1D3
330
36
100
AcDbEntity
  8
POINTS
 62
     7
100
AcDbPoint
 10
18567.40993739159
 20
97240.65372405249
 30
0.0
 50
359.999789299046
  0
POINT
  5
1D4
330
36
100
AcDbEntity
  8
POINTS
 62
     7
100
AcDbPoint
 10
18642.18058662114
 20
96995.40969322951
 30
0.0
 50
359.999789299046
  0
POINT
  5
1D5
330
36
100
AcDbEntity
  8
POINTS
 62
     7
100
AcDbPoint
 10
18651.80823068023
 20
96998.36984503718
 30
0.0
 50
359.999789299046
  0
POINT
  5
1D6
330
36
100
AcDbEntity
  8
POINTS
 62
     7
100
AcDbPoint
 10
18576.50867916717
 20
97241.85847030572
 30
0.0
 50
359.999789299046
  0
POINT
  5
1D8
330
36
100
AcDbEntity
  8
POINTS
 62
     7
100
AcDbPoint
 10
18577.03778142316
 20
97243.60847606515
 30
0.0
 50
359.999789299046
  0
POINT
  5
1D9
330
36
100
AcDbEntity
  8
POINTS
 62
     7
100
AcDbPoint
 10
18696.30233451723
 20
97134.09181020475
 30
0.0
 50
359.999789299046
  0
POINT
  5
1DC
330
36
100
AcDbEntity
  8
POINTS
 62
     7
100
AcDbPoint
 10
18802.93619721162
 20
97059.47676099265
 30
0.0
 50
359.999789299046
  0
POINT
  5
1DD
330
36
100
AcDbEntity
  8
POINTS
 62
     7
100
AcDbPoint
 10
18784.23285757756
 20
97045.26677119648
 30
0.0
 50
359.999789299046
  0
POINT
  5
1DE
330
36
100
AcDbEntity
  8
POINTS
 62
     7
100
AcDbPoint
 10
18766.07150759468
 20
97033.85797267772
 30
0.0
 50
359.999789299046
  0
POINT
  5
1DF
330
36
100
AcDbEntity
  8
POINTS
 62
     7
100
AcDbPoint
 10
18741.19060397394
 20
97019.82179897729
 30
0.0
 50
359.999789299046
  0
POINT
  5
1E0
330
36
100
AcDbEntity
  8
POINTS
 62
     7
100
AcDbPoint
 10
18698.11426911093
 20
96999.1196461752
 30
0.0
 50
359.999789299046
  0
POINT
  5
1E1
330
36
100
AcDbEntity
  8
POINTS
 62
     7
100
AcDbPoint
 10
18673.98024872341
 20
96988.26234860831
 30
0.0
 50
359.999789299046
  0
POINT
  5
1E2
330
36
100
AcDbEntity
  8
POINTS
 62
     7
100
AcDbPoint
 10
18636.02213919307
 20
96973.09226620374
 30
0.0
 50
359.999789299046
  0
POINT
  5
1E3
330
36
100
AcDbEntity
  8
POINTS
 62
     7
100
AcDbPoint
 10
18605.85563702062
 20
96959.07221132733
 30
0.0
 50
359.999789299046
  0
POINT
  5
1E4
330
36
100
AcDbEntity
  8
POINTS
 62
     7
100
AcDbPoint
 10
18582.67837617382
 20
96947.12575174055
 30
0.0
 50
359.999789299046
  0
POINT
  5
1E5
330
36
100
AcDbEntity
  8
POINTS
 62
     7
100
AcDbPoint
 10
18586.96028351775
 20
96939.10164172372
 30
0.0
 50
359.999789299046
  0
POINT
  5
1E6
330
36
100
AcDbEntity
  8
POINTS
 62
     7
100
AcDbPoint
 10
18598.62936445949
 20
96946.0493340928
 30
0.0
 50
359.999789299046
  0
POINT
  5
1E7
330
36
100
AcDbEntity
  8
POINTS
 62
     7
100
AcDbPoint
 10
18629.08715585158
 20
96960.15588460239
 30
0.0
 50
359.999789299046
  0
POINT
  5
1E8
330
36
100
AcDbEntity
  8
POINTS
 62
     7
100
AcDbPoint
 10
18654.74562020716
 20
96971.57105530727
 30
0.0
 50
359.999789299046
  0
POINT
  5
1E9
330
36
100
AcDbEntity
  8
POINTS
 62
     7
100
AcDbPoint
 10
18674.59459413578
 20
96979.7838693913
 30
0.0
 50
359.999789299046
  0
POINT
  5
1EA
330
36
100
AcDbEntity
  8
POINTS
 62
     7
100
AcDbPoint
 10
18701.7956002361
 20
96991.33982905907
 30
0.0
 50
359.999789299046
  0
POINT
  5
1EB
330
36
100
AcDbEntity
  8
POINTS
 62
     7
100
AcDbPoint
 10
18729.81588067586
 20
97004.40632816023
 30
0.0
 50
359.999789299046
  0
POINT
  5
1EC
330
36
100
AcDbEntity
  8
POINTS
 62
     7
100
AcDbPoint
 10
18747.99962167319
 20
97013.60371085481
 30
0.0
 50
359.999789299046
  0
POINT
  5
1ED
330
36
100
AcDbEntity
  8
POINTS
 62
     7
100
AcDbPoint
 10
18764.98231022899
 20
97023.28967935049
 30
0.0
 50
359.999789299046
  0
POINT
  5
1EE
330
36
100
AcDbEntity
  8
POINTS
 62
     7
100
AcDbPoint
 10
18784.16452437157
 20
97035.52944245402
 30
0.0
 50
359.999789299046
  0
POINT
  5
1EF
330
36
100
AcDbEntity
  8
POINTS
 62
     7
100
AcDbPoint
 10
18808.23147171214
 20
97053.02088749702
 30
0.0
 50
359.999789299046
  0
POINT
  5
1F0
330
36
100
AcDbEntity
  8
POINTS
 62
     7
100
AcDbPoint
 10
18582.14891221271
 20
97223.35892880556
 30
0.0
 50
359.999789299046
  0
POINT
  5
1F1
330
36
100
AcDbEntity
  8
POINTS
 62
     7
100
AcDbPoint
 10
18587.78922927521
 20
97204.85941292114
 30
0.0
 50
359.999789299046
  0
POINT
  5
1F2
330
36
100
AcDbEntity
  8
POINTS
 62
     7
100
AcDbPoint
 10
18593.54784040363
 20
97185.97181138834
 30
0.0
 50
359.999789299046
  0
POINT
  5
1F3
330
36
100
AcDbEntity
  8
POINTS
 62
     7
100
AcDbPoint
 10
18599.18835745569
 20
97167.47149553365
 30
0.0
 50
359.999789299046
  0
POINT
  5
1F4
330
36
100
AcDbEntity
  8
POINTS
 62
     7
100
AcDbPoint
 10
18604.88817153388
 20
97148.77688686375
 30
0.0
 50
359.999789299046
  0
POINT
  5
1F5
330
36
100
AcDbEntity
  8
POINTS
 62
     7
100
AcDbPoint
 10
18610.38079600479
 20
97130.76165307064
 30
0.0
 50
359.999789299046
  0
POINT
  5
1F6
330
36
100
AcDbEntity
  8
POINTS
 62
     7
100
AcDbPoint
 10
18616.05111156275
 20
97112.16384082112
 30
0.0
 50
359.999789299046
  0
POINT
  5
1F7
330
36
100
AcDbEntity
  8
POINTS
 62
     7
100
AcDbPoint
 10
18621.63233158947
 20
97093.85801777399
 30
0.0
 50
359.999789299046
  0
POINT
  5
1F8
330
36
100
AcDbEntity
  8
POINTS
 62
     7
100
AcDbPoint
 10
18627.06585902437
 20
97076.03647681828
 30
0.0
 50
359.999789299046
  0
POINT
  5
1F9
330
36
100
AcDbEntity
  8
POINTS
 62
     7
100
AcDbPoint
 10
18632.88356718858
 20
97056.95518244809
 30
0.0
 50
359.999789299046
  0
POINT
  5
1FA
330
36
100
AcDbEntity
  8
POINTS
 62
     7
100
AcDbPoint
 10
18638.34689312928
 20
97039.03604510131
 30
0.0
 50
359.999789299046
  0
POINT
  5
1FB
330
36
100
AcDbEntity
  8
POINTS
 62
     7
100
AcDbPoint
 10
18644.07580574746
 20
97020.24593996297
 30
0.0
 50
359.999789299046
  0
POINT
  5
1FC
330
36
100
AcDbEntity
  8
POINTS
 62
     7
100
AcDbPoint
 10
18649.68632430439
 20
97001.84402046955
 30
0.0
 50
359.999789299046
  0
POINT
  5
1FD
330
36
100
AcDbEntity
  8
POINTS
 62
     7
100
AcDbPoint
 10
18807.63389750444
 20
97053.84315836491
 30
0.0
 50
359.999789299046
  0
POINT
  5
1FE
330
36
100
AcDbEntity
  8
POINTS
 62
     7
100
AcDbPoint
 10
18783.59184928174
 20
97036.3698125408
 30
0.0
 50
359.999789299046
  0
POINT
  5
1FF
330
36
100
AcDbEntity
  8
POINTS
 62
     7
100
AcDbPoint
 10
18764.45673345542
 20
97024.16014811722
 30
0.0
 50
359.999789299046
  0
POINT
  5
200
330
36
100
AcDbEntity
  8
POINTS
 62
     7
100
AcDbPoint
 10
18747.51814331169
 20
97014.49927850301
 30
0.0
 50
359.999789299046
  0
POINT
  5
201
330
36
100
AcDbEntity
  8
POINTS
 62
     7
100
AcDbPoint
 10
18729.3716009662
 20
97005.32069495544
 30
0.0
 50
359.999789299046
  0
POINT
  5
202
330
36
100
AcDbEntity
  8
POINTS
 62
     7
100
AcDbPoint
 10
18701.3820194094
 20
96992.26849519655
 30
0.0
 50
359.999789299046
  0
POINT
  5
203
330
36
100
AcDbEntity
  8
POINTS
 62
     7
100
AcDbPoint
 10
18674.2016125565
 20
96980.72133511773
 30
0.0
 50
359.999789299046
  0
POINT
  5
204
330
36
100
AcDbEntity
  8
POINTS
 62
     7
100
AcDbPoint
 10
18654.34463892046
 20
96972.50522118883
 30
0.0
 50
359.999789299046
  0
POINT
  5
205
330
36
100
AcDbEntity
  8
POINTS
 62
     7
100
AcDbPoint
 10
18628.66697526521
 20
96961.08155087843
 30
0.0
 50
359.999789299046
  0
POINT
  5
206
330
36
100
AcDbEntity
  8
POINTS
 62
     7
100
AcDbPoint
 10
18598.15448586392
 20
96946.94960153769
 30
0.0
 50
359.999789299046
  0
POINT
  5
207
330
36
100
AcDbEntity
  8
POINTS
 62
     7
100
AcDbPoint
 10
18586.44020654563
 20
96939.97511035593
 30
0.0
 50
359.999789299046
  0
POINT
  5
208
330
36
100
AcDbEntity
  8
POINTS
 62
     7
100
AcDbPoint
 10
18636.45051948129
 20
96972.17049974897
 30
0.0
 50
359.999789299046
  0
POINT
  5
209
330
36
100
AcDbEntity
  8
POINTS
 62
     7
100
AcDbPoint
 10
18606.30281662453
 20
96958.15914447198
 30
0.0
 50
359.999789299046
  0
POINT
  5
20A
330
36
100
AcDbEntity
  8
POINTS
 62
     7
100
AcDbPoint
 10
18583.14405510786
 20
96946.2221844552
 30
0.0
 50
359.999789299046
  0
POINT
  5
20B
330
36
100
AcDbEntity
  8
POINTS
 62
     7
100
AcDbPoint
 10
18576.0655173775
 20
97243.31199093725
 30
0.0
 50
359.999789299046
  0
POINT
  5
20C
330
36
100
AcDbEntity
  8
POINTS
 62
     7
100
AcDbPoint
 10
18650.83596663444
 20
96998.07335990929
 30
0.0
 50
359.999789299046
  0
POINT
  5
20D
330
36
100
AcDbEntity
  8
POINTS
 62
     7
100
AcDbPoint
 10
18643.15285066658
 20
96995.70607836127
 30
0.0
 50
359.999789299046
  0
POINT
  5
20E
330
36
100
AcDbEntity
  8
POINTS
 62
     7
100
AcDbPoint
 10
18803.55107080749
 20
97058.66738956958
 30
0.0
 50
359.999789299046
  0
POINT
  5
20F
330
36
100
AcDbEntity
  8
POINTS
 62
     7
100
AcDbPoint
 10
18784.81183244058
 20
97044.43000094938
 30
0.0
 50
359.999789299046
  0
POINT
  5
210
330
36
100
AcDbEntity
  8
POINTS
 62
     7
100
AcDbPoint
 10
18766.59188455486
 20
97032.98440404818
 30
0.0
 50
359.999789299046
  0
POINT
  5
211
330
36
100
AcDbEntity
  8
POINTS
 62
     7
100
AcDbPoint
 10
18741.66108273169
 20
97018.92003160574
 30
0.0
 50
359.999789299046
  0
POINT
  5
212
330
36
100
AcDbEntity
  8
POINTS
 62
     7
100
AcDbPoint
 10
18698.54304938395
 20
96998.19787971897
 30
0.0
 50
359.999789299046
  0
POINT
  5
213
330
36
100
AcDbEntity
  8
POINTS
 62
     7
100
AcDbPoint
 10
18674.39722942687
 20
96987.33538239359
 30
0.0
 50
359.999789299046
  0
POINT
  5
214
330
36
100
AcDbEntity
  8
POINTS
 62
     7
100
AcDbPoint
 10
18568.38230143351
 20
97240.95020918003
 30
0.0
 50
359.999789299046
  0
POINT
  5
215
330
36
100
AcDbEntity
  8
POINTS
 62
     7
100
AcDbPoint
 10
18678.2597699974
 20
97065.57708706718
 30
0.0
 50
359.999789299046
  0
POINT
  5
216
330
36
100
AcDbEntity
  8
POINTS
 62
     7
100
AcDbPoint
 10
18679.45183636999
 20
97068.78356051198
 30
0.0
 50
359.999789299046
  0
POINT
  5
217
330
36
100
AcDbEntity
  8
POINTS
 62
     7
100
AcDbPoint
 10
18637.32912321455
 20
97199.8236226058
 30
0.0
 50
359.999789299046
  0
POINT
  5
218
330
36
100
AcDbEntity
  8
POINTS
 62
     7
100
AcDbPoint
 10
18658.43884760931
 20
96990.09403597292
 30
0.0
 50
359.999789299046
  0
POINT
  5
21A
330
36
100
AcDbEntity
  8
POINTS
 62
     7
100
AcDbPoint
 10
18639.67265837009
 20
97179.27949674811
 30
0.0
 50
359.999789299046
  0
POINT
  5
21B
330
36
100
AcDbEntity
  8
POINTS
 62
     7
100
AcDbPoint
 10
18641.1548840162
 20
97174.41787653186
 30
0.0
 50
359.999789299046
  0
POINT
  5
21C
330
36
100
AcDbEntity
  8
POINTS
 62
     7
100
AcDbPoint
 10
18649.97904136729
 20
97145.47594680967
 30
0.0
 50
359.999789299046
  0
POINT
  5
21D
330
36
100
AcDbEntity
  8
POINTS
 62
     7
100
AcDbPoint
 10
18651.46136700968
 20
97140.61432659308
 30
0.0
 50
359.999789299046
  0
POINT
  5
21E
330
36
100
AcDbEntity
  8
POINTS
 62
     7
100
AcDbPoint
 10
18660.28592433985
 20
97111.67089692652
 30
0.0
 50
359.999789299046
  0
POINT
  5
21F
330
36
100
AcDbEntity
  8
POINTS
 62
     7
100
AcDbPoint
 10
18661.76824998223
 20
97106.80927670994
 30
0.0
 50
359.999789299046
  0
POINT
  5
220
330
36
100
AcDbEntity
  8
POINTS
 62
     7
100
AcDbPoint
 10
18670.68080289911
 20
97077.57745770788
 30
0.0
 50
359.999789299046
  0
POINT
  5
221
330
36
100
AcDbEntity
  8
POINTS
 62
     7
100
AcDbPoint
 10
18672.16302854568
 20
97072.7159374878
 30
0.0
 50
359.999789299046
  0
POINT
  5
222
330
36
100
AcDbEntity
  8
POINTS
 62
     7
100
AcDbPoint
 10
18644.53417859012
 20
97180.76172239461
 30
0.0
 50
359.999789299046
  0
POINT
  5
223
330
36
100
AcDbEntity
  8
POINTS
 62
     7
100
AcDbPoint
 10
18646.01640423669
 20
97175.90020217457
 30
0.0
 50
359.999789299046
  0
POINT
  5
224
330
36
100
AcDbEntity
  8
POINTS
 62
     7
100
AcDbPoint
 10
18654.84066158347
 20
97146.95817245582
 30
0.0
 50
359.999789299046
  0
POINT
  5
225
330
36
100
AcDbEntity
  8
POINTS
 62
     7
100
AcDbPoint
 10
18656.32288723005
 20
97142.09665223576
 30
0.0
 50
359.999789299046
  0
POINT
  5
226
330
36
100
AcDbEntity
  8
POINTS
 62
     7
100
AcDbPoint
 10
18665.14754455614
 20
97113.15312257269
 30
0.0
 50
359.999789299046
  0
POINT
  5
227
330
36
100
AcDbEntity
  8
POINTS
 62
     7
100
AcDbPoint
 10
18666.6297702026
 20
97108.29160235267
 30
0.0
 50
359.999789299046
  0
POINT
  5
228
330
36
100
AcDbEntity
  8
POINTS
 62
     7
100
AcDbPoint
 10
18675.54232311972
 20
97079.05978335059
 30
0.0
 50
359.999789299046
  0
POINT
  5
229
330
36
100
AcDbEntity
  8
POINTS
 62
     7
100
AcDbPoint
 10
18677.02454876572
 20
97074.19816313436
 30
0.0
 50
359.999789299046
  0
POINT
  5
22B
330
36
100
AcDbEntity
  8
POINTS
 62
     5
100
AcDbPoint
 10
18569.89185381824
 20
97270.83436499921
 30
0.0
 50
359.999789299046
  0
POINT
  5
22D
330
36
100
AcDbEntity
  8
POINTS
 62
     7
100
AcDbPoint
 10
18764.26576980001
 20
97086.44827555213
 30
0.0
 50
359.999789299046
  0
POINT
  5
22E
330
36
100
AcDbEntity
  8
POINTS
 62
     5
100
AcDbPoint
 10
18692.69217597858
 20
97216.73047482916
 30
0.0
 50
359.999789299046
  0
POINT
  5
22F
330
36
100
AcDbEntity
  8
POINTS
 62
     5
100
AcDbPoint
 10
18736.95408765496
 20
97216.21903153979
 30
0.0
 50
359.999789299046
  0
POINT
  5
230
330
36
100
AcDbEntity
  8
POINTS
 62
     5
100
AcDbPoint
 10
18655.69731679622
 20
97252.42265095678
 30
0.0
 50
359.999789299046
  0
POINT
  5
231
330
36
100
AcDbEntity
  8
ROUTES
 62
    46
100
AcDbPoint
 10
18606.68278637387
 20
97171.40531808805
 30
445.6378205538135
 50
359.999789299046
  0
POINT
  5
232
330
36
100
AcDbEntity
  8
ROUTES
 62
    46
100
AcDbPoint
 10
18581.64122148749
 20
97166.23720709256
 30
446.1436012828354
 50
359.999789299046
  0
POINT
  5
233
330
36
100
AcDbEntity
  8
ROUTES
 62
    46
100
AcDbPoint
 10
18553.77856187081
 20
97160.46592945328
 30
446.6982801487676
 50
359.999789299046
  0
POINT
  5
234
330
36
100
AcDbEntity
  8
ROUTES
 62
    46
100
AcDbPoint
 10
18527.7458322191
 20
97154.60984831551
 30
447.1896614264294
 50
359.999789299046
  0
POINT
  5
235
330
36
100
AcDbEntity
  8
POINTS
 62
     1
100
AcDbPoint
 10
18524.9942279305
 20
97152.12755301376
 30
499.6685619043388
 50
359.999789299046
  0
POINT
  5
236
330
36
100
AcDbEntity
  8
POINTS
 62
     1
100
AcDbPoint
 10
18526.28968929743
 20
97155.0441371235
 30
499.8366554997295
 50
359.999789299046
  0
POINT
  5
237
330
36
100
AcDbEntity
  8
POINTS
 62
     1
100
AcDbPoint
 10
18527.04515190817
 20
97152.70422349934
 30
499.6923609975589
 50
359.999789299046
  0
POINT
  5
238
330
36
100
AcDbEntity
  8
POINTS
 62
     1
100
AcDbPoint
 10
18520.18840930601
 20
97151.6562886433
 30
70.73610485198881
 50
359.999789299046
  0
POINT
  5
239
330
36
100
AcDbEntity
  8
POINTS
 62
     1
100
AcDbPoint
 10
18533.17530438895
 20
97148.91054549994
 30
70.78310306128898
 50
359.999789299046
  0
POINT
  5
23A
330
36
100
AcDbEntity
  8
POINTS
 62
     1
100
AcDbPoint
 10
18531.95996970802
 20
97154.08055298464
 30
70.79660254693905
 50
359.999789299046
  0
POINT
  5
23B
330
36
100
AcDbEntity
  8
ROUTES
 62
    46
100
AcDbPoint
 10
18689.46449447923
 20
97188.32076914985
 30
444.2912718592684
 50
359.999789299046
  0
POINT
  5
23C
330
36
100
AcDbEntity
  8
ROUTES
 62
    46
100
AcDbPoint
 10
18662.31810885223
 20
97182.89777560636
 30
444.5406623571293
 50
359.999789299046
  0
POINT
  5
23D
330
36
100
AcDbEntity
  8
ROUTES
 62
    46
100
AcDbPoint
 10
18634.18765922415
 20
97177.0682011731
 30
445.0840416535914
 50
359.999789299046
  0
POINT
  5
23E
330
36
100
AcDbEntity
  8
POINTS
 62
     1
100
AcDbPoint
 10
18598.67271011195
 20
97176.44735543675
 30
450.3640404779914
 50
359.999789299046
  0
POINT
  5
23F
330
36
100
AcDbEntity
  8
POINTS
 62
    46
100
AcDbPoint
 10
18598.71396487153
 20
97191.76497166182
 30
451.4533989718556
 50
359.999789299046
  0
POINT
  5
240
330
36
100
AcDbEntity
  8
POINTS
 62
    46
100
AcDbPoint
 10
18598.76126446516
 20
97192.14455702509
 30
451.6284923005462
 50
359.999789299046
  0
POINT
  5
241
330
36
100
AcDbEntity
  8
POINTS
 62
    46
100
AcDbPoint
 10
18600.03321644812
 20
97192.26584772608
 30
451.7984858235469
 50
359.999789299046
  0
POINT
  5
242
330
36
100
AcDbEntity
  8
POINTS
 62
    46
100
AcDbPoint
 10
18600.01821551927
 20
97191.857863326
 30
451.6340920871863
 50
359.999789299046
  0
POINT
  5
24F
330
36
100
AcDbEntity
  8
FLECHE
 62
    31
100
AcDbPoint
 10
18691.13555535483
 20
97113.4194168539
 30
0.0
 50
359.999789299046
  0
POINT
  5
28E
330
36
100
AcDbEntity
  8
Carroyage système local
 62
     7
100
AcDbPoint
 10
18672.86633114709
 20
97324.58402851271
 30
0.0
 50
359.9999999999417
  0
POINT
  5
28F
330
36
100
AcDbEntity
  8
Carroyage système local
 62
     7
100
AcDbPoint
 10
18735.54274308504
 20
97271.05316811591
 30
0.0
 50
359.9999999999417
  0
POINT
  5
290
330
36
100
AcDbEntity
  8
Carroyage système local
 62
     7
100
AcDbPoint
 10
18675.54502908482
 20
97331.05088211624
 30
0.0
 50
359.9999999999417
  0
POINT
  5
291
330
36
100
AcDbEntity
  8
Carroyage système local
 62
     7
100
AcDbPoint
 10
18675.54502908482
 20
97271.05316811599
 30
0.0
 50
359.9999999999417
  0
POINT
  5
292
330
36
100
AcDbEntity
  8
Carroyage système local
 62
     7
100
AcDbPoint
 10
18678.22362702639
 20
97324.58402851271
 30
0.0
 50
359.9999999999417
  0
POINT
  5
293
330
36
100
AcDbEntity
  8
Carroyage système local
 62
     7
100
AcDbPoint
 10
18729.07578948541
 20
97273.73186605371
 30
0.0
 50
359.9999999999417
  0
POINT
  5
294
330
36
100
AcDbEntity
  8
Carroyage système local
 62
     7
100
AcDbPoint
 10
18729.07578948537
 20
97268.37447017819
 30
0.0
 50
359.9999999999417
  0
LWPOLYLINE
  5
29B
330
36
100
AcDbEntity
  8
POINTS
  6
CONTINU
 62
     7
100
AcDbPolyline
 90
       21
 70
     0
 43
0.19999238000076
 10
18808.23147171214
 20
97053.02088749702
 10
18795.85200985648
 20
97043.90318042102
 10
18784.16452437157
 20
97035.52944245402
 10
18774.16098133726
 20
97028.95342979827
 10
18764.98231022899
 20
97023.28967935049
 10
18756.43741733884
 20
97018.26930205848
 10
18747.99962167319
 20
97013.60371085481
 10
18739.47283023632
 20
97009.1660112954
 10
18729.81588067586
 20
97004.40632816023
 10
18716.49446493161
 20
96998.06801864934
 10
18701.7956002361
 20
96991.33982905907
 10
18687.61291813863
 20
96985.22761410103
 10
18674.59459413578
 20
96979.7838693913
 10
18664.59805990784
 20
96975.67506270564
 10
18654.74562020716
 20
96971.57105530727
 10
18642.60116333603
 20
96966.24350295671
 10
18629.08715585158
 20
96960.15588460239
 10
18612.51285974812
 20
96952.64873158881
 10
18598.62936445949
 20
96946.0493340928
 10
18592.11829881733
 20
96942.31770021831
 10
18586.96028351775
 20
96939.10164172372
  0
LWPOLYLINE
  5
2B2
330
36
100
AcDbEntity
  8
POINTS
  6
TIRETE_LONG
 62
     7
100
AcDbPolyline
 90
       21
 70
     0
 43
0.19999238000076
 10
18807.63389750444
 20
97053.84315836491
 10
18795.26513527057
 20
97044.73345094484
 10
18783.59184928174
 20
97036.3698125408
 10
18773.6110054374
 20
97029.80869923388
 10
18764.45673345542
 20
97024.16014811722
 10
18755.93453974911
 20
97019.1529702388
 10
18747.51814331169
 20
97014.49927850301
 10
18739.01045118348
 20
97010.07147849622
 10
18729.3716009662
 20
97005.32069495544
 10
18716.06698461124
 20
96998.99038507794
 10
18701.3820194094
 20
96992.26849519655
 10
18687.21243683375
 20
96986.16197997315
 10
18674.2016125565
 20
96980.72133511773
 10
18664.20287840908
 20
96976.61162847447
 10
18654.34463892046
 20
96972.50522118883
 10
18642.19328230126
 20
96967.174668978
 10
18628.66697526521
 20
96961.08155087843
 10
18612.06808005856
 20
96953.56339837438
 10
18598.15448586392
 20
96946.94960153769
 10
18591.61952108177
 20
96943.20426827307
 10
18586.44020654563
 20
96939.97511035593
  0
LWPOLYLINE
  5
2C9
330
36
100
AcDbEntity
  8
POINTS
  6
CONTINU
 62
     7
100
AcDbPolyline
 90
       11
 70
     0
 43
0.19999238000076
 10
18802.93619721162
 20
97059.47676099265
 10
18793.54912807031
 20
97052.18877319701
 10
18784.23285757756
 20
97045.26677119648
 10
18775.48006999615
 20
97039.53602173521
 10
18766.07150759468
 20
97033.85797267772
 10
18754.96170692058
 20
97027.33916191078
 10
18741.19060397394
 20
97019.82179897729
 10
18719.55208937087
 20
97009.20018325321
 10
18698.11426911093
 20
96999.1196461752
 10
18685.20343945495
 20
96993.25241720551
 10
18673.98024872341
 20
96988.26234860831
  0
LWPOLYLINE
  5
2D6
330
36
100
AcDbEntity
  8
POINTS
  6
TIRETE_LONG
 62
     7
100
AcDbPolyline
 90
       11
 70
     0
 43
0.19999238000076
 10
18803.55107080749
 20
97058.66738956958
 10
18794.14760224349
 20
97051.36640232963
 10
18784.81183244058
 20
97044.43000094938
 10
18776.03084586658
 20
97038.68105228531
 10
18766.59188455486
 20
97032.98440404818
 10
18755.45638480528
 20
97026.45069394352
 10
18741.66108273169
 20
97018.92003160574
 10
18719.99776902896
 20
97008.28631643386
 10
18698.54304938395
 20
96998.19787971897
 10
18685.62521998317
 20
96992.32755089312
 10
18674.39722942687
 20
96987.33538239359
  0
LWPOLYLINE
  5
2E3
330
36
100
AcDbEntity
  8
POINTS
  6
CONTINU
 62
     7
100
AcDbPolyline
 90
        5
 70
     0
 43
0.19999238000076
 10
18636.02213919307
 20
96973.09226620374
 10
18620.44910623379
 20
96965.9368961045
 10
18605.85563702062
 20
96959.07221132733
 10
18593.88307080682
 20
96952.98508728543
 10
18582.67837617382
 20
96947.12575174055
  0
LWPOLYLINE
  5
2EA
330
36
100
AcDbEntity
  8
POINTS
  6
TIRETE_LONG
 62
     7
100
AcDbPolyline
 90
        5
 70
     0
 43
0.19999238000076
 10
18636.45051948129
 20
96972.17049974897
 10
18620.88688617969
 20
96965.01942945136
 10
18606.30281662453
 20
96958.15914447198
 10
18594.33965006989
 20
96952.07672021647
 10
18583.14405510786
 20
96946.2221844552
  0
LWPOLYLINE
  5
2F1
330
36
100
AcDbEntity
  8
POINTS
  6
CONTINU
 62
     7
100
AcDbPolyline
 90
        2
 70
     0
 43
0.19999238000076
 10
18642.18058662114
 20
96995.40969322951
 10
18567.40993739159
 20
97240.65372405249
  0
LWPOLYLINE
  5
2F5
330
36
100
AcDbEntity
  8
POINTS
  6
CONTINU
 62
     7
100
AcDbPolyline
 90
        2
 70
     0
 43
0.19999238000076
 10
18577.03778142316
 20
97243.60847606515
 10
18651.80823068023
 20
96998.36984503718
  0
LWPOLYLINE
  5
2F9
330
36
100
AcDbEntity
  8
POINTS
  6
TIRETE_LONG
 62
     7
100
AcDbPolyline
 90
        2
 70
     0
 43
0.19999238000076
 10
18576.0655173775
 20
97243.31199093725
 10
18650.83596663444
 20
96998.07335990929
  0
LWPOLYLINE
  5
2FD
330
36
100
AcDbEntity
  8
POINTS
  6
TIRETE_LONG
 62
     7
100
AcDbPolyline
 90
        2
 70
     0
 43
0.19999238000076
 10
18643.15285066658
 20
96995.70607836127
 10
18568.38230143351
 20
97240.95020918003
  0
ARC
  5
301
330
36
100
AcDbEntity
  8
POINTS
  6
CONTINU
 62
     7
100
AcDbCircle
 10
18668.55651963947
 20
97005.73700274491
 30
0.0
 40
18.29700285769953
100
AcDbArc
 50
203.7436892991061
 51
287.2429892973425
  0
ARC
  5
302
330
36
100
AcDbEntity
  8
POINTS
  6
TIRETE_LONG
 62
     7
100
AcDbCircle
 10
18668.56011953432
 20
97005.74570240021
 30
0.0
 40
19.31356412524339
100
AcDbArc
 50
203.4063892995132
 51
287.5914893020891
  0
ARC
  5
303
330
36
100
AcDbEntity
  8
POINTS
  6
CONTINU
 62
     7
100
AcDbCircle
 10
18622.99089308836
 20
96988.69661957866
 30
0.0
 40
20.33002539659726
100
AcDbArc
 50
309.8654893008537
 51
19.28118929883913
  0
ARC
  5
304
330
36
100
AcDbEntity
  8
POINTS
  6
TIRETE_LONG
 62
     7
100
AcDbCircle
 10
18622.97879366859
 20
96988.72901838871
 30
0.0
 40
21.34648666795112
100
AcDbArc
 50
309.1312893014087
 51
19.07768930008132
  0
LWPOLYLINE
  5
305
330
36
100
AcDbEntity
  8
POINTS
  6
CONTINU
 62
     7
100
AcDbPolyline
 90
        2
 70
     0
 43
0.19999238000076
 10
18679.45183636999
 20
97068.78356051198
 10
18640.14590808481
 20
97197.70099312214
  0
LWPOLYLINE
  5
309
330
36
100
AcDbEntity
  8
POINTS
  6
CONTINU
 62
     7
100
AcDbPolyline
 90
        2
 70
     0
 43
0.19999238000076
 10
18637.32912321455
 20
97199.8236226058
 10
18678.2597699974
 20
97065.57708706718
  0
LWPOLYLINE
  5
30D
330
36
100
AcDbEntity
  8
POINTS
  6
CONTINU
 62
     5
100
AcDbPolyline
 90
        5
 70
     0
 43
0.19999238000076
 10
18677.02454876572
 20
97074.19816313436
 10
18672.16302854568
 20
97072.7159374878
 10
18670.68080289911
 20
97077.57745770788
 10
18675.54232311972
 20
97079.05978335059
 10
18677.02454876572
 20
97074.19816313436
  0
LWPOLYLINE
  5
314
330
36
100
AcDbEntity
  8
POINTS
  6
CONTINU
 62
     5
100
AcDbPolyline
 90
        5
 70
     0
 43
0.19999238000076
 10
18666.6297702026
 20
97108.29160235267
 10
18661.76824998223
 20
97106.80927670994
 10
18660.28592433985
 20
97111.67089692652
 10
18665.14754455614
 20
97113.15312257269
 10
18666.6297702026
 20
97108.29160235267
  0
LWPOLYLINE
  5
31B
330
36
100
AcDbEntity
  8
POINTS
  6
CONTINU
 62
     5
100
AcDbPolyline
 90
        5
 70
     0
 43
0.19999238000076
 10
18656.32288723005
 20
97142.09665223576
 10
18651.46136700968
 20
97140.61432659308
 10
18649.97904136729
 20
97145.47594680967
 10
18654.84066158347
 20
97146.95817245582
 10
18656.32288723005
 20
97142.09665223576
  0
LWPOLYLINE
  5
322
330
36
100
AcDbEntity
  8
POINTS
  6
CONTINU
 62
     5
100
AcDbPolyline
 90
        5
 70
     0
 43
0.19999238000076
 10
18646.01640423669
 20
97175.90020217457
 10
18641.1548840162
 20
97174.41787653186
 10
18639.67265837009
 20
97179.27949674811
 10
18644.53417859012
 20
97180.76172239461
 10
18646.01640423669
 20
97175.90020217457
  0
CIRCLE
  5
329
330
36
100
AcDbEntity
  8
POINTS
  6
CONTINU
 62
     7
100
AcDbCircle
 10
18644.07580574746
 20
97020.24593996297
 30
0.0
 40
0.5082806337719316
  0
CIRCLE
  5
32A
330
36
100
AcDbEntity
  8
POINTS
  6
CONTINU
 62
     7
100
AcDbCircle
 10
18638.34689312928
 20
97039.03604510131
 30
0.0
 40
0.5082806337719316
  0
CIRCLE
  5
32B
330
36
100
AcDbEntity
  8
POINTS
  6
CONTINU
 62
     7
100
AcDbCircle
 10
18632.88356718858
 20
97056.95518244809
 30
0.0
 40
0.5082806337719316
  0
CIRCLE
  5
32C
330
36
100
AcDbEntity
  8
POINTS
  6
CONTINU
 62
     7
100
AcDbCircle
 10
18627.06585902437
 20
97076.03647681828
 30
0.0
 40
0.5082806337719316
  0
CIRCLE
  5
32D
330
36
100
AcDbEntity
  8
POINTS
  6
CONTINU
 62
     7
100
AcDbCircle
 10
18621.63233158947
 20
97093.85801777399
 30
0.0
 40
0.5082806337719316
  0
CIRCLE
  5
32E
330
36
100
AcDbEntity
  8
POINTS
  6
CONTINU
 62
     7
100
AcDbCircle
 10
18616.05111156275
 20
97112.16384082112
 30
0.0
 40
0.5082806337719316
  0
CIRCLE
  5
32F
330
36
100
AcDbEntity
  8
POINTS
  6
CONTINU
 62
     7
100
AcDbCircle
 10
18610.38079600479
 20
97130.76165307064
 30
0.0
 40
0.5082806337719316
  0
CIRCLE
  5
330
330
36
100
AcDbEntity
  8
POINTS
  6
CONTINU
 62
     7
100
AcDbCircle
 10
18604.88817153388
 20
97148.77688686375
 30
0.0
 40
0.5082806337719316
  0
CIRCLE
  5
331
330
36
100
AcDbEntity
  8
POINTS
  6
CONTINU
 62
     7
100
AcDbCircle
 10
18599.18835745569
 20
97167.47149553365
 30
0.0
 40
0.5082806337719316
  0
CIRCLE
  5
332
330
36
100
AcDbEntity
  8
POINTS
  6
CONTINU
 62
     7
100
AcDbCircle
 10
18593.54784040363
 20
97185.97181138834
 30
0.0
 40
0.5082806337719316
  0
CIRCLE
  5
333
330
36
100
AcDbEntity
  8
POINTS
  6
CONTINU
 62
     7
100
AcDbCircle
 10
18587.78922927521
 20
97204.85941292114
 30
0.0
 40
0.5082806337719316
  0
CIRCLE
  5
334
330
36
100
AcDbEntity
  8
POINTS
  6
CONTINU
 62
     7
100
AcDbCircle
 10
18582.14891221271
 20
97223.35892880556
 30
0.0
 40
0.5082806337719316
  0
CIRCLE
  5
335
330
36
100
AcDbEntity
  8
POINTS
  6
CONTINU
 62
     7
100
AcDbCircle
 10
18649.68632430439
 20
97001.84402046955
 30
0.0
 40
0.5082806337719316
  0
CIRCLE
  5
336
330
36
100
AcDbEntity
  8
POINTS
  6
CONTINU
 62
     7
100
AcDbCircle
 10
18576.50867916717
 20
97241.85847030572
 30
0.0
 40
0.5082806337719316
  0
INSERT
  5
337
330
36
100
AcDbEntity
  8
HACHURES
  6
POINTILLE_TRAME
 62
     5
100
AcDbBlockReference
  2
*X0
 10
18677.02454876572
 20
97074.19816313436
 30
0.0
 41
0.9999619000038
 42
0.9999619000038
 43
0.9999619000038
 50
359.999789299046
  0
INSERT
  5
338
330
36
100
AcDbEntity
  8
HACHURES
  6
POINTILLE_TRAME
 62
     5
100
AcDbBlockReference
  2
*X1
 10
18666.6297702026
 20
97108.29160235267
 30
0.0
 41
0.9999619000038
 42
0.9999619000038
 43
0.9999619000038
 50
359.999789299046
  0
INSERT
  5
339
330
36
100
AcDbEntity
  8
HACHURES
  6
POINTILLE_TRAME
 62
     5
100
AcDbBlockReference
  2
*X2
 10
18656.32288723005
 20
97142.09665223576
 30
0.0
 41
0.9999619000038
 42
0.9999619000038
 43
0.9999619000038
 50
359.999789299046
  0
INSERT
  5
33A
330
36
100
AcDbEntity
  8
HACHURES
  6
POINTILLE_TRAME
 62
     5
100
AcDbBlockReference
  2
*X3
 10
18646.01640423669
 20
97175.90020217457
 30
0.0
 41
0.9999619000038
 42
0.9999619000038
 43
0.9999619000038
 50
359.999789299046
  0
INSERT
  5
33B
330
36
100
AcDbEntity
  8
POINTS
  6
CONTINU
 62
     3
100
AcDbBlockReference
  2
TALUS_1
 10
18761.1779841038
 20
97167.11431341533
 30
0.0
 41
0.9999619000038
 42
0.9999619000038
 43
0.9999619000038
 50
359.999789299046
  0
INSERT
  5
33C
330
36
100
AcDbEntity
  8
POINTS
  6
CONTINU
 62
     3
100
AcDbBlockReference
  2
TALUS_2
 10
18710.94079380183
 20
97193.10670781819
 30
0.0
 41
0.9999619000038
 42
0.9999619000038
 43
0.9999619000038
 50
359.999789299046
  0
TEXT
  5
33D
330
36
100
AcDbEntity
  8
HACHURES
 62
     7
100
AcDbText
 10
18590.1942843815
 20
97027.22617215885
 30
0.0
 40
1.829730284626953
  1
PLAN D'EAU
 50
106.578767354316
 41
1.547973043372635
 72
     5
 11
18582.78605815833
 21
97052.11025128383
 31
0.0
100
AcDbText
  0
TEXT
  5
33E
330
36
100
AcDbEntity
  8
HACHURES
 62
     1
100
AcDbText
 10
18650.49218622094
 20
97027.02945790449
 30
0.0
 40
1.829730284626953
  1
L.1
 50
106.2798315096358
 41
1.03799153667198
 72
     5
 11
18649.60483120475
 21
97030.067945397
 31
0.0
100
AcDbText
  0
TEXT
  5
33F
330
36
100
AcDbEntity
  8
HACHURES
 62
     1
100
AcDbText
 10
18595.06673996275
 20
97201.58851078371
 30
0.0
 40
1.829730284626953
  1
L.6
 50
106.2814203343887
 41
0.9849885922222105
 72
     5
 11
18594.05619119033
 21
97205.04848267019
 31
0.0
100
AcDbText
  0
TEXT
  5
340
330
36
100
AcDbEntity
  8
HACHURES
 62
     1
100
AcDbText
 10
18626.76470858823
 20
97167.96947514605
 30
0.0
 40
1.829730284626953
  1
L.10
 50
106.2811689043438
 41
1.05997515162524
 72
     5
 11
18625.40537749704
 21
97172.62370281231
 31
0.0
100
AcDbText
  0
TEXT
  5
341
330
36
100
AcDbEntity
  8
HACHURES
 62
     1
100
AcDbText
 10
18657.40829791823
 20
97183.44027299258
 30
0.0
 40
1.829730284626953
  1
L.13
 50
106.2811689058019
 41
0.9937267046498357
 72
     5
 11
18656.04896682692
 21
97188.09450065879
 31
0.0
100
AcDbText
  0
TEXT
  5
342
330
36
100
AcDbEntity
  8
HACHURES
 62
     7
100
AcDbText
 10
18645.41160511143
 20
97169.87203408066
 30
0.0
 40
1.829730284626953
  1
T.4
 50
106.2821870619736
 41
1.029970565833804
 72
     5
 11
18644.35485868026
 21
97173.49000011715
 31
0.0
100
AcDbText
  0
TEXT
  5
343
330
36
100
AcDbEntity
  8
HACHURES
 62
     1
100
AcDbText
 10
18609.49794258701
 20
97161.47338615607
 30
0.0
 40
1.829730284626953
  1
L.5
 50
106.2818659721574
 41
0.9849623627172949
 72
     5
 11
18608.48739381436
 21
97164.93325804632
 31
0.0
100
AcDbText
  0
TEXT
  5
344
330
36
100
AcDbEntity
  8
HACHURES
 62
     1
100
AcDbText
 10
18677.20840935266
 20
97146.96159006674
 30
0.0
 40
1.829730284626953
  1
L.12
 50
106.2811689057055
 41
0.9937267046555612
 72
     5
 11
18675.84907826135
 21
97151.61581773299
 31
0.0
100
AcDbText
  0
TEXT
  5
345
330
36
100
AcDbEntity
  8
HACHURES
 62
     1
100
AcDbText
 10
18636.24243444957
 20
97137.23621127273
 30
0.0
 40
1.829730284626953
  1
L.9
 50
106.2805431048063
 41
0.9599902246081624
 72
     5
 11
18635.25758437518
 21
97140.60838640989
 31
0.0
100
AcDbText
  0
TEXT
  5
346
330
36
100
AcDbEntity
  8
HACHURES
 62
     1
100
AcDbText
 10
18620.50140996631
 20
97130.64512029143
 30
0.0
 40
1.829730284626953
  1
L.4
 50
106.2803018086601
 41
1.029989134570324
 72
     5
 11
18619.44476353151
 21
97134.26318632384
 31
0.0
100
AcDbText
  0
TEXT
  5
347
330
36
100
AcDbEntity
  8
HACHURES
 62
     7
100
AcDbText
 10
18655.75318691573
 20
97136.10878247735
 30
0.0
 40
1.829730284626953
  1
T.3
 50
106.2818659740448
 41
0.984962362726771
 72
     5
 11
18654.74263814296
 21
97139.56865436758
 31
0.0
100
AcDbText
  0
TEXT
  5
348
330
36
100
AcDbEntity
  8
HACHURES
 62
     1
100
AcDbText
 10
18629.99572948984
 20
97098.36041546925
 30
0.0
 40
1.829730284626953
  1
L.3
 50
106.2814203343793
 41
0.9849885922263061
 72
     5
 11
18628.98518071741
 21
97101.82038735574
 31
0.0
100
AcDbText
  0
TEXT
  5
349
330
36
100
AcDbEntity
  8
HACHURES
 62
     1
100
AcDbText
 10
18645.41466321408
 20
97104.12723904083
 30
0.0
 40
1.829730284626953
  1
L.8
 50
106.2814203346942
 41
0.9849885922113166
 72
     5
 11
18644.40411444165
 21
97107.58721092727
 31
0.0
100
AcDbText
  0
TEXT
  5
34A
330
36
100
AcDbEntity
  8
HACHURES
 62
     1
100
AcDbText
 10
18680.2743614544
 20
97111.31813685847
 30
0.0
 40
1.829730284626953
  1
L.11
 50
106.2812505269928
 41
1.032840818694163
 72
     5
 11
18679.03812412296
 21
97115.55088013113
 31
0.0
100
AcDbText
  0
TEXT
  5
34B
330
36
100
AcDbEntity
  8
HACHURES
 62
     7
100
AcDbText
 10
18672.07875941297
 20
97080.23625126296
 30
0.0
 40
1.829730284626953
  1
T.1
 50
106.2798315092666
 41
1.037991536694882
 72
     5
 11
18671.19140439678
 21
97083.27473875554
 31
0.0
100
AcDbText
  0
TEXT
  5
34C
330
36
100
AcDbEntity
  8
HACHURES
 62
     7
100
AcDbText
 10
18662.04256644831
 20
97114.12879681686
 30
0.0
 40
1.829730284626953
  1
T.2
 50
106.2814203327328
 41
0.9849885922097532
 72
     5
 11
18661.032017676
 21
97117.58876870332
 31
0.0
100
AcDbText
  0
TEXT
  5
34D
330
36
100
AcDbEntity
  8
HACHURES
 62
     1
100
AcDbText
 10
18640.01182407255
 20
97064.69966115767
 30
0.0
 40
1.829730284626953
  1
L.2
 50
106.2814203344629
 41
0.9849885922142975
 72
     5
 11
18639.00127530014
 21
97068.15963304411
 31
0.0
100
AcDbText
  0
TEXT
  5
34E
330
36
100
AcDbEntity
  8
HACHURES
 62
     1
100
AcDbText
 10
18648.45395929881
 20
96998.59174891784
 30
0.0
 40
1.829730284626953
  1
N.14
 50
106.2814960232511
 41
1.098750487258412
 72
     5
 11
18646.95093549135
 21
97003.73785837115
 31
0.0
100
AcDbText
  0
TEXT
  5
34F
330
36
100
AcDbEntity
  8
HACHURES
 62
     1
100
AcDbText
 10
18575.24417307967
 20
97238.70171330087
 30
0.0
 40
1.829730284626953
  1
N.1
 50
106.2810003271168
 41
1.151956794015645
 72
     5
 11
18574.25932300481
 21
97242.07378844182
 31
0.0
100
AcDbText
  0
TEXT
  5
350
330
36
100
AcDbEntity
  8
HACHURES
 62
     1
100
AcDbText
 10
18580.38557113318
 20
97221.11142092364
 30
0.0
 40
1.829730284626953
  1
N.2
 50
106.2819131103665
 41
1.079985869842494
 72
     5
 11
18579.27752730254
 21
97224.90508045467
 31
0.0
100
AcDbText
  0
TEXT
  5
351
330
36
100
AcDbEntity
  8
HACHURES
 62
     1
100
AcDbText
 10
18587.13645618394
 20
97202.34246378526
 30
0.0
 40
1.829730284626953
  1
N.3
 50
106.2819131087129
 41
1.079985869825104
 72
     5
 11
18586.02841235343
 21
97206.13612331627
 31
0.0
100
AcDbText
  0
TEXT
  5
352
330
36
100
AcDbEntity
  8
HACHURES
 62
     1
100
AcDbText
 10
18592.69900730269
 20
97185.26376870332
 30
0.0
 40
1.829730284626953
  1
N.4
 50
106.2808693200862
 41
1.12498641197501
 72
     5
 11
18591.54486581003
 21
97189.21552238027
 31
0.0
100
AcDbText
  0
TEXT
  5
353
330
36
100
AcDbEntity
  8
HACHURES
 62
     1
100
AcDbText
 10
18597.95299268413
 20
97164.25182275095
 30
0.0
 40
1.829730284626953
  1
N.5
 50
106.2805215646187
 41
1.079978208984257
 72
     5
 11
18596.84504884987
 21
97168.04548228154
 31
0.0
100
AcDbText
  0
TEXT
  5
354
330
36
100
AcDbEntity
  8
HACHURES
 62
     1
100
AcDbText
 10
18603.4476179791
 20
97146.48137962358
 30
0.0
 40
1.829730284626953
  1
N.6
 50
106.2819131086116
 41
1.079985869824547
 72
     5
 11
18602.3395741486
 21
97150.27503915459
 31
0.0
100
AcDbText
  0
TEXT
  5
355
330
36
100
AcDbEntity
  8
HACHURES
 62
     1
100
AcDbText
 10
18609.02893700241
 20
97127.90376693176
 30
0.0
 40
1.829730284626953
  1
N.7
 50
106.2805215647706
 41
1.079978208985093
 72
     5
 11
18607.92099316813
 21
97131.69742646236
 31
0.0
100
AcDbText
  0
TEXT
  5
356
330
36
100
AcDbEntity
  8
HACHURES
 62
     1
100
AcDbText
 10
18614.43166349189
 20
97109.50604804244
 30
0.0
 40
1.829730284626953
  1
N.8
 50
106.2819131071856
 41
1.079985869820839
 72
     5
 11
18613.32361966148
 21
97113.29970757345
 31
0.0
100
AcDbText
  0
TEXT
  5
357
330
36
100
AcDbEntity
  8
HACHURES
 62
     1
100
AcDbText
 10
18620.00308602117
 20
97091.77920297156
 30
0.0
 40
1.829730284626953
  1
N.9
 50
106.2811265502382
 41
1.054987502079966
 72
     5
 11
18618.92074088844
 21
97095.4850657532
 31
0.0
100
AcDbText
  0
TEXT
  5
358
330
36
100
AcDbEntity
  8
HACHURES
 62
     1
100
AcDbText
 10
18625.58939953165
 20
97071.75434540339
 30
0.0
 40
1.829730284626953
  1
N.10
 50
106.281560516457
 41
1.135972973688145
 72
     5
 11
18624.13257338225
 21
97076.74226071421
 31
0.0
100
AcDbText
  0
TEXT
  5
359
330
36
100
AcDbEntity
  8
HACHURES
 62
     1
100
AcDbText
 10
18630.92652922011
 20
97053.54681950874
 30
0.0
 40
1.829730284626953
  1
N.11
 50
106.281672318797
 41
1.114267056631135
 72
     5
 11
18629.59279683057
 21
97058.11325042603
 31
0.0
100
AcDbText
  0
TEXT
  5
35A
330
36
100
AcDbEntity
  8
HACHURES
 62
     1
100
AcDbText
 10
18636.93273200971
 20
97034.95700571926
 30
0.0
 40
1.829730284626953
  1
N.12
 50
106.281560516669
 41
1.064974662824466
 72
     5
 11
18635.4759058603
 21
97039.94492103003
 31
0.0
100
AcDbText
  0
TEXT
  5
35B
330
36
100
AcDbEntity
  8
HACHURES
 62
     1
100
AcDbText
 10
18642.51535230227
 20
97016.73797935995
 30
0.0
 40
1.829730284626953
  1
N.13
 50
106.281560516502
 41
1.064974662829773
 72
     5
 11
18641.05852615287
 21
97021.72589467076
 31
0.0
100
AcDbText
  0
TEXT
  5
35C
330
36
100
AcDbEntity
  8
HACHURES
 62
     7
100
AcDbText
 10
18509.45046119831
 20
97215.90994205875
 30
0.0
 40
4.066045077795452
  1
BARRAGE DU ROUCHAIN
 50
106.9559999999999
  7
Tahoma
 72
     1
 11
18500.38446898089
 21
97245.64511848232
 31
0.0
100
AcDbText
  0
TEXT
  5
35D
330
36
100
AcDbEntity
  8
HACHURES
 62
     7
100
AcDbText
 10
18694.59574502309
 20
96983.30796156279
 30
0.0
 40
2.541203176479657
  1
C.D 47
 50
203.2273137351387
 41
1.989031524636793
 72
     5
 11
18671.3714932462
 21
96973.34092672987
 31
0.0
100
AcDbText
  0
TEXT
  5
35E
330
36
100
AcDbEntity
  8
HACHURES
 62
     7
100
AcDbText
 10
18821.57411932339
 20
97068.24435839235
 30
0.0
 40
1.829730284626953
  1
Vers ROANNE
 50
216.5212076510063
 41
1.291795472635766
 72
     5
 11
18800.67955853267
 21
97052.77122478214
 31
0.0
100
AcDbText
  0
TEXT
  5
35F
330
36
100
AcDbEntity
  8
HACHURES
 62
     7
100
AcDbText
 10
18598.62718487916
 20
96951.57922340412
 30
0.0
 40
1.829730284626953
  1
Vers LES NOES
 50
208.4730627295945
 41
1.246131858403843
 72
     5
 11
18572.57142567244
 21
96937.44795764745
 31
0.0
100
AcDbText
  0
TEXT
  5
360
330
36
100
AcDbEntity
  8
HACHURES
 62
     5
100
AcDbText
 10
18667.95499583338
 20
96938.64776115386
 30
0.0
 40
2.033022538897726
  1
St 101
 50
106.2816989763022
 41
0.9434361318724311
 72
     5
 11
18665.35592758696
 21
96947.54643165996
 31
0.0
100
AcDbText
  0
TEXT
  5
361
330
36
100
AcDbEntity
  8
HACHURES
 62
     5
100
AcDbText
 10
18737.1581604608
 20
97020.59538433212
 30
0.0
 40
2.033022538897726
  1
St 103
 50
106.2816469946521
 41
0.9290231853424044
 72
     5
 11
18734.42229914898
 21
97029.96243749527
 31
0.0
100
AcDbText
  0
TEXT
  5
362
330
36
100
AcDbEntity
  8
HACHURES
 62
     5
100
AcDbText
 10
18767.10665291751
 20
97084.09865462853
 30
0.0
 40
2.033022538897726
  1
St 105
 50
106.2810834197732
 41
0.9290205163607165
 72
     5
 11
18764.37089160194
 21
97093.46570779121
 31
0.0
100
AcDbText
  0
TEXT
  5
363
330
36
100
AcDbEntity
  8
HACHURES
 62
     5
100
AcDbText
 10
18694.17824323036
 20
97223.22202202667
 30
0.0
 40
2.033022538897726
  1
St 106
 50
106.2816469953732
 41
0.9290231853443758
 72
     5
 11
18691.44238191841
 21
97232.58907518982
 31
0.0
100
AcDbText
  0
TEXT
  5
364
330
36
100
AcDbEntity
  8
HACHURES
 62
     5
100
AcDbText
 10
18735.29657328879
 20
97222.3318047299
 30
0.0
 40
2.033022538897726
  1
St 107
 50
106.2816469947205
 41
0.9290231853398418
 72
     5
 11
18732.56071197695
 21
97231.69885789301
 31
0.0
100
AcDbText
  0
TEXT
  5
365
330
36
100
AcDbEntity
  8
HACHURES
 62
     5
100
AcDbText
 10
18658.23773130233
 20
97255.49522454477
 30
0.0
 40
2.033022538897726
  1
St 108
 50
106.2810834197458
 41
0.9290205163634734
 72
     5
 11
18655.50196998675
 21
97264.86227770747
 31
0.0
100
AcDbText
  0
TEXT
  5
366
330
36
100
AcDbEntity
  8
HACHURES
 62
     5
100
AcDbText
 10
18570.65734309366
 20
97275.84897112034
 30
0.0
 40
2.033022538897726
  1
St 102
 50
106.2816469942012
 41
0.9290231853316097
 72
     5
 11
18567.92148178193
 21
97285.2160242834
 31
0.0
100
AcDbText
  0
INSERT
  5
367
330
36
100
AcDbEntity
  8
POINTS
  6
POINTILLE_MOYEN
 62
   254
100
AcDbBlockReference
  2
*X4
 10
18678.2597699974
 20
97065.57708706718
 30
0.0
 41
0.9999619000038
 42
0.9999619000038
 43
0.9999619000038
 50
359.999789299046
  0
LWPOLYLINE
  5
368
330
36
100
AcDbEntity
  8
POINTS
  6
CONTINU
 62
     7
100
AcDbPolyline
 90
        4
 70
     0
 43
0.19999238000076
 10
18736.05011435243
 20
97186.92105115943
 10
18768.09928071732
 20
97183.51776296671
 10
18761.53003865956
 20
97185.5965079224
 10
18761.51972847091
 20
97182.71921758923
  0
TEXT
  5
36E
330
36
100
AcDbEntity
  8
POINTS
 62
     7
100
AcDbText
 10
18785.01495469086
 20
97188.54420924341
 30
0.0
 40
2.033022538897726
  1
LE ROUCHAIN
 50
174.0767281862547
 41
1.312485087656857
 72
     5
 11
18757.58961010009
 21
97191.38960168837
 31
0.0
100
AcDbText
  0
TEXT
  5
36F
330
36
100
AcDbEntity
  8
HACHURES
 62
     1
100
AcDbText
 10
18662.26988692926
 20
97067.66926615594
 30
0.0
 40
1.829730284626953
  1
L.7
 50
106.2814203364799
 41
0.9849885922161398
 72
     5
 11
18661.25933815673
 21
97071.12923804237
 31
0.0
100
AcDbText
  0
INSERT
  5
370
330
36
100
AcDbEntity
  8
ROUTES
  6
CONTINU
 62
    46
100
AcDbBlockReference
  2
SY141
 10
18581.64122148749
 20
97166.23720709256
 30
0.0
 41
0.9999619000038
 42
0.9999619000038
 43
0.9999619000038
 50
12.40028929904614
  0
INSERT
  5
371
330
36
100
AcDbEntity
  8
ROUTES
  6
CONTINU
 62
    46
100
AcDbBlockReference
  2
SY141
 10
18606.68278637387
 20
97171.40531808805
 30
0.0
 41
0.9999619000038
 42
0.9999619000038
 43
0.9999619000038
 50
11.86148929904608
  0
CIRCLE
  5
372
330
36
100
AcDbEntity
  8
POINTS
  6
CONTINU
 62
     7
100
AcDbCircle
 10
18526.64375763527
 20
97150.1029240888
 30
0.0
 40
6.639747016025231
  0
INSERT
  5
373
330
36
100
AcDbEntity
  8
ROUTES
  6
CONTINU
 62
    46
100
AcDbBlockReference
  2
SY141
 10
18553.77856187081
 20
97160.46592945328
 30
0.0
 41
0.9999619000037998
 42
0.9999619000037998
 43
0.9999619000037998
 50
12.83008929904614
  0
INSERT
  5
374
330
36
100
AcDbEntity
  8
ROUTES
  6
CONTINU
 62
    46
100
AcDbBlockReference
  2
SY141
 10
18527.7458322191
 20
97154.60984831551
 30
0.0
 41
0.9999619000038
 42
0.9999619000038
 43
0.9999619000038
 50
197.609089299046
  0
LWPOLYLINE
  5
375
330
36
100
AcDbEntity
  8
POINTS
  6
CONTINU
 62
     7
100
AcDbPolyline
 90
        5
 70
     0
 43
0.3999847600015201
 10
18524.602242577
 20
97152.04905744606
 10
18527.46783630771
 20
97152.84141671764
 10
18526.75377208426
 20
97155.17163055913
 10
18523.91487723723
 20
97154.35237221427
 10
18524.60214248226
 20
97152.02225846752
  0
INSERT
  5
37C
330
36
100
AcDbEntity
  8
ROUTES
  6
CONTINU
 62
    46
100
AcDbBlockReference
  2
SY141
 10
18634.18765922415
 20
97177.0682011731
 30
0.0
 41
0.9999619000037998
 42
0.9999619000037998
 43
0.9999619000037998
 50
11.80738929904605
  0
INSERT
  5
37D
330
36
100
AcDbEntity
  8
ROUTES
  6
CONTINU
 62
    46
100
AcDbBlockReference
  2
SY141
 10
18662.31810885223
 20
97182.89777560636
 30
0.0
 41
0.9999619000038
 42
0.9999619000038
 43
0.9999619000038
 50
10.93288929904614
  0
INSERT
  5
37E
330
36
100
AcDbEntity
  8
ROUTES
  6
CONTINU
 62
    46
100
AcDbBlockReference
  2
SY141
 10
18689.46449447923
 20
97188.32076914985
 30
0.0
 41
0.9999619000038
 42
0.9999619000038
 43
0.9999619000038
 50
344.771789299046
  0
INSERT
  5
37F
330
36
100
AcDbEntity
  8
POINTS
  6
CONTINU
 62
    46
100
AcDbBlockReference
  2
SY128
 10
18598.67271011195
 20
97176.44735543675
 30
0.0
 41
0.9999619000038
 42
0.9999619000038
 43
0.9999619000038
 50
45.4961892990461
  0
INSERT
  5
380
330
36
100
AcDbEntity
  8
POINTS
  6
CONTINU
 62
    46
100
AcDbBlockReference
  2
SY128
 10
18598.71396487153
 20
97191.76497166182
 30
0.0
 41
0.9999619000038
 42
0.9999619000038
 43
0.9999619000038
 50
45.4961892990461
  0
INSERT
  5
381
330
36
100
AcDbEntity
  8
POINTS
  6
CONTINU
 62
    46
100
AcDbBlockReference
  2
SY128
 10
18598.76126446516
 20
97192.14455702509
 30
0.0
 41
0.9999619000038
 42
0.9999619000038
 43
0.9999619000038
 50
45.4961892990461
  0
INSERT
  5
382
330
36
100
AcDbEntity
  8
POINTS
  6
CONTINU
 62
    46
100
AcDbBlockReference
  2
SY128
 10
18600.01821551927
 20
97191.857863326
 30
0.0
 41
0.9999619000038
 42
0.9999619000038
 43
0.9999619000038
 50
45.4961892990461
  0
INSERT
  5
383
330
36
100
AcDbEntity
  8
POINTS
  6
CONTINU
 62
    46
100
AcDbBlockReference
  2
SY128
 10
18600.03321644812
 20
97192.26584772608
 30
0.0
 41
0.9999619000038
 42
0.9999619000038
 43
0.9999619000038
 50
45.4961892990461
  0
TEXT
  5
384
330
36
100
AcDbEntity
  8
HACHURES
 62
     7
100
AcDbText
 10
18526.49769849368
 20
97118.77067433869
 30
0.0
 40
1.829730284626953
  1
DEVERSOIR
 50
107.1441462359282
 41
1.491902322255994
 72
     5
 11
18519.52384734552
 21
97141.37753863143
 31
0.0
100
AcDbText
  0
TEXT
  5
385
330
36
100
AcDbEntity
  8
HACHURES
 62
     1
100
AcDbText
 10
18520.06310817627
 20
97146.90107908484
 30
0.0
 40
1.829730284626953
  1
D.16
 50
106.2814332042258
 41
1.027482856925019
 72
     5
 11
18518.65757942668
 21
97151.71340089735
 31
0.0
100
AcDbText
  0
TEXT
  5
386
330
36
100
AcDbEntity
  8
HACHURES
 62
     1
100
AcDbText
 10
18533.1555411686
 20
97158.70687231843
 30
0.0
 40
1.829730284626953
  1
D.18
 50
106.2814332054962
 41
1.02748285693478
 72
     5
 11
18531.75001241889
 21
97163.51919413096
 31
0.0
100
AcDbText
  0
TEXT
  5
387
330
36
100
AcDbEntity
  8
HACHURES
 62
     1
100
AcDbText
 10
18538.14929114347
 20
97142.45807305628
 30
0.0
 40
1.829730284626953
  1
D.17
 50
106.281433205636
 41
1.027482856926192
 72
     5
 11
18536.74376239376
 21
97147.27039486877
 31
0.0
100
AcDbText
  0
TEXT
  5
388
330
36
100
AcDbEntity
  8
HACHURES
 62
     1
100
AcDbText
 10
18527.86497372673
 20
97157.71494598817
 30
0.0
 40
1.829730284626953
  1
C.3
 50
106.2818659739244
 41
0.9849623627303094
 72
     5
 11
18526.85442495397
 21
97161.17481787842
 31
0.0
100
AcDbText
  0
TEXT
  5
389
330
36
100
AcDbEntity
  8
HACHURES
 62
     1
100
AcDbText
 10
18530.72649174439
 20
97147.2932161282
 30
0.0
 40
1.829730284626953
  1
C.10
 50
106.2823031458781
 41
1.059981280470003
 72
     5
 11
18529.36706065694
 21
97151.94744379477
 31
0.0
100
AcDbText
  0
TEXT
  5
38A
330
36
100
AcDbEntity
  8
HACHURES
 62
     1
100
AcDbText
 10
18526.72384252824
 20
97146.82474869746
 30
0.0
 40
1.829730284626953
  1
C.1
 50
106.2820763730331
 41
1.037969254052749
 72
     5
 11
18525.83638751546
 21
97149.86313619421
 31
0.0
100
AcDbText
  0
CIRCLE
  5
38B
330
36
100
AcDbEntity
  8
POINTS
  6
CONTINU
 62
     7
100
AcDbCircle
 10
18533.17740465677
 20
97149.00514188796
 30
0.0
 40
0.5082806337719316
  0
CIRCLE
  5
38C
330
36
100
AcDbEntity
  8
POINTS
  6
CONTINU
 62
     7
100
AcDbCircle
 10
18532.0129674202
 20
97154.00755557109
 30
0.0
 40
0.5082806337719316
  0
CIRCLE
  5
38D
330
36
100
AcDbEntity
  8
POINTS
  6
CONTINU
 62
     7
100
AcDbCircle
 10
18520.18060951205
 20
97151.63148961687
 30
0.0
 40
0.5082806337719316
  0
INSERT
  5
38E
330
36
100
AcDbEntity
  8
POINTS
  6
CONTINU
 62
     1
100
AcDbBlockReference
  2
SY131
 10
18526.98125433455
 20
97152.70202381812
 30
0.0
 41
0.9999619000038
 42
0.9999619000038
 43
0.9999619000038
 50
106.177189299046
  0
INSERT
  5
38F
330
36
100
AcDbEntity
  8
POINTS
  6
CONTINU
 62
     1
100
AcDbBlockReference
  2
SY131
 10
18526.29108928716
 20
97155.0558366726
 30
0.0
 41
0.9999619000038
 42
0.9999619000038
 43
0.9999619000038
 50
106.177189299046
  0
INSERT
  5
390
330
36
100
AcDbEntity
  8
POINTS
  6
CONTINU
 62
     1
100
AcDbBlockReference
  2
SY131
 10
18524.99072807784
 20
97152.13135288184
 30
0.0
 41
0.9999619000038
 42
0.9999619000038
 43
0.9999619000038
 50
106.177189299046
  0
INSERT
  5
391
330
36
100
AcDbEntity
  8
HACHURES
  6
POINTILLE_PETIT
 62
     5
100
AcDbBlockReference
  2
*X5
 10
18682.22145984679
 20
97185.43770563547
 30
0.0
 41
0.9999619000038
 42
0.9999619000038
 43
0.9999619000038
 50
359.999789299046
  0
INSERT
  5
392
330
36
100
AcDbEntity
  8
HACHURES
  6
POINTILLE_PETIT
 62
   254
100
AcDbBlockReference
  2
*X6
 10
18683.89550899943
 20
97188.95536545113
 30
0.0
 41
0.9999619000038
 42
0.9999619000038
 43
0.9999619000038
 50
359.999789299046
  0
INSERT
  5
393
330
36
100
AcDbEntity
  8
HACHURES
  6
CONTINU
 62
   253
100
AcDbBlockReference
  2
*X7
 10
18689.18510026163
 20
97186.99842056073
 30
0.0
 41
0.9999619000038
 42
0.9999619000038
 43
0.9999619000038
 50
359.999789299046
  0
INSERT
  5
394
330
36
100
AcDbEntity
  8
HACHURES
  6
POINTILLE_LONG
 62
     4
100
AcDbBlockReference
  2
*X8
 10
18687.1639756517
 20
97186.55854475347
 30
0.0
 41
0.9999619000038
 42
0.9999619000038
 43
0.9999619000038
 50
359.999789299046
  0
LWPOLYLINE
  5
395
330
36
100
AcDbEntity
  8
POINTS
  6
CONTINU
 62
     7
100
AcDbPolyline
 90
        5
 70
     0
 43
0.3999847600015201
 10
18689.17730047597
 20
97186.97592144669
 10
18687.88827099728
 20
97192.79700439551
 10
18683.2854428775
 20
97191.8468575247
 10
18684.57337241527
 20
97186.03047440083
 10
18689.17730047597
 20
97186.97592144669
  0
LWPOLYLINE
  5
39C
330
36
100
AcDbEntity
  8
POINTS
  6
CONTINU
 62
     7
100
AcDbPolyline
 90
        2
 70
     0
 43
0.19999238000076
 10
18684.57337241527
 20
97186.03047440083
 10
18682.21526005528
 20
97185.43020594403
  0
ARC
  5
3A0
330
36
100
AcDbEntity
  8
POINTS
  6
CONTINU
 62
     7
100
AcDbCircle
 10
18683.76409260877
 20
97183.1368876268
 30
0.0
 40
2.74459542694043
100
AcDbArc
 50
124.2643892978142
 51
264.3558892962565
  0
LWPOLYLINE
  5
3A1
330
36
100
AcDbEntity
  8
POINTS
  6
CONTINU
 62
     7
100
AcDbPolyline
 90
        2
 70
     0
 43
0.19999238000076
 10
18688.5025067121
 20
97181.68042569429
 10
18683.4941928482
 20
97180.40569268184
  0
LWPOLYLINE
  5
3A5
330
36
100
AcDbEntity
  8
POINTS
  6
CONTINU
 62
     7
100
AcDbPolyline
 90
        4
 70
     0
 43
0.3999847600015201
 10
18658.43884760931
 20
96990.09403597292
 10
18696.30233451723
 20
97134.09181020475
 10
18695.6464815319
 20
97167.27294836751
 10
18688.5025067121
 20
97181.68042569429
  0
LWPOLYLINE
  5
3AB
330
36
100
AcDbEntity
  8
POINTS
  6
CONTINU
 62
     7
100
AcDbPolyline
 90
        5
 70
     0
 43
0.3999847600015201
 10
18681.44430010595
 20
97188.33319817113
 10
18640.14590808481
 20
97197.70099312214
 10
18577.76805442295
 20
97243.83256484147
 10
18577.03778142316
 20
97243.60847606515
 10
18567.40993739159
 20
97240.65372405249
  0
LWPOLYLINE
  5
3B2
330
36
100
AcDbEntity
  8
POINTS
  6
CONTINU
 62
     7
100
AcDbPolyline
 90
        2
 70
     0
 43
0.19999238000076
 10
18683.94250727495
 20
97188.97336459253
 10
18681.44430010595
 20
97188.33319817113
  0
LWPOLYLINE
  5
3B6
330
36
100
AcDbEntity
  8
POINTS
  6
CONTINU
 62
     7
100
AcDbPolyline
 90
        2
 70
     0
 43
0.19999238000076
 10
18697.99014250548
 20
97180.94241892199
 10
18696.30123444709
 20
97188.44513926862
  0
LWPOLYLINE
  5
3BA
330
36
100
AcDbEntity
  8
POINTS
  6
CONTINU
 62
     7
100
AcDbPolyline
 90
        2
 70
     0
 43
0.19999238000076
 10
18710.06527897104
 20
97180.0031103039
 10
18707.83990354413
 20
97190.82090631424
  0
LWPOLYLINE
  5
3BE
330
36
100
AcDbEntity
  8
POINTS
  6
CONTINU
 62
     7
100
AcDbPolyline
 90
        5
 70
     0
 43
0.19999238000076
 10
18721.16945270966
 20
97179.13940237609
 10
18718.3566108057
 20
97192.98628513433
 10
18687.15947583925
 20
97186.56294460236
 10
18688.5025067121
 20
97181.68042569429
 10
18721.16945270966
 20
97179.13940237609
  0
ARC
  5
3C5
330
36
100
AcDbEntity
  8
POINTS
  6
CONTINU
 62
     7
100
AcDbCircle
 10
18682.03257251845
 20
97186.92644960684
 30
0.0
 40
1.524741905125794
100
AcDbArc
 50
112.6958892986501
 51
275.8637893005436
  0
LWPOLYLINE
  5
3C6
330
36
100
AcDbEntity
  8
POINTS
  6
CONTINU
 62
     3
100
AcDbPolyline
 90
       13
 70
     0
 43
0.3999847600015201
 10
18710.90198927443
 20
97191.47357018581
 10
18710.95729898303
 20
97194.68654756333
 10
18711.30089603165
 20
97197.44384124288
 10
18712.14417015069
 20
97199.14307339848
 10
18713.57952024425
 20
97200.44351857104
 10
18716.44741451129
 20
97201.40557136858
 10
18720.68405574941
 20
97202.12892822711
 10
18727.13401297679
 20
97202.93927363163
 10
18734.41203796194
 20
97203.56152315764
 10
18740.44800905029
 20
97203.85178990039
 10
18746.24538835367
 20
97203.90396659212
 10
18752.09296474566
 20
97203.68455344724
 10
18757.92094147766
 20
97203.3545445883
  0
LWPOLYLINE
  5
3D5
330
36
100
AcDbEntity
  8
POINTS
  6
TIRETE_PETIT
 62
     7
100
AcDbPolyline
 90
        7
 70
     0
 43
0.19999238000076
 10
18721.25394943391
 20
97179.12410264828
 10
18727.28861812766
 20
97178.74979471709
 10
18733.99516033051
 20
97178.13299355436
 10
18743.81118050708
 20
97176.55071774231
 10
18753.61480002015
 20
97174.65955374489
 10
18760.26914085225
 20
97173.12918758228
 10
18766.23330814616
 20
97171.64382224327
  0
LWPOLYLINE
  5
3DE
330
36
100
AcDbEntity
  8
POINTS
  6
TIRETE_PETIT
 62
     7
100
AcDbPolyline
 90
        9
 70
     0
 43
0.19999238000076
 10
18765.19673147059
 20
97194.43855754304
 10
18759.64254530684
 20
97195.04055503195
 10
18753.98846260589
 20
97195.54915644676
 10
18748.13768659075
 20
97195.83786696306
 10
18741.95342239812
 20
97195.88628786123
 10
18734.75539563116
 20
97195.60832492325
 10
18727.95555250459
 20
97195.00727283106
 10
18722.96913909506
 20
97194.08302638404
 10
18718.44130780701
 20
97193.04838245687
  0
LWPOLYLINE
  5
3E9
330
36
100
AcDbEntity
  8
POINTS
  6
CONTINU
 62
     3
100
AcDbPolyline
 90
       10
 70
     0
 43
0.3999847600015201
 10
18762.70812473785
 20
97166.82461882593
 10
18752.56651811438
 20
97168.7189839443
 10
18742.32261455849
 20
97170.38765803803
 10
18730.01338671547
 20
97171.24627059163
 10
18724.45739967572
 20
97171.59137787509
 10
18721.10712927051
 20
97172.12017004818
 10
18718.6251287989
 20
97173.46902778245
 10
18717.16879017793
 20
97175.07077210953
 10
18715.95814427585
 20
97177.23809398361
 10
18714.96729073657
 20
97179.60590741045
  0
TEXT
  5
3F5
330
36
100
AcDbEntity
  8
ROUTES
 62
    46
100
AcDbText
 10
18530.74367600624
 20
97170.38363628665
 30
0.0
 40
1.829730284626953
  1
R.20
 50
106.281613277556
 41
1.069404511203603
 72
     5
 11
18529.18935479896
 21
97175.70533923822
 31
0.0
100
AcDbText
  0
LWPOLYLINE
  5
3F6
330
36
100
AcDbEntity
  8
ROUTES
  6
CONTINU
 62
    46
100
AcDbPolyline
 90
        4
 70
     0
 43
0.19999238000076
 10
18527.7458322191
 20
97154.60984831551
 10
18528.87614188239
 20
97168.94799785455
 10
18528.14365961405
 20
97166.18070598611
 10
18529.10712289209
 20
97166.1773025726
  0
LWPOLYLINE
  5
3FC
330
36
100
AcDbEntity
  8
TALUS
  6
TIRETE_MOYEN
 62
    46
100
AcDbPolyline
 90
        7
 70
     0
 43
0.3999847600015201
 10
18527.7458322191
 20
97154.60984831551
 10
18553.77856187081
 20
97160.46592945328
 10
18581.64122148749
 20
97166.23720709256
 10
18606.68278637387
 20
97171.40531808805
 10
18634.18765922415
 20
97177.0682011731
 10
18662.31810885223
 20
97182.89777560636
 10
18689.46449447923
 20
97188.32076914985
  0
TEXT
  5
405
330
36
100
AcDbEntity
  8
ROUTES
 62
    46
100
AcDbText
 10
18552.09193608344
 20
97163.17143257242
 30
0.0
 40
1.829730284626953
  1
R.21
 50
106.2809593372867
 41
1.046225887066281
 72
     5
 11
18550.66080863195
 21
97168.07155113388
 31
0.0
100
AcDbText
  0
TEXT
  5
406
330
36
100
AcDbEntity
  8
ROUTES
 62
    46
100
AcDbText
 10
18579.63180689569
 20
97168.64272282872
 30
0.0
 40
1.829730284626953
  1
R.22
 50
106.2816132765337
 41
1.009993149453759
 72
     5
 11
18578.07748568854
 21
97173.96442578023
 31
0.0
100
AcDbText
  0
TEXT
  5
407
330
36
100
AcDbEntity
  8
ROUTES
 62
    46
100
AcDbText
 10
18606.97478866832
 20
97175.05447797599
 30
0.0
 40
1.829730284626953
  1
R.23
 50
106.2806212922043
 41
1.009988042282995
 72
     5
 11
18605.42056745731
 21
97180.3761809272
 31
0.0
100
AcDbText
  0
TEXT
  5
408
330
36
100
AcDbEntity
  8
ROUTES
 62
    46
100
AcDbText
 10
18634.71924551406
 20
97178.84763141928
 30
0.0
 40
1.829730284626953
  1
R.24
 50
106.280869198803
 41
1.039993510934386
 72
     5
 11
18633.11882664465
 21
97184.32742851677
 31
0.0
100
AcDbText
  0
TEXT
  5
409
330
36
100
AcDbEntity
  8
ROUTES
 62
    46
100
AcDbText
 10
18668.36846074009
 20
97178.11603554697
 30
0.0
 40
1.829730284626953
  1
R.25
 50
106.2816132775199
 41
1.009993149469884
 72
     5
 11
18666.81413953282
 21
97183.43773849852
 31
0.0
100
AcDbText
  0
TEXT
  5
40A
330
36
100
AcDbEntity
  8
ROUTES
 62
    46
100
AcDbText
 10
18692.32090302728
 20
97193.04707856609
 30
0.0
 40
1.829730284626953
  1
R.26
 50
106.2819030159891
 41
1.009975663143823
 72
     5
 11
18690.76658181967
 21
97198.36868152139
 31
0.0
100
AcDbText
  0
TEXT
  5
40B
330
36
100
AcDbEntity
  8
ROUTES
 62
    46
100
AcDbText
 10
18575.98972871928
 20
97164.03511177926
 30
0.0
 40
1.829730284626953
  1
Galerie Technique
 50
192.2381884140545
 41
1.001779260367784
 72
     5
 11
18549.41831993259
 21
97158.27162909439
 31
0.0
100
AcDbText
  0
TEXT
  5
40C
330
36
100
AcDbEntity
  8
ROUTES
 62
    46
100
AcDbText
 10
18593.20820863866
 20
97173.81557580743
 30
0.0
 40
1.829730284626953
  1
Piézo
 50
106.862442623398
 41
0.9924911958308136
 72
     5
 11
18591.10111448719
 21
97180.76721868881
 31
0.0
100
AcDbText
  0
LWPOLYLINE
  5
40D
330
36
100
AcDbEntity
  8
ROUTES
  6
CONTINU
 62
    46
100
AcDbPolyline
 90
        2
 70
     0
 43
0.19999238000076
 10
18600.01821551927
 20
97191.857863326
 10
18613.00321505036
 20
97190.30197485443
  0
LWPOLYLINE
  5
411
330
36
100
AcDbEntity
  8
ROUTES
  6
CONTINU
 62
    46
100
AcDbPolyline
 90
        2
 70
     0
 43
0.19999238000076
 10
18600.03321644812
 20
97192.26584772608
 10
18609.84697870398
 20
97202.10233685088
  0
LWPOLYLINE
  5
415
330
36
100
AcDbEntity
  8
ROUTES
  6
CONTINU
 62
    46
100
AcDbPolyline
 90
        2
 70
     0
 43
0.19999238000076
 10
18598.71396487153
 20
97191.76497166182
 10
18574.69025281674
 20
97184.31634381401
  0
LWPOLYLINE
  5
419
330
36
100
AcDbEntity
  8
ROUTES
  6
CONTINU
 62
    46
100
AcDbPolyline
 90
        2
 70
     0
 43
0.19999238000076
 10
18598.76126446516
 20
97192.14455702509
 10
18571.43861607388
 20
97195.02044793035
  0
TEXT
  5
41D
330
36
100
AcDbEntity
  8
ROUTES
 62
    46
100
AcDbText
 10
18573.83978694758
 20
97184.78592904981
 30
0.0
 40
1.829730284626953
  1
Drain A
 50
197.2032113432888
 41
1.043316215150019
 72
     5
 11
18562.89829137608
 21
97181.39829836148
 31
0.0
100
AcDbText
  0
TEXT
  5
41E
330
36
100
AcDbEntity
  8
ROUTES
 62
    46
100
AcDbText
 10
18570.6790493699
 20
97196.20480559798
 30
0.0
 40
1.829730284626953
  1
Drain B
 50
172.7009035276077
 41
1.03498327272431
 72
     5
 11
18559.40868409602
 21
97197.64839204273
 31
0.0
100
AcDbText
  0
TEXT
  5
41F
330
36
100
AcDbEntity
  8
ROUTES
 62
    46
100
AcDbText
 10
18620.86132225503
 20
97192.09937747212
 30
0.0
 40
1.829730284626953
  1
Drain D
 50
172.7009035274621
 41
1.034983272724647
 72
     5
 11
18609.59095698115
 21
97193.54296391689
 31
0.0
100
AcDbText
  0
TEXT
  5
420
330
36
100
AcDbEntity
  8
ROUTES
 62
    46
100
AcDbText
 10
18606.18618903474
 20
97194.17575232798
 30
0.0
 40
1.829730284626953
  1
Drain C
 50
48.42187023204692
 41
1.019977003449563
 72
     5
 11
18613.61743669855
 21
97202.55220584414
 31
0.0
100
AcDbText
  0
LWPOLYLINE
  5
421
330
36
100
AcDbEntity
  8
TALUS
  6
TIRETE_MOYEN
 62
    46
100
AcDbPolyline
 90
        2
 70
     0
 43
0.3999847600015201
 10
18599.38434013935
 20
97191.9852608031
 10
18599.16566687976
 20
97169.79900693553
  0
LWPOLYLINE
  5
425
330
36
100
AcDbEntity
  8
TALUS
  6
CONTINU
 62
    46
100
AcDbPolyline
 90
        3
 70
     0
 43
0.19999238000076
 10
18598.67271011195
 20
97176.44735543675
 10
18592.72193754696
 20
97176.63827004701
 10
18591.76018648093
 20
97179.98014625361
  0
TEXT
  5
61D
330
36
100
AcDbEntity
  8
HACHURES
 62
     7
100
AcDbText
 10
18539.58267138534
 20
97231.61915681192
 30
0.0
 40
2.4999047500095
  1
ECHELLES : fond de plan 1/1000
 50
106.9559999999999
  7
Tahoma
 72
     1
 11
18532.33584069765
 21
97255.38773986848
 31
0.0
100
AcDbText
  0
LWPOLYLINE
  5
6BB
330
36
100
AcDbEntity
  8
Carroyage système local
  6
CONTINU
 62
     7
100
AcDbPolyline
 90
        3
 70
     0
 43
0.3999847600015201
 10
18735.54274308504
 20
97271.05316811591
 10
18675.54502908482
 20
97271.05316811599
 10
18675.54502908482
 20
97331.05088211624
  0
LWPOLYLINE
  5
6C0
330
36
100
AcDbEntity
  8
Carroyage système local
  6
CONTINU
 62
     7
100
AcDbPolyline
 90
        4
 70
     0
 43
0.3999847600015201
 10
18672.86633114709
 20
97324.58402851271
 10
18675.54502908482
 20
97331.05088211624
 10
18678.22362702639
 20
97324.58402851271
 10
18672.86633114709
 20
97324.58402851271
  0
LWPOLYLINE
  5
6C6
330
36
100
AcDbEntity
  8
Carroyage système local
  6
CONTINU
 62
     7
100
AcDbPolyline
 90
        4
 70
     0
 43
0.3999847600015201
 10
18729.07578948541
 20
97273.73186605371
 10
18735.54274308504
 20
97271.05316811591
 10
18729.07578948537
 20
97268.37447017819
 10
18729.07578948541
 20
97273.73186605371
  0
TEXT
  5
6CC
330
36
100
AcDbEntity
  8
Carroyage système local
 62
     7
100
AcDbText
 10
18711.6318541244
 20
97268.38306985056
 30
0.0
 40
1.9999238000076
  1
Axe des X
 50
179.9999999998978
 41
0.941538461532456
 72
     5
 11
18695.31247591644
 21
97268.3830698506
 31
0.0
100
AcDbText
  0
TEXT
  5
6CD
330
36
100
AcDbEntity
  8
Carroyage système local
 62
     7
100
AcDbText
 10
18672.72043670593
 20
97294.27478333878
 30
0.0
 40
1.9999238000076
  1
Axe des Y
 50
90.00000000012695
 41
0.9473076923116188
 72
     5
 11
18672.7204367059
 21
97310.69415773692
 31
0.0
100
AcDbText
  0
LWPOLYLINE
  5
6D9
330
36
100
AcDbEntity
  8
CADRE
  6
CONTINU
 62
     7
100
AcDbPolyline
 90
        5
 70
     0
 43
0.19999238000076
 10
18849.19466006639
 20
96984.79933619159
 10
18578.50947002562
 20
96902.26197644648
 10
18460.09890975803
 20
97290.59481586828
 10
18730.78419979493
 20
97373.13217561302
 10
18849.19466006639
 20
96984.79933619159
  0
LWPOLYLINE
  5
6E0
330
36
100
AcDbEntity
  8
CADRE
  6
CONTINU
 62
     7
100
AcDbPolyline
 90
        5
 70
     0
 43
0.3999847600015201
 10
18851.69096006389
 20
96983.46967767323
 10
18577.17981150717
 20
96899.76567644901
 10
18457.60270975678
 20
97291.92447438629
 10
18732.11385831293
 20
97375.62837561428
 10
18851.69096006389
 20
96983.46967767323
  0
LWPOLYLINE
  5
757
330
36
100
AcDbEntity
  8
CADRE
  6
CONTINU
 62
     7
100
AcDbPolyline
 90
        2
 70
     0
 43
0.09999619000038
 10
18853.14918691561
 20
96978.68725452767
 10
18862.71403320666
 20
96981.60370823126
  0
LWPOLYLINE
  5
75B
330
36
100
AcDbEntity
  8
CADRE
  6
CONTINU
 62
     7
100
AcDbPolyline
 90
        2
 70
     0
 43
0.09999619000038
 10
18859.38983691299
 20
96975.36305823398
 10
18856.47338320941
 20
96984.92790452498
  0
LWPOLYLINE
  5
75F
330
36
100
AcDbEntity
  8
CADRE
  6
CONTINU
 62
     7
100
AcDbPolyline
 90
        2
 70
     0
 43
0.09999619000038
 10
18569.07319206762
 20
96892.06669960377
 10
18578.63803835913
 20
96894.98325330349
  0
LWPOLYLINE
  5
763
330
36
100
AcDbEntity
  8
CADRE
  6
CONTINU
 62
     7
100
AcDbPolyline
 90
        2
 70
     0
 43
0.09999619000038
 10
18575.31384206523
 20
96888.74260330624
 10
18572.39738836164
 20
96898.30744959726
  0
LWPOLYLINE
  5
767
330
36
100
AcDbEntity
  8
CADRE
  6
CONTINU
 62
     7
100
AcDbPolyline
 90
        2
 70
     0
 43
0.09999619000038
 10
18446.5795366174
 20
97293.79034383242
 10
18456.14438290892
 20
97296.70689753218
  0
LWPOLYLINE
  5
76B
330
36
100
AcDbEntity
  8
CADRE
  6
CONTINU
 62
     7
100
AcDbPolyline
 90
        2
 70
     0
 43
0.09999619000038
 10
18452.82028661138
 20
97290.46624753452
 10
18449.90373291155
 20
97300.03109382591
  0
LWPOLYLINE
  5
76F
330
36
100
AcDbEntity
  8
CADRE
  6
CONTINU
 62
     7
100
AcDbPolyline
 90
        2
 70
     0
 43
0.09999619000038
 10
18730.65553146506
 20
97380.41079876019
 10
18740.22037775645
 20
97383.32735245991
  0
LWPOLYLINE
  5
773
330
36
100
AcDbEntity
  8
CADRE
  6
CONTINU
 62
     7
100
AcDbPolyline
 90
        2
 70
     0
 43
0.09999619000038
 10
18736.89628145891
 20
97377.08670246229
 10
18733.97972775907
 20
97386.65154875368
  0
LWPOLYLINE
  5
777
330
36
100
AcDbEntity
  8
CADRE
  6
CONTINU
 62
     7
100
AcDbPolyline
 90
        2
 70
     0
 43
0.09999619000038
 10
18511.15056063648
 20
97099.16922171348
 10
18514.06701433995
 20
97089.60437542243
  0
LWPOLYLINE
  5
77B
330
36
100
AcDbEntity
  8
CADRE
  6
CONTINU
 62
     7
100
AcDbPolyline
 90
        2
 70
     0
 43
0.09999619000038
 10
18512.60878748821
 20
97094.38679856793
 10
18517.39121063374
 20
97095.84502541973
  0
LWPOLYLINE
  5
77F
330
36
100
AcDbEntity
  8
CADRE
  6
CONTINU
 62
     7
100
AcDbPolyline
 90
        2
 70
     0
 43
0.09999619000038
 10
18795.22655548401
 20
97185.78967664125
 10
18798.14300918761
 20
97176.22483035022
  0
LWPOLYLINE
  5
783
330
36
100
AcDbEntity
  8
CADRE
  6
CONTINU
 62
     7
100
AcDbPolyline
 90
        2
 70
     0
 43
0.09999619000038
 10
18791.90235919033
 20
97179.5490266439
 10
18796.68478233598
 20
97181.00725349573
  0
INSERT
  5
787
330
36
100
AcDbEntity
  8
Carroyage CC46 approché
  6
CONTINU
100
AcDbBlockReference
  2
SY212
 10
18568.2987834633
 20
97102.1863494963
 30
0.0
 41
0.9999619000037998
 42
0.9999619000037998
 43
0.9999619000037998
 50
180.4977899972547
  0
TEXT
  5
788
330
36
100
AcDbEntity
  8
HACHURES
 62
     7
100
AcDbText
 10
18496.96975507668
 20
97216.12251912198
 30
0.0
 40
4.066045077795452
  1
ROANNAISE DE L'EAU
 50
106.9559999999999
  7
Tahoma
 72
     1
 11
18489.0246679933
 21
97242.18128472191
 31
0.0
100
AcDbText
  0
TEXT
  5
789
330
36
100
AcDbEntity
  8
HACHURES
 62
     7
100
AcDbText
 10
18514.06578049934
 20
97219.69268476085
 30
0.0
 40
2.4999047500095
  1
sur la commune de RENAISON (Loire)
 50
106.9559999999999
  7
Tahoma
 72
     1
 11
18505.66243387743
 21
97247.25447704546
 31
0.0
100
AcDbText
  0
TEXT
  5
78B
330
36
100
AcDbEntity
  8
HACHURES
 62
     5
100
AcDbText
 10
18522.53694122292
 20
97225.27417373848
 30
0.0
 40
2.9998857000114
  1
CARTE DES DÉPLACEMENTS
 50
106.9559999999999
  7
Tahoma
 72
     1
 11
18514.97003667147
 21
97250.09255394679
 31
0.0
100
AcDbText
  0
INSERT
  5
7F2
330
36
100
AcDbEntity
  8
0
  6
Continuous
 62
     3
100
AcDbBlockReference
  2
SY131
 10
18590.78933824698
 20
97183.9977967457
 30
0.0
 41
0.4751049904605489
 42
-0.4466748285213959
 43
0.4751049904605489
 50
359.999789299046
  0
INSERT
  5
7FB
330
36
100
AcDbEntity
  8
0
  6
Continuous
 62
     3
100
AcDbBlockReference
  2
SY131
 10
18609.73436698483
 20
97116.17331128476
 30
0.0
 41
0.6335600126548497
 42
0.6955423835073696
 43
0.6335600126548497
 50
359.999789299046
  0
INSERT
  5
803
330
36
100
AcDbEntity
  8
0
  6
Continuous
 62
     3
100
AcDbBlockReference
  2
SY131
 10
18628.08742877323
 20
97051.20271926332
 30
0.0
 41
0.8145501873605544
 42
0.869475841277068
 43
0.8145501873605544
 50
359.999789299046
  0
TEXT
  5
80A
330
36
100
AcDbEntity
  8
HACHURES
 62
     3
100
AcDbText
 10
18624.42698956936
 20
97051.04560119526
 30
0.0
 40
1.829730284626953
  1
6001 clou arpentage
 50
107.0217717891427
 41
0.6378220231984352
 72
     5
 11
18618.44839106304
 21
97070.57417211657
 31
0.0
100
AcDbText
  0
TEXT
  5
812
330
36
100
AcDbEntity
  8
HACHURES
 62
     3
100
AcDbText
 10
18608.47987227795
 20
97117.08505721142
 30
0.0
 40
1.829730284626953
  1
6002 clou arpentage
 50
107.0361892242099
 41
0.5948198130410303
 72
     5
 11
18602.79348304415
 21
97135.64246818755
 31
0.0
100
AcDbText
  0
TEXT
  5
819
330
36
100
AcDbEntity
  8
HACHURES
 62
     3
100
AcDbText
 10
18588.66795517975
 20
97183.34249501072
 30
0.0
 40
1.829730284626953
  1
6003 clou arpentage
 50
107.7479363301398
 41
0.6350927849833972
 72
     5
 11
18582.35090273632
 21
97203.07940955647
 31
0.0
100
AcDbText
  0
INSERT
  5
8AC
330
36
100
AcDbEntity
  8
POINTS_LAMBERT
  6
Continuous
 62
     1
100
AcDbBlockReference
  2
SY131
 10
18644.16
 20
97030.99000000001
 30
0.0
  0
INSERT
  5
8AD
330
36
100
AcDbEntity
  8
POINTS_LAMBERT
  6
Continuous
 62
     1
100
AcDbBlockReference
  2
SY131
 10
18633.69
 20
97064.50999999999
 30
0.0
  0
INSERT
  5
8AE
330
36
100
AcDbEntity
  8
POINTS_LAMBERT
  6
Continuous
 62
     1
100
AcDbBlockReference
  2
SY131
 10
18623.53
 20
97097.55000000001
 30
0.0
  0
INSERT
  5
8AF
330
36
100
AcDbEntity
  8
POINTS_LAMBERT
  6
Continuous
 62
     1
100
AcDbBlockReference
  2
SY131
 10
18613.12
 20
97131.38999999999
 30
0.0
  0
INSERT
  5
8B0
330
36
100
AcDbEntity
  8
POINTS_LAMBERT
  6
Continuous
 62
     1
100
AcDbBlockReference
  2
SY131
 10
18602.98
 20
97164.54
 30
0.0
  0
INSERT
  5
8B1
330
36
100
AcDbEntity
  8
POINTS_LAMBERT
  6
Continuous
 62
     1
100
AcDbBlockReference
  2
SY131
 10
18592.56
 20
97198.11999999999
 30
0.0
  0
INSERT
  5
8B2
330
36
100
AcDbEntity
  8
POINTS_LAMBERT
  6
Continuous
 62
     1
100
AcDbBlockReference
  2
SY131
 10
18659.1
 20
97072.24000000001
 30
0.0
  0
INSERT
  5
8B3
330
36
100
AcDbEntity
  8
POINTS_LAMBERT
  6
Continuous
 62
     1
100
AcDbBlockReference
  2
SY131
 10
18648.63
 20
97105.57000000001
 30
0.0
  0
INSERT
  5
8B4
330
36
100
AcDbEntity
  8
POINTS_LAMBERT
  6
Continuous
 62
     1
100
AcDbBlockReference
  2
SY131
 10
18638.21
 20
97138.96000000001
 30
0.0
  0
INSERT
  5
8B5
330
36
100
AcDbEntity
  8
POINTS_LAMBERT
  6
Continuous
 62
     1
100
AcDbBlockReference
  2
SY131
 10
18627.75
 20
97172.41000000001
 30
0.0
  0
INSERT
  5
8B6
330
36
100
AcDbEntity
  8
POINTS_LAMBERT
  6
Continuous
 62
     1
100
AcDbBlockReference
  2
SY131
 10
18679.48
 20
97116.83999999999
 30
0.0
  0
INSERT
  5
8B7
330
36
100
AcDbEntity
  8
POINTS_LAMBERT
  6
Continuous
 62
     1
100
AcDbBlockReference
  2
SY131
 10
18670.34
 20
97148.43
 30
0.0
  0
INSERT
  5
8B8
330
36
100
AcDbEntity
  8
POINTS_LAMBERT
  6
Continuous
 62
     1
100
AcDbBlockReference
  2
SY131
 10
18659.33
 20
97183.1
 30
0.0
  0
INSERT
  5
8B9
330
36
100
AcDbEntity
  8
COUCHE_25
  6
Continuous
 62
     5
100
AcDbBlockReference
  2
SY129
 10
18667.69
 20
96948.88
 30
0.0
  0
INSERT
  5
8BA
330
36
100
AcDbEntity
  8
COUCHE_25
  6
Continuous
 62
     5
100
AcDbBlockReference
  2
SY129
 10
18567.62
 20
97272.94
 30
0.0
  0
INSERT
  5
8BB
330
36
100
AcDbEntity
  8
COUCHE_25
  6
Continuous
 62
     5
100
AcDbBlockReference
  2
SY129
 10
18726.04
 20
97036.13
 30
0.0
  0
INSERT
  5
8BC
330
36
100
AcDbEntity
  8
COUCHE_25
  6
Continuous
 62
     5
100
AcDbBlockReference
  2
SY129
 10
18759.47
 20
97092.52000000001
 30
0.0
  0
INSERT
  5
8BD
330
36
100
AcDbEntity
  8
COUCHE_25
  6
Continuous
 62
     5
100
AcDbBlockReference
  2
SY129
 10
18688.6
 20
97220.15
 30
0.0
  0
INSERT
  5
8BE
330
36
100
AcDbEntity
  8
COUCHE_25
  6
Continuous
 62
     5
100
AcDbBlockReference
  2
SY129
 10
18732.15
 20
97219.8
 30
0.0
  0
INSERT
  5
8BF
330
36
100
AcDbEntity
  8
COUCHE_25
  6
Continuous
 62
     5
100
AcDbBlockReference
  2
SY129
 10
18652.09
 20
97255.13000000001
 30
0.0
  0
TEXT
  5
8E2
330
36
100
AcDbEntity
  8
Carroyage système local
100
AcDbText
 10
18567.04049731228
 20
97001.0
 30
0.0
 40
2.0
  1
Y=97000
 50
180.0
 72
     2
 11
18554.70716397895
 21
97000.0
 31
0.0
100
AcDbText
 73
     2
  0
LINE
  5
8E3
330
36
100
AcDbEntity
  8
Carroyage système local
100
AcDbLine
 10
18548.70716397895
 20
97000.0
 30
0.0
 11
18553.70716397895
 21
97000.0
 31
0.0
  0
TEXT
  5
8E4
330
36
100
AcDbEntity
  8
Carroyage système local
100
AcDbText
 10
18827.40961025128
 20
97001.0
 30
0.0
 40
2.0
  1
Y=97000
 50
180.0
 11
18827.40961025128
 21
97000.0
 31
0.0
100
AcDbText
 73
     2
  0
LINE
  5
8E5
330
36
100
AcDbEntity
  8
Carroyage système local
100
AcDbLine
 10
18828.40961025128
 20
97000.0
 30
0.0
 11
18833.40961025128
 21
97000.0
 31
0.0
  0
TEXT
  5
8E7
330
36
100
AcDbEntity
  8
Carroyage système local
100
AcDbText
 10
18536.21513542842
 20
97101.0
 30
0.0
 40
2.0
  1
Y=97100
 50
180.0
 72
     2
 11
18524.21513542842
 21
97100.0
 31
0.0
100
AcDbText
 73
     2
  0
LINE
  5
8E8
330
36
100
AcDbEntity
  8
Carroyage système local
100
AcDbLine
 10
18518.21513542842
 20
97100.0
 30
0.0
 11
18523.21513542842
 21
97100.0
 31
0.0
  0
TEXT
  5
8E9
330
36
100
AcDbEntity
  8
Carroyage système local
100
AcDbText
 10
18808.06767043179
 20
97101.0
 30
0.0
 40
2.0
  1
Y=97100
 50
180.0
 11
18808.06767043179
 21
97100.0
 31
0.0
100
AcDbText
 73
     2
  0
LINE
  5
8EA
330
36
100
AcDbEntity
  8
Carroyage système local
100
AcDbLine
 10
18809.06767043179
 20
97100.0
 30
0.0
 11
18814.06767043179
 21
97100.0
 31
0.0
  0
TEXT
  5
8EE
330
36
100
AcDbEntity
  8
Carroyage système local
100
AcDbText
 10
18777.57566763134
 20
97201.0
 30
0.0
 40
2.0
  1
Y=97200
 50
180.0
 11
18777.57566763134
 21
97200.0
 31
0.0
100
AcDbText
 73
     2
  0
LINE
  5
8EF
330
36
100
AcDbEntity
  8
Carroyage système local
100
AcDbLine
 10
18778.57566763134
 20
97200.0
 30
0.0
 11
18783.57566763134
 21
97200.0
 31
0.0
  0
TEXT
  5
8F1
330
36
100
AcDbEntity
  8
Carroyage système local
100
AcDbText
 10
18550.15315948272
 20
97301.0
 30
0.0
 40
2.0
  1
Y=97300
 50
180.0
 72
     2
 11
18537.48649281605
 21
97300.0
 31
0.0
100
AcDbText
 73
     2
  0
LINE
  5
8F2
330
36
100
AcDbEntity
  8
Carroyage système local
100
AcDbLine
 10
18531.48649281605
 20
97300.0
 30
0.0
 11
18536.48649281605
 21
97300.0
 31
0.0
  0
TEXT
  5
8F3
330
36
100
AcDbEntity
  8
Carroyage système local
100
AcDbText
 10
18747.08366483089
 20
97301.0
 30
0.0
 40
2.0
  1
Y=97300
 50
180.0
 11
18747.08366483089
 21
97300.0
 31
0.0
100
AcDbText
 73
     2
  0
LINE
  5
8F4
330
36
100
AcDbEntity
  8
Carroyage système local
100
AcDbLine
 10
18748.08366483089
 20
97300.0
 30
0.0
 11
18753.08366483088
 21
97300.0
 31
0.0
  0
LINE
  5
8FE
330
36
100
AcDbEntity
  8
Carroyage système local
100
AcDbLine
 10
18595.0
 20
97000.0
 30
0.0
 11
18605.0
 21
97000.0
 31
0.0
  0
LINE
  5
8FF
330
36
100
AcDbEntity
  8
Carroyage système local
100
AcDbLine
 10
18600.0
 20
96995.0
 30
0.0
 11
18600.0
 21
97005.0
 31
0.0
  0
LINE
  5
901
330
36
100
AcDbEntity
  8
Carroyage système local
100
AcDbLine
 10
18595.0
 20
97100.0
 30
0.0
 11
18605.0
 21
97100.0
 31
0.0
  0
LINE
  5
902
330
36
100
AcDbEntity
  8
Carroyage système local
100
AcDbLine
 10
18600.0
 20
97095.0
 30
0.0
 11
18600.0
 21
97105.0
 31
0.0
  0
LINE
  5
907
330
36
100
AcDbEntity
  8
Carroyage système local
100
AcDbLine
 10
18595.0
 20
97300.0
 30
0.0
 11
18605.0
 21
97300.0
 31
0.0
  0
LINE
  5
908
330
36
100
AcDbEntity
  8
Carroyage système local
100
AcDbLine
 10
18600.0
 20
97295.0
 30
0.0
 11
18600.0
 21
97305.0
 31
0.0
  0
LINE
  5
90A
330
36
100
AcDbEntity
  8
Carroyage système local
100
AcDbLine
 10
18695.0
 20
97000.0
 30
0.0
 11
18705.0
 21
97000.0
 31
0.0
  0
LINE
  5
90B
330
36
100
AcDbEntity
  8
Carroyage système local
100
AcDbLine
 10
18700.0
 20
96995.0
 30
0.0
 11
18700.0
 21
97005.0
 31
0.0
  0
LINE
  5
90D
330
36
100
AcDbEntity
  8
Carroyage système local
100
AcDbLine
 10
18695.0
 20
97100.0
 30
0.0
 11
18705.0
 21
97100.0
 31
0.0
  0
LINE
  5
90E
330
36
100
AcDbEntity
  8
Carroyage système local
100
AcDbLine
 10
18700.0
 20
97095.0
 30
0.0
 11
18700.0
 21
97105.0
 31
0.0
  0
LINE
  5
910
330
36
100
AcDbEntity
  8
Carroyage système local
100
AcDbLine
 10
18695.0
 20
97200.0
 30
0.0
 11
18705.0
 21
97200.0
 31
0.0
  0
LINE
  5
911
330
36
100
AcDbEntity
  8
Carroyage système local
100
AcDbLine
 10
18700.0
 20
97195.0
 30
0.0
 11
18700.0
 21
97205.0
 31
0.0
  0
LINE
  5
913
330
36
100
AcDbEntity
  8
Carroyage système local
100
AcDbLine
 10
18695.0
 20
97300.0
 30
0.0
 11
18705.0
 21
97300.0
 31
0.0
  0
LINE
  5
914
330
36
100
AcDbEntity
  8
Carroyage système local
100
AcDbLine
 10
18700.0
 20
97295.0
 30
0.0
 11
18700.0
 21
97305.0
 31
0.0
  0
LINE
  5
916
330
36
100
AcDbEntity
  8
Carroyage système local
100
AcDbLine
 10
18795.0
 20
97000.0
 30
0.0
 11
18805.0
 21
97000.0
 31
0.0
  0
LINE
  5
917
330
36
100
AcDbEntity
  8
Carroyage système local
100
AcDbLine
 10
18800.0
 20
96995.0
 30
0.0
 11
18800.0
 21
97005.0
 31
0.0
  0
TEXT
  5
92A
330
36
100
AcDbEntity
  8
Carroyage système local
100
AcDbText
 10
18801.0
 20
96975.79889470153
 30
0.0
 40
2.0
  1
X=18800
 50
90.0
 11
18800.0
 21
96975.79889470153
 31
0.0
100
AcDbText
 73
     2
  0
LINE
  5
92B
330
36
100
AcDbEntity
  8
Carroyage système local
100
AcDbLine
 10
18800.0
 20
96974.79889470152
 30
0.0
 11
18800.0
 21
96969.79889470153
 31
0.0
  0
TEXT
  5
92E
330
36
100
AcDbEntity
  8
Carroyage système local
100
AcDbText
 10
18701.0
 20
96945.30688302821
 30
0.0
 40
2.0
  1
X=18700
 50
90.0
 11
18700.0
 21
96945.30688302821
 31
0.0
100
AcDbText
 73
     2
  0
LINE
  5
92F
330
36
100
AcDbEntity
  8
Carroyage système local
100
AcDbLine
 10
18700.0
 20
96944.30688302821
 30
0.0
 11
18700.0
 21
96939.30688302822
 31
0.0
  0
TEXT
  5
930
330
36
100
AcDbEntity
  8
Carroyage système local
100
AcDbText
 10
18601.0
 20
96914.81487135492
 30
0.0
 40
2.0
  1
X=18600
 50
90.0
 11
18600.0
 21
96914.81487135492
 31
0.0
100
AcDbText
 73
     2
  0
LINE
  5
931
330
36
100
AcDbEntity
  8
Carroyage système local
100
AcDbLine
 10
18600.0
 20
96913.81487135492
 30
0.0
 11
18600.0
 21
96908.81487135492
 31
0.0
  0
TEXT
  5
932
330
36
100
AcDbEntity
  8
Carroyage système local
100
AcDbText
 10
18601.0
 20
97315.25345687684
 30
0.0
 40
2.0
  1
X=18600
 50
90.0
 72
     2
 11
18600.0
 21
97327.25345687683
 31
0.0
100
AcDbText
 73
     2
  0
LINE
  5
933
330
36
100
AcDbEntity
  8
Carroyage système local
100
AcDbLine
 10
18600.0
 20
97333.25345687683
 30
0.0
 11
18600.0
 21
97328.25345687682
 31
0.0
  0
TEXT
  5
934
330
36
100
AcDbEntity
  8
Carroyage système local
100
AcDbText
 10
18701.0
 20
97345.74545728568
 30
0.0
 40
2.0
  1
X=18700
 50
90.0
 72
     2
 11
18700.0
 21
97357.74545728569
 31
0.0
100
AcDbText
 73
     2
  0
LINE
  5
935
330
36
100
AcDbEntity
  8
Carroyage système local
100
AcDbLine
 10
18700.0
 20
97363.74545728567
 30
0.0
 11
18700.0
 21
97358.74545728568
 31
0.0
  0
LWPOLYLINE
  5
998
330
36
100
AcDbEntity
  8
CADRE
  6
CONTINU
 62
     7
100
AcDbPolyline
 90
        2
 70
     0
 43
0.19999238000076
 10
18559.97182961522
 20
97206.58095101263
 10
18492.03313530952
 20
97185.86506494807
  0
LWPOLYLINE
  5
999
330
36
100
AcDbEntity
  8
CADRE
  6
CONTINU
 62
     7
100
AcDbPolyline
 90
        2
 70
     0
 43
0.19999238000076
 10
18559.97182961522
 20
97206.58095101263
 10
18528.03763636317
 20
97311.31069266247
  0
INSERT
  5
99B
330
36
100
AcDbEntity
  8
vecteurs_deplacement
  6
Continuous
100
AcDbBlockReference
  2
vecteurDXY
 10
18841.92909256482
 20
96984.74217150481
 30
0.0
 41
9.999999999999998
 42
9.999999999999998
 43
9.999999999999998
 50
106.9575137042279
  0
TEXT
  5
99D
330
36
100
AcDbEntity
  8
HACHURES
  6
Continuous
100
AcDbText
 10
18842.98124163785
 20
96996.87878863594
 30
0.0
 40
2.0
  1
(échelle 10/1)
 50
106.9575137042293
  7
Tahoma
100
AcDbText
  0
TEXT
  5
99E
330
36
100
AcDbEntity
  8
HACHURES
  6
Continuous
100
AcDbText
 10
18839.08661296186
 20
96995.69123758317
 30
0.0
 40
2.0
  1
Exemple de déplacement de 1mm
 50
106.9575137042293
  7
Tahoma
100
AcDbText
  0
LWPOLYLINE
  5
99F
330
36
100
AcDbEntity
  8
CADRE
  6
CONTINU
 62
     7
100
AcDbPolyline
 90
        2
 70
     0
 43
0.19999238000076
 10
18821.64034812753
 20
97038.59785392268
 10
18831.84191269688
 20
97041.70851527685
  0
LWPOLYLINE
  5
9A0
330
36
100
AcDbEntity
  8
CADRE
  6
CONTINU
 62
     7
100
AcDbPolyline
 90
        2
 70
     0
 43
0.19999238000076
 10
18821.64034812753
 20
97038.59785392268
 10
18838.99310138587
 20
96981.68867572787
  0
TEXT
  5
9F7
330
36
100
AcDbEntity
  8
HACHURES
 62
     7
100
AcDbText
 10
18537.89159437682
 20
97250.6469306243
 30
0.0
 40
2.4999047500095
  1
déplacements 10/1
 50
106.9559999999999
  7
Tahoma
 72
     1
 11
18533.67486481482
 21
97264.47720914753
 31
0.0
100
AcDbText
  0
LINE
  5
CD3
330
36
100
AcDbEntity
  8
Carroyage CC46 approché
100
AcDbLine
 10
18544.37502253006
 20
97074.55457110304
 30
0.0
 11
18554.37464511954
 21
97074.64145072139
 31
0.0
  0
LINE
  5
CD4
330
36
100
AcDbEntity
  8
Carroyage CC46 approché
100
AcDbLine
 10
18549.41827363397
 20
97069.59819961747
 30
0.0
 11
18549.33139401563
 21
97079.59782220695
 31
0.0
  0
LINE
  5
CD5
330
36
100
AcDbEntity
  8
Carroyage CC46 approché
100
AcDbLine
 10
18543.50622601641
 20
97174.55079699561
 30
0.0
 11
18553.50584860589
 21
97174.63767661394
 31
0.0
  0
LINE
  5
CD6
330
36
100
AcDbEntity
  8
Carroyage CC46 approché
100
AcDbLine
 10
18548.54947712032
 20
97169.59442551004
 30
0.0
 11
18548.46259750198
 21
97179.59404809953
 31
0.0
  0
LINE
  5
CD9
330
36
100
AcDbEntity
  8
Carroyage CC46 approché
100
AcDbLine
 10
18642.63365539463
 20
97275.41581940066
 30
0.0
 11
18652.63327798411
 21
97275.502699019
 31
0.0
  0
LINE
  5
CDA
330
36
100
AcDbEntity
  8
Carroyage CC46 approché
100
AcDbLine
 10
18647.67690649854
 20
97270.45944791509
 30
0.0
 11
18647.5900268802
 21
97280.45907050457
 31
0.0
  0
LINE
  5
CDB
330
36
100
AcDbEntity
  8
Carroyage CC46 approché
100
AcDbLine
 10
18643.50245190828
 20
97175.41959350903
 30
0.0
 11
18653.50207449775
 21
97175.50647312735
 31
0.0
  0
LINE
  5
CDC
330
36
100
AcDbEntity
  8
Carroyage CC46 approché
100
AcDbLine
 10
18648.54570301219
 20
97170.46322202346
 30
0.0
 11
18648.45882339385
 21
97180.46284461294
 31
0.0
  0
LINE
  5
CDD
330
36
100
AcDbEntity
  8
Carroyage CC46 approché
100
AcDbLine
 10
18644.37124842193
 20
97075.42336761738
 30
0.0
 11
18654.3708710114
 21
97075.51024723573
 31
0.0
  0
LINE
  5
CDE
330
36
100
AcDbEntity
  8
Carroyage CC46 approché
100
AcDbLine
 10
18649.41449952584
 20
97070.46699613183
 30
0.0
 11
18649.3276199075
 21
97080.46661872129
 31
0.0
  0
LINE
  5
CDF
330
36
100
AcDbEntity
  8
Carroyage CC46 approché
100
AcDbLine
 10
18645.24004493581
 20
96975.42714172575
 30
0.0
 11
18655.23966752529
 21
96975.5140213441
 31
0.0
  0
LINE
  5
CE0
330
36
100
AcDbEntity
  8
Carroyage CC46 approché
100
AcDbLine
 10
18650.28329603972
 20
96970.4707702402
 30
0.0
 11
18650.19641642138
 21
96980.47039282966
 31
0.0
  0
LINE
  5
CE1
330
36
100
AcDbEntity
  8
Carroyage CC46 approché
100
AcDbLine
 10
18745.23627082768
 20
96976.29593823917
 30
0.0
 11
18755.23589341715
 21
96976.38281785751
 31
0.0
  0
LINE
  5
CE2
330
36
100
AcDbEntity
  8
Carroyage CC46 approché
100
AcDbLine
 10
18750.27952193159
 20
96971.33956675362
 30
0.0
 11
18750.19264231325
 21
96981.33918934308
 31
0.0
  0
LINE
  5
CE3
330
36
100
AcDbEntity
  8
Carroyage CC46 approché
100
AcDbLine
 10
18744.3674743138
 20
97076.2921641308
 30
0.0
 11
18754.36709690327
 21
97076.37904374914
 31
0.0
  0
LINE
  5
CE4
330
36
100
AcDbEntity
  8
Carroyage CC46 approché
100
AcDbLine
 10
18749.41072541771
 20
97071.33579264525
 30
0.0
 11
18749.32384579937
 21
97081.33541523471
 31
0.0
  0
LINE
  5
CE5
330
36
100
AcDbEntity
  8
Carroyage CC46 approché
100
AcDbLine
 10
18743.49867780015
 20
97176.28839002244
 30
0.0
 11
18753.49830038962
 21
97176.37526964077
 31
0.0
  0
LINE
  5
CE6
330
36
100
AcDbEntity
  8
Carroyage CC46 approché
100
AcDbLine
 10
18748.54192890406
 20
97171.33201853688
 30
0.0
 11
18748.45504928572
 21
97181.33164112636
 31
0.0
  0
LINE
  5
CE7
330
36
100
AcDbEntity
  8
Carroyage CC46 approché
100
AcDbLine
 10
18742.62988128627
 20
97276.28461591407
 30
0.0
 11
18752.62950387574
 21
97276.37149553242
 31
0.0
  0
LINE
  5
CE8
330
36
100
AcDbEntity
  8
Carroyage CC46 approché
100
AcDbLine
 10
18747.67313239017
 20
97271.32824442852
 30
0.0
 11
18747.58625277184
 21
97281.32786701799
 31
0.0
  0
TEXT
  5
CE9
330
36
100
AcDbEntity
  8
Carroyage CC46 approché
100
AcDbText
 10
18751.37208006606
 20
96960.6907114009
 30
0.0
 40
2.0
  1
E=1767400
 50
90.49778999998563
  7
Legend
 11
18750.37211780715
 21
96960.68202343573
 31
0.0
100
AcDbText
 73
     2
  0
LINE
  5
CEA
330
36
100
AcDbEntity
  8
Carroyage CC46 approché
100
AcDbLine
 10
18750.38080577233
 20
96959.68206117681
 30
0.0
 11
18750.42424559825
 21
96954.68224988223
 31
0.0
  0
TEXT
  5
CED
330
36
100
AcDbEntity
  8
Carroyage CC46 approché
100
AcDbText
 10
18651.6325393308
 20
96930.27811899639
 30
0.0
 40
2.0
  1
E=1767300
 50
90.49778999998563
  7
Legend
 11
18650.63257707189
 21
96930.2694310312
 31
0.0
100
AcDbText
 73
     2
  0
LINE
  5
CEE
330
36
100
AcDbEntity
  8
Carroyage CC46 approché
100
AcDbLine
 10
18650.64126503707
 20
96929.2694687723
 30
0.0
 11
18650.68470486299
 21
96924.2696574777
 31
0.0
  0
TEXT
  5
CEF
330
36
100
AcDbEntity
  8
Carroyage CC46 approché
100
AcDbText
 10
18551.00938921381
 20
97001.566675154
 30
0.0
 40
2.0
  1
E=1767200
 50
90.49778999998563
  7
Legend
 11
18550.00942695489
 21
97001.55798718881
 31
0.0
100
AcDbText
 73
     2
  0
LINE
  5
CF0
330
36
100
AcDbEntity
  8
Carroyage CC46 approché
100
AcDbLine
 10
18550.01811492007
 20
97000.55802492991
 30
0.0
 11
18550.06155474599
 21
96995.55821363532
 31
0.0
  0
LWPOLYLINE
  5
D03
330
36
100
AcDbEntity
  8
Carroyage CC46 approché
  6
CONTINU
100
AcDbPolyline
 90
        3
 70
     0
 43
0.3999847600015201
 10
18735.54047870642
 20
97271.57442616439
 10
18675.54502908481
 20
97271.05316811691
 10
18675.02377103726
 20
97331.04861773856
  0
LWPOLYLINE
  5
D04
330
36
100
AcDbEntity
  8
Carroyage CC46 approché
  6
CONTINU
100
AcDbPolyline
 90
        4
 70
     0
 43
0.3999847600015201
 10
18672.40135799513
 20
97324.55873576681
 10
18675.02377103726
 20
97331.04861773856
 10
18677.7584516843
 20
97324.60527976662
 10
18672.40135799513
 20
97324.55873576681
  0
LWPOLYLINE
  5
D05
330
36
100
AcDbEntity
  8
Carroyage CC46 approché
  6
CONTINU
100
AcDbPolyline
 90
        4
 70
     0
 43
0.3999847600015201
 10
18729.05049674232
 20
97274.19683833781
 10
18735.54047870642
 20
97271.57442616439
 10
18729.09704161087
 20
97268.83964465621
 10
18729.05049674232
 20
97274.19683833781
  0
TEXT
  5
D06
330
36
100
AcDbEntity
  8
Carroyage CC46 approché
100
AcDbText
 10
18711.65368988923
 20
97268.69669170174
 30
0.0
 40
1.9999238000076
  1
Axe Est
 50
180.4977899972167
 41
1.223999999992174
 72
     5
 11
18695.33492759225
 21
97268.55490951283
 31
0.0
100
AcDbText
  0
TEXT
  5
D07
330
36
100
AcDbEntity
  8
Carroyage CC46 approché
100
AcDbText
 10
18672.5187947256
 20
97294.24936697073
 30
0.0
 40
1.9999238000076
  1
Axe Nord
 50
90.49778999744718
 41
1.070869565221951
 72
     5
 11
18672.37614377322
 21
97310.66812168393
 31
0.0
100
AcDbText
  0
TEXT
  5
D09
330
36
100
AcDbEntity
  8
Carroyage CC46 approché
100
AcDbText
 10
18549.43536465343
 20
97182.73281927785
 30
0.0
 40
2.0
  1
E=1767200
 50
90.49778996660778
  7
Legend
 72
     2
 11
18548.31128479561
 21
97197.00974598458
 31
0.0
100
AcDbText
 73
     2
  0
LINE
  5
D0A
330
36
100
AcDbEntity
  8
Carroyage CC46 approché
100
AcDbLine
 10
18548.259157008
 20
97203.00951953813
 30
0.0
 11
18548.30259683101
 21
97198.00970824351
 31
0.0
  0
TEXT
  5
D0C
330
36
100
AcDbEntity
  8
Carroyage CC46 approché
100
AcDbText
 10
18548.44346854261
 20
97296.89748959343
 30
0.0
 40
2.0
  1
E=1767200
 50
90.49778996660778
  7
Legend
 72
     2
 11
18547.31938868479
 21
97311.17441630015
 31
0.0
100
AcDbText
 73
     2
  0
LINE
  5
D0D
330
36
100
AcDbEntity
  8
Carroyage CC46 approché
100
AcDbLine
 10
18547.26726089718
 20
97317.1741898537
 30
0.0
 11
18547.31070072018
 21
97312.17437855908
 31
0.0
  0
TEXT
  5
D0E
330
36
100
AcDbEntity
  8
Carroyage CC46 approché
100
AcDbText
 10
18648.18300937566
 20
97327.31007079134
 30
0.0
 40
2.0
  1
E=1767300
 50
90.49778996660778
  7
Legend
 72
     2
 11
18647.05892951783
 21
97341.58699749807
 31
0.0
100
AcDbText
 73
     2
  0
LINE
  5
D0F
330
36
100
AcDbEntity
  8
Carroyage CC46 approché
100
AcDbLine
 10
18647.00680173023
 20
97347.58677105162
 30
0.0
 11
18647.05024155323
 21
97342.586959757
 31
0.0
  0
TEXT
  5
D10
330
36
100
AcDbEntity
  8
Carroyage CC46 approché
100
AcDbText
 10
18748.43423767675
 20
97298.82875121576
 30
0.0
 40
2.0
  1
E=1767400
 50
90.49778996660778
  7
Legend
 72
     2
 11
18747.31015781892
 21
97313.10567792251
 31
0.0
100
AcDbText
 73
     2
  0
LINE
  5
D11
330
36
100
AcDbEntity
  8
Carroyage CC46 approché
100
AcDbLine
 10
18747.25803003132
 20
97319.10545147604
 30
0.0
 11
18747.30146985432
 21
97314.10564018142
 31
0.0
  0
TEXT
  5
D12
330
36
100
AcDbEntity
  8
Carroyage CC46 approché
100
AcDbText
 10
18817.53001845212
 20
96977.924085229
 30
0.0
 40
2.0
  1
N=5205100
 50
180.4977899997027
  7
Legend
 11
18817.5387064173
 21
96976.92412297008
 31
0.0
100
AcDbText
 73
     2
  0
LINE
  5
D13
330
36
100
AcDbEntity
  8
Carroyage CC46 approché
100
AcDbLine
 10
18818.5386686762
 20
96976.93281093526
 30
0.0
 11
18823.5384799708
 21
96976.97625076118
 31
0.0
  0
TEXT
  5
D14
330
36
100
AcDbEntity
  8
Carroyage CC46 approché
100
AcDbText
 10
18815.08493792268
 20
97077.9066159039
 30
0.0
 40
2.0
  1
N=5205200
 50
180.4977899997027
  7
Legend
 11
18815.09362588786
 21
97076.90665364498
 31
0.0
100
AcDbText
 73
     2
  0
LINE
  5
D15
330
36
100
AcDbEntity
  8
Carroyage CC46 approché
100
AcDbLine
 10
18816.09358814677
 20
97076.91534161016
 30
0.0
 11
18821.09339944136
 21
97076.95878143608
 31
0.0
  0
TEXT
  5
D16
330
36
100
AcDbEntity
  8
Carroyage CC46 approché
100
AcDbText
 10
18784.67235434524
 20
97177.64615671647
 30
0.0
 40
2.0
  1
N=5205300
 50
180.4977899997027
  7
Legend
 11
18784.68104231042
 21
97176.64619445754
 31
0.0
100
AcDbText
 73
     2
  0
LINE
  5
D17
330
36
100
AcDbEntity
  8
Carroyage CC46 approché
100
AcDbLine
 10
18785.68100456933
 20
97176.65488242271
 30
0.0
 11
18790.68081586392
 21
97176.69832224865
 31
0.0
  0
TEXT
  5
D18
330
36
100
AcDbEntity
  8
Carroyage CC46 approché
100
AcDbText
 10
18754.25977076733
 20
97277.3856975281
 30
0.0
 40
2.0
  1
N=5205400
 50
180.4977899997027
  7
Legend
 11
18754.2684587325
 21
97276.38573526917
 31
0.0
100
AcDbText
 73
     2
  0
LINE
  5
D19
330
36
100
AcDbEntity
  8
Carroyage CC46 approché
100
AcDbLine
 10
18755.26842099141
 20
97276.39442323434
 30
0.0
 11
18760.268232286
 21
97276.43786306026
 31
0.0
  0
TEXT
  5
D1A
330
36
100
AcDbEntity
  8
Carroyage CC46 approché
100
AcDbText
 10
18516.38203982137
 20
97175.31517183015
 30
0.0
 40
2.0
  1
N=5205300
 50
180.4977899663535
  7
Legend
 72
     2
 11
18501.6097471956
 21
97174.18678808838
 31
0.0
100
AcDbText
 73
     2
  0
LINE
  5
D1B
330
36
100
AcDbEntity
  8
Carroyage CC46 approché
100
AcDbLine
 10
18495.60997364206
 20
97174.13466030079
 30
0.0
 11
18500.60978493668
 21
97174.17810012378
 31
0.0
  0
TEXT
  5
D1C
330
36
100
AcDbEntity
  8
Carroyage CC46 approché
100
AcDbText
 10
18546.79464901391
 20
97075.57563124112
 30
0.0
 40
2.0
  1
N=5205200
 50
180.4977899663535
  7
Legend
 72
     2
 11
18532.02235638814
 21
97074.44724749933
 31
0.0
100
AcDbText
 73
     2
  0
LINE
  5
D1D
330
36
100
AcDbEntity
  8
Carroyage CC46 approché
100
AcDbLine
 10
18526.0225828346
 20
97074.39511971173
 30
0.0
 11
18531.02239412922
 21
97074.43855953474
 31
0.0
  0
TEXT
  5
D1E
330
36
100
AcDbEntity
  8
Carroyage CC46 approché
100
AcDbText
 10
18577.20725820692
 20
96975.83609065206
 30
0.0
 40
2.0
  1
N=5205100
 50
180.4977899663535
  7
Legend
 72
     2
 11
18562.43496558115
 21
96974.7077069103
 31
0.0
100
AcDbText
 73
     2
  0
LINE
  5
D1F
330
36
100
AcDbEntity
  8
Carroyage CC46 approché
100
AcDbLine
 10
18556.43519202761
 20
96974.6555791227
 30
0.0
 11
18561.43500332223
 21
96974.69901894569
 31
0.0
  0
TEXT
  5
D20
330
36
100
AcDbEntity
  8
Carroyage CC46 approché
100
AcDbText
 10
18560.02863756976
 20
97275.6981605131
 30
0.0
 40
2.0
  1
N=5205400
 50
180.4977899663535
  7
Legend
 72
     2
 11
18545.25634494399
 21
97274.56977677134
 31
0.0
100
AcDbText
 73
     2
  0
LINE
  5
D21
330
36
100
AcDbEntity
  8
Carroyage CC46 approché
100
AcDbLine
 10
18539.25657139044
 20
97274.51764898374
 30
0.0
 11
18544.25638268507
 21
97274.56108880673
 31
0.0
  0
INSERT
  5
D27
330
36
100
AcDbEntity
  8
Carroyage système local
  6
CONTINU
 62
     7
100
AcDbBlockReference
  2
SY212
 10
18555.64595524353
 20
97096.43526224656
 30
0.0
 41
0.9999619000038
 42
0.9999619000038
 43
0.9999619000038
 50
179.999789299046
  0
TEXT
  5
D49
330
36
100
AcDbEntity
  8
HACHURES
 62
     5
100
AcDbText
 10
18529.9737829325
 20
97225.31515583753
 30
0.0
 40
3.049483810251588
  1
( mai 2022 / novembre 2021 )
 50
106.9559999999999
  7
Tahoma
 72
     1
 11
18521.78573504042
 21
97252.17079863938
 31
0.0
100
AcDbText
  0
TEXT
  5
D4A
330
36
100
AcDbEntity
  8
HACHURES
 62
     5
100
AcDbText
 10
18527.5432773837
 20
97162.48997980004
 30
0.0
 40
2.033022538897724
  1
Prise eau 901
 50
105.732
 41
0.8
100
AcDbText
  0
TEXT
  5
D4B
330
36
100
AcDbEntity
  8
HACHURES
 62
     5
100
AcDbText
 10
18523.32243712415
 20
97160.13130267667
 30
0.0
 40
2.033022538897725
  1
Prise eau 902
 50
114.2279999999999
 41
0.8
100
AcDbText
  0
INSERT
  5
EC2
330
36
100
AcDbEntity
  8
vecteurs_deplacement
  6
Continuous
100
AcDbBlockReference
  2
vecteurDXY
 10
18644.16
 20
97030.99000000001
 30
0.0
 41
8.944267128577813
 42
8.944267128577813
 43
8.944267128577813
 50
116.565051177078
  0
INSERT
  5
EC3
330
36
100
AcDbEntity
  8
vecteurs_deplacement
  6
Continuous
100
AcDbBlockReference
  2
vecteurDXY
 10
18633.69
 20
97064.50999999999
 30
0.0
 41
24.41311496604896
 42
24.41311496604896
 43
24.41311496604896
 50
55.00798069675757
  0
INSERT
  5
EC4
330
36
100
AcDbEntity
  8
vecteurs_deplacement
  6
Continuous
100
AcDbBlockReference
  2
vecteurDXY
 10
18623.53
 20
97097.55000000001
 30
0.0
 41
22.02270974600722
 42
22.02270974600722
 43
22.02270974600722
 50
39.47245489733556
  0
INSERT
  5
EC5
330
36
100
AcDbEntity
  8
vecteurs_deplacement
  6
Continuous
100
AcDbBlockReference
  2
vecteurDXY
 10
18613.12
 20
97131.38999999999
 30
0.0
 41
20.88061144496693
 42
20.88061144496693
 43
20.88061144496693
 50
16.69924301012079
  0
INSERT
  5
EC6
330
36
100
AcDbEntity
  8
vecteurs_deplacement
  6
Continuous
100
AcDbBlockReference
  2
vecteurDXY
 10
18602.98
 20
97164.54
 30
0.0
 41
25.45584039271961
 42
25.45584039271961
 43
25.45584039271961
 50
45.0
  0
INSERT
  5
EC7
330
36
100
AcDbEntity
  8
vecteurs_deplacement
  6
Continuous
100
AcDbBlockReference
  2
vecteurDXY
 10
18592.56
 20
97198.11999999999
 30
0.0
 41
33.54101474779547
 42
33.54101474779547
 43
33.54101474779547
 50
63.43494882292197
  0
INSERT
  5
EC8
330
36
100
AcDbEntity
  8
vecteurs_deplacement
  6
Continuous
100
AcDbBlockReference
  2
vecteurDXY
 10
18659.1
 20
97072.24000000001
 30
0.0
 41
20.61552947432657
 42
20.61552947432657
 43
20.61552947432657
 50
50.90613985822109
  0
INSERT
  5
EC9
330
36
100
AcDbEntity
  8
vecteurs_deplacement
  6
Continuous
100
AcDbBlockReference
  2
vecteurDXY
 10
18648.63
 20
97105.57000000001
 30
0.0
 41
24.08318943137575
 42
24.08318943137575
 43
24.08318943137575
 50
41.63354117659962
  0
INSERT
  5
ECA
330
36
100
AcDbEntity
  8
vecteurs_deplacement
  6
Continuous
100
AcDbBlockReference
  2
vecteurDXY
 10
18638.21
 20
97138.96000000001
 30
0.0
 41
30.23242676579257
 42
30.23242676579257
 43
30.23242676579257
 50
55.78429742969989
  0
INSERT
  5
ECB
330
36
100
AcDbEntity
  8
vecteurs_deplacement
  6
Continuous
100
AcDbBlockReference
  2
vecteurDXY
 10
18627.75
 20
97172.41000000001
 30
0.0
 41
26.40076113386792
 42
26.40076113386792
 43
26.40076113386792
 50
37.30394445008919
  0
INSERT
  5
ECC
330
36
100
AcDbEntity
  8
vecteurs_deplacement
  6
Continuous
100
AcDbBlockReference
  2
vecteurDXY
 10
18679.48
 20
97116.83999999999
 30
0.0
 41
18.43908688618241
 42
18.43908688618241
 43
18.43908688618241
 50
77.47118287422634
  0
INSERT
  5
ECD
330
36
100
AcDbEntity
  8
vecteurs_deplacement
  6
Continuous
100
AcDbBlockReference
  2
vecteurDXY
 10
18670.34
 20
97148.43
 30
0.0
 41
18.02775352049573
 42
18.02775352049573
 43
18.02775352049573
 50
86.82018219418065
  0
INSERT
  5
ECE
330
36
100
AcDbEntity
  8
vecteurs_deplacement
  6
Continuous
100
AcDbBlockReference
  2
vecteurDXY
 10
18659.33
 20
97183.1
 30
0.0
 41
24.08318769117792
 42
24.08318769117792
 43
24.08318769117792
 50
41.63354485665875
  0
INSERT
  5
ECF
330
36
100
AcDbEntity
  8
vecteurs_deplacement
  6
Continuous
100
AcDbBlockReference
  2
vecteurDXY
 10
18526.41
 20
97156.97999999999
 30
0.0
 41
73.76313575713237
 42
73.76313575713237
 43
73.76313575713237
 50
105.7320071388298
  0
INSERT
  5
ED0
330
36
100
AcDbEntity
  8
vecteurs_deplacement
  6
Continuous
100
AcDbBlockReference
  2
vecteurDXY
 10
18525.18
 20
97159.05000000001
 30
0.0
 41
87.72685487555651
 42
87.72685487555651
 43
87.72685487555651
 50
114.227748091387
  0
ENDSEC
  0
SECTION
  2
OBJECTS
  0
DICTIONARY
  5
C
330
0
100
AcDbDictionary
281
     1
  3
ACAD_CIP_PREVIOUS_PRODUCT_INFO
350
A64
  3
ACAD_COLOR
350
2F
  3
ACAD_DETAILVIEWSTYLE
350
EDC
  3
ACAD_GROUP
350
D
  3
ACAD_IMAGE_VARS
350
852
  3
ACAD_LAYOUT
350
2E
  3
ACAD_MATERIAL
350
10
  3
ACAD_MLEADERSTYLE
350
84E
  3
ACAD_MLINESTYLE
350
2B
  3
ACAD_PLOTSETTINGS
350
2D
  3
ACAD_PLOTSTYLENAME
350
E
  3
ACAD_SCALELIST
350
82C
  3
ACAD_SECTIONVIEWSTYLE
350
EDA
  3
ACAD_TABLESTYLE
350
30
  3
ACAD_VISUALSTYLE
350
14
  3
ACDB_RECOMPOSE_DATA
350
EEC
  3
AcDbVariableDictionary
350
7B5
  3
ADE_QUERY_LIBRARY
350
7B3
  3
ASE_INDEX_DICTIONARY
350
EA9
  3
Autodesk_MAP
350
853
1001
ADE
1000
ADE02C004
1000
[Query]
1000
CaseSensitiveMatch=0
1000
SaveCurrQueryInSession=1
1000
MkSelSetWithQryObj=0
1000
ShowBlockAsInsPt=0
1000
CreateAssociativeHatchObjects=0
1000
ReferenceBoundaryForAreaLocation=1
1000
ShowImageAsBoundary=1
1000
DefaultJoinOperator=2
1000
ColorForAdd=red
1000
ColorForRemove=red
1000
BlockLocnForQuery=1
1000
TextLocnForQuery=1
1000
IncludeAllObjectsInGroups=0
1000
AlwaysUseLibraryDefinitions=0
1000
PreviewDefinitionsFrom=2
1000
[Save Back]
1000
RedefineBlockDefinitions=1
1000
RedefineLayerDefinitions=1
1000
RedefineTextStyleDefinitions=1
1000
RemoveUnusedGroups=1
1000
EraseSavedBackObjects=1
1000
RemoveLockAfterSave=1
1000
CreateHistoryFileOfChanges=0
1000
CreateBackupFileOfSourceDwg=1
1000
DontAddObjectsToSaveSet=0
1000
MarkObjectsForEditingWithoutPrompting=0
1000
FdoDontAddObjsToSvSet=0
1000
FdoEditWithoutPrompt=1
1000
FdoRemUnusedGrps=1
1000
FdoEraseSvdBkObjs=1
1000
FdoRemoveLockOnSave=1
1000
FdoTesselationMaxPointsDistance=0
1000
FdoTesselationMaxCurvesDistance=0
1000
[Coordinate Transformation]
1000
RestoreLastActiveDwgsOnStartup=1
1000
ActivateDwgsOnAttach=1
1000
AdjustSizesAndScalesForChangesInUnits=1
1000
AdjustRotationsForMapDistortions=1
1000
AdjustSizesAndScalesForMapDistortions=1
1000
AdjustElevations=1
1000
AdjustZeroRotationObjects=1
1000
ReconnectDbOnWSOpen=1
1000
NoOfSQLConditionsInHistory=10
  0
DICTIONARY
  5
7BE
330
8
100
AcDbDictionary
280
     1
281
     1
  0
DICTIONARY
  5
86D
330
2
100
AcDbDictionary
280
     1
281
     1
  3
ACAD_LAYERSTATES
360
86E
  0
DICTIONARY
  5
878
330
25
100
AcDbDictionary
280
     1
281
     1
  3
ADSK_XREC_LAYER_RECONCILED
360
879
  0
DICTIONARY
  5
87A
330
46
100
AcDbDictionary
280
     1
281
     1
  3
ADSK_XREC_LAYER_RECONCILED
360
87B
  0
DICTIONARY
  5
87E
330
48
100
AcDbDictionary
280
     1
281
     1
  3
ADSK_XREC_LAYER_RECONCILED
360
87F
  0
DICTIONARY
  5
880
330
49
100
AcDbDictionary
280
     1
281
     1
  3
ADSK_XREC_LAYER_RECONCILED
360
881
  0
DICTIONARY
  5
882
330
4A
100
AcDbDictionary
280
     1
281
     1
  3
ADSK_XREC_LAYER_RECONCILED
360
883
  0
DICTIONARY
  5
884
330
4B
100
AcDbDictionary
280
     1
281
     1
  3
ADSK_XREC_LAYER_RECONCILED
360
885
  0
DICTIONARY
  5
888
330
4D
100
AcDbDictionary
280
     1
281
     1
  3
ADSK_XREC_LAYER_RECONCILED
360
889
  0
DICTIONARY
  5
890
330
51
100
AcDbDictionary
280
     1
281
     1
  3
ADSK_XREC_LAYER_RECONCILED
360
891
  0
DICTIONARY
  5
894
330
53
100
AcDbDictionary
280
     1
281
     1
  3
ADSK_XREC_LAYER_RECONCILED
360
895
  0
DICTIONARY
  5
896
330
54
100
AcDbDictionary
280
     1
281
     1
  3
ADSK_XREC_LAYER_RECONCILED
360
897
  0
DICTIONARY
  5
861
330
36
100
AcDbDictionary
280
     1
281
     1
  3
ACAD_SORTENTS
360
862
  0
XRECORD
  5
A64
102
{ACAD_REACTORS
330
C
102
}
330
C
100
AcDbXrecord
280
     1
300
MAP
300
2023
300

  0
DICTIONARY
  5
2F
102
{ACAD_REACTORS
330
C
102
}
330
C
100
AcDbDictionary
281
     1
  0
DICTIONARY
  5
EDC
102
{ACAD_REACTORS
330
C
102
}
330
C
100
AcDbDictionary
281
     1
  3
Metric50
350
EDD
  0
DICTIONARY
  5
D
102
{ACAD_REACTORS
330
C
102
}
330
C
100
AcDbDictionary
281
     1
  0
RASTERVARIABLES
  5
852
102
{ACAD_REACTORS
330
C
102
}
330
C
100
AcDbRasterVariables
 90
        0
 70
     3
 71
     1
 72
     3
  0
DICTIONARY
  5
2E
102
{ACAD_REACTORS
330
C
102
}
330
C
100
AcDbDictionary
281
     1
  3
Model
350
39
  3
Présentation1
350
35
  0
DICTIONARY
  5
10
102
{ACAD_REACTORS
330
C
102
}
330
C
100
AcDbDictionary
281
     1
  3
ByBlock
350
12
  3
ByLayer
350
11
  3
Global
350
13
  0
DICTIONARY
  5
84E
102
{ACAD_REACTORS
330
C
102
}
330
C
100
AcDbDictionary
281
     1
  3
Standard
350
84F
  0
DICTIONARY
  5
2B
102
{ACAD_REACTORS
330
C
102
}
330
C
100
AcDbDictionary
281
     1
  3
Standard
350
2C
  0
DICTIONARY
  5
2D
102
{ACAD_REACTORS
330
C
102
}
330
C
100
AcDbDictionary
281
     1
  0
ACDBDICTIONARYWDFLT
  5
E
102
{ACAD_REACTORS
330
C
102
}
330
C
100
AcDbDictionary
281
     1
  3
Normal
350
F
100
AcDbDictionaryWithDefault
340
F
  0
DICTIONARY
  5
82C
102
{ACAD_REACTORS
330
C
102
}
330
C
100
AcDbDictionary
281
     1
  3
A0
350
82D
  3
A1
350
82E
  3
A2
350
82F
  3
A3
350
830
  3
A4
350
831
  3
A5
350
832
  3
A6
350
833
  3
A7
350
834
  3
A8
350
835
  3
A9
350
836
  3
B0
350
837
  3
B1
350
838
  3
B2
350
839
  3
B3
350
83A
  3
B4
350
83B
  3
B5
350
83C
  3
B6
350
83D
  3
B7
350
83E
  3
B8
350
83F
  3
B9
350
840
  3
C0
350
841
  3
C1
350
842
  3
C2
350
843
  3
C3
350
844
  3
C4
350
845
  3
C5
350
846
  3
C6
350
847
  3
C7
350
848
  3
C8
350
849
  3
C9
350
84A
  3
D0
350
84B
  3
D1
350
84C
  3
D2
350
84D
  0
DICTIONARY
  5
EDA
102
{ACAD_REACTORS
330
C
102
}
330
C
100
AcDbDictionary
281
     1
  3
Metric50
350
EDB
  0
DICTIONARY
  5
30
102
{ACAD_REACTORS
330
C
102
}
330
C
100
AcDbDictionary
281
     1
  3
Legend
350
85A
  3
Standard
350
31
  0
DICTIONARY
  5
14
102
{ACAD_REACTORS
330
C
102
}
330
C
100
AcDbDictionary
281
     1
  3
2dWireframe
350
1A
  3
3D Hidden
350
1C
  3
3dWireframe
350
1B
  3
Basic
350
19
  3
Brighten
350
20
  3
ColorChange
350
24
  3
Conceptual
350
1D
  3
Dim
350
1F
  3
EdgeColorOff
350
82B
  3
Facepattern
350
23
  3
Flat
350
15
  3
FlatWithEdges
350
16
  3
Gouraud
350
17
  3
GouraudWithEdges
350
18
  3
Hidden
350
A59
  3
JitterOff
350
829
  3
Linepattern
350
22
  3
OverhangOff
350
82A
  3
Realistic
350
1E
  3
Shaded
350
A5E
  3
Shaded with edges
350
A5D
  3
Shades of Gray
350
A5A
  3
Sketchy
350
A5B
  3
Thicken
350
21
  3
Wireframe
350
A58
  3
X-Ray
350
A5C
  0
XRECORD
  5
EEC
102
{ACAD_REACTORS
330
C
102
}
330
C
100
AcDbXrecord
280
     1
 90
        1
330
31
330
85A
  0
DICTIONARY
  5
7B5
102
{ACAD_REACTORS
330
C
102
}
330
C
100
AcDbDictionary
281
     1
  3
CANNOSCALE
350
951
  3
CMLEADERSTYLE
350
94F
  3
CTABLESTYLE
350
7B6
  3
CVIEWDETAILSTYLE
350
EE6
  3
CVIEWSECTIONSTYLE
350
EE7
  3
DIMASSOC
350
7EE
  3
INDEXCTL
350
7ED
  3
LAYEREVAL
350
953
  3
LAYERNOTIFY
350
954
  3
LIGHTINGUNITS
350
952
  3
MSLTSCALE
350
950
  3
SORTENTS
350
7EC
  0
DICTIONARY
  5
7B3
102
{ACAD_REACTORS
330
C
102
}
330
C
100
AcDbDictionary
281
     1
  3
_CurrQry
350
EE5
  0
DICTIONARY
  5
EA9
102
{ACAD_REACTORS
330
C
102
}
330
C
100
AcDbDictionary
281
     1
  3
ASEBlockHierarchyIndexRecord
350
EAA
1001
DCO15
1040
-2116762012.0
  0
DICTIONARY
  5
853
102
{ACAD_REACTORS
330
C
102
}
330
C
100
AcDbDictionary
281
     1
  3
AcMapDMStylizedEntities
350
863
  3
AcMapResourceManager
350
EE3
  3
MAP_DISPLAY_CUSTOMOBJ_REG_TABLE
350
857
  3
MAP_DISPLAY_MANAGEMENT_DICTIONARY
350
854
  3
MAP_DISPLAY_STYLELIBRARY_DICTIONARY
350
855
  3
MAP_RESOURCE_VERSION_MANAGEMENT_DICTIONARY
350
864
1001
MapGWS
1000
C:\ProgramData\Autodesk\Autodesk AutoCAD Map 3D 2023\R24.2\MapCache\Rouchain_vecteurs deplacement 2022-05_2021-11 - CC46GWS.xml
  0
DICTIONARY
  5
86E
102
{ACAD_REACTORS
330
86D
102
}
330
86D
100
AcDbDictionary
281
     1
  0
XRECORD
  5
879
102
{ACAD_REACTORS
330
878
102
}
330
878
100
AcDbXrecord
280
     1
290
     1
  0
XRECORD
  5
87B
102
{ACAD_REACTORS
330
87A
102
}
330
87A
100
AcDbXrecord
280
     1
290
     1
  0
XRECORD
  5
87F
102
{ACAD_REACTORS
330
87E
102
}
330
87E
100
AcDbXrecord
280
     1
290
     1
  0
XRECORD
  5
881
102
{ACAD_REACTORS
330
880
102
}
330
880
100
AcDbXrecord
280
     1
290
     1
  0
XRECORD
  5
883
102
{ACAD_REACTORS
330
882
102
}
330
882
100
AcDbXrecord
280
     1
290
     1
  0
XRECORD
  5
885
102
{ACAD_REACTORS
330
884
102
}
330
884
100
AcDbXrecord
280
     1
290
     1
  0
XRECORD
  5
889
102
{ACAD_REACTORS
330
888
102
}
330
888
100
AcDbXrecord
280
     1
290
     1
  0
XRECORD
  5
891
102
{ACAD_REACTORS
330
890
102
}
330
890
100
AcDbXrecord
280
     1
290
     1
  0
XRECORD
  5
895
102
{ACAD_REACTORS
330
894
102
}
330
894
100
AcDbXrecord
280
     1
290
     1
  0
XRECORD
  5
897
102
{ACAD_REACTORS
330
896
102
}
330
896
100
AcDbXrecord
280
     1
290
     1
  0
SORTENTSTABLE
  5
862
102
{ACAD_REACTORS
330
861
102
}
330
861
100
AcDbSortentsTable
330
36
331
33D
  5
8E4
331
33E
  5
8E5
331
33F
  5
8E7
331
340
  5
8E8
331
341
  5
8E9
331
342
  5
8EA
331
343
  5
8EE
331
344
  5
8EF
331
345
  5
8F1
331
346
  5
8F2
331
347
  5
8F3
331
348
  5
8F4
331
349
  5
8FE
331
34A
  5
8FF
331
34B
  5
901
331
34C
  5
902
331
34D
  5
907
331
34E
  5
908
331
34F
  5
90A
331
350
  5
90B
331
351
  5
90D
331
352
  5
90E
331
353
  5
910
331
354
  5
911
331
355
  5
913
331
356
  5
914
331
357
  5
916
331
358
  5
917
331
359
  5
92A
331
35A
  5
92B
331
35B
  5
92E
331
35C
  5
ECF
331
35D
  5
92F
331
35E
  5
930
331
35F
  5
931
331
360
  5
932
331
361
  5
933
331
362
  5
934
331
363
  5
935
331
364
  5
993
331
365
  5
994
331
366
  5
998
331
367
  5
33D
331
368
  5
33E
331
36E
  5
33F
331
36F
  5
999
331
370
  5
340
331
371
  5
341
331
372
  5
342
331
373
  5
343
331
374
  5
344
331
375
  5
345
331
37C
  5
346
331
37D
  5
347
331
37E
  5
348
331
37F
  5
349
331
380
  5
34A
331
381
  5
34B
331
382
  5
34C
331
383
  5
34D
331
384
  5
99B
331
385
  5
99D
331
386
  5
99E
331
387
  5
99F
331
388
  5
9A0
331
389
  5
9F7
331
38A
  5
B99
331
38B
  5
34E
331
38C
  5
34F
331
38D
  5
350
331
38E
  5
351
331
38F
  5
352
331
390
  5
353
331
391
  5
354
331
392
  5
355
331
393
  5
356
331
394
  5
357
331
395
  5
358
331
39C
  5
359
331
3A0
  5
35A
331
3A1
  5
35B
331
3A5
  5
35C
331
3AB
  5
35D
331
3B2
  5
35E
331
3B6
  5
35F
331
3BA
  5
360
331
3BE
  5
361
331
3C5
  5
362
331
3C6
  5
363
331
3D5
  5
364
331
3DE
  5
365
331
3E9
  5
366
331
3F5
  5
367
331
3F6
  5
368
331
3FC
  5
36E
331
405
  5
36F
331
406
  5
370
331
407
  5
371
331
408
  5
372
331
409
  5
373
331
40A
  5
374
331
40B
  5
375
331
40C
  5
37C
331
40D
  5
37D
331
411
  5
37E
331
415
  5
37F
331
419
  5
380
331
41D
  5
381
331
41E
  5
382
331
41F
  5
383
331
420
  5
384
331
421
  5
385
331
425
  5
386
331
61D
  5
B9A
331
6BB
  5
387
331
6C0
  5
388
331
6C6
  5
389
331
6CC
  5
38A
331
6CD
  5
38B
331
6D9
  5
38C
331
6E0
  5
38D
331
757
  5
38E
331
75B
  5
38F
331
75F
  5
390
331
763
  5
391
331
767
  5
392
331
76B
  5
393
331
76F
  5
394
331
773
  5
395
331
777
  5
39C
331
77B
  5
3A0
331
77F
  5
3A1
331
783
  5
3A5
331
787
  5
3AB
331
788
  5
ED0
331
789
  5
B9B
331
78B
  5
B9C
331
7F2
  5
3B2
331
7FB
  5
3B6
331
803
  5
3BA
331
80A
  5
B9D
331
812
  5
B9E
331
819
  5
BA0
331
8AC
  5
3BE
331
8AD
  5
3C5
331
8AE
  5
3C6
331
8AF
  5
3D5
331
8B0
  5
3DE
331
8B1
  5
3E9
331
8B2
  5
3F5
331
8B3
  5
3F6
331
8B4
  5
3FC
331
8B5
  5
405
331
8B6
  5
406
331
8B7
  5
407
331
8B8
  5
408
331
8B9
  5
409
331
8BA
  5
40A
331
8BB
  5
40B
331
8BC
  5
40C
331
8BD
  5
40D
331
8BE
  5
411
331
8BF
  5
415
331
8E2
  5
419
331
8E3
  5
41D
331
8E4
  5
41E
331
8E5
  5
41F
331
8E7
  5
420
331
8E8
  5
421
331
8E9
  5
425
331
8EA
  5
61D
331
8EE
  5
6BB
331
8EF
  5
6C0
331
8F1
  5
6C6
331
8F2
  5
6CC
331
8F3
  5
6CD
331
8F4
  5
6D9
331
8FE
  5
6E0
331
8FF
  5
757
331
901
  5
75B
331
902
  5
75F
331
907
  5
763
331
908
  5
767
331
90A
  5
76B
331
90B
  5
76F
331
90D
  5
773
331
90E
  5
777
331
910
  5
77B
331
911
  5
77F
331
913
  5
783
331
914
  5
787
331
916
  5
788
331
917
  5
789
331
92A
  5
78B
331
92B
  5
7AB
331
92E
  5
7F2
331
92F
  5
7FB
331
930
  5
803
331
931
  5
80A
331
932
  5
812
331
933
  5
819
331
934
  5
8AC
331
935
  5
8AD
331
998
  5
8AE
331
999
  5
8AF
331
99B
  5
8B0
331
99D
  5
BA1
331
99E
  5
BA2
331
99F
  5
8B1
331
9A0
  5
8B2
331
9F7
  5
BA5
331
CD3
  5
BA6
331
CD4
  5
BA7
331
CD5
  5
CD3
331
CD6
  5
CD4
331
CD9
  5
CD5
331
CDA
  5
CD6
331
CDB
  5
CD9
331
CDC
  5
CDA
331
CDD
  5
CDB
331
CDE
  5
CDC
331
CDF
  5
CDD
331
CE0
  5
CDE
331
CE1
  5
CDF
331
CE2
  5
CE0
331
CE3
  5
CE1
331
CE4
  5
CE2
331
CE5
  5
CE3
331
CE6
  5
CE4
331
CE7
  5
CE5
331
CE8
  5
CE6
331
CE9
  5
CE7
331
CEA
  5
CE8
331
CED
  5
CE9
331
CEE
  5
CEA
331
CEF
  5
CED
331
CF0
  5
CEE
331
D03
  5
CEF
331
D04
  5
CF0
331
D05
  5
D03
331
D06
  5
D04
331
D07
  5
D05
331
D09
  5
D06
331
D0A
  5
D07
331
D0C
  5
D09
331
D0D
  5
D0A
331
D0E
  5
D0C
331
D0F
  5
D0D
331
D10
  5
D0E
331
D11
  5
D0F
331
D12
  5
D10
331
D13
  5
D11
331
D14
  5
D12
331
D15
  5
D13
331
D16
  5
D14
331
D17
  5
D15
331
D18
  5
D16
331
D19
  5
D17
331
D1A
  5
D18
331
D1B
  5
D19
331
D1C
  5
D1A
331
D1D
  5
D1B
331
D1E
  5
D1C
331
D1F
  5
D1D
331
D20
  5
D1E
331
D21
  5
D1F
331
D27
  5
D20
331
D49
  5
D21
331
D4A
  5
D27
331
D4B
  5
D49
331
EC2
  5
D4A
331
EC3
  5
D4B
331
EC4
  5
EC2
331
EC5
  5
EC3
331
EC6
  5
EC4
331
EC7
  5
EC5
331
EC8
  5
EC6
331
EC9
  5
EC7
331
ECA
  5
EC8
331
ECB
  5
EC9
331
ECC
  5
ECA
331
ECD
  5
ECB
331
ECE
  5
ECC
331
ECF
  5
ECD
331
ED0
  5
ECE
  0
ACDBDETAILVIEWSTYLE
  5
EDD
102
{ACAD_REACTORS
330
EDC
102
}
330
EDC
100
AcDbModelDocViewStyle
 70
     0
  3
Metric50
290
     1
300
Metric50
 90
        0
100
AcDbDetailViewStyle
 70
     0
 71
     0
 90
        3
 71
     1
340
26
 62
   256
 40
5.0
340
0
 62
   256
 40
5.0
300

 40
0.0
280
     1
 71
     2
340
2A
 90
       25
 62
   256
 71
     3
340
26
 62
   256
 40
5.0
 90
        0
 40
15.0
 90
        1
300
%<\AcVar ViewDetailId>% (%<\AcVar ViewScale \f "%sn">%)
 71
     4
340
2A
 90
       25
 62
   256
340
2A
 90
       25
 62
   256
280
     0
  0
LAYOUT
  5
39
102
{ACAD_XDICTIONARY
360
93F
102
}
102
{ACAD_REACTORS
330
2E
102
}
330
2E
100
AcDbPlotSettings
  1

  2
DWG To PDF.pc3
  4
ISO_full_bleed_A3_(297.00_x_420.00_MM)
  6

 40
0.7937499880790711
 41
0.7937499880790711
 42
0.79376220703125
 43
0.79376220703125
 44
297.0
 45
420.0
 46
4.21095139846875
 47
4.214615150653116
 48
87268.24678141422
 49
-46318.81980781835
140
87678.23003891781
141
-46031.82922281039
142
1.0
143
1.0
 70
 11940
 72
     1
 73
     1
 74
     4
  7

 75
     0
147
0.6666666666666666
 76
     0
 77
     2
 78
   300
148
-87268.24678141422
149
46318.81980781835
100
AcDbLayout
  1
Model
 70
     1
 71
     0
 10
0.0
 20
0.0
 11
12.0
 21
9.0
 12
0.0
 22
0.0
 32
0.0
 14
0.0
 24
0.0
 34
0.0
 15
0.0
 25
0.0
 35
0.0
146
0.0
 13
0.0
 23
0.0
 33
0.0
 16
1.0
 26
0.0
 36
0.0
 17
0.0
 27
1.0
 37
0.0
 76
     0
330
36
331
827
1001
ACAD_PSEXT
1000
DWG To PDF.pc3
1000
DWG To PDF
1000
Fichier
1000

1070
     0
  0
LAYOUT
  5
35
102
{ACAD_REACTORS
330
2E
102
}
330
2E
100
AcDbPlotSettings
  1

  2
HP Deskjet 5900 Series
  4

  6

 40
0.0
 41
0.0
 42
0.0
 43
0.0
 44
0.0
 45
0.0
 46
0.0
 47
0.0
 48
0.0
 49
0.0
140
0.0
141
0.0
142
1.0
143
1.0
 70
   688
 72
     0
 73
     0
 74
     5
  7

 75
    16
147
1.0
 76
     0
 77
     2
 78
   300
148
0.0
149
0.0
100
AcDbLayout
  1
Présentation1
 70
     1
 71
     1
 10
0.0
 20
0.0
 11
12.0
 21
9.0
 12
0.0
 22
0.0
 32
0.0
 14
1.000000000000000E+20
 24
1.000000000000000E+20
 34
1.000000000000000E+20
 15
-1.000000000000000E+20
 25
-1.000000000000000E+20
 35
-1.000000000000000E+20
146
0.0
 13
0.0
 23
0.0
 33
0.0
 16
1.0
 26
0.0
 36
0.0
 17
0.0
 27
1.0
 37
0.0
 76
     0
330
32
  0
MATERIAL
  5
12
102
{ACAD_REACTORS
330
10
102
}
330
10
100
AcDbMaterial
  1
ByBlock
 73
     1
 78
     1
172
     1
176
     1
270
     1
274
     1
 94
       63
  0
MATERIAL
  5
11
102
{ACAD_REACTORS
330
10
102
}
330
10
100
AcDbMaterial
  1
ByLayer
 73
     1
 78
     1
172
     1
176
     1
270
     1
274
     1
 94
       63
  0
MATERIAL
  5
13
102
{ACAD_REACTORS
330
10
102
}
330
10
100
AcDbMaterial
  1
Global
 73
     1
 78
     1
172
     1
176
     1
270
     1
274
     1
 94
       63
  0
MLEADERSTYLE
  5
84F
102
{ACAD_REACTORS
330
84E
102
}
330
84E
100
AcDbMLeaderStyle
179
     2
170
     2
171
     1
172
     0
 90
        2
 40
0.0
 41
0.0
173
     1
 91
-1056964608
340
28
 92
       -2
290
     1
 42
0.09
291
     1
 43
0.36
  3
Standard
 44
0.18
300

342
26
174
     1
178
     6
175
     1
176
     0
 93
-1056964608
 45
0.18
292
     0
297
     0
 46
0.18
 94
-1056964608
 47
1.0
 49
1.0
140
1.0
293
     1
141
0.0
294
     1
177
     0
142
1.0
295
     0
296
     0
143
0.125
271
     0
272
     9
273
     9
298
     0
  0
MLINESTYLE
  5
2C
102
{ACAD_REACTORS
330
2B
102
}
330
2B
100
AcDbMlineStyle
  2
STANDARD
 70
     0
  3

 62
   256
 51
90.0
 52
90.0
 71
     2
 49
0.5
 62
   256
  6
BYLAYER
 49
-0.5
 62
   256
  6
BYLAYER
  0
ACDBPLACEHOLDER
  5
F
102
{ACAD_REACTORS
330
E
102
}
330
E
  0
SCALE
  5
82D
102
{ACAD_REACTORS
330
82C
102
}
330
82C
100
AcDbScale
 70
     0
300
1:1
140
1.0
141
1.0
290
     1
  0
SCALE
  5
82E
102
{ACAD_REACTORS
330
82C
102
}
330
82C
100
AcDbScale
 70
     0
300
1:2
140
1.0
141
2.0
290
     0
  0
SCALE
  5
82F
102
{ACAD_REACTORS
330
82C
102
}
330
82C
100
AcDbScale
 70
     0
300
1:4
140
1.0
141
4.0
290
     0
  0
SCALE
  5
830
102
{ACAD_REACTORS
330
82C
102
}
330
82C
100
AcDbScale
 70
     0
300
1:5
140
1.0
141
5.0
290
     0
  0
SCALE
  5
831
102
{ACAD_REACTORS
330
82C
102
}
330
82C
100
AcDbScale
 70
     0
300
1:8
140
1.0
141
8.0
290
     0
  0
SCALE
  5
832
102
{ACAD_REACTORS
330
82C
102
}
330
82C
100
AcDbScale
 70
     0
300
1:10
140
1.0
141
10.0
290
     0
  0
SCALE
  5
833
102
{ACAD_REACTORS
330
82C
102
}
330
82C
100
AcDbScale
 70
     0
300
1:16
140
1.0
141
16.0
290
     0
  0
SCALE
  5
834
102
{ACAD_REACTORS
330
82C
102
}
330
82C
100
AcDbScale
 70
     0
300
1:20
140
1.0
141
20.0
290
     0
  0
SCALE
  5
835
102
{ACAD_REACTORS
330
82C
102
}
330
82C
100
AcDbScale
 70
     0
300
1:30
140
1.0
141
30.0
290
     0
  0
SCALE
  5
836
102
{ACAD_REACTORS
330
82C
102
}
330
82C
100
AcDbScale
 70
     0
300
1:40
140
1.0
141
40.0
290
     0
  0
SCALE
  5
837
102
{ACAD_REACTORS
330
82C
102
}
330
82C
100
AcDbScale
 70
     0
300
1:50
140
1.0
141
50.0
290
     0
  0
SCALE
  5
838
102
{ACAD_REACTORS
330
82C
102
}
330
82C
100
AcDbScale
 70
     0
300
1:100
140
1.0
141
100.0
290
     0
  0
SCALE
  5
839
102
{ACAD_REACTORS
330
82C
102
}
330
82C
100
AcDbScale
 70
     0
300
2:1
140
2.0
141
1.0
290
     0
  0
SCALE
  5
83A
102
{ACAD_REACTORS
330
82C
102
}
330
82C
100
AcDbScale
 70
     0
300
4:1
140
4.0
141
1.0
290
     0
  0
SCALE
  5
83B
102
{ACAD_REACTORS
330
82C
102
}
330
82C
100
AcDbScale
 70
     0
300
8:1
140
8.0
141
1.0
290
     0
  0
SCALE
  5
83C
102
{ACAD_REACTORS
330
82C
102
}
330
82C
100
AcDbScale
 70
     0
300
10:1
140
10.0
141
1.0
290
     0
  0
SCALE
  5
83D
102
{ACAD_REACTORS
330
82C
102
}
330
82C
100
AcDbScale
 70
     0
300
100:1
140
100.0
141
1.0
290
     0
  0
SCALE
  5
83E
102
{ACAD_REACTORS
330
82C
102
}
330
82C
100
AcDbScale
 70
     0
300
1/128" = 1'-0"
140
0.0078125
141
12.0
290
     0
  0
SCALE
  5
83F
102
{ACAD_REACTORS
330
82C
102
}
330
82C
100
AcDbScale
 70
     0
300
1/64" = 1'-0"
140
0.015625
141
12.0
290
     0
  0
SCALE
  5
840
102
{ACAD_REACTORS
330
82C
102
}
330
82C
100
AcDbScale
 70
     0
300
1/32" = 1'-0"
140
0.03125
141
12.0
290
     0
  0
SCALE
  5
841
102
{ACAD_REACTORS
330
82C
102
}
330
82C
100
AcDbScale
 70
     0
300
1/16" = 1'-0"
140
0.0625
141
12.0
290
     0
  0
SCALE
  5
842
102
{ACAD_REACTORS
330
82C
102
}
330
82C
100
AcDbScale
 70
     0
300
3/32" = 1'-0"
140
0.09375
141
12.0
290
     0
  0
SCALE
  5
843
102
{ACAD_REACTORS
330
82C
102
}
330
82C
100
AcDbScale
 70
     0
300
1/8" = 1'-0"
140
0.125
141
12.0
290
     0
  0
SCALE
  5
844
102
{ACAD_REACTORS
330
82C
102
}
330
82C
100
AcDbScale
 70
     0
300
3/16" = 1'-0"
140
0.1875
141
12.0
290
     0
  0
SCALE
  5
845
102
{ACAD_REACTORS
330
82C
102
}
330
82C
100
AcDbScale
 70
     0
300
1/4" = 1'-0"
140
0.25
141
12.0
290
     0
  0
SCALE
  5
846
102
{ACAD_REACTORS
330
82C
102
}
330
82C
100
AcDbScale
 70
     0
300
3/8" = 1'-0"
140
0.375
141
12.0
290
     0
  0
SCALE
  5
847
102
{ACAD_REACTORS
330
82C
102
}
330
82C
100
AcDbScale
 70
     0
300
1/2" = 1'-0"
140
0.5
141
12.0
290
     0
  0
SCALE
  5
848
102
{ACAD_REACTORS
330
82C
102
}
330
82C
100
AcDbScale
 70
     0
300
3/4" = 1'-0"
140
0.75
141
12.0
290
     0
  0
SCALE
  5
849
102
{ACAD_REACTORS
330
82C
102
}
330
82C
100
AcDbScale
 70
     0
300
1" = 1'-0"
140
1.0
141
12.0
290
     0
  0
SCALE
  5
84A
102
{ACAD_REACTORS
330
82C
102
}
330
82C
100
AcDbScale
 70
     0
300
1-1/2" = 1'-0"
140
1.5
141
12.0
290
     0
  0
SCALE
  5
84B
102
{ACAD_REACTORS
330
82C
102
}
330
82C
100
AcDbScale
 70
     0
300
3" = 1'-0"
140
3.0
141
12.0
290
     0
  0
SCALE
  5
84C
102
{ACAD_REACTORS
330
82C
102
}
330
82C
100
AcDbScale
 70
     0
300
6" = 1'-0"
140
6.0
141
12.0
290
     0
  0
SCALE
  5
84D
102
{ACAD_REACTORS
330
82C
102
}
330
82C
100
AcDbScale
 70
     0
300
1'-0" = 1'-0"
140
12.0
141
12.0
290
     0
  0
ACDBSECTIONVIEWSTYLE
  5
EDB
102
{ACAD_REACTORS
330
EDA
102
}
330
EDA
100
AcDbModelDocViewStyle
 70
     0
  3
Metric50
290
     1
300
Metric50
 90
        0
100
AcDbSectionViewStyle
 70
     0
 71
     0
 90
      102
 71
     1
340
26
 62
   256
 40
5.0
340
0
340
0
 62
   256
 40
5.0
300
I, O, Q, S, X, Z
 40
10.0
 90
        0
 40
2.5
 90
        0
 71
     2
340
2A
 90
       25
 62
   256
340
2A
 90
       50
 62
   256
 40
5.0
 40
2.5
 40
5.0
 71
     3
340
26
 62
   256
 40
5.0
 90
        0
 40
15.0
 90
        1
300
%<\AcVar ViewSectionStartId>%-%<\AcVar ViewSectionEndId>% (%<\AcVar ViewScale \f "%sn">%)
 71
     4
 62
   256
 62
   257
300
ANSI31
 40
1.0
 90
        0
290
     0
290
     0
 90
        6
 40
0.0
 40
1.570796326794896
 40
0.2617993877991494
 40
1.308996938995747
 40
-0.2617993877991494
 40
1.832595714594046
  0
TABLESTYLE
  5
85A
102
{ACAD_XDICTIONARY
360
EEA
102
}
102
{ACAD_REACTORS
330
30
102
}
330
30
100
AcDbTableStyle
280
     0
  3

 70
     0
 71
     3
 40
0.06
 41
0.06
280
     0
281
     0
  7
Legend
140
0.4
170
     4
 62
     0
 63
     7
283
     0
 90
      512
 91
        0
  1

274
    -2
284
     0
 64
     0
275
    -2
285
     0
 65
     0
276
    -2
286
     0
 66
     0
277
    -2
287
     0
 67
     0
278
    -2
288
     0
 68
     0
279
    -2
289
     0
 69
     0
  7
Legend
140
0.5
170
     5
 62
     0
 63
     7
283
     0
 90
      512
 91
        0
  1

274
    -2
284
     0
 64
     0
275
    -2
285
     0
 65
     0
276
    -2
286
     0
 66
     0
277
    -2
287
     0
 67
     0
278
    -2
288
     0
 68
     0
279
    -2
289
     0
 69
     0
  7
Legend
140
0.4
170
     4
 62
     0
 63
     7
283
     0
 90
      512
 91
        0
  1

274
    -2
284
     0
 64
     0
275
    -2
285
     0
 65
     0
276
    -2
286
     0
 66
     0
277
    -2
287
     0
 67
     0
278
    -2
288
     0
 68
     0
279
    -2
289
     0
 69
     0
  0
TABLESTYLE
  5
31
102
{ACAD_XDICTIONARY
360
EE8
102
}
102
{ACAD_REACTORS
330
30
102
}
330
30
100
AcDbTableStyle
280
     0
  3
Standard
 70
     0
 71
     0
 40
0.06
 41
0.06
280
     0
281
     0
  7
Standard
140
0.18
170
     2
 62
     0
 63
     7
283
     0
 90
      512
 91
        0
  1

274
    -2
284
     1
 64
     0
275
    -2
285
     1
 65
     0
276
    -2
286
     1
 66
     0
277
    -2
287
     1
 67
     0
278
    -2
288
     1
 68
     0
279
    -2
289
     1
 69
     0
  7
Standard
140
0.25
170
     5
 62
     0
 63
     7
283
     0
 90
      512
 91
        0
  1

274
    -2
284
     1
 64
     0
275
    -2
285
     1
 65
     0
276
    -2
286
     1
 66
     0
277
    -2
287
     1
 67
     0
278
    -2
288
     1
 68
     0
279
    -2
289
     1
 69
     0
  7
Standard
140
0.18
170
     5
 62
     0
 63
     7
283
     0
 90
      512
 91
        0
  1

274
    -2
284
     1
 64
     0
275
    -2
285
     1
 65
     0
276
    -2
286
     1
 66
     0
277
    -2
287
     1
 67
     0
278
    -2
288
     1
 68
     0
279
    -2
289
     1
 69
     0
  0
VISUALSTYLE
  5
1A
102
{ACAD_REACTORS
330
14
102
}
330
14
100
AcDbVisualStyle
  2
2dWireframe
 70
     4
177
     3
291
     0
 70
    58
 90
        0
176
     1
 90
        2
176
     1
 90
        0
176
     1
 90
        0
176
     1
 40
0.6
176
     1
 40
30.0
176
     1
 62
     7
176
     1
 90
        1
176
     1
 90
        4
176
     1
 62
     7
176
     1
 62
   257
176
     1
 90
        1
176
     1
 90
        1
176
     1
 40
1.0
176
     1
 90
        0
176
     1
 62
   257
176
     1
 40
1.0
176
     1
 90
        1
176
     1
 90
        6
176
     1
 90
        2
176
     1
 62
     7
176
     1
 90
        5
176
     1
 90
        0
176
     1
 90
        0
176
     1
290
     0
176
     1
 90
        1
176
     1
 40
0.0
176
     1
 90
        0
176
     1
290
     1
176
     1
290
     1
176
     1
290
     0
176
     1
290
     0
176
     1
290
     0
176
     1
290
     0
176
     1
290
     0
176
     1
290
     0
176
     1
290
     0
176
     1
 90
       50
176
     1
 40
0.0
176
     1
 40
1.0
176
     1
 90
        0
176
     1
 62
    18
420
        0
176
     1
 90
       50
176
     1
 90
        3
176
     1
 62
     5
420
      255
176
     1
290
     0
176
     1
 90
       50
176
     1
 90
       50
176
     1
 90
       50
176
     1
290
     0
176
     1
 90
       50
176
     1
 62
   256
176
     0
 40
1.0
176
     0
 90
        2
176
     1
  1
strokes_ogs.tif
176
     1
290
     0
176
     1
 40
1.0
176
     1
 40
1.0
176
     1
  0
VISUALSTYLE
  5
1C
102
{ACAD_REACTORS
330
14
102
}
330
14
100
AcDbVisualStyle
  2
3D Hidden
 70
     6
177
     3
291
     0
 70
    58
 90
        1
176
     1
 90
        2
176
     1
 90
        2
176
     1
 90
        0
176
     1
 40
0.6
176
     1
 40
30.0
176
     1
 62
     7
176
     1
 90
        2
176
     1
 90
        2
176
     1
 62
     7
176
     1
 62
   257
176
     1
 90
        2
176
     1
 90
        1
176
     1
 40
40.0
176
     1
 90
        0
176
     1
 62
   257
176
     1
 40
1.0
176
     1
 90
        1
176
     1
 90
        6
176
     1
 90
        2
176
     1
 62
     7
176
     1
 90
        3
176
     1
 90
        0
176
     1
 90
        0
176
     1
290
     0
176
     1
 90
        1
176
     1
 40
0.0
176
     1
 90
        0
176
     1
290
     0
176
     1
290
     1
176
     1
290
     1
176
     1
290
     0
176
     1
290
     0
176
     1
290
     0
176
     1
290
     0
176
     1
290
     0
176
     1
290
     0
176
     1
 90
       50
176
     1
 40
0.0
176
     1
 40
1.0
176
     1
 90
        0
176
     1
 62
    18
420
        0
176
     1
 90
       50
176
     1
 90
        3
176
     1
 62
     5
420
      255
176
     1
290
     0
176
     1
 90
       50
176
     1
 90
       50
176
     1
 90
       50
176
     1
290
     0
176
     1
 90
       50
176
     1
 62
   256
176
     0
 40
1.0
176
     0
 90
        2
176
     1
  1
strokes_ogs.tif
176
     1
290
     0
176
     1
 40
1.0
176
     1
 40
1.0
176
     1
  0
VISUALSTYLE
  5
1B
102
{ACAD_REACTORS
330
14
102
}
330
14
100
AcDbVisualStyle
  2
3dWireframe
 70
     5
177
     3
291
     0
 70
    58
 90
        0
176
     1
 90
        2
176
     1
 90
        0
176
     1
 90
        0
176
     1
 40
0.6
176
     1
 40
30.0
176
     1
 62
     7
176
     1
 90
        1
176
     1
 90
        4
176
     1
 62
     7
176
     1
 62
   257
176
     1
 90
        1
176
     1
 90
        1
176
     1
 40
1.0
176
     1
 90
        0
176
     1
 62
   257
176
     1
 40
1.0
176
     1
 90
        1
176
     1
 90
        6
176
     1
 90
        2
176
     1
 62
     7
176
     1
 90
        5
176
     1
 90
        0
176
     1
 90
        0
176
     1
290
     0
176
     1
 90
        1
176
     1
 40
0.0
176
     1
 90
        0
176
     1
290
     0
176
     1
290
     1
176
     1
290
     1
176
     1
290
     0
176
     1
290
     0
176
     1
290
     0
176
     1
290
     0
176
     1
290
     0
176
     1
290
     0
176
     1
 90
       50
176
     1
 40
0.0
176
     1
 40
1.0
176
     1
 90
        0
176
     1
 62
    18
420
        0
176
     1
 90
       50
176
     1
 90
        3
176
     1
 62
     5
420
      255
176
     1
290
     0
176
     1
 90
       50
176
     1
 90
       50
176
     1
 90
       50
176
     1
290
     0
176
     1
 90
       50
176
     1
 62
   256
176
     0
 40
1.0
176
     0
 90
        2
176
     1
  1
strokes_ogs.tif
176
     1
290
     0
176
     1
 40
1.0
176
     1
 40
1.0
176
     1
  0
VISUALSTYLE
  5
19
102
{ACAD_REACTORS
330
14
102
}
330
14
100
AcDbVisualStyle
  2
Basic
 70
     7
177
     3
291
     1
 70
    58
 90
        1
176
     1
 90
        0
176
     1
 90
        1
176
     1
 90
        0
176
     1
 40
0.6
176
     1
 40
30.0
176
     1
 62
     7
176
     1
 90
        0
176
     1
 90
        4
176
     1
 62
     7
176
     1
 62
   257
176
     1
 90
        1
176
     1
 90
        1
176
     1
 40
1.0
176
     1
 90
        8
176
     1
 62
     7
176
     1
 40
1.0
176
     1
 90
        1
176
     1
 90
        6
176
     1
 90
        2
176
     1
 62
     7
176
     1
 90
        5
176
     1
 90
        0
176
     1
 90
        0
176
     1
290
     0
176
     1
 90
        1
176
     1
 40
0.0
176
     1
 90
        0
176
     1
290
     0
176
     1
290
     1
176
     1
290
     1
176
     1
290
     0
176
     1
290
     0
176
     1
290
     0
176
     1
290
     0
176
     1
290
     0
176
     1
290
     0
176
     1
 90
       50
176
     1
 40
0.0
176
     1
 40
1.0
176
     1
 90
        0
176
     1
 62
    18
420
        0
176
     1
 90
       50
176
     1
 90
        3
176
     1
 62
     5
420
      255
176
     1
290
     0
176
     1
 90
       50
176
     1
 90
       50
176
     1
 90
       50
176
     1
290
     0
176
     1
 90
       50
176
     1
 62
   256
176
     0
 40
1.0
176
     0
 90
        2
176
     1
  1
strokes_ogs.tif
176
     1
290
     0
176
     1
 40
1.0
176
     1
 40
1.0
176
     1
  0
VISUALSTYLE
  5
20
102
{ACAD_REACTORS
330
14
102
}
330
14
100
AcDbVisualStyle
  2
Brighten
 70
    12
177
     3
291
     1
 70
    58
 90
        2
176
     1
 90
        2
176
     1
 90
        0
176
     1
 90
        0
176
     1
 40
0.6
176
     1
 40
30.0
176
     1
 62
     7
176
     1
 90
        1
176
     1
 90
        4
176
     1
 62
     7
176
     1
 62
   257
176
     1
 90
        1
176
     1
 90
        1
176
     1
 40
1.0
176
     1
 90
        8
176
     1
 62
     7
176
     1
 40
1.0
176
     1
 90
        1
176
     1
 90
        6
176
     1
 90
        2
176
     1
 62
     7
176
     1
 90
        5
176
     1
 90
        0
176
     1
 90
        0
176
     1
290
     0
176
     1
 90
        1
176
     1
 40
50.0
176
     1
 90
        0
176
     1
290
     0
176
     1
290
     1
176
     1
290
     1
176
     1
290
     0
176
     1
290
     0
176
     1
290
     0
176
     1
290
     0
176
     1
290
     0
176
     1
290
     0
176
     1
 90
       50
176
     1
 40
0.0
176
     1
 40
1.0
176
     1
 90
        0
176
     1
 62
    18
420
        0
176
     1
 90
       50
176
     1
 90
        3
176
     1
 62
     5
420
      255
176
     1
290
     0
176
     1
 90
       50
176
     1
 90
       50
176
     1
 90
       50
176
     1
290
     0
176
     1
 90
       50
176
     1
 62
   256
176
     0
 40
1.0
176
     0
 90
        2
176
     1
  1
strokes_ogs.tif
176
     1
290
     0
176
     1
 40
1.0
176
     1
 40
1.0
176
     1
  0
VISUALSTYLE
  5
24
102
{ACAD_REACTORS
330
14
102
}
330
14
100
AcDbVisualStyle
  2
ColorChange
 70
    16
177
     3
291
     1
 70
    58
 90
        2
176
     1
 90
        2
176
     1
 90
        3
176
     1
 90
        0
176
     1
 40
0.6
176
     1
 40
30.0
176
     1
 62
     8
176
     1
 90
        1
176
     1
 90
        4
176
     1
 62
     7
176
     1
 62
   257
176
     1
 90
        1
176
     1
 90
        1
176
     1
 40
1.0
176
     1
 90
        8
176
     1
 62
     8
176
     1
 40
1.0
176
     1
 90
        1
176
     1
 90
        6
176
     1
 90
        2
176
     1
 62
     7
176
     1
 90
        5
176
     1
 90
        0
176
     1
 90
        0
176
     1
290
     0
176
     1
 90
        1
176
     1
 40
0.0
176
     1
 90
        0
176
     1
290
     0
176
     1
290
     1
176
     1
290
     1
176
     1
290
     0
176
     1
290
     0
176
     1
290
     0
176
     1
290
     0
176
     1
290
     0
176
     1
290
     0
176
     1
 90
       50
176
     1
 40
0.0
176
     1
 40
1.0
176
     1
 90
        0
176
     1
 62
    18
420
        0
176
     1
 90
       50
176
     1
 90
        3
176
     1
 62
     5
420
      255
176
     1
290
     0
176
     1
 90
       50
176
     1
 90
       50
176
     1
 90
       50
176
     1
290
     0
176
     1
 90
       50
176
     1
 62
   256
176
     0
 40
1.0
176
     0
 90
        2
176
     1
  1
strokes_ogs.tif
176
     1
290
     0
176
     1
 40
1.0
176
     1
 40
1.0
176
     1
  0
VISUALSTYLE
  5
1D
102
{ACAD_REACTORS
330
14
102
}
330
14
100
AcDbVisualStyle
  2
Conceptual
 70
     9
177
     3
291
     0
 70
    58
 90
        3
176
     1
 90
        2
176
     1
 90
        0
176
     1
 90
        0
176
     1
 40
0.6
176
     1
 40
30.0
176
     1
 62
     7
176
     1
 90
        2
176
     1
 90
        2
176
     1
 62
     7
176
     1
 62
   257
176
     1
 90
        1
176
     1
 90
        1
176
     1
 40
40.0
176
     1
 90
        8
176
     1
 62
     7
176
     1
 40
1.0
176
     1
 90
        1
176
     1
 90
        6
176
     1
 90
        2
176
     1
 62
     7
176
     1
 90
        3
176
     1
 90
        0
176
     1
 90
        0
176
     1
290
     0
176
     1
 90
        1
176
     1
 40
0.0
176
     1
 90
        0
176
     1
290
     0
176
     1
290
     1
176
     1
290
     1
176
     1
290
     0
176
     1
290
     0
176
     1
290
     0
176
     1
290
     0
176
     1
290
     0
176
     1
290
     0
176
     1
 90
       50
176
     1
 40
0.0
176
     1
 40
1.0
176
     1
 90
        0
176
     1
 62
    18
420
        0
176
     1
 90
       50
176
     1
 90
        3
176
     1
 62
     5
420
      255
176
     1
290
     0
176
     1
 90
       50
176
     1
 90
       50
176
     1
 90
       50
176
     1
290
     0
176
     1
 90
       50
176
     1
 62
   256
176
     0
 40
1.0
176
     0
 90
        2
176
     1
  1
strokes_ogs.tif
176
     1
290
     0
176
     1
 40
1.0
176
     1
 40
1.0
176
     1
  0
VISUALSTYLE
  5
1F
102
{ACAD_REACTORS
330
14
102
}
330
14
100
AcDbVisualStyle
  2
Dim
 70
    11
177
     3
291
     1
 70
    58
 90
        2
176
     1
 90
        2
176
     1
 90
        0
176
     1
 90
        0
176
     1
 40
0.6
176
     1
 40
30.0
176
     1
 62
     7
176
     1
 90
        1
176
     1
 90
        4
176
     1
 62
     7
176
     1
 62
   257
176
     1
 90
        1
176
     1
 90
        1
176
     1
 40
1.0
176
     1
 90
        8
176
     1
 62
     7
176
     1
 40
1.0
176
     1
 90
        1
176
     1
 90
        6
176
     1
 90
        2
176
     1
 62
     7
176
     1
 90
        5
176
     1
 90
        0
176
     1
 90
        0
176
     1
290
     0
176
     1
 90
        1
176
     1
 40
-50.0
176
     1
 90
        0
176
     1
290
     0
176
     1
290
     1
176
     1
290
     1
176
     1
290
     0
176
     1
290
     0
176
     1
290
     0
176
     1
290
     0
176
     1
290
     0
176
     1
290
     0
176
     1
 90
       50
176
     1
 40
0.0
176
     1
 40
1.0
176
     1
 90
        0
176
     1
 62
    18
420
        0
176
     1
 90
       50
176
     1
 90
        3
176
     1
 62
     5
420
      255
176
     1
290
     0
176
     1
 90
       50
176
     1
 90
       50
176
     1
 90
       50
176
     1
290
     0
176
     1
 90
       50
176
     1
 62
   256
176
     0
 40
1.0
176
     0
 90
        2
176
     1
  1
strokes_ogs.tif
176
     1
290
     0
176
     1
 40
1.0
176
     1
 40
1.0
176
     1
  0
VISUALSTYLE
  5
82B
102
{ACAD_REACTORS
330
14
102
}
330
14
100
AcDbVisualStyle
  2
EdgeColorOff
 70
    22
177
     3
291
     1
 70
    58
 90
        2
176
     0
 90
        2
176
     0
 90
        0
176
     0
 90
        0
176
     0
 40
0.6
176
     0
 40
30.0
176
     0
 62
     7
420
 16777215
176
     0
 90
        1
176
     0
 90
        4
176
     0
 62
     7
176
     0
 62
   257
176
     0
 90
        1
176
     0
 90
        1
176
     0
 40
1.0
176
     0
 90
        8
176
     2
 62
     7
176
     0
 40
1.0
176
     0
 90
        1
176
     0
 90
        6
176
     0
 90
        2
176
     0
 62
     7
176
     0
 90
        5
176
     0
 90
        0
176
     0
 90
        0
176
     0
290
     0
176
     0
 90
        1
176
     0
 40
0.0
176
     0
 90
        0
176
     0
290
     0
176
     1
290
     1
176
     1
290
     1
176
     1
290
     0
176
     1
290
     0
176
     1
290
     0
176
     1
290
     0
176
     1
290
     0
176
     1
290
     0
176
     1
 90
       50
176
     1
 40
0.0
176
     1
 40
1.0
176
     1
 90
        0
176
     1
 62
    18
420
        0
176
     1
 90
       50
176
     1
 90
        3
176
     1
 62
     5
420
      255
176
     1
290
     0
176
     1
 90
       50
176
     1
 90
       50
176
     1
 90
       50
176
     1
290
     0
176
     1
 90
       50
176
     1
 62
   256
176
     0
 40
1.0
176
     0
 90
        2
176
     1
  1
strokes_ogs.tif
176
     1
290
     0
176
     1
 40
1.0
176
     1
 40
1.0
176
     1
  0
VISUALSTYLE
  5
23
102
{ACAD_REACTORS
330
14
102
}
330
14
100
AcDbVisualStyle
  2
Facepattern
 70
    15
177
     3
291
     1
 70
    58
 90
        2
176
     1
 90
        2
176
     1
 90
        0
176
     1
 90
        0
176
     1
 40
0.6
176
     1
 40
30.0
176
     1
 62
     7
176
     1
 90
        1
176
     1
 90
        4
176
     1
 62
     7
176
     1
 62
   257
176
     1
 90
        1
176
     1
 90
        1
176
     1
 40
1.0
176
     1
 90
        8
176
     1
 62
     7
176
     1
 40
1.0
176
     1
 90
        1
176
     1
 90
        6
176
     1
 90
        2
176
     1
 62
     7
176
     1
 90
        5
176
     1
 90
        0
176
     1
 90
        0
176
     1
290
     0
176
     1
 90
        1
176
     1
 40
0.0
176
     1
 90
        0
176
     1
290
     0
176
     1
290
     1
176
     1
290
     1
176
     1
290
     0
176
     1
290
     0
176
     1
290
     0
176
     1
290
     0
176
     1
290
     0
176
     1
290
     0
176
     1
 90
       50
176
     1
 40
0.0
176
     1
 40
1.0
176
     1
 90
        0
176
     1
 62
    18
420
        0
176
     1
 90
       50
176
     1
 90
        3
176
     1
 62
     5
420
      255
176
     1
290
     0
176
     1
 90
       50
176
     1
 90
       50
176
     1
 90
       50
176
     1
290
     0
176
     1
 90
       50
176
     1
 62
   256
176
     0
 40
1.0
176
     0
 90
        2
176
     1
  1
strokes_ogs.tif
176
     1
290
     0
176
     1
 40
1.0
176
     1
 40
1.0
176
     1
  0
VISUALSTYLE
  5
15
102
{ACAD_REACTORS
330
14
102
}
330
14
100
AcDbVisualStyle
  2
Flat
 70
     0
177
     3
291
     1
 70
    58
 90
        2
176
     1
 90
        1
176
     1
 90
        1
176
     1
 90
        2
176
     1
 40
0.6
176
     1
 40
30.0
176
     1
 62
     7
176
     1
 90
        0
176
     1
 90
        4
176
     1
 62
     7
176
     1
 62
   257
176
     1
 90
        1
176
     1
 90
        1
176
     1
 40
1.0
176
     1
 90
        8
176
     1
 62
     7
176
     1
 40
1.0
176
     1
 90
        1
176
     1
 90
        6
176
     1
 90
        2
176
     1
 62
     7
176
     1
 90
        5
176
     1
 90
        0
176
     1
 90
        0
176
     1
290
     0
176
     1
 90
       13
176
     1
 40
0.0
176
     1
 90
        0
176
     1
290
     0
176
     1
290
     1
176
     1
290
     1
176
     1
290
     0
176
     1
290
     0
176
     1
290
     0
176
     1
290
     0
176
     1
290
     0
176
     1
290
     0
176
     1
 90
       50
176
     1
 40
0.0
176
     1
 40
1.0
176
     1
 90
        0
176
     1
 62
    18
420
        0
176
     1
 90
       50
176
     1
 90
        3
176
     1
 62
     5
420
      255
176
     1
290
     0
176
     1
 90
       50
176
     1
 90
       50
176
     1
 90
       50
176
     1
290
     0
176
     1
 90
       50
176
     1
 62
   256
176
     0
 40
1.0
176
     0
 90
        2
176
     1
  1
strokes_ogs.tif
176
     1
290
     0
176
     1
 40
1.0
176
     1
 40
1.0
176
     1
  0
VISUALSTYLE
  5
16
102
{ACAD_REACTORS
330
14
102
}
330
14
100
AcDbVisualStyle
  2
FlatWithEdges
 70
     1
177
     3
291
     1
 70
    58
 90
        2
176
     1
 90
        1
176
     1
 90
        1
176
     1
 90
        2
176
     1
 40
0.6
176
     1
 40
30.0
176
     1
 62
     7
176
     1
 90
        1
176
     1
 90
        4
176
     1
 62
     7
176
     1
 62
   257
176
     1
 90
        1
176
     1
 90
        1
176
     1
 40
1.0
176
     1
 90
        0
176
     1
 62
   257
176
     1
 40
1.0
176
     1
 90
        1
176
     1
 90
        6
176
     1
 90
        2
176
     1
 62
     7
176
     1
 90
        5
176
     1
 90
        0
176
     1
 90
        0
176
     1
290
     0
176
     1
 90
       13
176
     1
 40
0.0
176
     1
 90
        0
176
     1
290
     0
176
     1
290
     1
176
     1
290
     1
176
     1
290
     0
176
     1
290
     0
176
     1
290
     0
176
     1
290
     0
176
     1
290
     0
176
     1
290
     0
176
     1
 90
       50
176
     1
 40
0.0
176
     1
 40
1.0
176
     1
 90
        0
176
     1
 62
    18
420
        0
176
     1
 90
       50
176
     1
 90
        3
176
     1
 62
     5
420
      255
176
     1
290
     0
176
     1
 90
       50
176
     1
 90
       50
176
     1
 90
       50
176
     1
290
     0
176
     1
 90
       50
176
     1
 62
   256
176
     0
 40
1.0
176
     0
 90
        2
176
     1
  1
strokes_ogs.tif
176
     1
290
     0
176
     1
 40
1.0
176
     1
 40
1.0
176
     1
  0
VISUALSTYLE
  5
17
102
{ACAD_REACTORS
330
14
102
}
330
14
100
AcDbVisualStyle
  2
Gouraud
 70
     2
177
     3
291
     1
 70
    58
 90
        2
176
     1
 90
        2
176
     1
 90
        1
176
     1
 90
        2
176
     1
 40
0.6
176
     1
 40
30.0
176
     1
 62
     7
176
     1
 90
        0
176
     1
 90
        4
176
     1
 62
     7
176
     1
 62
   257
176
     1
 90
        1
176
     1
 90
        1
176
     1
 40
1.0
176
     1
 90
        0
176
     1
 62
     7
176
     1
 40
1.0
176
     1
 90
        1
176
     1
 90
        6
176
     1
 90
        2
176
     1
 62
     7
176
     1
 90
        5
176
     1
 90
        0
176
     1
 90
        0
176
     1
290
     0
176
     1
 90
       13
176
     1
 40
0.0
176
     1
 90
        0
176
     1
290
     0
176
     1
290
     1
176
     1
290
     1
176
     1
290
     0
176
     1
290
     0
176
     1
290
     0
176
     1
290
     0
176
     1
290
     0
176
     1
290
     0
176
     1
 90
       50
176
     1
 40
0.0
176
     1
 40
1.0
176
     1
 90
        0
176
     1
 62
    18
420
        0
176
     1
 90
       50
176
     1
 90
        3
176
     1
 62
     5
420
      255
176
     1
290
     0
176
     1
 90
       50
176
     1
 90
       50
176
     1
 90
       50
176
     1
290
     0
176
     1
 90
       50
176
     1
 62
   256
176
     0
 40
1.0
176
     0
 90
        2
176
     1
  1
strokes_ogs.tif
176
     1
290
     0
176
     1
 40
1.0
176
     1
 40
1.0
176
     1
  0
VISUALSTYLE
  5
18
102
{ACAD_REACTORS
330
14
102
}
330
14
100
AcDbVisualStyle
  2
GouraudWithEdges
 70
     3
177
     3
291
     1
 70
    58
 90
        2
176
     1
 90
        2
176
     1
 90
        1
176
     1
 90
        2
176
     1
 40
0.6
176
     1
 40
30.0
176
     1
 62
     7
176
     1
 90
        1
176
     1
 90
        4
176
     1
 62
     7
176
     1
 62
   257
176
     1
 90
        1
176
     1
 90
        1
176
     1
 40
1.0
176
     1
 90
        0
176
     1
 62
   257
176
     1
 40
1.0
176
     1
 90
        1
176
     1
 90
        6
176
     1
 90
        2
176
     1
 62
     7
176
     1
 90
        5
176
     1
 90
        0
176
     1
 90
        0
176
     1
290
     0
176
     1
 90
       13
176
     1
 40
0.0
176
     1
 90
        0
176
     1
290
     0
176
     1
290
     1
176
     1
290
     1
176
     1
290
     0
176
     1
290
     0
176
     1
290
     0
176
     1
290
     0
176
     1
290
     0
176
     1
290
     0
176
     1
 90
       50
176
     1
 40
0.0
176
     1
 40
1.0
176
     1
 90
        0
176
     1
 62
    18
420
        0
176
     1
 90
       50
176
     1
 90
        3
176
     1
 62
     5
420
      255
176
     1
290
     0
176
     1
 90
       50
176
     1
 90
       50
176
     1
 90
       50
176
     1
290
     0
176
     1
 90
       50
176
     1
 62
   256
176
     0
 40
1.0
176
     0
 90
        2
176
     1
  1
strokes_ogs.tif
176
     1
290
     0
176
     1
 40
1.0
176
     1
 40
1.0
176
     1
  0
VISUALSTYLE
  5
A59
102
{ACAD_REACTORS
330
14
102
}
330
14
100
AcDbVisualStyle
  2
Hidden
 70
     6
177
     3
291
     0
 70
    58
 90
        1
176
     1
 90
        2
176
     1
 90
        2
176
     1
 90
        0
176
     1
 40
0.6
176
     1
 40
30.0
176
     1
 62
     7
420
 16777215
176
     1
 90
        2
176
     1
 90
        2
176
     1
 62
     7
176
     1
 62
   257
176
     1
 90
        2
176
     1
 90
        1
176
     1
 40
40.0
176
     1
 90
        0
176
     1
 62
   257
176
     1
 40
1.0
176
     1
 90
        1
176
     1
 90
        6
176
     1
 90
        2
176
     1
 62
     7
176
     1
 90
        3
176
     1
 90
        0
176
     1
 90
        0
176
     1
290
     0
176
     1
 90
        1
176
     1
 40
0.0
176
     1
 90
        0
176
     1
290
     0
176
     1
290
     1
176
     1
290
     1
176
     1
290
     0
176
     1
290
     0
176
     1
290
     0
176
     1
290
     0
176
     1
290
     0
176
     1
290
     0
176
     1
 90
       50
176
     1
 40
0.0
176
     1
 40
1.0
176
     1
 90
        0
176
     1
 62
    18
420
        0
176
     1
 90
       50
176
     1
 90
        3
176
     1
 62
     5
420
      255
176
     1
290
     0
176
     1
 90
       50
176
     1
 90
       50
176
     1
 90
       50
176
     1
290
     0
176
     1
 90
       50
176
     1
 62
   256
176
     0
 40
1.0
176
     0
 90
        2
176
     1
  1
strokes_ogs.tif
176
     1
290
     0
176
     1
 40
1.0
176
     1
 40
1.0
176
     1
  0
VISUALSTYLE
  5
829
102
{ACAD_REACTORS
330
14
102
}
330
14
100
AcDbVisualStyle
  2
JitterOff
 70
    20
177
     3
291
     1
 70
    58
 90
        2
176
     0
 90
        2
176
     0
 90
        0
176
     0
 90
        0
176
     0
 40
0.6
176
     0
 40
30.0
176
     0
 62
     7
420
 16777215
176
     0
 90
        1
176
     0
 90
        4
176
     0
 62
     7
176
     0
 62
   257
176
     0
 90
        1
176
     0
 90
        1
176
     0
 40
1.0
176
     0
 90
       10
176
     2
 62
     7
176
     0
 40
1.0
176
     0
 90
        1
176
     0
 90
        6
176
     0
 90
        2
176
     0
 62
     7
176
     0
 90
        5
176
     0
 90
        0
176
     0
 90
        0
176
     0
290
     0
176
     0
 90
        1
176
     0
 40
0.0
176
     0
 90
        0
176
     0
290
     0
176
     1
290
     1
176
     1
290
     1
176
     1
290
     0
176
     1
290
     0
176
     1
290
     0
176
     1
290
     0
176
     1
290
     0
176
     1
290
     0
176
     1
 90
       50
176
     1
 40
0.0
176
     1
 40
1.0
176
     1
 90
        0
176
     1
 62
    18
420
        0
176
     1
 90
       50
176
     1
 90
        3
176
     1
 62
     5
420
      255
176
     1
290
     0
176
     1
 90
       50
176
     1
 90
       50
176
     1
 90
       50
176
     1
290
     0
176
     1
 90
       50
176
     1
 62
   256
176
     0
 40
1.0
176
     0
 90
        2
176
     1
  1
strokes_ogs.tif
176
     1
290
     0
176
     1
 40
1.0
176
     1
 40
1.0
176
     1
  0
VISUALSTYLE
  5
22
102
{ACAD_REACTORS
330
14
102
}
330
14
100
AcDbVisualStyle
  2
Linepattern
 70
    14
177
     3
291
     1
 70
    58
 90
        2
176
     1
 90
        2
176
     1
 90
        0
176
     1
 90
        0
176
     1
 40
0.6
176
     1
 40
30.0
176
     1
 62
     7
176
     1
 90
        1
176
     1
 90
        4
176
     1
 62
     7
176
     1
 62
   257
176
     1
 90
        7
176
     1
 90
        7
176
     1
 40
1.0
176
     1
 90
        8
176
     1
 62
     7
176
     1
 40
1.0
176
     1
 90
        1
176
     1
 90
        6
176
     1
 90
        2
176
     1
 62
     7
176
     1
 90
        5
176
     1
 90
        0
176
     1
 90
        0
176
     1
290
     0
176
     1
 90
        1
176
     1
 40
0.0
176
     1
 90
        0
176
     1
290
     0
176
     1
290
     1
176
     1
290
     1
176
     1
290
     0
176
     1
290
     0
176
     1
290
     0
176
     1
290
     0
176
     1
290
     0
176
     1
290
     0
176
     1
 90
       50
176
     1
 40
0.0
176
     1
 40
1.0
176
     1
 90
        0
176
     1
 62
    18
420
        0
176
     1
 90
       50
176
     1
 90
        3
176
     1
 62
     5
420
      255
176
     1
290
     0
176
     1
 90
       50
176
     1
 90
       50
176
     1
 90
       50
176
     1
290
     0
176
     1
 90
       50
176
     1
 62
   256
176
     0
 40
1.0
176
     0
 90
        2
176
     1
  1
strokes_ogs.tif
176
     1
290
     0
176
     1
 40
1.0
176
     1
 40
1.0
176
     1
  0
VISUALSTYLE
  5
82A
102
{ACAD_REACTORS
330
14
102
}
330
14
100
AcDbVisualStyle
  2
OverhangOff
 70
    21
177
     3
291
     1
 70
    58
 90
        2
176
     0
 90
        2
176
     0
 90
        0
176
     0
 90
        0
176
     0
 40
0.6
176
     0
 40
30.0
176
     0
 62
     7
420
 16777215
176
     0
 90
        1
176
     0
 90
        4
176
     0
 62
     7
176
     0
 62
   257
176
     0
 90
        1
176
     0
 90
        1
176
     0
 40
1.0
176
     0
 90
        9
176
     2
 62
     7
176
     0
 40
1.0
176
     0
 90
        1
176
     0
 90
        6
176
     0
 90
        2
176
     0
 62
     7
176
     0
 90
        5
176
     0
 90
        0
176
     0
 90
        0
176
     0
290
     0
176
     0
 90
        1
176
     0
 40
0.0
176
     0
 90
        0
176
     0
290
     0
176
     1
290
     1
176
     1
290
     1
176
     1
290
     0
176
     1
290
     0
176
     1
290
     0
176
     1
290
     0
176
     1
290
     0
176
     1
290
     0
176
     1
 90
       50
176
     1
 40
0.0
176
     1
 40
1.0
176
     1
 90
        0
176
     1
 62
    18
420
        0
176
     1
 90
       50
176
     1
 90
        3
176
     1
 62
     5
420
      255
176
     1
290
     0
176
     1
 90
       50
176
     1
 90
       50
176
     1
 90
       50
176
     1
290
     0
176
     1
 90
       50
176
     1
 62
   256
176
     0
 40
1.0
176
     0
 90
        2
176
     1
  1
strokes_ogs.tif
176
     1
290
     0
176
     1
 40
1.0
176
     1
 40
1.0
176
     1
  0
VISUALSTYLE
  5
1E
102
{ACAD_REACTORS
330
14
102
}
330
14
100
AcDbVisualStyle
  2
Realistic
 70
     8
177
     3
291
     0
 70
    58
 90
        2
176
     1
 90
        2
176
     1
 90
        0
176
     1
 90
        0
176
     1
 40
0.6
176
     1
 40
30.0
176
     1
 62
     7
176
     1
 90
        1
176
     1
 90
        0
176
     1
 62
     7
176
     1
 62
   257
176
     1
 90
        1
176
     1
 90
        1
176
     1
 40
1.0
176
     1
 90
        8
176
     1
 62
     8
176
     1
 40
1.0
176
     1
 90
        1
176
     1
 90
        6
176
     1
 90
        2
176
     1
 62
     7
176
     1
 90
        5
176
     1
 90
        0
176
     1
 90
        0
176
     1
290
     0
176
     1
 90
       13
176
     1
 40
0.0
176
     1
 90
        0
176
     1
290
     0
176
     1
290
     1
176
     1
290
     1
176
     1
290
     0
176
     1
290
     0
176
     1
290
     0
176
     1
290
     0
176
     1
290
     0
176
     1
290
     0
176
     1
 90
       50
176
     1
 40
0.0
176
     1
 40
1.0
176
     1
 90
        0
176
     1
 62
    18
420
        0
176
     1
 90
       50
176
     1
 90
        3
176
     1
 62
     5
420
      255
176
     1
290
     0
176
     1
 90
       50
176
     1
 90
       50
176
     1
 90
       50
176
     1
290
     0
176
     1
 90
       50
176
     1
 62
   256
176
     0
 40
1.0
176
     0
 90
        2
176
     1
  1
strokes_ogs.tif
176
     1
290
     0
176
     1
 40
1.0
176
     1
 40
1.0
176
     1
  0
VISUALSTYLE
  5
A5E
102
{ACAD_REACTORS
330
14
102
}
330
14
100
AcDbVisualStyle
  2
Shaded
 70
    27
177
     3
291
     0
 70
    58
 90
        2
176
     1
 90
        2
176
     1
 90
        1
176
     1
 90
        2
176
     1
 40
0.6
176
     1
 40
30.0
176
     1
 62
     7
420
 16777215
176
     1
 90
        0
176
     1
 90
        4
176
     1
 62
     7
176
     1
 62
   257
176
     1
 90
        1
176
     1
 90
        1
176
     1
 40
1.0
176
     1
 90
        8
176
     1
 62
   257
176
     1
 40
1.0
176
     1
 90
        1
176
     1
 90
        6
176
     1
 90
        2
176
     1
 62
     8
420
  7895160
176
     1
 90
        3
176
     1
 90
        0
176
     1
 90
        0
176
     1
290
     0
176
     1
 90
        5
176
     1
 40
0.0
176
     1
 90
        0
176
     1
290
     0
176
     1
290
     1
176
     1
290
     1
176
     1
290
     0
176
     1
290
     0
176
     1
290
     0
176
     1
290
     0
176
     1
290
     0
176
     1
290
     0
176
     1
 90
       50
176
     1
 40
0.0
176
     1
 40
1.0
176
     1
 90
        0
176
     1
 62
    18
420
        0
176
     1
 90
       50
176
     1
 90
        3
176
     1
 62
     5
420
      255
176
     1
290
     0
176
     1
 90
       50
176
     1
 90
       50
176
     1
 90
       50
176
     1
290
     0
176
     1
 90
       50
176
     1
 62
   256
176
     0
 40
1.0
176
     0
 90
        2
176
     1
  1
strokes_ogs.tif
176
     1
290
     0
176
     1
 40
1.0
176
     1
 40
1.0
176
     1
  0
VISUALSTYLE
  5
A5D
102
{ACAD_REACTORS
330
14
102
}
330
14
100
AcDbVisualStyle
  2
Shaded with edges
 70
    26
177
     3
291
     0
 70
    58
 90
        2
176
     1
 90
        2
176
     1
 90
        1
176
     1
 90
        2
176
     1
 40
0.6
176
     1
 40
30.0
176
     1
 62
     7
420
 16777215
176
     1
 90
        1
176
     1
 90
        2
176
     1
 62
     7
176
     1
 62
   257
176
     1
 90
        2
176
     1
 90
        1
176
     1
 40
1.0
176
     1
 90
        8
176
     1
 62
   257
176
     1
 40
1.0
176
     1
 90
        1
176
     1
 90
        6
176
     1
 90
        2
176
     1
 62
     7
176
     1
 90
        3
176
     1
 90
        0
176
     1
 90
        0
176
     1
290
     0
176
     1
 90
        5
176
     1
 40
0.0
176
     1
 90
        0
176
     1
290
     0
176
     1
290
     1
176
     1
290
     1
176
     1
290
     0
176
     1
290
     0
176
     1
290
     0
176
     1
290
     0
176
     1
290
     0
176
     1
290
     0
176
     1
 90
       50
176
     1
 40
0.0
176
     1
 40
1.0
176
     1
 90
        0
176
     1
 62
    18
420
        0
176
     1
 90
       50
176
     1
 90
        3
176
     1
 62
     5
420
      255
176
     1
290
     0
176
     1
 90
       50
176
     1
 90
       50
176
     1
 90
       50
176
     1
290
     0
176
     1
 90
       50
176
     1
 62
   256
176
     0
 40
1.0
176
     0
 90
        2
176
     1
  1
strokes_ogs.tif
176
     1
290
     0
176
     1
 40
1.0
176
     1
 40
1.0
176
     1
  0
VISUALSTYLE
  5
A5A
102
{ACAD_REACTORS
330
14
102
}
330
14
100
AcDbVisualStyle
  2
Shades of Gray
 70
    23
177
     3
291
     0
 70
    58
 90
        2
176
     1
 90
        2
176
     1
 90
        3
176
     1
 90
        0
176
     1
 40
0.6
176
     1
 40
30.0
176
     1
 62
     7
420
 16777215
176
     1
 90
        2
176
     1
 90
        2
176
     1
 62
     7
176
     1
 62
     7
176
     1
 90
        1
176
     1
 90
        1
176
     1
 40
40.0
176
     1
 90
        8
176
     1
 62
     7
176
     1
 40
1.0
176
     1
 90
        1
176
     1
 90
        6
176
     1
 90
        2
176
     1
 62
     7
176
     1
 90
        3
176
     1
 90
        0
176
     1
 90
        0
176
     1
290
     0
176
     1
 90
        1
176
     1
 40
0.0
176
     1
 90
        0
176
     1
290
     0
176
     1
290
     1
176
     1
290
     1
176
     1
290
     0
176
     1
290
     0
176
     1
290
     0
176
     1
290
     0
176
     1
290
     0
176
     1
290
     0
176
     1
 90
       50
176
     1
 40
0.0
176
     1
 40
1.0
176
     1
 90
        0
176
     1
 62
    18
420
        0
176
     1
 90
       50
176
     1
 90
        3
176
     1
 62
     5
420
      255
176
     1
290
     0
176
     1
 90
       50
176
     1
 90
       50
176
     1
 90
       50
176
     1
290
     0
176
     1
 90
       50
176
     1
 62
   256
176
     0
 40
1.0
176
     0
 90
        2
176
     1
  1
strokes_ogs.tif
176
     1
290
     0
176
     1
 40
1.0
176
     1
 40
1.0
176
     1
  0
VISUALSTYLE
  5
A5B
102
{ACAD_REACTORS
330
14
102
}
330
14
100
AcDbVisualStyle
  2
Sketchy
 70
    24
177
     3
291
     0
 70
    58
 90
        1
176
     1
 90
        2
176
     1
 90
        2
176
     1
 90
        0
176
     1
 40
0.6
176
     1
 40
30.0
176
     1
 62
     7
420
 16777215
176
     1
 90
        2
176
     1
 90
        2
176
     1
 62
     7
176
     1
 62
     7
176
     1
 90
        1
176
     1
 90
        1
176
     1
 40
40.0
176
     1
 90
       11
176
     1
 62
     7
176
     1
 40
1.0
176
     1
 90
        1
176
     1
 90
        6
176
     1
 90
        2
176
     1
 62
     7
176
     1
 90
        6
176
     1
 90
        0
176
     1
 90
        0
176
     1
290
     0
176
     1
 90
        1
176
     1
 40
0.0
176
     1
 90
        0
176
     1
290
     0
176
     1
290
     1
176
     1
290
     1
176
     1
290
     0
176
     1
290
     0
176
     1
290
     0
176
     1
290
     0
176
     1
290
     0
176
     1
290
     0
176
     1
 90
       50
176
     1
 40
0.0
176
     1
 40
1.0
176
     1
 90
        0
176
     1
 62
    18
420
        0
176
     1
 90
       50
176
     1
 90
        3
176
     1
 62
     5
420
      255
176
     1
290
     0
176
     1
 90
       50
176
     1
 90
       50
176
     1
 90
       50
176
     1
290
     0
176
     1
 90
       50
176
     1
 62
   256
176
     0
 40
1.0
176
     0
 90
        2
176
     1
  1
strokes_ogs.tif
176
     1
290
     0
176
     1
 40
1.0
176
     1
 40
1.0
176
     1
  0
VISUALSTYLE
  5
21
102
{ACAD_REACTORS
330
14
102
}
330
14
100
AcDbVisualStyle
  2
Thicken
 70
    13
177
     3
291
     1
 70
    58
 90
        2
176
     1
 90
        2
176
     1
 90
        0
176
     1
 90
        0
176
     1
 40
0.6
176
     1
 40
30.0
176
     1
 62
     7
176
     1
 90
        1
176
     1
 90
        4
176
     1
 62
     7
176
     1
 62
   257
176
     1
 90
        1
176
     1
 90
        1
176
     1
 40
1.0
176
     1
 90
       12
176
     1
 62
     7
176
     1
 40
1.0
176
     1
 90
        1
176
     1
 90
        6
176
     1
 90
        2
176
     1
 62
     7
176
     1
 90
        5
176
     1
 90
        0
176
     1
 90
        0
176
     1
290
     0
176
     1
 90
        1
176
     1
 40
0.0
176
     1
 90
        0
176
     1
290
     0
176
     1
290
     1
176
     1
290
     1
176
     1
290
     0
176
     1
290
     0
176
     1
290
     0
176
     1
290
     0
176
     1
290
     0
176
     1
290
     0
176
     1
 90
       50
176
     1
 40
0.0
176
     1
 40
1.0
176
     1
 90
        0
176
     1
 62
    18
420
        0
176
     1
 90
       50
176
     1
 90
        3
176
     1
 62
     5
420
      255
176
     1
290
     0
176
     1
 90
       50
176
     1
 90
       50
176
     1
 90
       50
176
     1
290
     0
176
     1
 90
       50
176
     1
 62
   256
176
     0
 40
1.0
176
     0
 90
        2
176
     1
  1
strokes_ogs.tif
176
     1
290
     0
176
     1
 40
1.0
176
     1
 40
1.0
176
     1
  0
VISUALSTYLE
  5
A58
102
{ACAD_REACTORS
330
14
102
}
330
14
100
AcDbVisualStyle
  2
Wireframe
 70
     5
177
     3
291
     0
 70
    58
 90
        0
176
     1
 90
        2
176
     1
 90
        0
176
     1
 90
        0
176
     1
 40
0.6
176
     1
 40
30.0
176
     1
 62
     7
420
 16777215
176
     1
 90
        1
176
     1
 90
        4
176
     1
 62
     7
176
     1
 62
   257
176
     1
 90
        1
176
     1
 90
        1
176
     1
 40
1.0
176
     1
 90
        0
176
     1
 62
   257
176
     1
 40
1.0
176
     1
 90
        1
176
     1
 90
        6
176
     1
 90
        2
176
     1
 62
     7
176
     1
 90
        3
176
     1
 90
        0
176
     1
 90
        0
176
     1
290
     0
176
     1
 90
        1
176
     1
 40
0.0
176
     1
 90
        0
176
     1
290
     0
176
     1
290
     1
176
     1
290
     1
176
     1
290
     0
176
     1
290
     0
176
     1
290
     0
176
     1
290
     0
176
     1
290
     0
176
     1
290
     0
176
     1
 90
       50
176
     1
 40
0.0
176
     1
 40
1.0
176
     1
 90
        0
176
     1
 62
    18
420
        0
176
     1
 90
       50
176
     1
 90
        3
176
     1
 62
     5
420
      255
176
     1
290
     0
176
     1
 90
       50
176
     1
 90
       50
176
     1
 90
       50
176
     1
290
     0
176
     1
 90
       50
176
     1
 62
   256
176
     0
 40
1.0
176
     0
 90
        2
176
     1
  1
strokes_ogs.tif
176
     1
290
     0
176
     1
 40
1.0
176
     1
 40
1.0
176
     1
  0
VISUALSTYLE
  5
A5C
102
{ACAD_REACTORS
330
14
102
}
330
14
100
AcDbVisualStyle
  2
X-Ray
 70
    25
177
     3
291
     0
 70
    58
 90
        2
176
     1
 90
        2
176
     1
 90
        1
176
     1
 90
        1
176
     1
 40
0.5
176
     1
 40
30.0
176
     1
 62
     7
420
 16777215
176
     1
 90
        1
176
     1
 90
        0
176
     1
 62
     7
176
     1
 62
   257
176
     1
 90
        1
176
     1
 90
        1
176
     1
 40
1.0
176
     1
 90
        8
176
     1
 62
     7
176
     1
 40
1.0
176
     1
 90
        1
176
     1
 90
        6
176
     1
 90
        2
176
     1
 62
     7
176
     1
 90
        3
176
     1
 90
        0
176
     1
 90
        0
176
     1
290
     0
176
     1
 90
       13
176
     1
 40
0.0
176
     1
 90
        0
176
     1
290
     0
176
     1
290
     1
176
     1
290
     1
176
     1
290
     0
176
     1
290
     0
176
     1
290
     0
176
     1
290
     0
176
     1
290
     0
176
     1
290
     0
176
     1
 90
       50
176
     1
 40
0.0
176
     1
 40
1.0
176
     1
 90
        0
176
     1
 62
    18
420
        0
176
     1
 90
       50
176
     1
 90
        3
176
     1
 62
     5
420
      255
176
     1
290
     0
176
     1
 90
       50
176
     1
 90
       50
176
     1
 90
       50
176
     1
290
     0
176
     1
 90
       50
176
     1
 62
   256
176
     0
 40
1.0
176
     0
 90
        2
176
     1
  1
strokes_ogs.tif
176
     1
290
     0
176
     1
 40
1.0
176
     1
 40
1.0
176
     1
  0
DICTIONARYVAR
  5
951
102
{ACAD_REACTORS
330
7B5
102
}
330
7B5
100
DictionaryVariables
280
     0
  1
1:1
  0
DICTIONARYVAR
  5
94F
102
{ACAD_REACTORS
330
7B5
102
}
330
7B5
100
DictionaryVariables
280
     0
  1
STANDARD
  0
DICTIONARYVAR
  5
7B6
102
{ACAD_REACTORS
330
7B5
102
}
330
7B5
100
DictionaryVariables
280
     0
  1
STANDARD
  0
DICTIONARYVAR
  5
EE6
102
{ACAD_REACTORS
330
7B5
102
}
330
7B5
100
DictionaryVariables
280
     0
  1
Metric50
  0
DICTIONARYVAR
  5
EE7
102
{ACAD_REACTORS
330
7B5
102
}
330
7B5
100
DictionaryVariables
280
     0
  1
Metric50
  0
DICTIONARYVAR
  5
7EE
102
{ACAD_REACTORS
330
7B5
102
}
330
7B5
100
DictionaryVariables
280
     0
  1
1
  0
DICTIONARYVAR
  5
7ED
102
{ACAD_REACTORS
330
7B5
102
}
330
7B5
100
DictionaryVariables
280
     0
  1
0
  0
DICTIONARYVAR
  5
953
102
{ACAD_REACTORS
330
7B5
102
}
330
7B5
100
DictionaryVariables
280
     0
  1
1
  0
DICTIONARYVAR
  5
954
102
{ACAD_REACTORS
330
7B5
102
}
330
7B5
100
DictionaryVariables
280
     0
  1
15
  0
DICTIONARYVAR
  5
952
102
{ACAD_REACTORS
330
7B5
102
}
330
7B5
100
DictionaryVariables
280
     0
  1
0
  0
DICTIONARYVAR
  5
950
102
{ACAD_REACTORS
330
7B5
102
}
330
7B5
100
DictionaryVariables
280
     0
  1
0
  0
DICTIONARYVAR
  5
7EC
102
{ACAD_REACTORS
330
7B5
102
}
330
7B5
100
DictionaryVariables
280
     0
  1
127
  0
XRECORD
  5
EE5
102
{ACAD_REACTORS
330
7B3
102
}
330
7B3
100
AcDbXrecord
280
     1
1000
ADE02C001
1070
     1
1070
     0
1002
{
1002
}
1002
{
1002
}
1002
{
1002
}
1000

  0
XRECORD
  5
EAA
102
{ACAD_REACTORS
330
EA9
102
}
330
EA9
100
AcDbXrecord
280
     1
330
337
330
338
330
339
330
33A
330
33B
330
33C
330
367
330
370
330
371
330
373
330
374
330
37C
330
37D
330
37E
330
37F
330
380
330
381
330
382
330
383
330
38E
330
38F
330
390
330
391
330
392
330
393
330
394
330
787
330
7F2
330
7FB
330
803
330
8AC
330
8AD
330
8AE
330
8AF
330
8B0
330
8B1
330
8B2
330
8B3
330
8B4
330
8B5
330
8B6
330
8B7
330
8B8
330
8B9
330
8BA
330
8BB
330
8BC
330
8BD
330
8BE
330
8BF
330
D27
330
EC2
330
EC3
330
EC4
330
EC5
330
EC6
330
EC7
330
EC8
330
EC9
330
ECA
330
ECB
330
ECC
330
ECD
330
ECE
330
ECF
330
ED0
330
99B
  0
DMSTYLIZEDENTITIESTABLE
  5
863
102
{ACAD_REACTORS
330
853
102
}
330
853
100
AcMapDMStylizedEntitiesTable
 70
     1
  0
MAPRESOURCEMANAGEROBJECT
  5
EE3
102
{ACAD_REACTORS
330
853
102
}
330
853
100
AcMapResourceManager
 70
     1
 90
        0
  0
DATATABLE
  5
857
102
{ACAD_REACTORS
330
853
102
}
330
853
100
AcDbDataTable
 70
     2
 90
        4
 91
       15
  1

 92
        3
  2
OriginalClassName
  3
AcMapDMDefaultStyle
  3
AcMapDMEntityStyle
  3
AcMapDMRasterStyle
  3
AcMapDMSEAnnotationStyle
  3
AcMapDMSEHatchStyle
  3
AcMapDMSETextStyle
  3
AcMapDMThematicStyle
  3
AcMapDMBaseElement
  3
AcMapDMAttachedDwgsQueryElement
  3
AcMapDMFeatureElement
  3
AcMapDMLayerElement
  3
AcMapDMCurrentDwgQueryElement
  3
AcMapDMRasterElement
  3
AcMapDMTopoElement
  3
AcMapDMTopoQueryElement
 92
        3
  2
ProxyDisplayName
  3
Default
  3
Entity
  3
Raster
  3
Annotation
  3
Hatch
  3
Text
  3
Thematic
  3
Map Base
  3
Ade Query
  3
Feature Class
  3
Layer
  3
Ade Project Query
  3
Raster
  3
Topology
  3
Topology Query
 92
        1
  2
CustomObjectType
 93
        2
 93
        2
 93
        2
 93
        2
 93
        2
 93
        2
 93
        2
 93
        1
 93
        1
 93
        1
 93
        1
 93
        1
 93
        1
 93
        1
 93
        1
 92
        1
  2
StyleCoExistanceType
 93
        1
 93
        1
 93
        1
 93
        1
 93
        1
 93
        1
 93
        2
 93
        0
 93
        0
 93
        0
 93
        0
 93
        0
 93
        0
 93
        0
 93
        0
  0
DMMAPMANAGER
  5
854
102
{ACAD_REACTORS
330
853
102
}
330
853
100
AcDbDictionary
281
     1
  3
DisplayMap1
350
858
100
AcDbDictionaryWithDefault
340
858
100
AcMapDMMapManager
 70
     1
340
858
  0
DMSTYLELIBRARY
  5
855
102
{ACAD_REACTORS
330
853
102
}
330
853
100
AcMapDMStyleLibrary
 70
     1
 70
     1
360
856
  0
DICTIONARY
  5
864
102
{ACAD_REACTORS
330
853
102
}
330
853
100
AcDbDictionary
281
     1
  0
DICTIONARY
  5
93F
330
39
100
AcDbDictionary
280
     1
281
     1
  0
DICTIONARY
  5
EEA
330
85A
100
AcDbDictionary
280
     1
281
     1
  3
ACAD_ROUNDTRIP_2008_TABLESTYLE_CELLSTYLEMAP
360
EEB
  0
DICTIONARY
  5
EE8
330
31
100
AcDbDictionary
280
     1
281
     1
  3
ACAD_ROUNDTRIP_2008_TABLESTYLE_CELLSTYLEMAP
360
EE9
  0
DMMAP
  5
858
102
{ACAD_REACTORS
330
854
330
85B
102
}
330
854
100
AcMapDMMap
 70
     1
  1
Par défaut
 70
     1
330
0
100
AcMapDMMap
 70
     1
 90
        1
360
85B
 90
        1
 40
1.797693134862314E+99
 70
     1
100
AcMapDMMap
 70
     6
 70
     0
 40
1.797693134862314E+99
290
     1
290
     1
 40
1.0
 40
3.0
  1
Legend
 90
        1
 40
1.797693134862314E+99
  1

 70
     0
 40
1.0
 70
     1
 90
        0
 90
        1
360
85C
 40
1808.168883490806
290
     0
290
     1
 40
1.0
 90
       40
290
     0
290
     0
  1

290
     1
 40
45.0
 40
45.0
  0
DMSTYLECATEGORY
  5
856
102
{ACAD_REACTORS
330
855
102
}
330
855
100
AcMapDMStyleCategory
 70
     1
  1
Afficher les styles
 70
     0
  0
CELLSTYLEMAP
  5
EEB
102
{ACAD_REACTORS
330
EEA
102
}
330
EEA
100
AcDbCellStyleMap
 90
        3
300
CELLSTYLE
  1
TABLEFORMAT_BEGIN
 90
        5
170
     1
 91
        0
 92
    32768
 62
   257
 93
        1
300
CONTENTFORMAT
  1
CONTENTFORMAT_BEGIN
 90
        0
 91
        0
 92
      512
 93
        0
300

 40
0.0
140
1.0
 94
        5
 62
     0
340
859
144
0.5
309
CONTENTFORMAT_END
171
     0
 94
        6
 95
        1
302
GRIDFORMAT
  1
GRIDFORMAT_BEGIN
 90
        0
 91
        1
 62
     0
 92
       -2
340
0
 93
        1
 40
0.045
309
GRIDFORMAT_END
 95
        2
302
GRIDFORMAT
  1
GRIDFORMAT_BEGIN
 90
        0
 91
        1
 62
     0
 92
       -2
340
0
 93
        1
 40
0.045
309
GRIDFORMAT_END
 95
        4
302
GRIDFORMAT
  1
GRIDFORMAT_BEGIN
 90
        0
 91
        1
 62
     0
 92
       -2
340
0
 93
        1
 40
0.045
309
GRIDFORMAT_END
 95
        8
302
GRIDFORMAT
  1
GRIDFORMAT_BEGIN
 90
        0
 91
        1
 62
     0
 92
       -2
340
0
 93
        1
 40
0.045
309
GRIDFORMAT_END
 95
       16
302
GRIDFORMAT
  1
GRIDFORMAT_BEGIN
 90
        0
 91
        1
 62
     0
 92
       -2
340
0
 93
        1
 40
0.045
309
GRIDFORMAT_END
 95
       32
302
GRIDFORMAT
  1
GRIDFORMAT_BEGIN
 90
        0
 91
        1
 62
     0
 92
       -2
340
0
 93
        1
 40
0.045
309
GRIDFORMAT_END
309
TABLEFORMAT_END
  1
CELLSTYLE_BEGIN
 90
        1
 91
        1
300
_TITLE
309
CELLSTYLE_END
300
CELLSTYLE
  1
TABLEFORMAT_BEGIN
 90
        5
170
     1
 91
        0
 92
        0
 62
   257
 93
        1
300
CONTENTFORMAT
  1
CONTENTFORMAT_BEGIN
 90
        0
 91
        0
 92
      512
 93
        0
300

 40
0.0
140
1.0
 94
        4
 62
     0
340
859
144
0.4
309
CONTENTFORMAT_END
171
     0
 94
        6
 95
        1
302
GRIDFORMAT
  1
GRIDFORMAT_BEGIN
 90
        0
 91
        1
 62
     0
 92
       -2
340
0
 93
        1
 40
0.045
309
GRIDFORMAT_END
 95
        2
302
GRIDFORMAT
  1
GRIDFORMAT_BEGIN
 90
        0
 91
        1
 62
     0
 92
       -2
340
0
 93
        1
 40
0.045
309
GRIDFORMAT_END
 95
        4
302
GRIDFORMAT
  1
GRIDFORMAT_BEGIN
 90
        0
 91
        1
 62
     0
 92
       -2
340
0
 93
        1
 40
0.045
309
GRIDFORMAT_END
 95
        8
302
GRIDFORMAT
  1
GRIDFORMAT_BEGIN
 90
        0
 91
        1
 62
     0
 92
       -2
340
0
 93
        1
 40
0.045
309
GRIDFORMAT_END
 95
       16
302
GRIDFORMAT
  1
GRIDFORMAT_BEGIN
 90
        0
 91
        1
 62
     0
 92
       -2
340
0
 93
        1
 40
0.045
309
GRIDFORMAT_END
 95
       32
302
GRIDFORMAT
  1
GRIDFORMAT_BEGIN
 90
        0
 91
        1
 62
     0
 92
       -2
340
0
 93
        1
 40
0.045
309
GRIDFORMAT_END
309
TABLEFORMAT_END
  1
CELLSTYLE_BEGIN
 90
        2
 91
        1
300
_HEADER
309
CELLSTYLE_END
300
CELLSTYLE
  1
TABLEFORMAT_BEGIN
 90
        5
170
     1
 91
        0
 92
        0
 62
   257
 93
        1
300
CONTENTFORMAT
  1
CONTENTFORMAT_BEGIN
 90
        0
 91
        0
 92
      512
 93
        0
300

 40
0.0
140
1.0
 94
        4
 62
     0
340
859
144
0.4
309
CONTENTFORMAT_END
171
     0
 94
        6
 95
        1
302
GRIDFORMAT
  1
GRIDFORMAT_BEGIN
 90
        0
 91
        1
 62
     0
 92
       -2
340
0
 93
        1
 40
0.045
309
GRIDFORMAT_END
 95
        2
302
GRIDFORMAT
  1
GRIDFORMAT_BEGIN
 90
        0
 91
        1
 62
     0
 92
       -2
340
0
 93
        1
 40
0.045
309
GRIDFORMAT_END
 95
        4
302
GRIDFORMAT
  1
GRIDFORMAT_BEGIN
 90
        0
 91
        1
 62
     0
 92
       -2
340
0
 93
        1
 40
0.045
309
GRIDFORMAT_END
 95
        8
302
GRIDFORMAT
  1
GRIDFORMAT_BEGIN
 90
        0
 91
        1
 62
     0
 92
       -2
340
0
 93
        1
 40
0.045
309
GRIDFORMAT_END
 95
       16
302
GRIDFORMAT
  1
GRIDFORMAT_BEGIN
 90
        0
 91
        1
 62
     0
 92
       -2
340
0
 93
        1
 40
0.045
309
GRIDFORMAT_END
 95
       32
302
GRIDFORMAT
  1
GRIDFORMAT_BEGIN
 90
        0
 91
        1
 62
     0
 92
       -2
340
0
 93
        1
 40
0.045
309
GRIDFORMAT_END
309
TABLEFORMAT_END
  1
CELLSTYLE_BEGIN
 90
        3
 91
        2
300
_DATA
309
CELLSTYLE_END
  0
CELLSTYLEMAP
  5
EE9
102
{ACAD_REACTORS
330
EE8
102
}
330
EE8
100
AcDbCellStyleMap
 90
        3
300
CELLSTYLE
  1
TABLEFORMAT_BEGIN
 90
        5
170
     1
 91
        0
 92
    32768
 62
   257
 93
        1
300
CONTENTFORMAT
  1
CONTENTFORMAT_BEGIN
 90
        0
 91
        0
 92
      512
 93
        0
300

 40
0.0
140
1.0
 94
        5
 62
     0
340
26
144
0.25
309
CONTENTFORMAT_END
171
     0
 94
        6
 95
        1
302
GRIDFORMAT
  1
GRIDFORMAT_BEGIN
 90
        0
 91
        1
 62
     0
 92
       -2
340
0
 93
        0
 40
0.045
309
GRIDFORMAT_END
 95
        2
302
GRIDFORMAT
  1
GRIDFORMAT_BEGIN
 90
        0
 91
        1
 62
     0
 92
       -2
340
0
 93
        0
 40
0.045
309
GRIDFORMAT_END
 95
        4
302
GRIDFORMAT
  1
GRIDFORMAT_BEGIN
 90
        0
 91
        1
 62
     0
 92
       -2
340
0
 93
        0
 40
0.045
309
GRIDFORMAT_END
 95
        8
302
GRIDFORMAT
  1
GRIDFORMAT_BEGIN
 90
        0
 91
        1
 62
     0
 92
       -2
340
0
 93
        0
 40
0.045
309
GRIDFORMAT_END
 95
       16
302
GRIDFORMAT
  1
GRIDFORMAT_BEGIN
 90
        0
 91
        1
 62
     0
 92
       -2
340
0
 93
        0
 40
0.045
309
GRIDFORMAT_END
 95
       32
302
GRIDFORMAT
  1
GRIDFORMAT_BEGIN
 90
        0
 91
        1
 62
     0
 92
       -2
340
0
 93
        0
 40
0.045
309
GRIDFORMAT_END
309
TABLEFORMAT_END
  1
CELLSTYLE_BEGIN
 90
        1
 91
        1
300
_TITLE
309
CELLSTYLE_END
300
CELLSTYLE
  1
TABLEFORMAT_BEGIN
 90
        5
170
     1
 91
        0
 92
        0
 62
   257
 93
        1
300
CONTENTFORMAT
  1
CONTENTFORMAT_BEGIN
 90
        0
 91
        0
 92
      512
 93
        0
300

 40
0.0
140
1.0
 94
        5
 62
     0
340
26
144
0.18
309
CONTENTFORMAT_END
171
     0
 94
        6
 95
        1
302
GRIDFORMAT
  1
GRIDFORMAT_BEGIN
 90
        0
 91
        1
 62
     0
 92
       -2
340
0
 93
        0
 40
0.045
309
GRIDFORMAT_END
 95
        2
302
GRIDFORMAT
  1
GRIDFORMAT_BEGIN
 90
        0
 91
        1
 62
     0
 92
       -2
340
0
 93
        0
 40
0.045
309
GRIDFORMAT_END
 95
        4
302
GRIDFORMAT
  1
GRIDFORMAT_BEGIN
 90
        0
 91
        1
 62
     0
 92
       -2
340
0
 93
        0
 40
0.045
309
GRIDFORMAT_END
 95
        8
302
GRIDFORMAT
  1
GRIDFORMAT_BEGIN
 90
        0
 91
        1
 62
     0
 92
       -2
340
0
 93
        0
 40
0.045
309
GRIDFORMAT_END
 95
       16
302
GRIDFORMAT
  1
GRIDFORMAT_BEGIN
 90
        0
 91
        1
 62
     0
 92
       -2
340
0
 93
        0
 40
0.045
309
GRIDFORMAT_END
 95
       32
302
GRIDFORMAT
  1
GRIDFORMAT_BEGIN
 90
        0
 91
        1
 62
     0
 92
       -2
340
0
 93
        0
 40
0.045
309
GRIDFORMAT_END
309
TABLEFORMAT_END
  1
CELLSTYLE_BEGIN
 90
        2
 91
        1
300
_HEADER
309
CELLSTYLE_END
300
CELLSTYLE
  1
TABLEFORMAT_BEGIN
 90
        5
170
     1
 91
        0
 92
        0
 62
   257
 93
        1
300
CONTENTFORMAT
  1
CONTENTFORMAT_BEGIN
 90
        0
 91
        0
 92
      512
 93
        0
300

 40
0.0
140
1.0
 94
        2
 62
     0
340
26
144
0.18
309
CONTENTFORMAT_END
171
     0
 94
        6
 95
        1
302
GRIDFORMAT
  1
GRIDFORMAT_BEGIN
 90
        0
 91
        1
 62
     0
 92
       -2
340
0
 93
        0
 40
0.045
309
GRIDFORMAT_END
 95
        2
302
GRIDFORMAT
  1
GRIDFORMAT_BEGIN
 90
        0
 91
        1
 62
     0
 92
       -2
340
0
 93
        0
 40
0.045
309
GRIDFORMAT_END
 95
        4
302
GRIDFORMAT
  1
GRIDFORMAT_BEGIN
 90
        0
 91
        1
 62
     0
 92
       -2
340
0
 93
        0
 40
0.045
309
GRIDFORMAT_END
 95
        8
302
GRIDFORMAT
  1
GRIDFORMAT_BEGIN
 90
        0
 91
        1
 62
     0
 92
       -2
340
0
 93
        0
 40
0.045
309
GRIDFORMAT_END
 95
       16
302
GRIDFORMAT
  1
GRIDFORMAT_BEGIN
 90
        0
 91
        1
 62
     0
 92
       -2
340
0
 93
        0
 40
0.045
309
GRIDFORMAT_END
 95
       32
302
GRIDFORMAT
  1
GRIDFORMAT_BEGIN
 90
        0
 91
        1
 62
     0
 92
       -2
340
0
 93
        0
 40
0.045
309
GRIDFORMAT_END
309
TABLEFORMAT_END
  1
CELLSTYLE_BEGIN
 90
        3
 91
        2
300
_DATA
309
CELLSTYLE_END
  0
DMBASEELEMENT
  5
85B
102
{ACAD_XDICTIONARY
360
85F
102
}
102
{ACAD_REACTORS
330
858
102
}
330
858
100
AcMapDMBaseElement
 70
     1
  1
Base de la carte
 70
     1
330
858
100
AcMapDMBaseElement
 70
     2
  1

 70
     2
  1

 70
     1
 40
1.797693134862314E+99
 70
        1
 70
     1
 70
     1
 70
     1
360
85E
100
AcMapDMBaseElement
 70
     1
  0
DMDEFAULTSTYLE
  5
85C
102
{ACAD_REACTORS
330
858
102
}
330
858
100
AcMapDMDefaultStyle
 70
     1
 90
        1
  1
Par défaut
100
AcMapDMDefaultStyle
 70
     1
280
   100
 90
        0
1001
AcMapDMDisplayStyleRegapp
1070
     2
1071
        1
1000
Par défaut
1000

  0
DICTIONARY
  5
85F
330
85B
100
AcDbDictionary
280
     1
281
     1
  3
AcMapDMSurrogateStyleSets
360
860
  0
DMSTYLEREFERENCE
  5
85E
330
85B
100
AcMapDMStyleReference
 70
     1
 70
     0
340
85C
330
858
  0
DMSURROGATESTYLESETS
  5
860
102
{ACAD_REACTORS
330
85F
102
}
330
85F
100
AcMapDMSurrogateStyleSets
 70
     1
  1
Base de la carte
 70
     1
 40
1.797693134862314E+99
 70
        1
 70
     1
 70
     1
 70
     1
330
85E
 70
     0
  0
ENDSEC
  0
SECTION
  2
ACDSDATA
 70
     2
 71
     8
  0
ACDSSCHEMA
 90
        0
  1
AcDb_Thumbnail_Schema
  2
AcDbDs::ID
280
    10
 91
        8
  2
Thumbnail_Data
280
    15
 91
        0
101
ACDSRECORD
 95
        0
 90
        1
  2
AcDbDs::TreatedAsObjectData
280
     1
291
     1
101
ACDSRECORD
 95
        0
 90
        2
  2
AcDbDs::Legacy
280
     1
291
     1
101
ACDSRECORD
  1
AcDbDs::ID
 90
        3
  2
AcDs:Indexable
280
     1
291
     1
101
ACDSRECORD
  1
AcDbDs::ID
 90
        4
  2
AcDbDs::HandleAttribute
280
     7
282
     1
  0
ACDSSCHEMA
 90
        1
  1
AcDbDs::TreatedAsObjectDataSchema
  2
AcDbDs::TreatedAsObjectData
280
     1
 91
        0
  0
ACDSSCHEMA
 90
        2
  1
AcDbDs::LegacySchema
  2
AcDbDs::Legacy
280
     1
 91
        0
  0
ACDSSCHEMA
 90
        3
  1
AcDbDs::IndexedPropertySchema
  2
AcDs:Indexable
280
     1
 91
        0
  0
ACDSSCHEMA
 90
        4
  1
AcDbDs::HandleAttributeSchema
  2
AcDbDs::HandleAttribute
280
     7
 91
        1
284
     1
  0
ACDSRECORD
 90
        0
  2
AcDbDs::ID
280
    10
320
39
  2
Thumbnail_Data
280
    15
 94
     2338
310
89504E470D0A1A0A0000000D49484452000001000000007208030000008B31FF2A00000300504C5445000000000000C8C8C80000000000000000000000000000000000000000000000000000330000660000990000CC0000FF0033000033330033660033990033CC0033FF0066000066330066660066990066CC0066FF0099
310
000099330099660099990099CC0099FF00CC0000CC3300CC6600CC9900CCCC00CCFF00FF0000FF3300FF6600FF9900FFCC00FFFF3300003300333300663300993300CC3300FF3333003333333333663333993333CC3333FF3366003366333366663366993366CC3366FF3399003399333399663399993399CC3399FF33CC00
310
33CC3333CC6633CC9933CCCC33CCFF33FF0033FF3333FF6633FF9933FFCC33FFFF6600006600336600666600996600CC6600FF6633006633336633666633996633CC6633FF6666006666336666666666996666CC6666FF6699006699336699666699996699CC6699FF66CC0066CC3366CC6666CC9966CCCC66CCFF66FF0066
310
FF3366FF6666FF9966FFCC66FFFF9900009900339900669900999900CC9900FF9933009933339933669933999933CC9933FF9966009966339966669966999966CC9966FF9999009999339999669999999999CC9999FF99CC0099CC3399CC6699CC9999CCCC99CCFF99FF0099FF3399FF6699FF9999FFCC99FFFFCC0000CC00
310
33CC0066CC0099CC00CCCC00FFCC3300CC3333CC3366CC3399CC33CCCC33FFCC6600CC6633CC6666CC6699CC66CCCC66FFCC9900CC9933CC9966CC9999CC99CCCC99FFCCCC00CCCC33CCCC66CCCC99CCCCCCCCCCFFCCFF00CCFF33CCFF66CCFF99CCFFCCCCFFFFFF0000FF0033FF0066FF0099FF00CCFF00FFFF3300FF3333
310
FF3366FF3399FF33CCFF33FFFF6600FF6633FF6666FF6699FF66CCFF66FFFF9900FF9933FF9966FF9999FF99CCFF99FFFFCC00FFCC33FFCC66FFCC99FFCCCCFFCCFFFFFF00FFFF33FFFF66FFFF99FFFFCCFFFFFF0000000D0D0D1A1A1A2828283535354343435050505D5D5D6B6B6B787878868686939393A1A1A1AEAEAEBB
310
BBBBC9C9C9D6D6D6E4E4E4F1F1F1FFFFFF00000000000000000000000000000000000000000000000000000000000008F1915C000005DD4944415478DAED9D5BD6A3200C80D981DBC88B5B62A92CAAE7E47D40412E721735F80F73CE545B6CC9D7049290FA33F6BFD535FCEB03FBE30050B5916F46726005D048B23DA89A44
310
013C686C586388B95161BD51E3F531DD0B20F864AC1AD57701344856D96B2E0075C338F78A193262CCA652764F0540A702588984107E2FF20098338E5E0570DA01001D00B035FD48CC04BC2FE23A00293FB2453723B9913925FCDB26D0F8D9B9FE28140125FC21396AD90BABFF8B00D840020A008768FB12803C1CCEC46102
310
B6375D0023231AA9FE1280D202D93C5CD21AF2FEEF37006C6D933C04908A404800181B891F92B745F9D30028AA4B1AC0726E441CA10600E5D8F5E3002C83EC14309709E4006022CC4932D00A806700CB9253819701E0F5B73900C8E64DEF330018B80CECEB9FEBE1CC600243019895455B097D00EC0600D155936A3EE05600
310
332444D8D0943C2F2E83889904DA6B00703000FBFF0C73C040007C5200EC1600664524BF333414000B0054E6551E0610CCC06CA80A702D7B5EFE774D204847DD00201216655787774D00C78DC09A40E1FB270620AB04E0A7F78700C0C0597C777BDC8C21DE9299EDFD29FF69AE1F8087AF607C138E447D40FEF3E1D8EEABD0
310
0CAE660188EB4C6E17F2710089605C6FED1D0FCC7BF05FDBE40BBBEC00E4293F5F80941C211F40265E696942EA3E57562041C813B1ED13444D60A1E0095A021813DF337B7045716D5BB8272094FC6A1A90FF81483B7B614AF4F549F0FCAC109EE50B881FFB2F08D05E9072060488CCA75204E03DEFCBAF648B1E9F01584F90
310
41362C26E407582F20330C3BA527016C323B009C6B8AF2BD9B117202E20C81E821835827B3396A0894C57B371C763302E9D23867598714000E1E00FD327668E5E3000A63D99785B3D4100200330B1E04AA647BDF048A1396EC1453811300F08361B99452CF0845D2A291E1782B8415DB5DEC5465C446C401E061239C138C65
310
89BC65D003C0E2CBE50EC0CB8454CBF57E5A3C179D08CFA9094EBCB08907A6856C02000CE35941AF1BB08A13F0B3608817CCF2610D88EF8DA408246900EF517F0A1A80C999BF5505B897649903406E6F647F5A462ED60F5275A06E5063092C1C7A05220B60B78310001E2EEE5E126CBE730E5D5F3F6D00F295DFEFB7FC7EF0
310
336D81FD18F5B93EFD21979DE4931D193ECA005834511A3DE5FA68C4989E06908F5830131B1EE79BE4D0B7C9421D40D50071DF0BC00901EC453DB557A503A7CD311E5772F624809A1A018C64CBC2CC99185973470D80E9229C24807BBC0706C8BE0BC04A67C4565FB9DD02E2D20F40F66900B61738E600260FA47E18322700
310
D65ED218C973705697FD981B40A623679802B014AE9D0A4072B412404205CC2FA8F01B0052E3E598F871E4B1179824F0748DD0591FED2CB82CBDEE244796D4000D80C81C10B9698503A0E16DDCD305F958ADBCD70422352B186ED9D6A1B44C394E04203448EC8DE2BC02A1C90084AE50BF456DD73B1B62AD04DF5F052E17CD
310
6F1AD401809D2B572705E0D7002D3398C0254F209F52890140FC34006F4E59D8725E51EC92F1510018F37C82A453B22E74760015D358588B470E00C3425940A601ACF97BA4B0F3CFC7280238D7B0578DCBDC2E051A6E1313FEAA920A004CC54D79F9B534590079B3217137394C94505601F0ABA85815488700550095F2AFFB
310
E5AD0088CD019DEB00984C7046039074A568C91B2EB8B5BA1070CD69C02400580F00AD00EB5610373D80F3408B391200BD9E21CBDC2A6E1A00CD93805280F500D02FDE3B49D118006C05B02AE157670E5CE605D0BE0E280F60353E9401100B046701D0AA02DA075AED14108F84674888F4F8427A0940ED0540BF747400B036
310
00B83900ECEA1C480740930A1805584B0A300F80361B50F2AFBBD65C0A04480168CA50E30660DDAEB964017400B4DF607245F5AFBF34821E80D6779308AEDF80820E80F33DC1F3D2D70C1EBF0DA09CEBA007207F8BDFE10A80B47F391AEA29E2F316F03480F30D41FA015497D812D3008CDD4EC911EB0E00192783C21CF057
310
FECACC9FFF3B4378FB744A6060A37CFD01EBDB2B0323009AF0C0FE3C80AFB67F01DD6E25EE2F701D0000000049454E44AE426082
  0
ENDSEC
  0
EOF
