H;V;PM
4.264;1.079;52.582
4.171;0.576;52.523
4.257;1.129;52.595
4.064;0.239;52.444
4.234;1.037;52.597
4.170;0.600;52.546
4.076;0.383;52.471
4.186;0.676;52.575
4.083;0.441;52.496
4.197;0.738;52.602
4.241;1.238;52.641
3.987;0.037;52.438
4.201;0.845;52.618
4.204;1.177;52.625
4.104;0.562;52.554
3.987;0.097;52.460
3.994;0.237;52.468
4.219;1.317;52.666
4.118;0.633;52.591
3.992;0.386;52.497
4.014;0.457;52.519
4.129;0.701;52.629
3.916;-0.020;52.448
4.210;1.475;52.706
4.137;1.076;52.650
4.140;0.877;52.658
3.926;0.057;52.478
4.138;1.177;52.661
3.936;0.176;52.496
4.213;1.580;52.740
4.158;1.274;52.699
4.196;1.733;52.738
4.069;0.659;52.629
3.942;0.382;52.519
4.162;1.437;52.713
4.107;0.749;52.671
3.771;-0.068;52.383
4.174;1.735;52.745
4.178;1.533;52.750
4.152;1.867;52.734
4.178;1.664;52.758
4.179;1.592;52.759
3.961;0.481;52.577
4.077;0.733;52.680
3.877;0.007;52.511
4.088;1.095;52.704
4.078;0.975;52.699
4.087;1.964;52.715
4.089;1.201;52.724
4.095;1.335;52.732
3.876;0.136;52.542
3.854;0.236;52.530
4.103;1.833;52.758
3.657;-0.094;52.361
3.990;0.622;52.661
4.111;1.734;52.773
3.889;0.443;52.583
3.782;-0.019;52.497
4.056;1.235;52.750
3.993;0.676;52.700
4.017;2.047;52.729
4.019;0.776;52.738
4.024;1.977;52.746
3.799;0.037;52.548
4.026;0.877;52.755
3.919;0.584;52.660
4.027;1.076;52.763
4.033;1.334;52.771
3.808;0.181;52.565
3.809;0.335;52.569
3.585;-0.098;52.367
4.039;1.793;52.784
3.589;-0.094;52.378
3.697;-0.035;52.478
3.937;2.274;52.703
3.999;0.977;52.762
4.046;1.495;52.810
3.931;0.652;52.705
3.940;2.193;52.726
3.883;2.431;52.680
3.947;2.073;52.743
3.949;0.716;52.748
3.841;0.556;52.656
3.729;0.003;52.554
3.953;0.723;52.768
3.983;1.082;52.801
3.984;1.280;52.804
3.620;-0.056;52.464
3.963;0.875;52.788
3.740;0.076;52.584
3.851;2.481;52.693
3.735;0.278;52.584
3.969;1.834;52.805
3.743;0.374;52.593
3.974;1.135;52.811
3.739;0.136;52.591
3.976;1.374;52.826
3.983;1.454;52.835
3.530;-0.093;52.413
3.866;2.334;52.732
3.755;0.441;52.628
3.877;2.037;52.759
3.970;1.534;52.846
3.877;0.679;52.758
3.648;-0.016;52.541
3.931;0.934;52.813
3.768;0.517;52.667
3.889;1.974;52.793
3.893;0.755;52.797
3.843;2.072;52.754
3.903;1.877;52.820
3.911;1.374;52.826
3.902;0.832;52.820
3.664;0.040;52.593
3.791;2.535;52.723
3.673;0.328;52.611
3.912;1.734;52.845
3.677;0.175;52.618
3.909;1.293;52.844
3.904;0.974;52.838
3.911;1.153;52.848
3.911;1.120;52.854
3.914;1.097;52.861
3.683;0.382;52.641
3.661;2.802;52.623
3.807;2.388;52.763
3.918;1.533;52.870
3.919;1.433;52.870
3.911;1.326;52.863
3.455;-0.097;52.426
3.432;-0.110;52.404
3.623;2.840;52.602
3.856;1.670;52.827
3.696;2.732;52.675
3.697;0.475;52.676
3.810;1.555;52.797
3.815;0.711;52.801
3.710;2.676;52.708
3.894;1.474;52.887
3.835;1.986;52.833
3.709;0.551;52.712
3.726;2.584;52.735
3.837;1.546;52.842
3.816;2.020;52.825
3.835;0.780;52.847
3.532;2.955;52.553
3.606;2.831;52.632
3.486;-0.060;52.514
3.835;1.768;52.860
3.841;0.886;52.866
3.609;0.235;52.639
3.845;1.853;52.874
3.726;0.617;52.756
3.740;2.512;52.775
3.849;1.233;52.883
3.610;0.175;52.645
3.472;3.012;52.517
3.614;0.377;52.658
3.855;1.337;52.899
3.850;1.034;52.894
3.616;2.765;52.672
3.523;-0.009;52.579
3.741;2.430;52.799
3.624;0.437;52.684
3.743;0.677;52.809
3.442;3.029;52.516
3.515;2.933;52.593
3.638;2.704;52.722
3.764;1.634;52.863
3.765;1.875;52.866
3.766;1.734;52.867
3.534;2.870;52.638
3.651;2.629;52.762
3.653;0.579;52.762
3.533;0.041;52.641
3.771;0.815;52.884
3.809;1.471;52.927
3.735;2.179;52.855
3.664;2.550;52.788
3.781;0.834;52.905
3.422;3.032;52.545
3.544;2.798;52.675
3.784;1.232;52.918
3.547;0.235;52.675
3.790;1.133;52.926
3.665;0.651;52.797
3.551;0.398;52.690
3.669;2.473;52.817
3.312;-0.116;52.451
3.685;0.719;52.844
3.689;2.295;52.854
3.400;-0.046;52.561
3.367;3.170;52.534
3.688;2.264;52.865
3.732;0.840;52.912
3.331;-0.094;52.498
3.717;1.931;52.903
3.750;1.133;52.944
3.580;2.669;52.773
3.710;2.031;52.907
3.709;1.773;52.906
3.706;1.633;52.912
3.707;1.429;52.913
3.473;0.074;52.675
3.594;0.615;52.804
3.714;1.556;52.931
3.711;1.355;52.930
3.360;3.077;52.571
3.476;2.842;52.693
3.721;1.271;52.949
3.481;0.177;52.702
3.484;0.333;52.711
3.484;0.254;52.713
3.713;0.940;52.956
3.319;-0.078;52.543
3.330;3.272;52.560
3.494;2.776;52.738
3.669;2.173;52.933
3.623;2.372;52.886
3.379;2.990;52.637
3.652;2.194;52.926
3.500;0.513;52.763
3.263;-0.102;52.519
3.587;2.473;52.870
3.642;0.820;52.930
3.644;1.594;52.943
3.519;0.576;52.809
3.526;2.640;52.824
3.647;1.374;52.953
3.648;0.865;52.953
3.331;-0.039;52.613
3.647;1.531;52.955
3.643;1.798;52.962
3.655;1.275;52.975
3.531;0.652;52.844
3.657;1.077;52.981
3.305;3.254;52.606
3.640;2.078;52.966
3.410;0.115;52.719
3.419;2.869;52.739
3.420;0.335;52.740
3.419;0.195;52.740
3.638;1.989;52.979
3.529;2.578;52.866
3.547;0.720;52.884
3.547;2.491;52.890
3.427;0.442;52.763
3.434;2.776;52.781
3.602;2.230;52.962
3.263;3.426;52.597
3.293;3.176;52.644
3.567;0.776;52.941
3.328;2.984;52.683
3.581;1.635;52.968
3.456;2.678;52.834
3.579;1.552;52.971
3.201;-0.096;52.554
3.581;1.732;52.977
3.584;1.372;52.983
3.578;1.473;52.979
3.460;0.618;52.847
3.587;2.173;53.000
3.592;1.932;53.005
3.591;1.872;53.003
3.589;1.072;53.001
3.239;3.435;52.618
3.590;2.072;53.005
3.592;1.272;53.007
3.471;2.615;52.883
3.222;-0.065;52.609
3.353;0.174;52.760
3.354;0.333;52.766
3.279;-0.011;52.685
3.351;0.235;52.767
3.357;0.435;52.776
3.204;3.520;52.610
3.237;3.362;52.651
3.491;2.455;52.935
3.492;0.753;52.935
3.374;2.797;52.816
3.370;0.533;52.814
3.422;2.667;52.876
3.500;2.374;52.963
3.497;0.825;52.965
3.508;1.632;52.987
3.513;0.971;52.993
3.508;1.466;52.989
3.514;0.998;53.001
3.513;1.484;53.002
3.517;1.030;53.007
3.216;3.356;52.672
3.384;2.728;52.861
3.517;1.732;53.012
3.543;2.132;53.045
3.258;0.053;52.720
3.264;3.084;52.732
3.525;1.272;53.029
3.519;1.132;53.022
3.277;2.987;52.752
3.397;0.657;52.886
3.525;2.033;53.039
3.469;0.849;52.979
3.506;2.230;53.029
3.278;0.118;52.767
3.212;3.294;52.696
3.495;2.252;53.026
3.410;0.730;52.926
3.289;0.291;52.788
3.286;0.179;52.786
3.414;2.572;52.942
3.323;2.864;52.844
3.297;0.474;52.812
3.294;2.928;52.815
3.430;0.793;52.970
3.164;3.490;52.668
3.199;3.274;52.708
3.170;-0.048;52.676
3.419;2.472;52.981
3.445;1.673;53.015
3.448;2.367;53.025
3.442;1.018;53.017
3.126;3.568;52.655
3.251;2.979;52.804
3.455;1.741;53.040
3.188;0.014;52.729
3.448;1.132;53.034
3.430;0.973;53.013
3.357;0.699;52.930
3.454;1.269;53.045
3.194;0.042;52.742
3.459;1.831;53.055
3.459;1.931;53.056
3.334;2.710;52.922
3.474;2.097;53.092
3.474;2.130;53.095
3.217;0.157;52.800
3.349;2.636;52.960
3.216;0.274;52.812
3.092;3.580;52.670
3.357;2.572;52.983
3.361;0.845;52.993
3.365;2.473;53.008
3.234;0.521;52.851
3.103;3.526;52.700
3.365;0.931;53.009
3.052;-0.099;52.641
3.028;3.725;52.617
3.057;3.644;52.653
3.376;1.632;53.034
3.246;2.933;52.884
3.377;1.130;53.042
3.250;0.591;52.890
3.121;3.436;52.740
3.114;-0.021;52.729
3.381;1.529;53.051
3.359;1.031;53.027
3.171;3.166;52.808
3.261;2.833;52.916
3.384;1.232;53.062
2.988;-0.142;52.591
3.388;1.378;53.074
3.259;0.669;52.919
3.125;3.335;52.764
3.390;1.773;53.081
3.153;3.196;52.799
3.398;1.930;53.094
3.393;1.831;53.088
3.372;1.481;53.067
3.415;2.038;53.121
3.270;2.761;52.949
3.279;0.734;52.963
3.407;2.171;53.124
3.279;2.693;52.972
2.982;3.775;52.616
3.150;0.375;52.826
3.146;0.234;52.821
3.217;2.856;52.914
3.288;2.595;53.001
3.013;-0.096;52.666
3.291;2.586;53.008
3.153;0.435;52.843
3.174;3.041;52.872
3.297;0.892;53.021
3.021;3.628;52.692
3.032;3.584;52.708
3.299;0.975;53.033
3.054;-0.046;52.732
3.306;2.471;53.049
3.175;0.559;52.888
3.138;3.100;52.853
3.312;1.672;53.065
3.313;1.176;53.066
3.313;1.571;53.069
3.183;2.972;52.920
2.906;-0.166;52.577
3.051;3.478;52.761
3.322;1.733;53.094
3.322;1.331;53.095
3.191;0.626;52.936
3.307;1.233;53.084
3.251;0.873;53.015
3.221;0.772;52.978
3.334;1.831;53.124
3.311;2.376;53.100
3.338;1.973;53.133
2.926;3.815;52.628
3.342;2.230;53.146
3.340;1.999;53.143
3.066;0.093;52.802
3.060;3.413;52.800
3.339;2.029;53.149
3.211;2.729;52.996
2.941;3.741;52.665
3.218;2.640;53.015
3.191;2.827;52.990
2.949;-0.094;52.684
3.226;0.929;53.038
3.282;1.770;53.111
3.063;0.278;52.837
3.234;1.030;53.054
3.229;2.568;53.051
3.174;2.873;52.987
3.244;1.212;53.079
3.094;0.529;52.891
3.242;2.489;53.084
3.250;1.674;53.103
3.109;0.602;52.923
3.061;3.275;52.870
3.252;1.510;53.110
3.251;1.372;53.109
2.977;-0.007;52.762
3.035;3.360;52.840
3.125;0.672;52.962
3.266;2.330;53.146
3.273;1.931;53.164
3.278;2.174;53.173
2.967;3.574;52.778
3.100;3.112;52.952
3.280;2.070;53.185
3.140;0.832;53.009
3.000;0.138;52.829
2.976;0.058;52.797
2.855;-0.147;52.642
3.006;0.235;52.838
3.203;1.271;53.095
3.008;3.375;52.848
2.870;3.782;52.677
3.013;0.376;52.859
3.208;1.371;53.114
3.154;0.909;53.046
3.015;0.431;52.872
3.156;0.939;53.060
3.018;3.333;52.885
2.884;3.715;52.717
3.083;3.054;52.974
3.026;0.493;52.898
2.883;-0.098;52.716
3.037;3.232;52.922
3.176;2.539;53.103
3.152;2.624;53.079
2.931;3.553;52.795
3.184;2.476;53.127
3.183;1.470;53.127
3.028;0.565;52.926
3.190;1.730;53.141
3.190;1.635;53.140
3.188;1.575;53.138
2.798;3.903;52.636
3.050;0.636;52.964
2.964;0.362;52.854
2.912;0.038;52.789
3.206;2.295;53.179
2.889;-0.027;52.761
3.205;1.910;53.180
3.195;1.828;53.167
2.951;0.276;52.849
3.209;1.934;53.196
3.207;1.875;53.192
3.205;2.289;53.195
2.912;0.132;52.806
2.773;-0.167;52.623
2.777;3.932;52.633
2.995;3.299;52.923
3.066;3.055;53.017
3.082;0.873;53.046
3.077;2.871;53.050
2.947;3.438;52.883
3.086;2.775;53.067
3.091;0.971;53.071
3.027;0.747;52.994
2.952;0.457;52.896
2.921;3.525;52.859
2.803;-0.124;52.701
3.100;1.230;53.108
3.108;2.584;53.124
3.083;1.131;53.091
3.120;2.510;53.148
3.110;1.430;53.134
2.825;-0.062;52.749
3.143;2.434;53.184
3.119;1.572;53.151
3.117;1.479;53.148
3.027;0.831;53.026
2.970;0.631;52.959
2.831;3.688;52.778
2.977;0.653;52.972
2.833;0.134;52.785
3.133;1.887;53.194
2.842;0.100;52.799
3.136;2.332;53.204
2.845;0.193;52.816
2.970;3.284;52.993
2.815;0.073;52.782
3.142;2.072;53.232
2.847;3.627;52.834
2.720;3.945;52.665
2.771;3.777;52.734
2.866;3.560;52.872
3.014;2.930;53.075
3.015;2.884;53.078
2.861;0.333;52.866
3.023;2.794;53.096
3.030;1.173;53.107
2.726;-0.153;52.688
2.874;0.428;52.898
2.979;3.133;53.052
2.684;4.028;52.655
2.742;3.795;52.740
3.046;1.483;53.159
2.754;0.010;52.755
2.716;3.876;52.710
3.026;1.375;53.149
3.064;2.480;53.207
2.902;0.686;52.979
3.044;1.562;53.181
2.977;1.051;53.088
2.931;3.289;53.027
2.724;-0.067;52.736
2.911;0.787;53.000
2.756;3.730;52.790
3.080;2.171;53.244
3.077;2.030;53.242
3.074;1.989;53.238
3.074;2.369;53.241
3.050;1.931;53.217
2.781;0.240;52.840
2.754;0.174;52.804
2.937;0.996;53.065
2.716;-0.025;52.753
2.939;3.170;53.071
2.837;0.488;52.926
2.948;1.170;53.108
2.982;2.686;53.159
2.960;1.250;53.129
2.877;0.872;53.021
2.770;0.331;52.868
2.655;-0.127;52.704
2.632;-0.196;52.670
2.966;2.730;53.153
2.659;-0.117;52.713
2.972;1.478;53.169
2.792;3.573;52.918
2.982;1.784;53.193
2.870;0.932;53.033
2.964;1.571;53.177
2.828;0.672;52.981
2.644;4.002;52.725
2.612;4.112;52.682
2.997;1.970;53.237
3.002;2.445;53.248
2.693;3.774;52.806
3.008;2.148;53.261
3.001;2.052;53.252
2.820;0.733;52.990
2.620;-0.198;52.699
3.010;2.369;53.266
2.885;1.077;53.085
3.011;2.276;53.274
2.726;0.298;52.859
2.856;3.331;53.057
2.951;1.769;53.194
2.858;3.279;53.066
2.670;3.872;52.794
2.919;1.672;53.161
2.707;3.711;52.856
2.872;3.179;53.095
2.811;0.893;53.007
2.873;1.133;53.102
2.719;0.375;52.878
2.884;3.083;53.122
2.912;1.388;53.163
2.892;2.929;53.142
2.785;0.769;52.990
2.730;0.432;52.912
2.893;2.907;53.156
2.892;1.287;53.152
2.901;2.779;53.177
2.905;1.534;53.182
2.743;0.526;52.948
2.912;2.650;53.214
2.753;0.665;52.978
2.886;2.830;53.183
2.758;3.518;52.999
2.792;1.050;53.057
2.607;0.075;52.781
2.935;2.430;53.276
2.611;0.132;52.794
2.643;3.893;52.847
2.941;2.370;53.291
2.940;2.169;53.289
2.916;2.030;53.259
2.890;1.871;53.218
2.724;0.631;52.970
2.717;0.579;52.962
2.820;1.176;53.119
2.758;0.973;53.028
2.795;1.113;53.091
2.626;0.333;52.847
2.715;3.576;52.991
2.652;3.736;52.898
2.583;0.134;52.794
2.815;3.131;53.150
2.663;3.680;52.924
2.811;3.229;53.147
2.826;1.589;53.168
2.821;3.078;53.164
2.830;2.972;53.180
2.822;1.431;53.168
2.835;2.869;53.201
2.837;2.771;53.206
2.901;2.369;53.303
2.809;1.373;53.162
2.799;1.635;53.151
2.598;3.956;52.849
2.840;1.924;53.215
2.677;3.629;52.971
2.846;2.692;53.234
2.855;1.996;53.246
2.499;-0.208;52.701
2.520;4.195;52.748
2.633;0.508;52.918
2.518;-0.027;52.747
2.861;2.569;53.277
2.696;0.932;53.025
2.525;0.003;52.763
2.669;0.772;52.988
2.863;2.469;53.290
2.705;1.012;53.054
2.715;3.469;53.076
2.711;1.040;53.069
2.540;4.049;52.816
2.732;3.348;53.126
2.732;1.172;53.126
2.744;3.269;53.157
2.742;1.732;53.153
2.740;1.271;53.148
2.743;1.667;53.156
2.572;3.940;52.896
2.589;0.539;52.925
2.757;3.069;53.192
2.591;3.779;52.940
2.655;0.965;53.040
2.761;2.931;53.214
2.733;1.589;53.170
2.522;0.434;52.836
2.776;2.732;53.248
2.594;0.732;52.960
2.543;0.500;52.881
2.782;2.050;53.268
2.668;1.069;53.087
2.795;2.571;53.299
2.804;2.228;53.316
2.790;2.128;53.294
2.473;0.154;52.792
2.802;2.389;53.324
2.701;1.471;53.170
2.568;3.650;52.970
2.641;3.551;53.086
2.468;0.373;52.809
2.464;4.172;52.809
2.540;3.672;52.933
2.646;3.476;53.102
2.693;1.791;53.176
2.651;1.132;53.108
2.615;3.608;53.057
2.479;4.075;52.844
2.550;3.830;52.957
2.657;3.378;53.130
2.778;2.328;53.326
2.412;4.295;52.742
2.771;2.476;53.317
2.774;2.229;53.322
2.673;1.371;53.163
2.495;4.033;52.887
2.712;1.929;53.235
2.560;0.810;52.990
2.758;2.550;53.315
2.751;2.168;53.304
2.529;3.888;52.950
2.644;1.271;53.135
2.498;0.569;52.901
2.683;3.231;53.206
2.691;3.150;53.220
2.514;0.635;52.933
2.696;2.972;53.231
2.700;2.869;53.243
2.567;3.657;53.031
2.692;3.072;53.234
2.676;1.856;53.210
2.638;1.332;53.148
2.708;2.031;53.269
2.513;0.730;52.950
2.721;2.662;53.296
2.719;2.087;53.292
2.530;3.826;52.988
2.533;0.797;52.991
2.433;0.454;52.832
2.422;0.412;52.814
2.606;1.299;53.129
2.559;0.938;53.063
2.368;-0.045;52.752
2.571;1.085;53.091
2.377;0.073;52.769
2.686;2.068;53.288
2.379;0.228;52.777
2.384;0.373;52.798
2.586;3.415;53.139
2.659;2.005;53.261
2.352;4.350;52.755
2.591;1.430;53.157
2.600;1.730;53.175
2.597;1.571;53.169
2.600;1.850;53.191
2.424;4.073;52.899
2.582;1.630;53.165
2.560;3.471;53.138
2.629;2.891;53.253
2.591;3.344;53.198
2.629;3.070;53.261
2.634;2.771;53.270
2.440;0.688;52.942
2.603;1.930;53.223
2.529;1.252;53.098
2.647;2.684;53.303
2.331;0.173;52.768
2.451;3.931;52.978
2.342;0.337;52.790
2.333;0.268;52.777
2.454;0.770;52.985
2.649;2.249;53.320
2.472;0.832;53.029
2.644;2.584;53.326
2.632;2.169;53.305
2.474;3.778;53.040
2.495;1.171;53.078
2.490;1.062;53.075
2.488;0.977;53.074
2.482;0.989;53.066
2.544;3.391;53.178
2.308;0.180;52.772
2.295;0.171;52.754
2.302;0.070;52.767
2.302;-0.016;52.767
2.289;4.430;52.753
2.324;0.459;52.825
2.523;1.630;53.172
2.520;1.532;53.167
2.459;0.931;53.062
2.325;4.275;52.834
2.538;1.894;53.210
2.371;0.673;52.920
2.275;0.072;52.752
2.272;0.029;52.747
2.272;-0.067;52.748
2.456;1.031;53.069
2.552;1.971;53.238
2.543;3.374;53.227
2.555;3.131;53.247
2.454;1.171;53.074
2.513;1.770;53.182
2.353;4.113;52.911
2.554;3.224;53.261
2.553;2.872;53.258
2.561;2.772;53.283
2.568;2.130;53.298
2.366;4.035;52.949
2.575;2.680;53.316
2.578;2.388;53.321
2.371;0.752;52.965
2.408;0.865;53.034
2.563;2.427;53.317
2.530;2.967;53.271
2.292;0.537;52.851
2.492;1.872;53.209
2.448;3.695;53.136
2.409;3.831;53.071
2.421;3.772;53.098
2.373;0.833;53.011
2.421;1.250;53.099
2.543;2.667;53.320
2.466;1.630;53.188
2.309;0.674;52.908
2.440;1.371;53.145
2.441;1.429;53.153
2.445;1.493;53.167
2.367;0.852;53.026
2.242;0.444;52.805
2.223;0.367;52.774
2.455;1.771;53.192
2.451;1.590;53.185
2.271;0.588;52.862
2.469;1.950;53.232
2.467;3.570;53.232
2.477;3.369;53.249
2.252;4.295;52.848
2.474;3.434;53.248
2.483;2.884;53.263
2.485;3.187;53.279
2.497;2.118;53.299
2.494;3.134;53.298
2.493;3.079;53.299
2.505;2.575;53.325
2.508;2.427;53.330
2.233;0.534;52.832
2.279;4.169;52.921
2.510;2.268;53.337
2.470;3.230;53.272
2.509;2.328;53.342
2.397;1.350;53.149
2.291;4.077;52.960
2.228;0.575;52.845
2.404;1.471;53.178
2.284;0.776;52.961
2.457;2.079;53.281
2.318;3.937;53.037
2.340;3.871;53.078
2.459;2.130;53.297
2.350;1.229;53.112
2.359;1.291;53.133
2.268;0.799;52.974
2.136;-0.224;52.730
2.381;1.629;53.195
2.142;0.137;52.750
2.385;1.827;53.204
2.380;1.570;53.195
2.152;0.235;52.770
2.378;1.731;53.196
2.151;0.335;52.774
2.162;4.399;52.803
2.409;3.570;53.268
2.125;0.034;52.738
2.182;4.327;52.850
2.413;3.331;53.285
2.371;3.670;53.209
2.414;3.269;53.292
2.419;3.166;53.301
2.419;2.771;53.303
2.439;2.329;53.348
2.428;2.674;53.330
2.433;2.528;53.343
2.378;2.029;53.239
2.208;4.183;52.922
2.305;1.151;53.105
2.141;0.474;52.796
2.398;3.489;53.289
2.372;2.051;53.244
2.229;4.035;52.994
2.342;1.968;53.222
2.250;0.929;53.047
2.361;2.132;53.268
2.373;2.969;53.294
2.264;1.035;53.083
2.332;1.976;53.223
2.393;2.429;53.344
2.126;0.572;52.830
2.284;1.256;53.135
2.284;3.847;53.141
2.296;1.332;53.167
2.300;3.775;53.183
2.205;0.843;53.002
2.311;1.881;53.212
2.308;1.770;53.205
2.329;3.651;53.250
2.158;0.707;52.916
2.064;0.092;52.740
2.380;2.582;53.357
2.071;0.134;52.756
2.346;2.232;53.298
2.079;0.236;52.777
2.088;4.431;52.805
2.347;2.870;53.309
2.353;3.071;53.323
2.287;1.629;53.194
2.351;3.327;53.322
2.357;3.128;53.334
2.354;2.768;53.329
2.361;2.667;53.347
2.343;2.329;53.313
2.099;4.356;52.841
2.053;4.513;52.752
2.120;4.289;52.884
2.213;0.935;53.063
2.204;0.907;53.049
2.111;0.628;52.868
2.330;3.570;53.303
2.281;1.770;53.209
2.072;0.474;52.801
2.130;4.216;52.922
2.144;4.141;52.957
2.255;1.549;53.182
2.156;4.070;52.994
2.160;0.828;52.999
2.246;1.431;53.188
2.016;-0.300;52.729
2.027;4.514;52.759
2.192;3.936;53.089
2.238;1.371;53.178
2.020;0.074;52.743
2.203;1.135;53.120
2.245;1.970;53.228
2.000;-0.122;52.734
2.245;3.768;53.236
2.251;2.043;53.247
2.255;2.128;53.263
2.086;0.671;52.921
2.273;2.295;53.309
2.196;1.310;53.153
2.289;3.227;53.346
2.172;1.071;53.108
2.287;3.328;53.345
2.286;2.868;53.343
2.270;3.626;53.313
2.279;3.483;53.332
1.987;-0.064;52.737
2.288;3.170;53.353
2.288;3.074;53.356
2.281;2.969;53.341
2.298;2.571;53.378
2.007;0.173;52.785
2.018;4.429;52.813
2.247;2.229;53.282
2.018;0.334;52.816
2.210;1.869;53.222
2.042;4.316;52.885
2.163;1.270;53.132
2.111;4.043;53.031
2.012;4.390;52.839
2.073;0.726;52.962
2.071;4.174;52.963
2.086;0.794;53.001
1.954;-0.307;52.731
2.219;2.250;53.286
2.139;1.305;53.130
2.117;3.974;53.090
2.094;0.870;53.040
2.105;0.944;53.069
2.145;1.629;53.172
2.155;1.729;53.197
2.164;1.829;53.222
2.108;1.131;53.105
2.181;2.091;53.265
2.185;2.168;53.276
2.138;1.374;53.179
1.995;4.338;52.883
2.199;2.360;53.311
2.227;3.148;53.386
2.222;2.928;53.376
2.220;2.889;53.372
2.227;2.749;53.386
2.214;2.423;53.362
2.222;3.090;53.383
2.228;2.724;53.395
2.229;2.587;53.399
2.154;2.029;53.242
2.197;3.663;53.336
2.225;3.128;53.399
2.101;1.287;53.134
1.918;-0.167;52.743
1.929;0.079;52.770
1.918;-0.064;52.748
1.915;-0.225;52.743
1.932;4.479;52.788
1.939;0.174;52.804
2.144;2.035;53.246
1.942;0.251;52.819
1.948;4.415;52.837
1.953;0.377;52.855
1.966;0.453;52.887
1.978;0.532;52.915
2.001;4.214;52.972
2.196;2.489;53.389
1.989;0.613;52.940
1.993;0.639;52.955
2.082;1.349;53.161
2.024;0.833;53.038
2.112;1.973;53.233
2.029;4.080;53.057
2.108;1.832;53.230
2.068;3.956;53.155
2.052;1.130;53.116
2.052;1.078;53.116
2.078;1.631;53.188
2.074;1.571;53.180
2.080;1.474;53.193
2.092;1.791;53.223
2.083;1.729;53.204
1.853;-0.326;52.701
2.107;3.831;53.264
2.112;2.189;53.278
2.125;2.327;53.318
2.131;3.691;53.337
2.141;3.629;53.361
2.138;2.394;53.354
2.139;3.568;53.364
2.149;3.427;53.386
2.109;2.236;53.296
2.155;2.831;53.402
2.158;2.570;53.408
2.157;2.747;53.412
2.158;2.649;53.415
1.902;4.389;52.876
1.847;-0.066;52.759
1.845;-0.126;52.756
1.855;0.036;52.784
1.877;0.273;52.845
1.870;4.445;52.839
1.885;0.335;52.868
1.914;4.329;52.943
2.089;2.349;53.336
1.909;0.488;52.933
1.930;4.258;52.985
1.829;4.533;52.761
1.922;0.579;52.966
1.928;0.646;52.986
1.939;0.724;53.015
1.940;4.190;53.025
1.980;1.036;53.127
1.995;3.992;53.166
1.987;1.285;53.147
1.994;1.329;53.166
1.817;-0.145;52.762
1.830;4.495;52.800
2.008;1.491;53.203
2.009;3.927;53.211
2.019;1.971;53.234
2.017;1.879;53.228
2.010;1.630;53.211
2.021;2.049;53.242
2.031;3.865;53.268
2.034;2.227;53.282
1.762;-0.338;52.657
2.078;3.530;53.395
2.092;3.189;53.432
2.098;3.157;53.444
2.088;2.827;53.421
2.090;2.988;53.430
2.001;1.772;53.224
2.096;3.068;53.448
2.087;2.767;53.427
2.079;2.528;53.407
2.049;3.728;53.342
1.924;4.189;53.064
1.858;4.375;52.930
1.781;4.533;52.776
1.781;-0.013;52.787
1.985;2.169;53.273
1.767;-0.206;52.757
1.791;0.076;52.816
1.929;1.192;53.146
1.813;0.275;52.874
1.824;0.372;52.910
1.837;0.444;52.944
1.851;0.510;52.979
1.861;0.633;53.010
1.857;4.309;53.010
1.873;0.771;53.045
2.024;3.612;53.410
2.022;3.569;53.410
1.943;1.770;53.220
1.922;1.272;53.171
1.891;0.930;53.097
1.806;4.434;52.901
1.941;1.628;53.227
1.990;2.376;53.350
1.969;3.850;53.307
1.869;4.238;53.073
1.990;3.770;53.363
2.003;2.484;53.399
1.998;3.689;53.391
2.008;3.469;53.415
2.022;3.270;53.447
2.023;2.767;53.449
2.024;2.671;53.456
2.014;2.570;53.431
2.027;3.029;53.466
2.022;2.970;53.461
2.006;3.368;53.435
1.899;1.339;53.198
1.919;2.099;53.251
1.805;0.469;52.974
1.665;-0.353;52.638
1.869;1.070;53.142
1.756;4.531;52.876
1.961;2.435;53.380
1.894;2.068;53.230
1.945;2.412;53.360
1.724;4.627;52.825
1.762;4.477;52.923
1.960;2.568;53.417
1.705;-0.127;52.779
1.725;0.094;52.836
1.704;-0.066;52.787
1.776;4.417;52.976
1.738;0.231;52.877
1.713;0.034;52.814
1.753;0.334;52.918
1.838;4.240;53.136
1.820;0.878;53.094
1.788;0.562;53.013
1.811;4.296;53.078
1.964;2.866;53.460
1.812;0.830;53.082
1.844;4.173;53.168
1.858;4.084;53.203
1.836;1.114;53.146
1.800;0.730;53.054
1.868;1.431;53.230
1.888;2.151;53.283
1.865;1.957;53.225
1.859;1.790;53.211
1.881;3.935;53.271
1.859;1.830;53.215
1.851;1.322;53.194
1.840;1.248;53.167
1.899;3.868;53.319
1.918;3.807;53.369
1.895;2.234;53.307
1.931;3.727;53.403
1.940;3.469;53.428
1.965;3.070;53.493
1.948;2.628;53.450
1.953;3.372;53.466
1.958;3.027;53.479
1.957;2.966;53.477
1.948;3.266;53.458
1.782;4.369;53.042
1.603;-0.395;52.592
1.890;2.329;53.328
1.856;4.010;53.250
1.939;2.767;53.468
1.938;3.128;53.474
1.679;0.077;52.832
1.661;-0.032;52.796
1.817;1.350;53.211
1.864;2.349;53.338
1.785;0.971;53.131
1.914;3.229;53.474
1.679;4.592;52.883
1.621;-0.245;52.727
1.894;2.729;53.465
1.592;-0.316;52.679
1.568;-0.373;52.618
1.725;4.395;53.040
1.630;-0.099;52.785
1.701;4.468;52.982
1.791;1.870;53.218
1.691;0.373;52.952
1.675;0.268;52.909
1.656;0.149;52.859
1.734;4.338;53.074
1.798;1.453;53.240
1.778;1.292;53.186
1.740;0.773;53.085
1.728;0.631;53.053
1.679;0.292;52.923
1.712;0.527;53.016
1.701;0.450;52.986
1.798;4.069;53.249
1.813;3.981;53.290
1.845;2.470;53.374
1.825;2.237;53.319
1.798;2.050;53.248
1.793;1.985;53.236
1.788;1.769;53.221
1.759;1.070;53.145
1.784;4.129;53.217
1.858;3.765;53.411
1.809;2.127;53.282
1.797;1.530;53.247
1.764;1.177;53.160
1.866;3.587;53.436
1.871;3.525;53.449
1.884;3.167;53.487
1.886;3.025;53.498
1.883;2.927;53.496
1.606;-0.166;52.759
1.815;3.913;53.328
1.596;-0.121;52.773
1.839;2.629;53.440
1.676;0.532;53.032
1.772;2.149;53.300
1.804;2.587;53.424
1.711;4.247;53.186
1.808;3.374;53.483
1.814;3.166;53.497
1.582;4.649;52.856
1.669;4.369;53.099
1.685;4.327;53.144
1.711;4.173;53.215
1.732;4.059;53.274
1.796;3.631;53.454
1.798;3.570;53.457
1.813;2.927;53.500
1.806;2.845;53.478
1.750;2.223;53.323
1.725;1.972;53.251
1.706;1.270;53.200
1.701;1.169;53.183
1.668;0.733;53.092
1.612;4.556;52.944
1.631;4.492;52.996
1.810;3.229;53.495
1.756;2.349;53.342
1.726;2.029;53.260
1.698;1.030;53.178
1.657;0.656;53.065
1.736;2.087;53.292
1.716;1.830;53.234
1.719;1.737;53.244
1.727;1.629;53.265
1.717;1.428;53.236
1.695;0.931;53.175
1.678;0.811;53.126
1.637;0.472;53.012
1.628;0.419;52.986
1.525;-0.278;52.697
1.590;4.614;52.889
1.615;0.344;52.953
1.568;0.040;52.823
1.559;-0.039;52.796
1.787;2.768;53.458
1.759;2.526;53.384
1.593;0.274;52.931
1.494;-0.337;52.657
1.467;-0.404;52.588
1.747;2.550;53.397
1.556;0.139;52.862
1.457;-0.397;52.600
1.768;3.124;53.507
1.478;-0.229;52.710
1.744;3.364;53.503
1.747;3.228;53.510
1.743;2.889;53.503
1.748;3.076;53.522
1.725;3.666;53.461
1.694;2.498;53.368
1.710;3.840;53.421
1.524;4.650;52.878
1.725;3.574;53.468
1.680;2.273;53.335
1.712;2.686;53.432
1.679;2.374;53.335
1.646;1.334;53.235
1.684;2.469;53.353
1.672;2.130;53.318
1.663;2.051;53.293
1.653;1.970;53.264
1.652;1.869;53.259
1.651;1.769;53.260
1.656;1.630;53.274
1.651;1.476;53.260
1.639;1.309;53.225
1.631;1.075;53.201
1.655;1.569;53.275
1.635;1.230;53.216
1.618;0.849;53.165
1.606;0.775;53.130
1.599;4.417;53.116
1.628;0.927;53.199
1.577;0.537;53.048
1.589;0.670;53.086
1.578;4.475;53.063
1.715;2.828;53.468
1.546;0.340;52.968
1.638;4.222;53.252
1.538;0.311;52.954
1.526;0.236;52.917
1.471;-0.143;52.758
1.479;-0.060;52.786
1.430;-0.356;52.649
1.551;0.455;53.016
1.606;0.945;53.216
1.573;4.398;53.130
1.590;4.339;53.183
1.618;4.151;53.273
1.618;4.171;53.279
1.635;2.265;53.337
1.590;1.070;53.218
1.415;-0.301;52.688
1.656;3.745;53.454
1.677;3.065;53.531
1.673;3.165;53.527
1.670;2.926;53.520
1.635;3.869;53.414
1.634;2.687;53.411
1.614;3.948;53.362
1.650;3.528;53.474
1.611;2.429;53.352
1.609;2.370;53.345
1.596;3.992;53.312
1.605;2.188;53.336
1.578;4.255;53.260
1.591;4.069;53.301
1.600;2.068;53.326
1.592;1.585;53.299
1.583;1.829;53.275
1.581;1.786;53.275
1.582;1.430;53.275
1.560;4.325;53.216
1.554;0.895;53.193
1.565;1.269;53.235
1.538;0.827;53.159
1.624;2.825;53.437
1.517;0.669;53.101
1.486;0.434;53.007
1.442;0.140;52.874
1.460;4.617;52.940
1.474;0.356;52.978
1.477;4.559;52.998
1.440;4.670;52.882
1.461;0.287;52.944
1.448;0.213;52.910
1.391;-0.066;52.753
1.380;-0.145;52.723
1.496;4.476;53.108
1.352;-0.380;52.639
1.605;3.728;53.466
1.414;0.078;52.841
1.588;2.769;53.412
1.566;2.229;53.354
1.337;-0.415;52.609
1.562;2.169;53.355
1.418;0.200;52.907
1.607;2.982;53.547
1.605;3.109;53.547
1.577;3.565;53.463
1.543;1.932;53.350
1.443;0.467;53.023
1.570;3.829;53.453
1.579;3.467;53.485
1.542;3.962;53.366
1.587;3.277;53.513
1.535;4.150;53.346
1.543;2.369;53.372
1.326;-0.361;52.646
1.543;2.484;53.378
1.539;2.027;53.363
1.529;4.073;53.337
1.523;4.230;53.322
1.523;1.629;53.318
1.523;1.569;53.319
1.584;2.921;53.529
1.583;3.168;53.530
1.518;1.472;53.309
1.508;1.374;53.281
1.499;1.170;53.254
1.493;1.030;53.240
1.534;2.668;53.388
1.474;0.870;53.187
1.460;0.772;53.140
1.450;4.472;53.114
1.461;0.744;53.147
1.443;0.637;53.096
1.428;4.536;53.054
1.408;4.595;53.003
1.557;3.335;53.524
1.387;0.255;52.939
1.338;-0.006;52.770
1.562;2.965;53.549
1.421;0.559;53.062
1.350;4.680;52.869
1.440;4.409;53.213
1.509;3.852;53.452
1.340;0.115;52.857
1.495;2.371;53.410
1.377;0.435;53.000
1.519;3.421;53.506
1.531;3.127;53.547
1.520;2.834;53.510
1.492;2.228;53.415
1.321;0.052;52.810
1.505;2.814;53.482
1.490;2.748;53.436
1.483;2.428;53.411
1.470;4.097;53.372
1.479;2.028;53.403
1.398;0.669;53.113
1.477;2.674;53.400
1.478;2.527;53.407
1.460;4.029;53.351
1.466;1.887;53.371
1.463;1.827;53.358
1.460;1.770;53.353
1.455;1.689;53.336
1.460;3.990;53.362
1.454;1.529;53.337
1.449;4.266;53.327
1.491;3.785;53.475
1.352;0.372;52.974
1.462;4.225;53.380
1.434;1.167;53.279
1.435;1.251;53.297
1.423;1.087;53.256
1.462;1.967;53.402
1.403;0.832;53.188
1.280;-0.013;52.751
1.373;4.510;53.118
1.332;0.438;52.971
1.352;0.540;53.053
1.419;1.333;53.319
1.329;4.624;53.002
1.323;0.397;52.975
1.307;4.670;52.930
1.308;0.234;52.928
1.453;3.534;53.472
1.430;2.570;53.385
1.278;0.100;52.843
1.454;3.270;53.542
1.439;3.626;53.490
1.448;3.366;53.526
1.427;2.714;53.447
1.429;3.806;53.469
1.430;1.994;53.468
1.274;0.163;52.884
1.425;2.495;53.462
1.424;2.695;53.463
1.424;2.540;53.463
1.428;2.328;53.476
1.405;1.828;53.399
1.447;3.068;53.565
1.422;2.227;53.471
1.409;3.873;53.428
1.408;1.929;53.421
1.401;1.767;53.395
1.392;1.468;53.369
1.350;0.893;53.210
1.390;4.231;53.370
1.387;1.373;53.356
1.201;-0.325;52.641
1.416;2.167;53.472
1.388;1.668;53.365
1.380;1.235;53.333
1.376;4.320;53.334
1.191;-0.431;52.623
1.371;1.206;53.318
1.390;4.168;53.408
1.242;0.097;52.830
1.383;3.949;53.383
1.203;-0.084;52.683
1.341;0.970;53.233
1.223;0.038;52.777
1.400;2.485;53.480
1.295;0.584;53.069
1.403;2.045;53.510
1.415;3.129;53.563
1.309;0.733;53.149
1.257;0.338;52.942
1.296;4.540;53.111
1.391;2.226;53.495
1.406;3.067;53.568
1.172;-0.226;52.638
1.256;0.452;52.995
1.225;4.701;52.901
1.167;-0.124;52.661
1.237;4.684;52.965
1.387;2.927;53.563
1.385;2.867;53.556
1.387;3.266;53.568
1.219;4.716;52.901
1.367;3.467;53.507
1.375;2.806;53.538
1.364;3.627;53.500
1.361;2.567;53.487
1.364;2.725;53.504
1.367;2.366;53.514
1.366;2.167;53.511
1.365;1.973;53.505
1.358;3.768;53.486
1.348;3.826;53.454
1.343;1.786;53.433
1.285;4.468;53.207
1.340;4.087;53.433
1.320;4.277;53.365
1.330;4.190;53.412
1.329;3.888;53.406
1.326;1.525;53.398
1.326;1.468;53.396
1.326;1.709;53.402
1.267;0.766;53.163
1.305;4.334;53.331
1.189;0.157;52.847
1.311;1.244;53.354
1.299;1.168;53.324
1.146;-0.027;52.707
1.286;1.089;53.295
1.270;0.932;53.236
1.257;0.871;53.210
1.118;-0.264;52.622
1.118;-0.426;52.627
1.223;0.637;53.104
1.150;0.094;52.791
1.111;-0.164;52.640
1.204;0.571;53.060
1.275;3.933;53.388
1.314;2.868;53.575
1.176;0.438;52.973
1.298;3.684;53.512
1.314;3.269;53.579
1.270;1.379;53.388
1.101;-0.123;52.651
1.310;3.164;53.570
1.304;2.063;53.543
1.173;4.688;52.980
1.304;2.227;53.547
1.295;2.686;53.521
1.302;2.428;53.549
1.296;1.927;53.522
1.295;3.429;53.526
1.284;3.778;53.487
1.288;3.667;53.502
1.292;1.888;53.517
1.287;1.826;53.494
1.300;3.326;53.565
1.204;0.697;53.142
1.265;3.844;53.438
1.272;1.729;53.466
1.186;4.575;53.097
1.262;1.566;53.425
1.260;1.657;53.435
1.257;1.468;53.422
1.148;0.376;52.935
1.260;4.150;53.451
1.269;3.566;53.488
1.242;4.308;53.377
1.074;-0.364;52.624
1.233;1.215;53.345
1.158;0.494;53.012
1.228;4.368;53.336
1.263;3.628;53.500
1.222;1.133;53.328
1.215;1.057;53.298
1.118;0.233;52.864
1.238;4.059;53.424
1.203;0.987;53.263
1.059;-0.378;52.628
1.183;4.475;53.213
1.242;3.767;53.491
1.180;0.830;53.198
1.110;0.273;52.881
1.096;0.153;52.816
1.066;-0.040;52.679
1.148;4.597;53.082
1.071;0.037;52.727
1.048;-0.423;52.627
1.243;3.370;53.549
1.154;4.546;53.147
1.240;2.928;53.566
1.218;3.575;53.475
1.238;2.427;53.568
1.238;2.368;53.570
1.226;2.564;53.520
1.235;3.121;53.569
1.228;1.946;53.537
1.226;2.627;53.535
1.229;2.066;53.551
1.220;1.865;53.509
1.117;4.641;53.029
1.224;2.728;53.541
1.059;0.074;52.752
1.104;4.712;52.989
1.198;4.015;53.445
1.202;4.103;53.469
1.225;3.026;53.578
1.208;1.789;53.496
1.201;1.670;53.475
1.207;3.447;53.521
1.177;3.947;53.391
1.179;4.185;53.436
1.168;1.267;53.379
1.173;4.268;53.410
1.174;1.329;53.412
1.071;4.761;52.919
1.126;0.874;53.215
1.146;4.390;53.324
1.200;2.326;53.589
1.198;2.246;53.584
1.137;1.038;53.285
1.193;2.164;53.571
1.189;3.266;53.562
1.001;-0.422;52.627
1.108;4.500;53.180
1.055;0.352;52.905
1.184;3.125;53.576
1.163;1.664;53.483
1.128;1.109;53.309
1.098;0.811;53.188
1.090;0.732;53.157
1.174;2.964;53.593
1.170;2.868;53.586
1.164;3.266;53.565
1.167;2.425;53.585
1.163;2.086;53.570
1.077;4.558;53.140
1.160;2.792;53.562
1.039;0.432;52.937
1.155;1.885;53.548
1.152;3.387;53.543
1.112;1.173;53.344
1.142;1.728;53.512
0.971;-0.316;52.630
1.062;0.678;53.116
0.969;-0.168;52.629
0.969;-0.266;52.628
1.128;3.570;53.475
1.095;1.104;53.305
1.116;3.984;53.442
1.113;1.392;53.427
1.068;0.797;53.187
1.108;3.908;53.416
1.022;4.735;52.975
1.128;3.365;53.552
1.127;3.226;53.547
1.096;1.233;53.378
1.056;4.511;53.187
1.106;3.828;53.456
1.124;2.784;53.558
1.109;3.729;53.491
0.962;0.079;52.720
1.085;1.329;53.403
1.065;4.409;53.305
1.102;1.761;53.529
1.079;1.372;53.415
1.005;0.572;53.010
0.985;4.778;52.914
1.042;4.459;53.237
0.963;0.195;52.814
1.100;2.230;53.602
0.967;0.259;52.851
1.086;3.420;53.546
1.092;2.066;53.581
1.040;1.087;53.281
1.090;2.543;53.574
1.088;1.971;53.570
1.088;2.469;53.590
1.082;1.829;53.550
0.944;0.134;52.762
0.924;0.016;52.664
0.966;0.447;52.915
0.998;4.563;53.112
1.076;3.139;53.566
0.998;0.721;53.127
1.053;3.573;53.483
0.980;4.628;53.066
1.020;1.157;53.320
1.038;1.464;53.433
0.956;0.548;52.973
0.971;0.673;53.072
1.028;4.127;53.425
0.898;-0.073;52.641
0.896;-0.325;52.629
0.982;4.512;53.157
0.888;-0.413;52.590
0.957;0.604;53.018
0.889;0.016;52.642
1.003;1.228;53.346
1.018;3.973;53.448
0.989;4.428;53.288
1.012;4.060;53.446
1.010;3.774;53.473
1.027;3.004;53.611
1.025;2.884;53.608
0.928;4.722;53.010
0.949;0.739;53.129
1.021;3.047;53.598
1.018;2.813;53.585
1.009;2.726;53.556
1.009;2.564;53.561
1.010;2.027;53.569
1.009;1.966;53.564
1.006;3.332;53.554
0.894;0.246;52.836
0.946;0.950;53.182
0.925;0.663;53.050
0.950;1.028;53.214
0.999;1.846;53.542
0.994;1.673;53.504
0.998;3.427;53.545
1.002;2.325;53.587
0.880;0.181;52.791
0.854;-0.124;52.624
0.983;3.569;53.488
0.943;1.062;53.234
0.995;2.227;53.587
0.986;1.770;53.525
0.977;1.570;53.475
0.983;3.270;53.524
0.957;1.264;53.350
0.991;2.229;53.590
0.925;0.875;53.163
0.965;1.426;53.439
0.986;2.138;53.587
0.962;3.723;53.441
0.949;4.307;53.362
0.921;4.471;53.193
0.952;4.169;53.407
0.851;0.133;52.722
0.951;1.348;53.406
0.900;4.587;53.089
0.900;0.709;53.096
0.969;2.432;53.577
0.832;0.042;52.657
0.826;-0.004;52.635
0.934;4.077;53.408
0.822;-0.226;52.630
0.957;2.326;53.582
0.955;2.529;53.578
0.816;-0.163;52.619
0.858;4.776;52.946
0.859;0.527;52.952
0.871;4.630;53.057
0.949;2.924;53.607
0.928;1.448;53.458
0.920;3.929;53.430
0.922;3.635;53.443
0.939;2.620;53.567
0.943;2.069;53.590
0.905;1.228;53.321
0.935;1.994;53.566
0.939;2.872;53.613
0.928;3.179;53.541
0.935;3.027;53.605
0.922;3.288;53.526
0.919;3.467;53.529
0.886;1.137;53.277
0.830;0.331;52.869
0.916;1.924;53.530
0.890;1.275;53.348
0.909;1.726;53.498
0.791;-0.105;52.618
0.897;1.393;53.436
0.789;-0.008;52.632
0.786;-0.366;52.629
0.882;4.228;53.365
0.823;0.473;52.925
0.800;0.163;52.774
0.896;3.405;53.547
0.859;4.374;53.279
0.835;0.695;53.086
0.884;3.558;53.498
0.885;1.627;53.501
0.779;4.886;52.721
0.893;3.075;53.605
0.763;-0.418;52.599
0.816;0.634;53.030
0.861;3.935;53.419
0.876;3.374;53.538
0.882;2.273;53.584
0.873;3.364;53.525
0.854;3.867;53.416
0.855;3.667;53.429
0.869;1.973;53.537
0.799;0.569;52.983
0.797;4.735;52.984
0.876;2.926;53.621
0.830;1.146;53.247
0.777;0.239;52.831
0.868;2.726;53.587
0.868;2.625;53.589
0.866;2.166;53.581
0.825;4.373;53.264
0.845;3.727;53.436
0.753;4.889;52.697
0.808;0.970;53.174
0.772;4.794;52.911
0.847;3.266;53.535
0.839;1.467;53.460
0.829;1.368;53.390
0.839;3.328;53.512
0.804;1.069;53.206
0.837;1.768;53.503
0.768;0.431;52.907
0.743;0.103;52.708
0.822;1.396;53.402
0.840;2.564;53.587
0.782;4.492;53.156
0.819;3.477;53.489
0.800;1.269;53.310
0.831;3.028;53.622
0.774;0.731;53.125
0.816;1.867;53.509
0.790;1.195;53.279
0.767;4.573;53.101
0.733;0.199;52.807
0.757;4.628;53.070
0.765;0.830;53.146
0.758;0.667;53.078
0.803;2.064;53.539
0.731;4.818;52.890
0.798;3.365;53.502
0.772;4.269;53.322
0.775;4.069;53.354
0.755;0.836;53.150
0.788;1.766;53.494
0.794;3.174;53.561
0.796;2.806;53.598
0.785;1.566;53.481
0.789;2.126;53.567
0.786;2.427;53.578
0.765;3.666;53.385
0.764;3.868;53.385
0.716;4.755;52.967
0.779;2.784;53.595
0.779;2.627;53.592
0.716;0.547;52.970
0.748;4.175;53.321
0.741;1.166;53.246
0.731;4.459;53.193
0.715;0.607;53.017
0.679;0.022;52.653
0.757;1.589;53.486
0.699;4.810;52.914
0.722;0.771;53.140
0.690;0.269;52.829
0.681;0.140;52.744
0.738;1.373;53.343
0.685;0.196;52.792
0.736;3.728;53.348
0.720;1.047;53.197
0.665;-0.050;52.619
0.703;4.639;53.053
0.753;2.662;53.587
0.662;-0.224;52.610
0.663;-0.411;52.619
0.709;4.523;53.151
0.737;1.525;53.448
0.726;1.395;53.358
0.744;2.227;53.567
0.706;0.970;53.175
0.718;4.028;53.350
0.728;3.448;53.464
0.695;0.711;53.111
0.736;3.125;53.586
0.687;4.579;53.092
0.732;2.527;53.584
0.735;2.925;53.637
0.714;1.452;53.396
0.642;-0.124;52.598
0.730;3.031;53.620
0.666;0.396;52.887
0.662;4.813;52.896
0.722;2.483;53.572
0.699;4.090;53.335
0.714;1.767;53.497
0.694;4.175;53.313
0.673;0.644;53.059
0.711;2.372;53.570
0.711;2.291;53.570
0.707;1.926;53.521
0.685;4.273;53.294
0.629;-0.324;52.631
0.657;4.712;53.005
0.645;0.361;52.850
0.640;4.822;52.841
0.680;3.729;53.328
0.696;2.026;53.531
0.631;0.128;52.733
0.686;3.387;53.456
0.687;1.826;53.507
0.678;3.486;53.426
0.685;3.251;53.509
0.661;1.091;53.219
0.686;3.166;53.553
0.616;0.061;52.691
0.681;2.366;53.567
0.634;0.530;52.953
0.679;2.266;53.566
0.650;1.029;53.201
0.641;0.705;53.093
0.672;2.626;53.577
0.640;4.470;53.175
0.601;-0.006;52.652
0.645;1.371;53.304
0.593;-0.086;52.626
0.594;4.887;52.706
0.609;0.461;52.905
0.589;-0.164;52.614
0.640;3.448;53.367
0.639;3.528;53.367
0.595;0.155;52.748
0.655;2.968;53.630
0.618;4.547;53.131
0.653;3.057;53.613
0.652;2.826;53.611
0.639;1.527;53.416
0.646;2.169;53.538
0.628;4.123;53.334
0.610;4.631;53.090
0.604;4.687;53.036
0.587;4.802;52.819
0.623;3.927;53.354
0.622;3.867;53.353
0.636;3.126;53.565
0.621;3.643;53.356
0.633;2.068;53.529
0.620;1.451;53.357
0.615;4.220;53.307
0.622;1.536;53.418
0.628;2.748;53.585
0.626;2.467;53.551
0.625;1.987;53.535
0.608;1.313;53.282
0.600;4.431;53.184
0.598;0.847;53.139
0.564;-0.104;52.629
0.577;0.333;52.839
0.601;1.229;53.261
0.567;4.833;52.765
0.573;0.354;52.848
0.608;3.284;53.486
0.574;4.731;52.986
0.590;1.129;53.240
0.580;0.694;53.072
0.575;0.573;52.986
0.603;1.725;53.496
0.548;-0.245;52.611
0.599;2.971;53.628
0.541;4.884;52.691
0.554;0.454;52.889
0.576;3.735;53.326
0.567;0.898;53.174
0.539;0.038;52.678
0.535;-0.325;52.597
0.579;3.342;53.445
0.572;1.372;53.311
0.556;0.645;53.009
0.577;1.648;53.453
0.567;3.977;53.346
0.562;4.237;53.276
0.574;1.845;53.506
0.553;0.836;53.124
0.528;-0.041;52.648
0.572;2.669;53.551
0.540;0.514;52.921
0.559;3.468;53.361
0.556;3.668;53.355
0.554;1.433;53.345
0.542;4.492;53.149
0.563;3.068;53.582
0.551;3.569;53.369
0.561;2.728;53.570
0.548;4.128;53.335
0.534;0.894;53.162
0.530;4.427;53.177
0.544;3.238;53.517
0.533;1.279;53.289
0.525;0.773;53.091
0.519;0.574;52.962
0.527;1.167;53.266
0.508;4.774;52.889
0.518;4.509;53.152
0.513;4.629;53.068
0.531;3.295;53.475
0.532;1.968;53.533
0.500;0.238;52.768
0.523;1.494;53.374
0.518;1.109;53.248
0.526;1.705;53.472
0.506;0.635;52.992
0.527;2.268;53.550
0.520;1.633;53.440
0.510;1.030;53.223
0.521;3.170;53.545
0.484;-0.359;52.563
0.490;4.797;52.792
0.508;4.307;53.255
0.512;3.532;53.365
0.505;4.365;53.213
0.481;-0.330;52.578
0.481;0.143;52.713
0.505;3.356;53.427
0.487;0.696;53.029
0.498;1.562;53.399
0.502;3.021;53.609
0.469;-0.224;52.598
0.498;2.875;53.605
0.467;4.849;52.733
0.464;4.901;52.669
0.486;3.725;53.357
0.482;4.026;53.354
0.466;0.377;52.788
0.481;3.968;53.352
0.474;0.971;53.199
0.483;3.147;53.566
0.483;2.428;53.559
0.455;-0.063;52.628
0.480;2.228;53.554
0.459;0.480;52.860
0.464;4.572;53.101
0.469;3.834;53.321
0.457;4.757;52.956
0.465;4.170;53.317
0.472;2.567;53.538
0.470;1.933;53.527
0.469;3.255;53.519
0.462;1.073;53.231
0.461;3.928;53.330
0.441;4.917;52.663
0.442;0.036;52.653
0.462;1.867;53.511
0.462;1.770;53.501
0.458;1.428;53.331
0.445;0.374;52.790
0.454;3.950;53.343
0.438;-0.144;52.615
0.440;4.800;52.824
0.450;4.238;53.271
0.450;1.170;53.269
0.454;1.671;53.474
0.442;4.675;53.039
0.430;4.915;52.678
0.430;4.818;52.788
0.444;3.305;53.452
0.447;2.865;53.595
0.437;0.871;53.138
0.435;0.758;53.046
0.431;0.575;52.919
0.431;4.714;53.010
0.438;2.726;53.517
0.434;1.449;53.334
0.436;2.146;53.563
0.428;4.390;53.204
0.433;1.607;53.431
0.425;1.538;53.393
0.415;0.530;52.850
0.423;2.966;53.611
0.415;0.813;53.088
0.421;3.068;53.606
0.414;3.868;53.329
0.415;3.468;53.376
0.414;3.551;53.372
0.402;4.871;52.731
0.414;3.133;53.578
0.403;0.243;52.721
0.406;4.457;53.160
0.412;2.266;53.574
0.410;2.464;53.565
0.410;2.327;53.574
0.400;0.090;52.649
0.408;2.526;53.565
0.399;0.334;52.750
0.405;2.026;53.544
0.404;2.610;53.550
0.403;1.595;53.427
0.402;3.227;53.548
0.396;4.131;53.331
0.394;1.368;53.325
0.394;1.260;53.313
0.387;2.683;53.508
0.385;0.931;53.158
0.382;3.302;53.492
0.381;0.755;53.024
0.382;1.827;53.495
0.378;0.647;52.927
0.378;3.628;53.368
0.373;1.129;53.268
0.370;4.689;53.038
0.373;2.941;53.633
0.365;2.070;53.542
0.365;1.632;53.430
0.365;0.193;52.677
0.364;1.930;53.521
0.361;3.057;53.628
0.361;0.809;53.067
0.359;3.343;53.430
0.360;1.232;53.300
0.357;0.700;52.967
0.354;0.598;52.856
0.351;4.167;53.317
0.351;2.167;53.561
0.351;1.054;53.229
0.349;4.408;53.185
0.347;3.678;53.355
0.345;4.840;52.775
0.341;2.864;53.497
0.340;2.367;53.586
0.341;1.513;53.383
0.346;-0.244;52.577
0.339;2.920;53.587
0.341;1.207;53.263
0.338;2.565;53.573
0.339;4.742;53.001
0.337;1.736;53.462
0.332;1.427;53.349
0.330;3.778;53.348
0.329;3.817;53.346
0.334;0.439;52.756
0.332;0.657;52.889
0.324;1.870;53.500
0.322;3.065;53.620
0.331;-0.323;52.559
0.320;3.281;53.528
0.320;2.680;53.523
0.327;0.545;52.794
0.319;3.935;53.319
0.322;4.795;52.914
0.316;2.876;53.520
0.317;1.529;53.393
0.314;4.022;53.315
0.320;4.900;52.695
0.310;3.304;53.501
0.316;0.841;53.072
0.313;0.996;53.166
0.305;2.227;53.561
0.304;2.734;53.484
0.312;0.715;52.931
0.300;2.805;53.483
0.313;-0.019;52.590
0.309;4.919;52.674
0.300;1.370;53.337
0.308;0.335;52.707
0.291;3.366;53.451
0.299;4.825;52.854
0.287;1.465;53.369
0.284;3.530;53.386
0.278;2.934;53.613
0.281;3.438;53.400
0.284;4.577;53.101
0.281;1.132;53.241
0.270;2.368;53.588
0.275;1.184;53.252
0.267;3.766;53.376
0.279;0.550;52.768
0.270;4.760;52.985
0.259;1.849;53.474
0.269;0.812;53.025
0.270;0.759;52.969
0.254;2.268;53.555
0.251;3.269;53.548
0.252;2.659;53.536
0.256;4.177;53.311
0.260;1.056;53.185
0.254;3.891;53.350
0.272;0.390;52.700
0.251;1.637;53.422
0.249;1.767;53.449
0.271;0.245;52.659
0.255;4.471;53.149
0.241;2.306;53.560
0.239;2.026;53.521
0.235;2.466;53.574
0.243;1.332;53.313
0.233;3.337;53.501
0.247;0.873;53.070
0.234;1.819;53.448
0.227;2.896;53.567
0.230;2.727;53.489
0.222;2.927;53.598
0.236;4.580;53.105
0.223;1.949;53.500
0.221;3.428;53.467
0.252;0.038;52.583
0.216;2.526;53.566
0.237;4.892;52.763
0.218;1.255;53.277
0.221;0.977;53.123
0.234;4.916;52.724
0.215;4.310;53.241
0.204;2.167;53.542
0.207;3.672;53.414
0.201;2.227;53.549
0.209;4.068;53.299
0.221;0.713;52.890
0.202;3.935;53.328
0.198;3.766;53.409
0.204;4.388;53.208
0.233;-0.263;52.537
0.232;-0.325;52.529
0.221;4.929;52.664
0.191;1.548;53.391
0.190;3.841;53.376
0.227;-0.163;52.547
0.191;1.373;53.331
0.180;2.167;53.547
0.172;3.120;53.606
0.172;3.226;53.577
0.205;0.661;52.831
0.186;4.472;53.163
0.212;-0.020;52.566
0.191;4.791;52.959
0.161;2.673;53.509
0.159;3.427;53.493
0.192;0.612;52.766
0.158;1.668;53.405
0.151;2.027;53.514
0.170;1.055;53.143
0.150;2.780;53.484
0.185;4.905;52.758
0.146;1.971;53.508
0.142;2.226;53.534
0.141;2.166;53.541
0.145;3.726;53.422
0.139;2.532;53.540
0.135;2.366;53.551
0.139;3.626;53.441
0.138;1.766;53.452
0.130;2.467;53.561
0.145;1.306;53.297
0.182;0.278;52.640
0.151;1.114;53.179
0.145;1.243;53.257
0.178;0.156;52.605
0.129;1.687;53.423
0.156;0.805;52.975
0.174;0.376;52.662
0.115;3.165;53.590
0.115;3.024;53.598
0.146;0.922;53.063
0.134;4.369;53.219
0.124;3.817;53.406
0.113;2.868;53.506
0.161;4.932;52.683
0.109;2.062;53.505
0.119;1.446;53.350
0.170;-0.162;52.525
0.170;-0.317;52.481
0.155;0.482;52.694
0.108;3.869;53.369
0.115;1.188;53.216
0.140;0.671;52.832
0.127;4.734;53.006
0.103;1.528;53.382
0.094;2.675;53.502
0.089;1.967;53.502
0.113;1.046;53.130
0.101;1.290;53.290
0.115;0.939;53.075
0.150;-0.022;52.559
0.093;1.385;53.322
0.079;3.529;53.488
0.111;0.872;53.034
0.082;3.772;53.428
0.123;0.702;52.856
0.106;4.637;53.062
0.095;1.107;53.166
0.075;1.549;53.390
0.132;0.234;52.613
0.117;4.901;52.776
0.081;4.129;53.284
0.107;4.856;52.906
0.087;4.470;53.177
0.130;0.146;52.593
0.055;3.132;53.592
0.053;3.075;53.596
0.133;-0.126;52.525
0.064;1.734;53.448
0.059;1.824;53.476
0.058;1.669;53.422
0.096;0.743;52.909
0.122;0.037;52.569
0.050;2.769;53.481
0.050;1.831;53.487
0.046;2.867;53.507
0.045;2.679;53.505
0.042;2.167;53.522
0.061;4.273;53.239
0.071;4.582;53.096
0.061;1.223;53.239
0.044;3.836;53.408
0.099;0.523;52.712
0.029;3.269;53.558
0.061;4.391;53.144
0.027;2.930;53.547
0.066;4.692;53.034
0.022;2.335;53.536
0.018;3.026;53.566
0.049;1.157;53.196
0.022;3.546;53.499
0.051;1.098;53.154
0.058;4.766;53.001
0.083;4.969;52.680
0.084;0.452;52.675
0.026;1.349;53.308
0.011;1.774;53.465
0.021;3.969;53.334
0.027;1.231;53.254
-0.007;3.262;53.568
0.092;-0.297;52.461
0.031;4.427;53.118
0.013;4.072;53.310
-0.004;3.607;53.468
-0.006;2.445;53.499
0.034;0.932;53.042
0.005;1.490;53.357
0.085;-0.263;52.474
0.054;0.627;52.796
0.005;4.150;53.279
0.049;4.897;52.785
-0.022;3.027;53.556
0.024;0.900;53.030
-0.016;3.868;53.397
0.058;0.175;52.604
-0.028;3.769;53.431
0.039;0.561;52.753
-0.031;1.726;53.425
-0.046;3.466;53.559
-0.046;3.326;53.561
-0.003;1.092;53.132
-0.032;1.588;53.388
-0.021;1.208;53.221
-0.050;1.967;53.474
-0.020;1.149;53.175
0.042;0.037;52.567
-0.012;4.647;53.060
-0.026;4.370;53.196
-0.061;3.575;53.517
0.039;-0.056;52.550
0.021;0.494;52.707
0.044;-0.224;52.483
-0.015;4.715;53.025
-0.064;2.628;53.499
-0.065;2.933;53.498
-0.054;3.939;53.368
-0.052;4.028;53.335
-0.073;2.367;53.478
-0.074;2.584;53.468
-0.006;4.919;52.811
-0.054;4.232;53.255
-0.073;1.795;53.426
0.017;0.180;52.608
-0.088;3.066;53.556
-0.092;3.366;53.562
-0.066;1.495;53.320
-0.014;4.899;52.831
-0.033;4.778;52.976
-0.060;1.199;53.210
-0.092;3.647;53.469
-0.088;3.827;53.419
-0.093;2.427;53.471
-0.007;4.963;52.678
-0.039;0.829;52.973
-0.094;3.729;53.428
-0.118;3.427;53.573
-0.026;0.603;52.785
-0.065;4.594;53.092
-0.120;3.264;53.559
-0.110;2.068;53.463
-0.104;1.748;53.411
0.008;-0.285;52.462
-0.081;1.228;53.209
-0.015;0.280;52.636
-0.063;0.960;53.034
0.005;-0.296;52.461
-0.091;4.326;53.221
-0.129;3.527;53.547
-0.073;4.676;53.045
-0.078;1.030;53.064
-0.040;0.532;52.748
-0.063;4.844;52.924
-0.121;3.891;53.393
-0.114;4.150;53.294
-0.114;1.470;53.278
-0.123;4.048;53.339
-0.093;1.084;53.100
-0.052;0.573;52.768
-0.119;1.506;53.288
-0.137;2.269;53.424
-0.103;4.537;53.122
-0.143;2.074;53.436
-0.056;4.958;52.734
-0.145;2.126;53.445
-0.112;1.198;53.188
-0.021;-0.298;52.467
-0.146;2.466;53.446
-0.073;0.711;52.861
-0.132;1.571;53.317
-0.155;3.682;53.462
-0.143;1.648;53.344
-0.164;2.785;53.476
-0.083;4.895;52.835
-0.156;3.930;53.381
-0.156;1.855;53.386
-0.172;2.990;53.491
-0.154;1.728;53.359
-0.133;1.230;53.181
-0.165;1.929;53.387
-0.069;0.374;52.668
-0.139;4.455;53.175
-0.173;3.736;53.421
-0.054;-0.062;52.534
-0.191;3.146;53.537
-0.093;0.653;52.814
-0.057;-0.027;52.547
-0.196;3.474;53.564
-0.175;2.368;53.410
-0.149;1.372;53.219
-0.173;1.829;53.360
-0.099;4.944;52.794
-0.058;-0.145;52.502
-0.206;3.366;53.569
-0.079;0.314;52.643
-0.123;0.824;52.937
-0.200;2.964;53.468
-0.199;2.822;53.455
-0.208;2.734;53.471
-0.205;2.620;53.451
-0.172;4.348;53.207
-0.195;3.987;53.361
-0.091;0.234;52.617
-0.142;0.853;52.962
-0.157;4.691;53.041
-0.194;1.669;53.309
-0.092;0.137;52.601
-0.224;3.032;53.488
-0.229;3.642;53.513
-0.144;4.865;52.912
-0.239;3.267;53.552
-0.212;1.908;53.352
-0.195;1.433;53.218
-0.248;3.427;53.567
-0.221;3.969;53.370
-0.205;4.234;53.250
-0.104;0.064;52.576
-0.234;2.887;53.442
-0.236;2.929;53.442
-0.226;2.268;53.379
-0.228;2.169;53.382
-0.177;1.032;53.038
-0.172;0.934;53.003
-0.131;0.434;52.704
-0.154;0.693;52.846
-0.246;3.771;53.425
-0.267;3.290;53.556
-0.204;1.295;53.146
-0.231;4.147;53.294
-0.253;2.609;53.435
-0.168;0.749;52.887
-0.227;1.530;53.236
-0.256;3.847;53.387
-0.248;4.068;53.328
-0.247;1.870;53.328
-0.168;0.621;52.808
-0.122;-0.096;52.520
-0.278;3.073;53.487
-0.255;1.947;53.339
-0.282;3.667;53.498
-0.191;0.800;52.929
-0.262;2.469;53.362
-0.290;3.569;53.517
-0.266;2.330;53.360
-0.267;4.050;53.330
-0.277;2.544;53.393
-0.223;4.671;53.039
-0.306;3.466;53.547
-0.307;3.236;53.537
-0.312;3.326;53.560
-0.182;0.552;52.769
-0.260;4.292;53.220
-0.259;1.530;53.214
-0.138;-0.163;52.483
-0.279;4.106;53.329
-0.198;0.678;52.842
-0.162;0.200;52.614
-0.235;1.081;53.040
-0.245;4.589;53.087
-0.148;-0.127;52.504
-0.308;2.827;53.452
-0.252;1.275;53.102
-0.216;0.737;52.875
-0.260;4.528;53.121
-0.290;4.168;53.280
-0.327;3.126;53.500
-0.253;1.157;53.057
-0.319;3.805;53.428
-0.271;4.473;53.142
-0.300;1.873;53.299
-0.206;5.019;52.735
-0.227;4.949;52.852
-0.279;1.450;53.163
-0.307;1.973;53.319
-0.311;4.120;53.315
-0.312;2.029;53.323
-0.158;-0.227;52.431
-0.187;0.131;52.593
-0.257;4.779;52.980
-0.318;2.469;53.339
-0.318;2.370;53.335
-0.207;0.405;52.701
-0.257;0.930;52.982
-0.299;1.595;53.212
-0.336;2.577;53.391
-0.336;3.868;53.380
-0.308;4.332;53.211
-0.315;4.231;53.239
-0.364;3.194;53.517
-0.279;1.084;53.017
-0.269;0.851;52.951
-0.261;0.767;52.892
-0.220;0.334;52.664
-0.347;3.938;53.335
-0.339;1.927;53.277
-0.328;1.676;53.219
-0.299;1.232;53.061
-0.386;3.626;53.485
-0.381;2.834;53.462
-0.356;2.228;53.323
-0.332;1.588;53.195
-0.382;3.779;53.457
-0.395;3.527;53.505
-0.259;0.520;52.765
-0.219;-0.019;52.542
-0.289;4.918;52.899
-0.226;0.076;52.573
-0.305;0.975;52.981
-0.338;1.467;53.124
-0.354;1.629;53.173
-0.275;5.065;52.750
-0.327;4.653;53.025
-0.327;1.172;53.025
-0.273;0.450;52.734
-0.409;3.843;53.426
-0.401;2.601;53.379
-0.433;3.467;53.536
-0.343;4.579;53.054
-0.424;3.127;53.472
-0.423;3.069;53.462
-0.383;1.929;53.244
-0.307;0.640;52.832
-0.398;4.128;53.270
-0.316;0.712;52.862
-0.448;3.269;53.520
-0.401;2.069;53.278
-0.376;1.533;53.133
-0.410;2.229;53.298
-0.395;1.870;53.217
-0.304;0.507;52.764
-0.293;0.379;52.710
-0.449;3.708;53.472
-0.332;0.774;52.892
-0.454;2.923;53.469
-0.400;1.729;53.178
-0.349;0.833;52.930
-0.359;4.792;52.954
-0.461;3.027;53.458
-0.443;2.589;53.372
-0.297;0.298;52.661
-0.269;-0.058;52.522
-0.328;5.049;52.787
-0.278;0.035;52.551
-0.366;0.932;52.969
-0.409;4.410;53.160
-0.428;4.188;53.243
-0.378;4.677;52.992
-0.372;0.895;52.954
-0.476;3.787;53.440
-0.442;2.169;53.273
-0.463;3.908;53.367
-0.486;2.783;53.471
-0.447;2.370;53.286
-0.390;1.233;53.018
-0.486;3.128;53.463
-0.485;3.067;53.459
-0.438;2.016;53.233
-0.453;4.044;53.294
-0.398;1.331;53.038
-0.424;1.692;53.155
-0.463;2.530;53.318
-0.314;0.232;52.622
-0.408;1.395;53.050
-0.280;-0.162;52.452
-0.510;3.472;53.522
-0.365;0.684;52.846
-0.346;5.094;52.737
-0.380;4.945;52.891
-0.402;1.152;52.995
-0.428;1.545;53.103
-0.440;4.387;53.127
-0.509;2.695;53.442
-0.522;3.248;53.491
-0.289;-0.182;52.427
-0.524;3.567;53.493
-0.408;4.825;52.937
-0.419;1.072;52.986
-0.437;4.552;53.028
-0.482;2.096;53.234
-0.538;2.826;53.475
-0.484;4.190;53.223
-0.462;1.770;53.126
-0.444;4.532;53.040
-0.331;-0.012;52.531
-0.554;3.368;53.516
-0.490;2.137;53.231
-0.500;2.371;53.258
-0.471;1.846;53.128
-0.458;1.490;53.066
-0.400;0.540;52.790
-0.472;1.671;53.103
-0.485;4.370;53.129
-0.527;3.970;53.315
-0.575;3.425;53.523
-0.530;2.595;53.326
-0.374;0.280;52.648
-0.430;4.958;52.872
-0.525;2.470;53.262
-0.327;-0.182;52.410
-0.449;4.873;52.914
-0.514;2.031;53.192
-0.447;0.832;52.909
-0.503;1.975;53.141
-0.514;4.263;53.176
-0.416;5.098;52.746
-0.470;4.678;52.974
-0.575;2.690;53.421
-0.574;3.789;53.410
-0.584;3.644;53.451
-0.348;-0.129;52.454
-0.529;2.226;53.210
-0.388;0.205;52.616
-0.588;2.869;53.446
-0.591;2.968;53.454
-0.452;0.747;52.871
-0.362;-0.070;52.491
-0.546;4.069;53.258
-0.595;3.226;53.460
-0.608;3.436;53.501
-0.484;1.131;52.984
-0.488;1.232;52.993
-0.539;2.169;53.200
-0.486;4.775;52.968
-0.556;2.524;53.263
-0.449;0.581;52.810
-0.553;4.181;53.224
-0.428;0.398;52.711
-0.458;0.635;52.830
-0.622;3.480;53.501
-0.613;3.127;53.452
-0.613;3.047;53.452
-0.589;2.647;53.348
-0.390;-0.020;52.530
-0.556;2.204;53.202
-0.526;1.571;53.073
-0.466;5.019;52.819
-0.534;4.394;53.093
-0.606;3.793;53.390
-0.532;1.871;53.086
-0.362;-0.196;52.392
-0.513;1.332;53.000
-0.540;2.006;53.095
-0.547;2.072;53.121
-0.493;0.839;52.901
-0.502;4.838;52.930
-0.409;0.049;52.560
-0.560;4.274;53.151
-0.629;2.774;53.428
-0.645;3.532;53.487
-0.535;1.492;53.047
-0.573;2.269;53.194
-0.559;2.125;53.130
-0.529;1.268;52.990
-0.477;0.516;52.780
-0.535;4.572;53.001
-0.437;0.137;52.596
-0.478;5.123;52.748
-0.605;2.546;53.238
-0.467;0.343;52.690
-0.394;-0.193;52.393
-0.675;3.368;53.483
-0.574;4.411;53.084
-0.446;0.109;52.587
-0.649;3.868;53.347
-0.609;2.329;53.175
-0.558;1.163;52.978
-0.558;4.635;52.971
-0.606;2.231;53.147
-0.599;4.344;53.114
-0.584;1.790;53.058
-0.546;4.913;52.883
-0.689;3.674;53.420
-0.566;0.941;52.932
-0.487;0.248;52.635
-0.443;-0.083;52.470
-0.564;4.851;52.918
-0.708;3.579;53.461
-0.716;3.469;53.484
-0.709;3.333;53.456
-0.579;1.173;52.967
-0.632;2.329;53.159
-0.700;3.010;53.400
-0.589;1.273;52.975
-0.443;-0.146;52.429
-0.610;1.873;53.041
-0.695;3.834;53.352
-0.600;4.691;52.984
-0.615;4.474;53.035
-0.549;0.575;52.791
-0.709;2.888;53.375
-0.485;0.017;52.553
-0.711;2.928;53.377
-0.624;1.932;53.047
-0.625;1.731;53.051
-0.606;4.767;52.957
-0.723;3.740;53.386
-0.739;3.167;53.440
-0.719;2.736;53.369
-0.582;0.794;52.862
-0.486;-0.043;52.515
-0.472;-0.095;52.466
-0.625;1.431;53.004
-0.561;5.113;52.765
-0.663;4.291;53.135
-0.559;0.499;52.760
-0.662;4.354;53.095
-0.605;0.879;52.894
-0.693;2.549;53.196
-0.634;1.371;52.977
-0.627;1.090;52.953
-0.705;2.616;53.223
-0.535;0.236;52.624
-0.724;2.666;53.263
-0.657;1.572;53.025
-0.662;1.789;53.037
-0.666;1.677;53.037
-0.641;0.975;52.943
-0.750;2.728;53.317
-0.579;0.430;52.722
-0.671;1.831;53.037
-0.684;2.172;53.080
-0.779;3.677;53.403
-0.672;1.595;53.035
-0.676;1.986;53.029
-0.768;2.771;53.343
-0.785;3.033;53.382
-0.719;2.469;53.156
-0.808;3.268;53.443
-0.620;5.069;52.795
-0.547;-0.002;52.547
-0.631;0.713;52.827
-0.752;4.124;53.226
-0.762;4.033;53.257
-0.647;4.934;52.861
-0.796;3.768;53.369
-0.564;0.078;52.585
-0.822;3.369;53.451
-0.668;4.793;52.920
-0.656;4.875;52.877
-0.699;1.810;53.017
-0.589;0.277;52.640
-0.801;2.963;53.348
-0.677;0.937;52.927
-0.674;0.931;52.917
-0.630;0.559;52.772
-0.794;3.923;53.312
-0.607;0.356;52.678
-0.793;3.970;53.284
-0.703;1.473;52.981
-0.814;3.840;53.344
-0.842;3.425;53.439
-0.836;3.669;53.408
-0.714;1.731;53.005
-0.713;1.672;53.002
-0.642;5.117;52.755
-0.726;4.477;53.032
-0.744;2.179;53.089
-0.722;1.772;53.015
-0.748;4.374;53.081
-0.755;2.231;53.095
-0.664;0.636;52.800
-0.715;1.392;52.961
-0.674;0.733;52.824
-0.784;4.177;53.177
-0.863;3.135;53.432
-0.763;2.335;53.104
-0.546;-0.155;52.395
-0.676;0.699;52.813
-0.781;4.249;53.146
-0.755;2.047;53.059
-0.790;2.533;53.163
-0.619;0.216;52.613
-0.860;3.686;53.376
-0.727;1.245;52.942
-0.572;-0.113;52.443
-0.762;1.979;53.042
-0.749;4.554;52.993
-0.837;2.712;53.274
-0.852;2.769;53.309
-0.748;1.538;52.978
-0.834;4.072;53.246
-0.711;0.852;52.856
-0.787;2.235;53.090
-0.801;2.456;53.130
-0.824;2.594;53.193
-0.743;1.087;52.934
-0.793;2.171;53.085
-0.661;0.349;52.663
-0.845;2.657;53.222
-0.677;0.416;52.688
-0.813;4.333;53.106
-0.884;3.871;53.323
-0.718;0.635;52.777
-0.788;4.592;52.974
-0.647;-0.029;52.534
-0.764;0.897;52.882
-0.670;0.170;52.593
-0.892;4.033;53.259
-0.925;3.768;53.358
-0.739;5.060;52.782
-0.914;2.870;53.319
-0.788;1.332;52.928
-0.605;-0.192;52.370
-0.795;1.173;52.942
-0.760;0.848;52.835
-0.797;4.664;52.933
-0.955;3.075;53.412
-0.812;1.792;52.979
-0.697;0.282;52.629
-0.716;0.410;52.680
-0.947;2.981;53.369
-0.835;1.931;53.032
-0.625;-0.184;52.388
-0.854;2.032;53.067
-0.808;1.272;52.921
-0.740;0.480;52.720
-0.881;4.275;53.130
-0.759;0.668;52.771
-0.953;2.925;53.338
-0.878;2.261;53.116
-0.890;2.529;53.146
-0.699;0.106;52.582
-0.827;1.730;52.956
-0.890;2.476;53.136
-0.787;4.959;52.823
-0.848;1.852;53.008
-0.905;2.578;53.171
-0.957;3.878;53.313
-0.933;2.727;53.238
-0.786;0.783;52.805
-0.708;0.076;52.568
-0.841;1.671;52.951
-0.825;4.730;52.894
-0.967;2.827;53.311
-0.931;4.156;53.196
-0.998;3.671;53.387
-0.850;1.676;52.955
-0.935;2.646;53.196
-1.011;3.474;53.405
-1.010;3.070;53.405
-1.014;3.327;53.411
-1.017;3.227;53.415
-0.974;3.951;53.286
-0.988;3.858;53.328
-0.899;4.429;53.066
-0.849;1.474;52.916
-0.904;1.978;53.061
-0.704;-0.094;52.491
-0.869;1.076;52.946
-0.686;-0.145;52.427
-0.869;1.112;52.944
-0.761;0.331;52.635
-1.038;3.550;53.418
-0.986;2.767;53.255
-0.984;4.087;53.246
-0.910;1.900;53.034
-0.809;5.098;52.743
-0.804;0.533;52.726
-0.835;4.979;52.801
-0.914;4.499;53.023
-0.817;0.635;52.753
-1.043;2.970;53.375
-1.030;2.873;53.337
-1.054;3.526;53.401
-1.059;3.267;53.414
-0.919;1.870;53.021
-1.060;3.469;53.409
-1.061;3.372;53.409
-0.882;1.278;52.909
-0.853;0.835;52.826
-0.770;0.165;52.595
-0.883;4.731;52.897
-0.893;1.028;52.925
-0.894;1.532;52.911
-0.888;0.941;52.891
-0.855;0.753;52.789
-0.928;4.563;52.984
-0.778;0.076;52.576
-0.803;0.369;52.641
-0.770;0.001;52.550
-1.081;3.631;53.398
-1.081;3.079;53.398
-1.009;4.189;53.195
-0.971;4.391;53.083
-0.978;2.331;53.102
-0.971;2.131;53.081
-1.087;3.322;53.387
-1.083;3.254;53.370
-1.005;2.551;53.156
-0.920;1.232;52.927
-0.829;0.457;52.679
-1.024;2.709;53.196
-1.019;2.628;53.183
-0.939;1.751;52.966
-0.916;1.431;52.901
-0.979;2.029;53.066
-0.867;5.073;52.750
-0.983;4.454;53.062
-1.059;3.976;53.270
-0.899;4.875;52.834
-0.858;0.584;52.727
-0.905;0.876;52.845
-1.101;3.729;53.361
-1.115;3.467;53.395
-1.108;3.007;53.377
-0.930;1.373;52.900
-1.115;3.569;53.390
-1.115;3.068;53.390
-1.025;4.270;53.145
-1.118;3.185;53.396
-0.939;0.999;52.918
-0.972;1.829;53.002
-0.990;1.926;53.039
-0.942;1.495;52.912
-1.119;2.998;53.378
-1.066;2.751;53.237
-1.012;2.365;53.094
-0.954;1.587;52.922
-0.762;-0.167;52.409
-1.032;2.432;53.113
-0.844;0.343;52.617
-0.806;-0.069;52.506
-1.081;4.133;53.219
-1.067;2.677;53.182
-1.078;4.223;53.200
-1.123;3.881;53.311
-1.126;2.849;53.320
-1.042;2.273;53.097
-0.849;0.233;52.597
-1.144;2.968;53.358
-1.111;2.794;53.274
-1.005;1.795;52.996
-1.044;4.412;53.093
-0.868;0.297;52.620
-0.777;-0.205;52.385
-0.855;0.140;52.576
-1.012;1.773;52.972
-0.971;4.640;52.862
-1.130;4.061;53.264
-0.943;0.814;52.787
-1.173;3.722;53.363
-0.843;-0.042;52.523
-0.979;0.932;52.864
-0.903;0.450;52.660
-1.017;1.642;52.940
-1.063;4.476;53.050
-0.961;4.882;52.788
-1.179;3.788;53.339
-1.062;1.932;53.041
-1.079;2.172;53.080
-0.944;0.659;52.733
-0.834;-0.140;52.458
-1.139;4.172;53.221
-1.104;2.531;53.134
-1.103;4.369;53.125
-1.097;2.452;53.112
-1.090;2.276;53.087
-1.029;1.372;52.925
-1.147;2.735;53.216
-1.029;1.553;52.923
-1.165;4.072;53.258
-0.914;0.373;52.631
-1.031;1.454;52.918
-0.888;0.081;52.562
-0.963;5.051;52.729
-1.018;0.968;52.871
-0.978;0.781;52.763
-1.234;3.434;53.393
-1.061;1.709;52.959
-1.157;4.250;53.189
-1.005;0.863;52.813
-1.198;3.945;53.278
-1.240;3.529;53.382
-1.047;1.178;52.908
-1.146;2.565;53.141
-0.923;0.198;52.591
-1.116;1.974;53.053
-0.963;0.505;52.679
-1.095;4.541;52.991
-1.193;2.766;53.231
-1.171;2.678;53.178
-1.137;4.435;53.082
-1.239;2.888;53.325
-1.254;3.634;53.355
-1.259;3.169;53.367
-1.056;4.697;52.850
-1.234;2.841;53.278
-1.180;2.498;53.133
-0.950;0.136;52.566
-1.105;4.603;52.929
-1.186;4.394;53.120
-1.049;0.865;52.791
-0.986;0.436;52.643
-0.903;-0.156;52.444
-1.016;5.050;52.707
-1.027;4.978;52.732
-0.960;0.142;52.574
-1.029;0.735;52.731
-0.987;0.338;52.624
-1.075;0.922;52.827
-1.232;4.274;53.191
-1.232;2.720;53.191
-1.118;1.436;52.924
-1.135;4.568;52.959
-1.195;2.427;53.099
-1.169;1.931;53.037
-1.120;1.382;52.915
-1.261;4.129;53.229
-1.305;3.730;53.333
-0.952;-0.037;52.511
-1.317;3.672;53.358
-1.198;2.334;53.080
-1.117;4.656;52.887
-1.280;2.831;53.267
-1.322;3.329;53.362
-1.322;3.269;53.363
-1.159;1.745;52.983
-1.120;1.052;52.880
-1.204;2.249;53.072
-1.246;2.648;53.163
-1.204;2.171;53.063
-1.228;2.452;53.111
-1.026;0.470;52.646
-0.984;0.038;52.541
-1.070;0.769;52.736
-1.332;3.048;53.335
-1.092;4.852;52.779
-1.009;0.283;52.591
-1.333;2.951;53.327
-1.157;1.471;52.916
-1.146;1.135;52.888
-1.056;0.577;52.682
-1.266;4.356;53.151
-1.221;2.091;53.050
-1.248;4.411;53.105
-1.299;2.766;53.221
-1.264;2.569;53.140
-1.127;4.743;52.820
-1.314;4.024;53.248
-1.332;3.868;53.288
-1.369;3.560;53.373
-1.340;2.868;53.307
-1.175;1.574;52.933
-0.970;-0.103;52.464
-1.012;0.076;52.548
-1.226;4.512;53.009
-1.181;1.242;52.910
-1.059;0.401;52.637
-1.384;3.470;53.363
-1.185;1.335;52.914
-1.388;3.376;53.367
-1.308;2.694;53.186
-1.269;2.370;53.089
-1.228;1.788;52.997
-1.189;1.326;52.897
-1.108;0.714;52.714
-1.192;1.294;52.894
-1.278;2.331;53.078
-1.067;0.322;52.612
-0.985;-0.166;52.424
-1.326;4.342;53.172
-1.198;1.130;52.871
-1.026;-0.051;52.492
-1.125;4.994;52.701
-1.119;0.634;52.691
-1.057;0.175;52.555
-1.284;2.229;53.050
-1.223;1.373;52.916
-1.168;0.913;52.796
-1.091;0.376;52.627
-1.141;0.775;52.734
-1.341;4.269;53.169
-1.372;3.970;53.236
-1.328;4.371;53.135
-1.383;2.798;53.257
-1.427;3.330;53.351
-1.420;3.228;53.336
-1.259;1.775;52.984
-1.407;2.948;53.303
-1.371;2.738;53.219
-1.329;2.528;53.126
-1.390;3.921;53.254
-1.207;1.043;52.856
-1.123;0.532;52.668
-1.148;4.973;52.706
-1.337;2.489;53.111
-1.443;3.430;53.332
-1.126;0.458;52.651
-1.411;3.874;53.241
-1.284;4.540;52.967
-1.259;1.573;52.915
-1.259;1.474;52.914
-1.345;2.366;53.095
-1.458;3.465;53.331
-1.342;4.430;53.076
-1.403;4.029;53.207
-1.254;4.635;52.885
-1.397;4.131;53.190
-1.441;3.669;53.285
-1.455;3.128;53.316
-1.336;2.232;53.061
-1.330;2.172;53.048
-1.163;0.695;52.692
-1.212;0.950;52.795
-1.280;4.585;52.933
-1.465;3.551;53.329
-1.389;2.674;53.167
-1.051;-0.123;52.449
-1.263;1.237;52.897
-1.191;0.853;52.744
-1.468;3.263;53.326
-1.046;-0.193;52.421
-1.478;3.136;53.322
-1.477;3.328;53.317
-1.206;4.865;52.742
-1.354;2.196;53.050
-1.493;3.530;53.315
-1.495;3.369;53.304
-1.324;1.711;52.944
-1.110;0.008;52.500
-1.446;4.145;53.162
-1.509;3.030;53.294
-1.494;2.849;53.260
-1.519;3.229;53.308
-1.478;2.770;53.223
-1.516;3.431;53.299
-1.430;2.578;53.123
-1.424;2.531;53.110
-1.473;3.890;53.207
-1.377;4.475;53.006
-1.378;1.931;53.009
-1.295;4.688;52.834
-1.341;4.587;52.930
-1.418;2.331;53.089
-1.300;1.129;52.847
-1.246;4.872;52.728
-1.255;4.792;52.748
-1.205;0.493;52.645
-1.343;1.637;52.924
-1.280;1.064;52.795
-1.275;0.975;52.785
-1.257;0.915;52.748
-1.223;0.637;52.671
-1.148;0.077;52.514
-1.125;-0.070;52.467
-1.089;-0.222;52.389
-1.095;-0.199;52.401
-1.341;1.337;52.888
-1.428;2.259;53.058
-1.460;4.323;53.113
-1.390;1.770;52.966
-1.241;0.535;52.667
-1.550;3.375;53.285
-1.552;3.167;53.289
-1.552;3.068;53.287
-1.542;3.531;53.264
-1.218;0.397;52.614
-1.527;3.730;53.229
-1.463;4.330;53.097
-1.474;4.233;53.121
-1.502;2.722;53.177
-1.422;2.071;53.011
-1.371;1.532;52.901
-1.385;1.692;52.926
-1.343;1.140;52.840
-1.179;0.172;52.511
-1.365;4.650;52.872
-1.265;0.735;52.674
-1.435;2.033;53.009
-1.278;0.854;52.698
-1.529;3.851;53.186
-1.575;2.997;53.279
-1.209;0.276;52.552
-1.261;0.483;52.653
-1.150;-0.142;52.429
-1.173;-0.056;52.472
-1.446;1.972;53.006
-1.407;1.597;52.918
-1.324;4.816;52.742
-1.500;2.371;53.084
-1.602;2.968;53.257
-1.607;3.387;53.264
-1.605;3.469;53.257
-1.551;3.931;53.146
-1.559;2.712;53.159
-1.568;3.911;53.170
-1.474;1.873;52.981
-1.458;1.750;52.945
-1.444;4.578;52.913
-1.401;4.689;52.828
-1.512;2.239;53.041
-1.601;3.646;53.207
-1.559;2.650;53.126
-1.340;4.874;52.689
-1.322;4.934;52.653
-1.540;4.236;53.070
-1.331;0.855;52.674
-1.318;0.683;52.645
-1.299;0.433;52.605
-1.458;1.554;52.896
-1.633;3.574;53.222
-1.641;3.430;53.239
-1.595;3.889;53.145
-1.616;3.734;53.186
-1.640;2.874;53.231
-1.416;1.155;52.804
-1.255;0.137;52.500
-1.237;-0.022;52.467
-1.578;4.091;53.108
-1.621;2.758;53.190
-1.577;2.571;53.106
-1.507;1.866;52.974
-1.551;4.331;53.048
-1.652;2.969;53.239
-1.579;2.474;53.099
-1.334;0.457;52.625
-1.217;-0.154;52.407
-1.542;2.185;53.004
-1.476;1.485;52.881
-1.308;0.365;52.565
-1.443;1.234;52.815
-1.411;4.756;52.751
-1.427;1.132;52.782
-1.412;1.053;52.753
-1.398;0.979;52.722
-1.572;4.291;53.043
-1.440;4.726;52.794
-1.539;2.090;52.980
-1.581;2.297;53.055
-1.367;0.776;52.651
-1.368;0.535;52.649
-1.540;1.796;52.963
-1.282;0.077;52.473
-1.695;3.429;53.217
-1.698;2.971;53.221
-1.235;-0.210;52.373
-1.695;3.468;53.214
-1.649;3.892;53.117
-1.642;3.970;53.101
-1.659;2.695;53.134
-1.599;2.229;53.019
-1.706;3.254;53.209
-1.567;4.498;52.943
-1.528;4.575;52.870
-1.589;4.438;52.981
-1.579;1.979;52.964
-1.277;-0.087;52.418
-1.693;2.750;53.166
-1.693;3.640;53.153
-1.507;4.657;52.814
-1.490;4.713;52.772
-1.583;1.745;52.940
-1.466;4.761;52.725
-1.482;1.134;52.756
-1.735;3.369;53.207
-1.738;3.229;53.213
-1.566;1.650;52.904
-1.448;4.819;52.688
-1.738;3.070;53.210
-1.724;3.571;53.181
-1.726;2.832;53.186
-1.431;4.877;52.650
-1.643;4.238;53.020
-1.670;4.072;53.066
-1.688;2.574;53.093
-1.660;2.275;53.044
-1.645;4.272;53.014
-1.698;2.478;53.108
-1.700;3.840;53.107
-1.523;1.363;52.792
-1.755;3.170;53.201
-1.625;2.076;52.968
-1.354;0.216;52.486
-1.390;0.343;52.547
-1.338;0.057;52.448
-1.365;0.241;52.494
-1.714;2.513;53.104
-1.614;1.700;52.928
-1.585;1.577;52.878
-1.443;0.576;52.627
-1.295;-0.203;52.365
-1.636;1.832;52.958
-1.520;1.175;52.753
-1.766;3.247;53.182
-1.540;1.279;52.786
-1.673;2.199;53.012
-1.503;1.051;52.709
-1.631;4.510;52.919
-1.781;3.348;53.176
-1.790;2.971;53.184
-1.337;-0.096;52.397
-1.782;2.830;53.168
-1.462;0.464;52.603
-1.741;2.591;53.080
-1.742;2.632;53.079
-1.750;2.431;53.093
-1.392;0.176;52.470
-1.713;4.170;53.018
-1.704;4.268;52.999
-1.685;4.386;52.964
-1.753;2.626;53.083
-1.501;0.899;52.649
-1.706;2.194;52.999
-1.691;2.133;52.974
-1.364;-0.021;52.412
-1.807;2.887;53.165
-1.682;2.031;52.951
-1.646;1.627;52.886
-1.614;1.396;52.819
-1.463;0.405;52.556
-1.416;0.199;52.470
-1.823;3.416;53.160
-1.743;2.260;53.024
-1.616;1.434;52.808
-1.806;3.673;53.128
-1.605;1.335;52.784
-1.699;1.973;52.941
-1.839;3.135;53.176
-1.803;2.747;53.115
-1.776;2.590;53.070
-1.596;1.275;52.764
-1.555;1.080;52.692
-1.561;4.776;52.696
-1.786;3.771;53.078
-1.786;2.371;53.078
-1.519;4.868;52.617
-1.519;0.581;52.615
-1.781;3.878;53.046
-1.840;3.390;53.146
-1.523;0.676;52.611
-1.712;1.733;52.918
-1.709;1.678;52.906
-1.675;1.553;52.845
-1.480;0.333;52.519
-1.668;4.580;52.826
-1.549;4.857;52.622
-1.718;4.478;52.897
-1.444;0.137;52.442
-1.883;3.075;53.151
-1.889;3.171;53.154
-1.881;2.870;53.141
-1.875;2.830;53.128
-1.674;1.436;52.793
-1.581;0.975;52.638
-1.410;-0.061;52.358
-1.859;3.571;53.093
-1.573;0.875;52.625
-1.635;4.728;52.720
-1.841;2.573;53.059
-1.562;0.778;52.599
-1.470;0.157;52.449
-1.540;0.431;52.560
-1.830;3.889;53.028
-1.839;2.299;53.043
-1.825;2.241;53.010
-1.532;0.375;52.532
-1.426;-0.093;52.352
-1.769;4.451;52.903
-1.772;1.833;52.910
-1.505;0.236;52.474
-1.762;1.673;52.886
-1.754;4.511;52.867
-1.925;2.932;53.136
-1.915;3.352;53.115
-1.721;1.474;52.797
-1.891;2.472;53.069
-1.815;4.253;52.941
-1.743;1.538;52.826
-1.695;4.675;52.744
-1.681;1.282;52.719
-1.602;0.676;52.591
-1.852;4.054;52.985
-1.857;3.968;52.994
-1.717;1.402;52.771
-1.845;4.133;52.969
-1.665;4.757;52.679
-1.660;1.120;52.667
-1.825;4.336;52.928
-1.852;2.174;52.971
-1.824;2.072;52.924
-1.832;2.105;52.934
-1.815;1.974;52.905
-1.808;1.772;52.890
-1.621;0.579;52.591
-1.627;0.836;52.597
-1.629;0.638;52.596
-1.619;0.535;52.578
-1.628;0.799;52.591
-1.794;1.600;52.850
-1.769;4.560;52.806
-1.587;0.338;52.509
-1.971;2.832;53.100
-1.538;0.112;52.408
-1.915;2.225;52.983
-1.679;0.976;52.616
-1.929;3.853;52.998
-1.692;1.084;52.627
-1.966;2.554;53.041
-1.883;4.240;52.910
-1.495;-0.061;52.312
-1.879;2.034;52.899
-1.485;-0.121;52.293
-1.640;0.457;52.530
-2.025;3.030;53.118
-2.029;3.134;53.113
-1.827;1.528;52.804
-1.987;2.372;53.041
-2.000;2.471;53.057
-1.513;-0.027;52.310
-1.709;4.828;52.599
-1.961;3.871;52.980
-1.599;0.165;52.427
-1.968;2.238;52.987
-1.788;1.327;52.711
-1.786;4.672;52.701
-1.914;2.071;52.896
-1.941;2.158;52.934
-1.775;1.264;52.677
-1.841;1.448;52.771
-1.758;1.175;52.644
-1.762;4.758;52.647
-1.915;1.977;52.878
-1.907;1.733;52.865
-1.818;1.335;52.725
-2.037;2.532;53.051
-1.873;1.571;52.804
-2.080;3.171;53.097
-1.720;0.556;52.558
-1.859;4.561;52.761
-2.082;2.931;53.097
-2.042;2.726;53.034
-1.666;0.317;52.455
-1.685;0.378;52.478
-2.000;3.983;52.940
-2.014;3.775;52.959
-2.072;2.554;53.044
-2.013;3.893;52.955
-1.667;0.219;52.444
-2.007;4.039;52.938
-2.081;2.733;53.049
-2.011;2.216;52.945
-1.784;1.083;52.610
-1.775;4.812;52.592
-1.651;0.158;52.412
-1.860;4.615;52.715
-1.760;0.738;52.571
-1.772;0.676;52.576
-2.116;2.871;53.078
-1.770;0.937;52.571
-1.634;0.102;52.371
-1.978;2.036;52.870
-1.973;2.014;52.864
-1.968;4.292;52.852
-2.028;3.650;52.941
-1.773;0.876;52.567
-1.692;0.249;52.449
-1.955;4.376;52.829
-1.618;0.047;52.331
-2.084;3.471;53.006
-2.135;3.234;53.078
-1.564;-0.112;52.248
-1.591;-0.020;52.284
-1.966;1.637;52.829
-1.575;-0.068;52.259
-2.067;2.269;52.972
-1.932;4.495;52.773
-2.053;3.882;52.942
-2.111;3.423;53.027
-1.914;1.429;52.739
-2.041;3.732;52.915
-2.031;2.151;52.900
-2.027;4.148;52.890
-2.119;2.395;53.024
-1.767;0.514;52.517
-2.006;4.240;52.853
-1.896;4.629;52.687
-2.071;4.056;52.935
-1.898;1.300;52.688
-1.872;1.248;52.650
-2.005;1.774;52.839
-2.006;1.831;52.833
-2.181;2.971;53.075
-2.173;3.273;53.060
-1.845;1.116;52.592
-1.993;1.583;52.799
-1.842;1.076;52.583
-1.833;0.977;52.565
-2.151;3.425;53.010
-1.947;4.554;52.714
-2.035;1.971;52.841
-1.801;0.515;52.501
-2.100;3.795;52.921
-1.943;1.341;52.690
-1.792;0.477;52.479
-2.113;3.973;52.927
-2.109;3.891;52.921
-2.096;4.073;52.900
-1.782;0.383;52.452
-1.877;4.769;52.572
-2.206;2.631;53.035
-2.095;2.142;52.880
-2.206;3.331;53.032
-1.761;0.216;52.411
-2.202;2.471;53.024
-2.078;2.072;52.852
-2.029;1.560;52.784
-2.243;3.067;53.075
-1.879;0.795;52.567
-1.879;0.676;52.568
-2.063;1.894;52.821
-1.901;1.143;52.596
-2.069;4.288;52.827
-2.068;1.979;52.827
-2.063;1.734;52.819
-2.057;1.674;52.811
-2.051;4.392;52.799
-1.749;0.148;52.379
-2.252;3.167;53.072
-2.224;2.532;53.034
-1.862;0.559;52.527
-1.645;-0.093;52.225
-2.125;3.821;52.881
-2.025;1.495;52.742
-1.846;0.503;52.492
-2.019;4.493;52.726
-1.710;0.038;52.302
-2.200;2.331;52.976
-2.138;3.632;52.886
-2.148;2.202;52.899
-1.911;0.637;52.569
-1.997;4.545;52.681
-2.155;4.040;52.893
-2.096;1.838;52.811
-1.913;0.739;52.561
-1.811;0.245;52.417
-1.797;0.211;52.399
-2.286;3.130;53.064
-1.970;1.231;52.625
-1.916;0.935;52.552
-2.271;2.572;53.033
-2.268;2.932;53.023
-2.268;2.772;53.023
-2.112;4.323;52.807
-2.170;3.652;52.878
-2.273;2.438;53.018
-2.173;3.771;52.879
-2.245;3.416;52.978
-1.942;0.678;52.568
-1.928;0.667;52.549
-1.770;0.082;52.329
-2.237;2.313;52.958
-1.936;1.037;52.550
-2.125;1.699;52.801
-2.050;1.434;52.695
-1.951;0.883;52.549
-2.201;4.033;52.881
-2.017;1.276;52.629
-2.337;3.225;53.053
-2.307;2.672;53.013
-1.960;1.038;52.549
-1.891;0.440;52.449
-2.187;4.169;52.841
-2.054;1.359;52.663
-1.987;4.677;52.565
-2.164;1.774;52.799
-2.271;3.492;52.936
-2.341;2.465;53.030
-2.030;4.596;52.611
-2.150;1.634;52.772
-1.854;0.172;52.372
-1.849;0.138;52.360
-2.241;3.877;52.874
-2.352;3.293;53.019
-2.253;2.265;52.886
-2.248;3.691;52.876
-2.117;1.495;52.701
-2.229;2.174;52.845
-2.000;0.937;52.542
-1.995;0.598;52.537
-2.260;3.936;52.876
-2.104;1.434;52.671
-2.379;3.272;53.029
-2.086;4.541;52.637
-2.378;3.033;53.016
-1.808;0.025;52.272
-2.191;4.318;52.768
-2.367;2.631;52.999
-2.204;1.876;52.786
-1.902;0.269;52.394
-2.361;2.931;52.987
-2.068;4.577;52.593
-2.391;2.448;53.005
-2.109;1.361;52.638
-2.057;1.139;52.571
-2.163;4.433;52.704
-2.317;3.573;52.899
-2.044;0.636;52.546
-2.316;3.634;52.890
-2.051;4.644;52.541
-2.372;3.445;52.952
-2.350;2.302;52.915
-1.872;0.062;52.304
-2.325;3.737;52.878
-2.404;2.833;52.978
-2.013;0.538;52.478
-1.810;-0.032;52.219
-2.450;3.152;53.034
-2.390;2.353;52.953
-1.999;0.478;52.450
-2.432;3.333;53.000
-2.433;2.402;52.987
-2.115;1.206;52.583
-2.307;4.054;52.822
-1.984;0.377;52.414
-2.084;1.036;52.537
-2.080;0.838;52.530
-2.085;0.777;52.536
-2.288;2.049;52.788
-2.438;3.393;52.976
-2.087;0.978;52.533
-2.346;3.852;52.856
-2.389;3.573;52.909
-2.484;3.177;53.027
-1.977;0.248;52.383
-1.876;0.008;52.255
-2.214;4.430;52.676
-2.326;2.177;52.819
-2.497;3.271;53.024
-2.329;3.949;52.811
-2.468;2.931;52.981
-2.293;1.974;52.762
-2.476;2.572;52.989
-2.461;2.832;52.967
-2.088;0.592;52.503
-2.399;3.632;52.886
-2.459;2.652;52.961
-2.193;1.434;52.629
-2.470;2.399;52.972
-2.288;4.278;52.742
-1.954;0.106;52.328
-2.027;0.377;52.411
-2.456;2.342;52.932
-2.174;1.279;52.581
-2.510;3.029;52.994
-2.266;4.361;52.687
-2.271;1.540;52.694
-2.148;1.131;52.543
-2.412;3.774;52.860
-2.135;4.623;52.507
-2.517;3.427;52.971
-2.387;3.978;52.803
-2.486;3.533;52.924
-2.050;0.287;52.392
-2.260;1.490;52.642
-2.225;1.382;52.600
-2.222;4.481;52.591
-2.114;0.537;52.459
-1.950;0.013;52.257
-2.460;3.733;52.870
-2.472;3.670;52.880
-2.353;1.634;52.732
-2.200;4.545;52.539
-2.188;4.577;52.521
-2.426;2.131;52.810
-2.349;1.583;52.717
-2.279;4.414;52.626
-2.587;3.273;52.999
-2.323;1.527;52.681
-2.588;3.033;52.999
-2.081;0.297;52.388
-2.532;2.810;52.929
-2.073;0.238;52.375
-2.118;0.455;52.424
-2.450;3.861;52.821
-2.429;2.094;52.796
-2.585;2.939;52.982
-2.569;2.533;52.963
-2.483;2.200;52.856
-2.065;0.138;52.352
-2.409;1.935;52.758
-2.401;1.776;52.743
-2.551;2.672;52.921
-2.425;1.981;52.771
-2.401;1.834;52.741
-2.225;1.081;52.531
-2.596;3.372;52.972
-2.397;4.158;52.732
-2.542;2.333;52.904
-2.488;2.174;52.839
-2.291;1.436;52.602
-2.123;0.374;52.400
-2.298;4.403;52.601
-2.370;4.268;52.687
-2.282;1.376;52.579
-2.642;3.077;53.002
-2.030;0.021;52.276
-2.516;3.768;52.839
-2.507;3.790;52.827
-2.476;2.063;52.790
-2.655;3.230;52.997
-2.602;2.629;52.935
-2.261;4.518;52.529
-2.587;3.537;52.910
-2.257;1.039;52.520
-2.587;2.774;52.903
-2.592;2.365;52.909
-2.484;3.935;52.779
-2.292;1.277;52.556
-2.247;0.835;52.503
-2.387;4.276;52.663
-2.534;2.154;52.837
-2.470;4.033;52.750
-2.268;0.810;52.512
-2.571;2.278;52.858
-2.216;0.537;52.438
-2.690;3.272;52.984
-2.036;-0.034;52.226
-2.686;2.871;52.972
-2.205;0.439;52.414
-2.080;0.008;52.269
-2.266;4.568;52.473
-2.197;0.344;52.392
-2.659;3.479;52.921
-2.423;4.290;52.646
-2.472;1.637;52.704
-2.571;2.103;52.814
-2.277;0.734;52.476
-2.650;2.371;52.898
-2.647;3.565;52.889
-2.399;4.346;52.601
-2.738;3.173;52.989
-2.735;3.032;52.984
-2.632;2.328;52.866
-2.208;0.257;52.378
-2.720;2.830;52.960
-2.633;3.671;52.856
-2.637;2.727;52.861
-2.585;3.795;52.799
-2.619;2.272;52.838
-2.507;1.837;52.710
-2.248;0.479;52.416
-2.730;3.330;52.960
-2.381;4.398;52.558
-2.209;0.180;52.364
-2.475;1.539;52.660
-2.381;1.378;52.553
-2.158;0.045;52.301
-2.461;1.515;52.632
-2.267;0.399;52.403
-2.712;2.479;52.901
-2.577;3.952;52.746
-2.343;0.779;52.479
-2.345;0.837;52.481
-2.208;0.079;52.327
-2.573;1.975;52.733
-2.376;4.453;52.510
-2.338;0.737;52.466
-2.112;-0.058;52.214
-2.332;4.523;52.456
-2.383;1.157;52.513
-2.618;2.056;52.773
-2.702;3.611;52.864
-2.273;0.322;52.387
-2.661;2.173;52.815
-2.420;1.376;52.546
-2.550;4.083;52.688
-2.555;1.835;52.694
-2.780;3.371;52.939
-2.781;2.800;52.941
-2.656;2.081;52.799
-2.549;1.676;52.680
-2.645;3.823;52.777
-2.773;2.775;52.921
-2.711;3.637;52.849
-2.630;3.884;52.756
-2.535;4.178;52.649
-2.174;-0.015;52.249
-2.750;2.628;52.882
-2.402;0.977;52.497
-2.522;4.235;52.621
-2.374;4.512;52.451
-2.837;2.874;52.960
-2.736;2.378;52.849
-2.833;3.232;52.953
-2.505;1.492;52.589
-2.129;-0.127;52.176
-2.366;0.637;52.429
-2.292;0.141;52.349
-2.777;3.552;52.876
-2.318;0.386;52.375
-2.239;0.022;52.289
-2.805;3.476;52.898
-2.355;0.560;52.408
-2.834;3.411;52.915
-2.473;1.338;52.516
-2.691;3.878;52.750
-2.793;2.583;52.862
-2.473;4.409;52.511
-2.781;2.430;52.844
-2.733;2.134;52.793
-2.552;4.257;52.593
-2.777;3.674;52.837
-2.225;-0.026;52.239
-2.194;-0.080;52.204
-2.450;4.449;52.475
-2.563;1.503;52.598
-2.163;-0.192;52.164
-2.673;3.954;52.708
-2.764;2.334;52.807
-2.674;1.956;52.710
-2.794;3.712;52.824
-2.881;3.332;52.918
-2.744;3.835;52.765
-2.436;0.739;52.437
-2.665;1.878;52.680
-2.655;1.775;52.669
-2.649;4.056;52.658
-2.780;2.273;52.796
-2.516;1.376;52.515
-2.909;2.850;52.932
-2.423;0.638;52.412
-2.864;3.493;52.879
-2.638;1.636;52.639
-2.809;3.731;52.817
-2.501;1.277;52.487
-2.413;0.558;52.390
-2.847;3.574;52.849
-2.847;2.552;52.849
-2.205;-0.156;52.167
-2.938;3.133;52.940
-2.498;1.079;52.474
-2.316;-0.000;52.277
-2.402;0.238;52.364
-2.401;0.344;52.359
-2.610;1.499;52.578
-2.388;0.119;52.338
-2.907;3.435;52.882
-2.648;1.555;52.610
-2.604;4.296;52.560
-2.814;3.775;52.775
-2.901;2.673;52.864
-2.599;1.444;52.536
-2.666;4.156;52.599
-2.382;0.048;52.304
-2.928;2.695;52.869
-2.789;1.996;52.717
-2.568;1.357;52.487
-2.825;2.054;52.752
-2.439;0.437;52.350
-2.440;0.179;52.351
-2.565;4.404;52.473
-2.860;2.414;52.780
-2.767;3.969;52.681
-2.981;2.845;52.903
-2.877;3.683;52.793
-2.554;1.078;52.459
-2.852;2.335;52.761
-2.991;3.275;52.902
-2.748;4.029;52.643
-2.370;-0.039;52.252
-2.963;3.489;52.856
-2.944;2.627;52.836
-2.537;0.778;52.417
-2.283;-0.177;52.157
-2.616;4.378;52.494
-2.963;2.642;52.850
-2.813;1.971;52.690
-2.968;3.446;52.842
-2.607;4.418;52.468
-2.897;2.414;52.765
-3.036;3.080;52.905
-2.726;1.541;52.588
-2.853;3.837;52.714
-2.596;1.284;52.449
-2.807;1.879;52.662
-2.762;1.657;52.616
-2.315;-0.194;52.162
-3.011;3.340;52.866
-2.922;3.718;52.773
-2.543;0.639;52.384
-2.789;1.737;52.625
-2.907;2.279;52.743
-2.994;3.532;52.827
-2.905;2.335;52.737
-2.685;1.436;52.508
-2.520;0.297;52.338
-2.786;1.603;52.603
-3.015;2.592;52.826
-2.500;0.046;52.294
-2.581;0.605;52.368
-2.738;4.236;52.520
-2.947;2.175;52.728
-2.741;1.476;52.524
-2.653;4.438;52.430
-2.942;3.776;52.717
-2.654;1.238;52.432
-2.650;1.138;52.429
-2.325;-0.245;52.105
-3.053;2.634;52.815
-2.644;0.977;52.409
-2.444;-0.093;52.210
-2.927;3.839;52.683
-3.044;3.575;52.795
-2.905;1.942;52.657
-2.714;4.358;52.466
-3.038;2.530;52.784
-3.125;3.173;52.866
-3.115;3.034;52.854
-3.117;2.974;52.856
-3.028;3.657;52.767
-2.426;-0.158;52.177
-3.103;2.774;52.830
-2.707;1.279;52.441
-2.655;0.840;52.388
-2.822;1.539;52.550
-2.695;1.180;52.425
-2.407;-0.213;52.144
-2.897;1.838;52.619
-2.609;0.519;52.337
-2.893;3.976;52.610
-2.768;1.418;52.489
-2.686;1.039;52.407
-3.092;3.534;52.798
-3.086;2.574;52.792
-3.005;2.333;52.714
-2.604;0.340;52.325
-2.515;-0.044;52.236
-3.014;2.343;52.716
-2.634;0.552;52.340
-2.577;0.003;52.263
-2.760;1.277;52.436
-2.809;1.407;52.481
-2.845;4.151;52.512
-2.644;0.479;52.319
-3.040;2.175;52.692
-2.642;0.282;52.313
-2.646;0.141;52.316
-2.613;0.072;52.283
-2.744;4.428;52.404
-3.040;3.755;52.687
-2.848;1.471;52.503
-2.740;1.078;52.399
-2.560;-0.058;52.227
-3.151;2.634;52.788
-3.061;3.729;52.697
-3.064;2.275;52.699
-2.732;0.891;52.381
-3.063;2.192;52.694
-3.023;2.056;52.655
-2.744;0.978;52.390
-3.180;3.431;52.802
-2.675;0.501;52.324
-3.138;3.594;52.760
-3.142;3.544;52.764
-3.181;2.873;52.801
-3.196;3.362;52.811
-2.933;1.636;52.558
-3.209;3.173;52.817
-3.204;3.073;52.810
-2.997;1.937;52.611
-3.011;3.880;52.621
-2.963;1.756;52.575
-2.834;4.254;52.450
-3.202;2.933;52.798
-2.739;0.746;52.358
-2.996;1.876;52.598
-3.191;2.772;52.779
-2.912;1.532;52.517
-3.105;3.716;52.685
-3.143;2.443;52.721
-2.788;0.978;52.390
-2.988;3.968;52.574
-3.022;1.905;52.603
-2.708;0.446;52.308
-2.701;0.379;52.300
-3.104;2.265;52.671
-3.106;2.205;52.673
-2.579;-0.121;52.179
-3.193;2.500;52.744
-2.962;1.577;52.525
-2.803;0.837;52.376
-2.807;0.800;52.380
-2.722;0.182;52.299
-3.072;3.840;52.618
-3.044;1.904;52.591
-2.696;0.048;52.270
-2.869;1.278;52.418
-3.131;2.176;52.651
-2.736;0.380;52.289
-3.049;1.875;52.570
-2.749;0.104;52.294
-2.660;-0.060;52.210
-3.038;3.979;52.547
-3.234;2.477;52.725
-2.916;1.404;52.433
-3.225;2.435;52.713
-2.675;-0.046;52.210
-3.130;3.788;52.618
-2.911;1.338;52.415
-2.834;0.737;52.344
-2.902;1.078;52.402
-2.847;0.748;52.352
-3.011;1.584;52.498
-2.524;-0.204;52.056
-3.282;2.834;52.740
-3.049;1.761;52.527
-3.008;4.095;52.485
-3.201;2.275;52.660
-3.308;2.944;52.755
-2.817;0.659;52.310
-2.941;4.219;52.418
-3.272;2.635;52.718
-2.697;-0.084;52.199
-2.897;0.981;52.377
-3.194;3.718;52.639
-2.808;0.388;52.283
-2.800;0.200;52.272
-2.612;-0.164;52.104
-3.271;3.587;52.684
-3.160;2.075;52.568
-3.139;1.983;52.549
-2.586;-0.190;52.059
-2.927;4.325;52.358
-2.978;4.215;52.403
-3.043;1.539;52.462
-2.980;1.386;52.404
-2.967;1.279;52.391
-2.850;0.578;52.288
-2.955;1.344;52.378
-2.735;-0.091;52.184
-3.327;2.776;52.703
-3.313;3.524;52.686
-3.139;3.894;52.531
-3.256;3.675;52.634
-3.316;2.583;52.687
-3.028;1.460;52.430
-3.214;3.772;52.588
-3.360;2.974;52.718
-2.960;0.945;52.366
-2.825;0.074;52.248
-3.212;2.138;52.586
-2.794;-0.005;52.219
-3.134;1.843;52.507
-2.968;0.880;52.356
-3.171;3.857;52.531
-3.379;3.175;52.710
-2.860;0.283;52.257
-3.003;1.177;52.376
-3.345;2.499;52.671
-3.016;1.286;52.386
-3.001;1.079;52.372
-2.984;4.288;52.354
-3.108;4.038;52.462
-3.362;3.379;52.685
-2.744;-0.102;52.148
-3.369;2.894;52.689
-3.361;3.473;52.673
-3.102;1.538;52.448
-3.359;2.677;52.670
-2.986;0.780;52.339
-2.947;0.709;52.305
-3.352;2.476;52.651
-3.278;3.701;52.583
-3.118;1.536;52.446
-3.160;3.957;52.478
-2.903;0.497;52.256
-2.900;0.379;52.251
-3.340;2.355;52.625
-3.375;2.635;52.652
-3.041;1.138;52.366
-3.166;1.784;52.471
-3.154;1.680;52.455
-2.994;4.210;52.315
-3.216;1.937;52.500
-3.425;3.241;52.677
-3.101;1.356;52.399
-3.066;1.240;52.369
-3.430;3.080;52.678
-3.399;2.650;52.647
-3.046;0.978;52.347
-3.243;3.818;52.511
-3.425;2.975;52.667
-3.012;4.215;52.312
-3.423;2.876;52.663
-3.298;2.146;52.557
-3.241;1.996;52.509
-3.057;1.038;52.352
-3.436;3.179;52.672
-3.413;3.336;52.646
-2.957;0.643;52.260
-3.050;4.220;52.336
-2.872;-0.055;52.187
-2.947;0.585;52.243
-3.224;1.838;52.475
-3.042;0.759;52.321
-3.283;2.031;52.522
-3.406;2.536;52.624
-3.393;2.337;52.595
-3.275;1.877;52.489
-3.238;1.758;52.454
-3.119;1.141;52.354
-3.194;4.034;52.414
-3.346;2.159;52.540
-2.731;-0.145;52.027
-3.448;2.769;52.621
-3.007;0.634;52.254
-3.195;1.476;52.408
-3.408;3.555;52.583
-3.448;3.377;52.617
-3.410;2.236;52.585
-3.190;4.058;52.399
-3.444;2.636;52.611
-3.194;1.438;52.403
-2.860;-0.089;52.126
-2.946;0.009;52.196
-3.439;2.476;52.601
-3.436;3.475;52.597
-3.041;0.661;52.267
-3.427;2.076;52.575
-3.252;1.679;52.429
-3.243;3.936;52.418
-3.361;1.942;52.513
-3.132;1.018;52.323
-2.991;0.079;52.205
-3.016;0.539;52.219
-3.423;1.986;52.547
-3.158;1.038;52.329
-3.333;3.779;52.469
-2.867;-0.098;52.088
-2.798;-0.131;52.029
-3.501;2.774;52.600
-3.150;0.879;52.312
-3.334;1.778;52.458
-3.499;2.735;52.588
-2.965;-0.059;52.154
-3.405;3.645;52.509
-3.138;0.744;52.288
-3.492;2.237;52.571
-3.172;0.868;52.311
-3.490;2.376;52.567
-3.208;4.145;52.333
-3.527;2.937;52.585
-3.181;0.982;52.305
-3.297;1.578;52.393
-3.337;3.870;52.415
-3.114;0.641;52.235
-3.283;1.417;52.363
-3.529;2.636;52.556
-3.270;1.278;52.336
-3.213;0.805;52.291
-2.920;-0.095;52.058
-2.868;-0.125;52.001
-3.429;3.737;52.440
-3.501;1.937;52.499
-3.497;1.913;52.487
-3.073;-0.002;52.150
-3.152;0.607;52.210
-3.142;0.581;52.202
-3.108;0.359;52.175
-3.592;2.836;52.548
-3.485;1.836;52.464
-3.243;0.814;52.274
-3.601;2.882;52.553
-3.501;3.592;52.470
-3.585;2.194;52.533
-3.338;1.467;52.339
-3.484;1.785;52.452
-3.612;3.217;52.547
-3.277;4.167;52.281
-3.117;0.072;52.159
-3.300;1.040;52.299
-3.297;4.078;52.293
-3.535;3.518;52.477
-3.624;3.077;52.539
-3.291;0.942;52.281
-3.450;1.675;52.397
-3.283;0.840;52.267
-3.624;3.177;52.525
-3.616;2.777;52.513
-3.585;3.344;52.484
-3.616;2.078;52.509
-3.615;2.437;52.506
-3.373;1.339;52.318
-3.266;0.739;52.234
-3.541;1.838;52.443
-3.371;1.179;52.312
-3.617;3.280;52.499
-3.093;-0.038;52.096
-3.432;3.859;52.353
-3.664;3.038;52.531
-3.194;0.540;52.171
-3.328;4.118;52.267
-3.533;1.757;52.424
-3.634;2.676;52.499
-3.669;3.160;52.523
-3.186;0.139;52.154
-3.186;0.282;52.152
-3.366;1.045;52.287
-3.017;-0.093;52.020
-3.407;1.437;52.310
-3.591;1.904;52.448
-3.412;1.374;52.307
-3.169;0.008;52.123
-3.239;0.581;52.174
-3.563;3.581;52.416
-3.406;1.239;52.295
-3.583;3.487;52.426
-3.671;2.837;52.485
-3.232;0.379;52.151
-3.621;3.417;52.437
-3.666;3.278;52.467
-3.118;-0.033;52.057
-3.261;0.477;52.159
-3.263;0.404;52.160
-3.384;4.040;52.246
-3.652;3.337;52.447
-3.501;1.543;52.334
-3.538;1.631;52.358
-3.680;2.659;52.458
-3.680;2.577;52.458
-3.272;0.340;52.147
-3.706;3.137;52.467
-3.367;0.778;52.216
-3.467;3.917;52.287
-3.706;2.237;52.466
-3.559;1.604;52.351
-3.686;1.932;52.443
-3.463;1.139;52.278
-3.295;0.541;52.154
-3.296;0.381;52.153
-3.629;1.738;52.395
-3.695;2.382;52.442
-3.460;1.041;52.266
-3.535;1.487;52.318
-3.277;0.084;52.129
-3.298;0.048;52.142
-3.284;0.181;52.130
-3.672;1.794;52.407
-3.313;0.246;52.141
-3.444;0.881;52.232
-3.495;1.257;52.268
-3.440;4.021;52.223
-3.506;1.139;52.269
-3.596;1.539;52.327
-3.773;1.978;52.454
-3.429;0.739;52.198
-3.657;3.478;52.359
-3.347;0.137;52.135
-3.751;2.358;52.422
-3.528;1.103;52.257
-3.409;0.082;52.161
-3.728;3.334;52.387
-3.768;3.156;52.414
-3.577;3.848;52.274
-3.411;0.265;52.157
-3.412;0.143;52.153
-3.631;1.478;52.308
-3.596;1.358;52.283
-3.639;3.638;52.311
-3.808;2.086;52.433
-3.791;2.277;52.413
-3.572;1.187;52.257
-3.628;3.742;52.294
-3.790;3.058;52.408
-3.552;1.040;52.237
-3.788;1.782;52.403
-3.457;0.680;52.167
-3.788;2.534;52.399
-3.719;1.641;52.350
-3.516;3.957;52.203
-3.567;1.040;52.240
-3.554;0.940;52.231
-3.647;3.698;52.294
-3.168;0.208;51.943
-3.800;2.476;52.388
-3.224;0.291;51.981
-3.787;2.691;52.377
-3.866;1.977;52.431
-3.773;1.681;52.365
-3.767;3.274;52.359
-3.766;3.340;52.355
-3.436;0.442;52.124
-3.432;0.338;52.121
-3.179;0.243;51.943
-3.862;1.818;52.420
-3.724;3.460;52.314
-3.730;1.562;52.317
-3.599;0.889;52.222
-3.687;1.338;52.282
-3.572;3.913;52.192
-3.854;1.746;52.391
-3.801;3.322;52.351
-3.842;2.338;52.380
-3.711;1.379;52.284
-3.513;0.639;52.146
-3.262;0.339;51.970
-3.522;0.648;52.148
-3.572;0.760;52.179
-3.506;0.539;52.128
-3.624;3.880;52.203
-3.914;1.811;52.403
-3.691;1.195;52.243
-3.818;3.298;52.328
-3.721;3.700;52.259
-3.864;2.985;52.344
-3.750;1.305;52.265
-3.843;3.243;52.326
-3.811;1.540;52.305
-3.867;3.193;52.340
-3.636;0.836;52.181
-3.316;0.368;51.962
-3.870;3.082;52.337
-3.870;2.448;52.337
-3.547;0.482;52.117
-3.855;2.677;52.325
-3.528;0.357;52.100
-3.798;3.444;52.279
-3.862;1.604;52.322
-3.572;0.545;52.125
-3.572;0.510;52.125
-3.857;2.779;52.316
-3.856;2.678;52.314
-3.961;1.785;52.386
-3.725;3.780;52.222
-3.950;1.737;52.375
-3.637;0.744;52.162
-3.874;2.837;52.318
-3.689;0.883;52.184
-3.779;3.679;52.242
-3.976;2.006;52.376
-3.841;3.381;52.278
-3.930;2.338;52.335
-3.611;0.538;52.121
-3.768;3.740;52.223
-3.891;2.662;52.306
-3.837;1.478;52.271
-3.612;0.483;52.109
-3.828;1.342;52.251
-3.602;0.440;52.100
-3.761;1.141;52.205
-3.817;3.538;52.239
-3.909;3.173;52.299
-3.920;2.480;52.306
-3.912;2.886;52.299
-3.985;2.080;52.348
-3.758;1.079;52.197
-3.816;1.304;52.232
-3.434;0.399;51.970
-4.000;2.179;52.339
-4.032;1.838;52.358
-3.903;1.535;52.273
-3.415;0.396;51.947
-3.933;3.083;52.286
-4.010;1.998;52.337
-3.894;3.342;52.257
-3.931;2.561;52.283
-3.937;2.961;52.284
-3.841;3.610;52.213
-3.981;1.594;52.300
-3.759;0.861;52.151
-3.848;3.679;52.204
-3.666;0.410;52.083
-3.940;2.680;52.255
-3.807;0.998;52.166
-3.874;1.306;52.207
-3.964;3.039;52.263
-3.873;3.638;52.202
-3.966;2.540;52.263
-3.960;2.999;52.257
-3.861;1.241;52.180
-4.015;1.582;52.278
-3.761;0.639;52.112
-4.076;2.078;52.312
-3.700;0.384;52.067
-3.855;1.140;52.165
-3.800;0.806;52.130
-3.693;0.324;52.061
-4.007;2.439;52.261
-3.911;1.340;52.196
-4.098;1.839;52.312
-4.064;2.279;52.288
-3.850;0.983;52.149
-3.715;0.311;52.055
-3.896;3.540;52.160
-3.908;3.489;52.164
-4.051;2.385;52.252
-3.827;0.742;52.108
-3.886;1.081;52.138
-3.948;3.422;52.169
-4.001;2.739;52.199
-4.125;2.180;52.278
-3.998;3.260;52.195
-4.134;1.986;52.281
-4.124;1.739;52.271
-4.026;2.581;52.207
-4.022;1.548;52.205
-3.983;1.481;52.180
-3.879;0.841;52.115
-4.023;2.682;52.198
-3.920;3.536;52.130
-4.022;3.199;52.194
-4.018;3.079;52.192
-3.870;0.742;52.100
-3.958;1.340;52.151
-3.932;3.486;52.130
-4.109;2.339;52.240
-3.875;0.706;52.094
-3.799;0.303;52.047
-3.986;3.415;52.158
-4.120;2.284;52.243
-4.168;1.839;52.273
-3.852;0.541;52.069
-4.171;2.035;52.263
-3.841;0.382;52.047
-3.992;1.282;52.129
-4.084;1.541;52.182
-3.964;0.865;52.099
-3.918;0.700;52.069
-4.128;2.448;52.195
-4.142;1.581;52.185
-4.206;2.260;52.212
-3.900;0.360;52.027
-4.056;2.860;52.117
-4.110;2.681;52.149
-4.110;1.481;52.148
-4.049;1.241;52.109
-3.947;0.584;52.038
-4.073;2.981;52.110
-4.193;2.382;52.182
-4.253;1.939;52.219
-4.257;1.842;52.219
-4.189;2.518;52.168
-4.091;3.241;52.107
-4.183;1.540;52.163
-4.091;3.342;52.101
-3.933;0.283;52.005
-4.097;2.789;52.099
-4.105;3.242;52.089
-4.087;3.044;52.078
-4.090;1.192;52.081
-4.094;2.939;52.081
-4.166;1.440;52.124
-4.073;0.983;52.069
-4.222;2.481;52.155
-4.006;0.644;52.015
-4.303;1.941;52.185
-4.305;1.881;52.187
-4.069;0.789;52.048
-4.181;2.660;52.111
-4.144;2.746;52.076
-4.142;1.241;52.074
-4.129;1.147;52.062
-4.153;1.238;52.074
-4.260;2.423;52.134
-4.199;1.370;52.097
-4.315;2.160;52.162
-4.011;0.259;51.981
-4.281;2.341;52.135
-4.337;2.080;52.159
-4.330;1.585;52.148
-4.286;1.510;52.122
-4.178;1.181;52.059
-4.264;1.439;52.102
-4.189;1.117;52.057
-4.273;2.488;52.103
-4.139;3.061;52.022
-4.141;0.761;52.025
-4.320;2.282;52.124
-4.149;3.176;52.014
-4.310;2.381;52.105
-4.244;2.640;52.061
-4.177;2.780;52.021
-4.096;0.542;51.977
-4.098;0.343;51.974
-4.389;1.980;52.132
-4.397;1.688;52.137
-4.098;0.490;51.968
-4.409;1.599;52.130
-4.230;1.041;52.025
-4.288;1.368;52.056
-4.224;0.883;52.015
-4.251;1.179;52.026
-4.161;0.582;51.976
-4.218;0.782;52.002
-4.428;1.883;52.117
-4.157;0.481;51.964
-4.361;1.442;52.074
-4.181;3.082;51.971
-4.292;1.289;52.032
-4.356;2.382;52.061
-4.222;2.759;51.978
-4.398;2.273;52.071
-4.345;1.381;52.038
-4.401;2.301;52.060
-4.310;2.619;52.008
-4.186;0.441;51.941
-4.188;0.342;51.939
-4.247;0.681;51.969
-4.185;0.284;51.928
-4.242;0.582;51.957
-4.207;2.968;51.929
-4.442;1.504;52.058
-4.240;0.484;51.949
-4.222;2.982;51.928
-4.496;1.861;52.077
-4.447;2.230;52.047
-4.319;0.943;51.978
-4.228;0.344;51.929
-4.454;2.291;52.021
-4.487;2.177;52.029
-4.319;2.659;51.935
-4.350;0.883;51.951
-4.363;2.595;51.955
-4.522;1.982;52.040
-4.433;1.385;51.991
-4.287;0.343;51.912
-4.286;2.848;51.899
-4.279;0.243;51.897
-4.568;1.742;52.045
-4.339;0.583;51.924
-4.426;2.483;51.965
-4.507;1.522;52.007
-4.415;1.005;51.953
-4.416;2.529;51.951
-4.583;1.684;52.033
-4.489;1.451;51.984
-4.309;0.260;51.888
-4.473;2.390;51.967
-4.550;2.082;52.006
-4.403;0.881;51.926
-4.325;0.197;51.884
-4.460;1.242;51.951
-4.404;0.443;51.913
-4.405;0.378;51.914
-4.358;2.681;51.882
-4.446;0.947;51.919
-4.421;2.570;51.902
-4.586;1.603;51.987
-4.464;2.502;51.917
-4.591;1.981;51.980
-4.490;1.004;51.921
-4.371;0.183;51.859
-4.544;2.283;51.944
-4.574;2.142;51.959
-4.516;1.288;51.926
-4.593;2.099;51.963
-4.619;1.948;51.967
-4.470;2.536;51.883
-4.560;1.443;51.925
-4.554;1.183;51.919
-4.550;1.349;51.911
-4.486;0.785;51.875
-4.516;2.461;51.887
-4.491;0.883;51.876
-4.487;0.690;51.872
-4.654;1.683;51.943
-4.540;0.983;51.883
-4.478;0.244;51.852
-4.381;0.129;51.796
-4.574;2.377;51.880
-4.608;1.183;51.893
-4.524;0.442;51.852
-4.549;0.543;51.861
-4.533;0.353;51.853
-4.630;2.162;51.898
-4.690;1.723;51.928
-4.677;1.995;51.919
-4.707;1.749;51.928
-4.600;1.043;51.872
-4.586;0.544;51.844
-4.638;1.384;51.861
-4.583;0.384;51.834
-4.626;0.945;51.838
-4.625;0.685;51.834
-4.627;0.891;51.831
-4.608;0.800;51.818
-4.528;0.024;51.781
-4.685;2.092;51.845
-4.711;1.992;51.855
-4.701;1.084;51.851
-4.737;1.886;51.866
-4.726;1.584;51.858
-4.550;0.005;51.770
-4.688;0.943;51.827
-4.744;1.144;51.850
-4.599;0.040;51.776
-4.739;1.244;51.839
-4.726;1.385;51.814
-4.721;2.083;51.801
-4.600;0.784;51.742
-4.717;0.546;51.791
-4.740;0.745;51.799
-4.739;0.684;51.797
-4.678;0.282;51.762
-4.758;1.978;51.793
-4.790;1.284;51.806
-4.810;1.801;51.813
-4.757;1.986;51.785
-4.758;0.747;51.786
-4.837;1.144;51.814
-4.837;0.944;51.813
-4.691;0.145;51.737
-4.810;1.880;51.770
-4.818;0.684;51.772
-4.813;0.624;51.760
-4.837;0.608;51.756
-4.799;0.386;51.735
-4.878;1.488;51.760
-4.916;0.685;51.749
-4.848;0.245;51.699
-4.907;1.360;51.721
-4.921;0.414;51.716
-4.941;1.525;51.716
-4.937;1.285;51.711
-4.942;1.348;51.709
-4.969;0.584;51.719
-4.956;1.447;51.701
-4.965;0.389;51.697
-4.955;1.344;51.689
-5.011;0.887;51.713
-4.900;0.184;51.666
-5.008;0.984;51.707
-4.857;0.053;51.640
-4.971;1.245;51.678
-4.994;1.181;51.684
-5.024;1.102;51.694
-4.933;0.168;51.651
-4.980;0.248;51.657
-5.039;1.086;51.679
-5.065;0.845;51.690
-5.030;1.125;51.673
-5.063;0.946;51.681
-5.023;0.309;51.659
-5.045;0.348;51.660
4.442;-0.010;52.198
4.438;0.038;52.213
4.270;-0.107;52.113
4.425;0.051;52.230
4.246;-0.114;52.118
4.407;0.156;52.264
4.416;0.238;52.291
4.353;0.064;52.259
4.382;0.185;52.285
4.184;-0.112;52.146
4.284;-0.060;52.223
4.398;0.288;52.336
4.202;-0.077;52.207
4.349;0.378;52.318
4.412;0.359;52.371
4.311;0.140;52.300
4.308;0.083;52.298
4.327;0.251;52.340
4.128;-0.089;52.202
4.234;-0.045;52.287
4.411;0.537;52.421
4.244;0.040;52.312
4.358;0.391;52.415
4.154;-0.060;52.268
4.253;0.138;52.343
4.362;0.538;52.438
4.255;0.207;52.360
4.056;-0.092;52.222
4.340;0.670;52.437
4.269;0.279;52.391
4.278;0.357;52.420
4.329;0.736;52.466
4.285;0.438;52.440
4.189;0.086;52.369
4.296;0.537;52.464
4.202;0.238;52.402
4.094;-0.045;52.321
4.210;0.317;52.431
4.216;0.378;52.450
4.115;0.026;52.380
4.127;0.200;52.409
4.233;0.571;52.494
4.279;0.901;52.534
4.124;0.097;52.412
4.245;0.636;52.517
4.287;0.937;52.556
4.138;0.277;52.438
4.251;0.736;52.542
4.147;0.398;52.465
4.151;0.455;52.474
4.047;-0.015;52.391
3.930;-0.028;52.307
4.262;0.935;52.579
4.262;0.893;52.582
3.995;-0.039;52.376
11.326;10.846;53.673
4.406;-0.055;52.184
4.337;-0.080;52.159
4.356;-0.028;52.221
4.429;0.433;52.403
4.265;-0.084;52.170
4.362;0.427;52.351
4.361;0.478;52.440
4.304;0.677;52.475
4.306;0.701;52.489
4.306;0.885;52.531
4.295;0.778;52.515
4.193;0.157;52.379
4.161;-0.020;52.340
4.277;1.030;52.561
4.225;0.483;52.472
4.236;0.976;52.596
4.121;0.164;52.396
4.209;1.229;52.636
4.052;0.031;52.411
4.012;-0.052;52.336
4.062;0.130;52.441
4.203;1.675;52.744
4.141;0.933;52.659
4.154;1.334;52.695
3.994;0.199;52.469
4.030;0.529;52.548
4.114;1.928;52.721
4.043;0.590;52.601
4.106;1.291;52.734
4.087;1.173;52.708
3.972;0.272;52.485
4.083;0.836;52.708
4.106;1.472;52.762
4.116;1.675;52.787
4.114;1.534;52.783
3.883;-0.051;52.374
3.979;0.551;52.613
4.034;1.893;52.771
4.036;1.426;52.776
3.861;-0.031;52.428
4.026;1.134;52.762
4.048;1.694;52.810
3.995;2.176;52.710
4.048;1.533;52.817
3.875;0.374;52.544
3.872;0.077;52.538
3.954;1.995;52.758
3.961;1.932;52.778
3.975;1.734;52.824
3.979;1.674;52.833
3.900;2.334;52.705
3.800;0.295;52.557
3.699;-0.084;52.353
3.825;0.478;52.625
3.843;2.568;52.673
3.876;2.193;52.753
3.910;1.034;52.844
3.914;1.658;52.856
3.859;2.273;52.752
3.889;1.635;52.833
3.782;2.667;52.670
3.826;2.134;52.782
3.767;2.692;52.663
3.799;2.434;52.747
3.809;2.274;52.775
3.800;0.646;52.758
3.766;2.628;52.700
3.770;0.592;52.713
3.846;0.972;52.882
3.847;1.134;52.889
3.729;2.749;52.640
3.792;1.549;52.854
3.676;0.234;52.604
3.818;1.526;52.922
3.758;0.749;52.840
3.751;2.232;52.830
3.762;1.973;52.854
3.789;1.372;52.922
3.789;1.033;52.921
3.783;0.933;52.915
3.752;2.033;52.857
3.754;1.494;52.882
3.705;2.369;52.832
3.560;-0.032;52.514
3.586;2.894;52.579
3.608;0.078;52.632
3.686;2.333;52.851
3.708;1.833;52.906
3.698;0.788;52.886
3.721;1.033;52.944
3.665;2.273;52.884
3.547;0.315;52.674
3.545;0.136;52.670
3.565;0.474;52.727
3.563;2.735;52.727
3.578;0.545;52.765
3.595;2.594;52.806
3.608;0.686;52.839
3.599;2.570;52.821
3.655;0.932;52.966
3.622;0.752;52.890
3.648;2.183;52.954
3.645;1.769;52.946
3.642;1.673;52.939
3.647;1.424;52.951
3.660;1.133;52.989
3.648;1.832;52.967
3.388;-0.092;52.453
3.459;2.928;52.646
3.437;2.968;52.600
3.491;0.437;52.730
3.585;0.932;52.982
3.576;0.862;52.961
3.555;2.411;52.917
3.588;1.171;53.003
3.416;0.006;52.642
3.539;2.365;52.957
3.501;0.707;52.880
3.391;0.034;52.670
3.410;2.891;52.718
3.418;0.235;52.741
3.443;0.547;52.808
3.486;2.532;52.914
3.528;1.992;53.036
3.526;1.872;53.031
3.509;1.532;52.992
3.519;1.332;53.015
3.344;3.036;52.622
3.339;2.947;52.725
3.333;0.089;52.715
3.277;3.375;52.590
3.355;2.874;52.785
3.379;0.592;52.846
3.444;1.588;53.013
3.452;1.431;53.032
3.451;1.371;53.036
3.467;2.192;53.081
3.465;2.032;53.078
3.242;3.397;52.626
3.266;3.134;52.694
3.178;-0.131;52.490
3.308;0.556;52.842
3.286;0.335;52.788
3.322;2.775;52.888
3.320;0.627;52.885
3.378;1.592;53.039
3.383;1.169;53.051
3.391;2.330;53.084
3.404;2.230;53.118
3.333;0.774;52.966
3.331;1.031;53.037
3.117;-0.132;52.522
3.224;0.433;52.823
3.218;0.353;52.807
3.323;1.470;53.094
3.332;2.289;53.123
3.343;2.170;53.152
3.183;3.214;52.766
3.201;3.050;52.821
3.146;0.174;52.812
3.091;-0.073;52.667
3.042;-0.152;52.535
3.248;1.650;53.089
3.198;0.710;52.958
3.130;0.087;52.777
3.254;1.471;53.111
3.249;1.293;53.098
3.269;1.867;53.160
3.123;3.275;52.788
3.228;1.174;53.072
3.239;2.424;53.121
3.138;3.133;52.856
3.129;3.151;52.853
3.247;2.271;53.173
3.192;1.164;53.069
3.216;2.130;53.206
3.084;0.375;52.848
3.060;0.068;52.781
3.148;2.777;53.027
3.163;1.032;53.070
3.133;0.752;52.990
3.086;0.448;52.862
3.073;0.173;52.826
3.008;3.697;52.649
3.130;2.950;52.984
3.150;2.692;53.039
3.199;2.330;53.175
3.212;2.083;53.210
3.149;1.770;53.158
3.067;3.090;52.977
3.148;2.130;53.230
3.095;2.671;53.088
3.141;2.270;53.219
3.140;1.948;53.215
3.120;1.690;53.159
3.109;1.371;53.130
3.089;1.031;53.081
2.956;3.675;52.708
2.956;-0.072;52.715
3.040;3.173;52.967
3.043;0.732;52.987
2.983;3.452;52.829
3.060;1.283;53.119
3.039;2.954;53.065
3.075;2.229;53.248
3.056;1.829;53.191
3.051;1.730;53.179
3.028;2.730;53.116
3.035;2.629;53.137
3.044;2.548;53.165
3.046;1.670;53.171
3.004;3.028;53.055
2.959;0.534;52.928
2.901;3.653;52.768
2.852;3.872;52.631
2.950;3.377;52.925
3.002;1.031;53.082
2.972;0.930;53.049
2.920;0.565;52.942
2.889;0.274;52.850
2.964;2.849;53.107
2.970;1.331;53.146
2.988;1.888;53.212
2.978;1.630;53.185
2.948;2.971;53.100
2.992;2.521;53.230
2.911;3.354;52.996
2.896;3.427;52.958
2.878;3.490;52.912
2.909;0.932;53.042
2.814;0.034;52.778
2.785;3.835;52.692
2.927;1.462;53.167
2.909;3.061;53.116
2.958;2.281;53.293
2.829;0.405;52.900
2.924;2.569;53.245
2.914;1.930;53.224
2.831;3.474;52.981
2.817;0.552;52.959
2.778;3.666;52.839
2.870;1.229;53.131
2.834;1.224;53.123
2.866;2.072;53.275
2.871;2.168;53.298
2.873;2.249;53.314
2.849;2.662;53.245
2.786;3.463;53.051
2.749;3.588;52.943
2.792;3.375;53.080
2.815;1.762;53.156
2.663;4.035;52.682
2.799;3.308;53.119
2.745;0.631;52.968
2.690;0.139;52.793
2.725;3.648;52.905
2.690;0.234;52.816
2.817;1.970;53.238
2.793;1.869;53.210
2.659;3.934;52.789
2.653;0.074;52.778
2.649;0.233;52.815
2.767;1.881;53.204
2.786;2.671;53.272
2.772;2.826;53.234
2.630;4.013;52.777
2.756;3.130;53.190
2.745;1.331;53.158
2.758;3.028;53.206
2.745;1.430;53.167
2.781;2.488;53.309
2.686;0.851;53.008
2.650;0.432;52.889
2.620;0.175;52.807
2.587;4.137;52.708
2.601;4.073;52.762
2.589;-0.046;52.740
2.580;-0.125;52.708
2.704;2.789;53.255
2.674;1.570;53.166
2.670;1.671;53.160
2.672;3.310;53.171
2.569;0.374;52.830
2.547;0.036;52.772
2.620;0.893;53.029
2.597;0.672;52.948
2.562;3.976;52.857
2.531;4.127;52.795
2.504;-0.170;52.708
2.530;0.279;52.805
2.651;2.369;53.320
2.480;4.251;52.727
2.649;2.430;53.322
2.623;3.189;53.238
2.628;2.929;53.255
2.619;3.271;53.232
2.474;-0.045;52.742
2.572;1.271;53.106
2.545;0.865;53.033
2.576;3.570;53.147
2.459;4.246;52.757
2.457;0.073;52.775
2.439;-0.104;52.729
2.479;3.974;52.927
2.518;1.131;53.082
2.503;3.759;53.032
2.431;0.274;52.788
2.562;2.048;53.274
2.561;3.071;53.279
2.570;2.568;53.311
2.534;1.820;53.184
2.400;-0.204;52.713
2.529;3.589;53.188
2.516;3.628;53.162
2.559;2.229;53.320
2.510;1.431;53.143
2.504;1.325;53.123
2.391;-0.166;52.723
2.434;0.552;52.885
2.479;3.711;53.102
2.413;4.150;52.865
2.418;0.635;52.912
2.436;3.888;53.015
2.382;4.229;52.835
2.499;2.730;53.310
2.483;2.977;53.270
2.481;2.063;53.266
2.454;3.627;53.198
2.470;3.025;53.281
2.382;3.974;52.992
2.304;-0.201;52.724
2.339;4.191;52.876
2.454;2.226;53.319
2.439;2.973;53.270
2.313;4.333;52.803
2.285;-0.165;52.724
2.321;0.610;52.880
2.416;2.828;53.291
2.416;3.085;53.301
2.267;-0.027;52.748
2.368;3.731;53.166
2.341;1.130;53.085
2.336;1.070;53.073
2.237;-0.125;52.734
2.264;4.223;52.891
2.305;0.971;53.061
2.239;4.367;52.808
2.222;0.138;52.752
2.224;4.438;52.770
2.366;2.472;53.355
2.348;3.428;53.308
2.350;3.282;53.320
2.213;0.274;52.772
2.314;3.707;53.222
2.291;1.570;53.185
2.288;1.430;53.187
2.250;3.973;53.043
2.222;4.114;52.959
2.289;3.667;53.237
2.214;0.786;52.934
2.306;2.359;53.319
2.303;3.537;53.317
2.195;4.258;52.887
2.249;1.662;53.181
2.149;4.470;52.766
2.289;2.723;53.357
2.289;2.460;53.356
2.281;2.647;53.346
2.127;-0.025;52.735
2.157;0.646;52.870
2.123;-0.165;52.728
2.232;3.822;53.202
2.208;3.893;53.132
2.143;0.764;52.956
2.232;3.081;53.402
2.224;3.329;53.376
2.228;2.659;53.396
2.223;3.229;53.384
2.214;3.470;53.355
2.086;0.374;52.803
2.211;3.527;53.353
2.195;3.728;53.293
2.065;-0.227;52.736
2.070;4.495;52.759
2.061;-0.165;52.730
2.058;-0.024;52.736
2.141;3.922;53.158
2.143;1.531;53.173
2.146;3.871;53.214
2.138;1.430;53.182
2.052;0.453;52.813
2.110;1.031;53.102
2.054;4.251;52.924
2.121;1.968;53.228
2.044;0.586;52.884
2.034;0.513;52.853
2.157;3.166;53.414
2.156;3.067;53.411
2.150;3.368;53.391
2.152;2.962;53.401
2.004;-0.222;52.739
2.145;3.248;53.406
2.010;0.254;52.796
2.118;3.768;53.294
1.986;-0.306;52.731
2.046;0.993;53.097
2.038;4.011;53.121
2.013;4.147;53.016
2.008;0.765;53.002
2.092;3.007;53.436
2.089;3.228;53.435
2.088;2.628;53.430
1.981;4.289;52.934
2.080;3.468;53.403
2.071;2.429;53.376
2.070;3.671;53.379
2.010;1.131;53.125
2.071;3.382;53.423
1.984;0.884;53.058
1.921;4.520;52.763
2.008;1.386;53.199
2.007;1.572;53.206
1.978;4.057;53.118
1.967;0.962;53.096
2.022;3.167;53.448
2.017;2.867;53.440
1.929;4.130;53.108
1.963;2.188;53.283
1.867;0.173;52.820
1.943;1.969;53.222
1.943;1.469;53.224
1.957;2.288;53.305
1.937;1.531;53.219
1.839;-0.265;52.731
1.925;4.032;53.178
1.929;3.976;53.224
1.912;1.069;53.142
1.882;0.852;53.068
1.897;4.125;53.160
1.937;3.668;53.424
1.937;3.549;53.425
1.895;1.888;53.221
1.882;1.587;53.233
1.804;0.234;52.852
1.872;1.668;53.232
1.795;0.134;52.832
1.913;3.349;53.473
1.906;2.829;53.463
1.825;0.981;53.118
1.886;2.681;53.454
1.873;3.632;53.451
1.795;0.630;53.034
1.761;0.154;52.850
1.868;3.487;53.438
1.872;3.419;53.458
1.844;3.845;53.375
1.711;-0.304;52.722
1.777;4.211;53.186
1.812;2.566;53.412
1.769;1.230;53.174
1.690;-0.234;52.744
1.760;4.273;53.145
1.749;0.851;53.116
1.771;1.629;53.254
1.814;3.077;53.509
1.800;3.427;53.458
1.795;3.726;53.443
1.786;3.807;53.420
1.775;3.849;53.391
1.758;2.447;53.351
1.685;4.515;52.935
1.753;3.947;53.335
1.775;2.958;53.510
1.725;4.088;53.256
1.725;1.570;53.264
1.651;4.644;52.844
1.711;1.328;53.211
1.690;0.888;53.162
1.732;3.388;53.484
1.718;3.784;53.445
1.711;2.727;53.437
1.665;4.290;53.163
1.715;3.425;53.473
1.676;3.972;53.325
1.603;0.186;52.881
1.667;4.028;53.297
1.630;4.431;53.086
1.689;3.628;53.484
1.630;1.182;53.200
1.662;3.366;53.494
1.653;3.427;53.467
1.654;2.882;53.475
1.652;3.267;53.511
1.617;2.558;53.371
1.557;4.526;53.003
1.595;1.929;53.309
1.589;1.669;53.289
1.516;0.077;52.843
1.528;4.609;52.923
1.574;1.349;53.255
1.564;1.130;53.222
1.539;0.605;53.069
1.590;2.801;53.425
1.602;3.088;53.539
1.589;3.364;53.502
1.582;3.646;53.468
1.578;2.858;53.460
1.528;0.749;53.130
1.474;0.015;52.811
1.550;2.585;53.393
1.496;0.513;53.044
1.443;-0.287;52.689
1.528;1.866;53.326
1.519;1.767;53.319
1.506;1.329;53.265
1.500;1.268;53.258
1.435;0.010;52.801
1.488;4.360;53.233
1.530;3.277;53.538
1.529;3.023;53.550
1.482;0.949;53.218
1.504;3.583;53.472
1.492;3.627;53.483
1.479;3.920;53.399
1.481;2.165;53.420
1.471;4.130;53.379
1.485;3.428;53.503
1.374;-0.262;52.690
1.450;1.429;53.325
1.465;3.767;53.490
1.431;4.329;53.285
1.462;3.165;53.561
1.415;0.969;53.226
1.450;2.846;53.530
1.369;4.651;52.936
1.438;2.778;53.475
1.399;4.462;53.186
1.386;0.764;53.154
1.418;2.663;53.424
1.397;4.071;53.391
1.405;2.068;53.484
1.390;1.527;53.365
1.352;4.574;53.067
1.412;2.925;53.557
1.294;-0.065;52.722
1.361;1.128;53.287
1.360;4.373;53.288
1.353;1.049;53.262
1.381;3.323;53.553
1.269;-0.405;52.632
1.377;3.384;53.535
1.338;4.442;53.227
1.269;-0.123;52.686
1.298;0.332;52.949
1.266;-0.225;52.682
1.359;3.527;53.491
1.358;2.626;53.491
1.321;0.828;53.187
1.283;4.724;52.881
1.311;4.504;53.147
1.334;4.165;53.427
1.296;0.663;53.113
1.323;1.681;53.389
1.319;1.367;53.374
1.319;4.028;53.381
1.312;3.928;53.392
1.262;0.525;53.029
1.289;4.408;53.293
1.309;1.826;53.484
1.314;3.085;53.570
1.312;2.946;53.575
1.306;2.366;53.547
1.300;2.777;53.533
1.300;2.522;53.537
1.300;2.184;53.540
1.260;1.022;53.267
1.254;4.223;53.410
1.243;1.269;53.387
1.205;4.627;53.050
1.169;0.033;52.755
1.183;0.295;52.911
1.185;4.725;52.934
1.187;0.502;53.019
1.240;2.277;53.570
1.170;0.270;52.895
1.236;2.126;53.558
1.234;2.819;53.565
1.191;4.428;53.272
1.187;1.187;53.347
1.195;1.625;53.456
1.166;0.761;53.161
1.185;1.426;53.431
1.184;3.870;53.431
1.180;1.567;53.452
1.168;4.326;53.370
1.134;0.622;53.081
1.176;3.026;53.595
1.154;4.044;53.464
1.163;2.526;53.567
1.152;1.528;53.448
1.160;1.968;53.567
1.154;2.727;53.545
1.143;1.463;53.438
1.064;-0.224;52.633
1.137;4.181;53.439
1.144;3.465;53.517
1.106;0.971;53.249
1.124;3.626;53.460
1.084;0.551;53.032
1.129;2.626;53.547
1.103;4.435;53.283
1.076;4.623;53.078
1.096;4.276;53.391
1.085;4.345;53.349
1.101;2.927;53.608
1.094;3.066;53.583
1.091;2.843;53.588
1.091;2.137;53.591
1.023;0.145;52.788
1.043;4.684;53.024
1.089;2.364;53.590
1.034;0.469;52.944
1.067;4.258;53.406
1.069;3.868;53.439
1.071;3.504;53.517
1.042;0.961;53.215
1.064;1.705;53.507
1.035;0.831;53.184
1.051;1.625;53.471
0.983;-0.056;52.660
1.045;1.544;53.457
1.041;3.668;53.454
0.994;0.336;52.887
0.983;0.434;52.913
1.006;1.030;53.244
1.005;4.384;53.339
1.024;2.919;53.604
1.020;2.186;53.594
1.005;3.157;53.554
1.006;2.626;53.563
0.999;2.486;53.584
0.982;4.227;53.394
0.949;4.667;53.007
0.937;4.757;52.963
0.962;3.668;53.435
0.895;-0.224;52.629
0.905;0.326;52.865
0.931;4.432;53.264
0.937;1.567;53.487
0.941;2.785;53.579
0.939;3.127;53.582
0.917;3.830;53.440
0.910;3.822;53.444
0.910;3.766;53.448
0.899;4.326;53.334
0.906;2.027;53.556
0.893;2.465;53.583
0.867;4.472;53.174
0.876;1.867;53.522
0.854;0.848;53.148
0.819;-0.306;52.629
0.845;0.763;53.122
0.830;0.295;52.860
0.871;2.837;53.595
0.840;4.544;53.126
0.865;3.143;53.583
0.809;-0.412;52.598
0.852;2.327;53.577
0.810;0.225;52.820
0.818;4.673;53.028
0.837;4.168;53.372
0.797;4.887;52.701
0.820;0.971;53.172
0.788;-0.263;52.631
0.827;4.070;53.386
0.825;3.970;53.393
0.829;1.626;53.492
0.809;4.440;53.218
0.812;4.348;53.284
0.813;1.927;53.514
0.806;2.926;53.627
0.806;2.885;53.622
0.796;3.528;53.457
0.752;0.050;52.655
0.794;2.566;53.591
0.757;0.353;52.876
0.784;1.667;53.490
0.786;2.366;53.575
0.777;3.245;53.538
0.760;3.421;53.483
0.747;3.945;53.364
0.754;2.725;53.597
0.710;4.880;52.745
0.734;3.688;53.353
0.725;3.759;53.353
0.730;2.859;53.620
0.692;0.474;52.926
0.707;3.570;53.409
0.700;1.150;53.239
0.687;1.548;53.449
0.679;4.415;53.239
0.688;2.125;53.543
0.679;1.401;53.332
0.674;1.261;53.261
0.677;2.564;53.569
0.666;4.349;53.268
0.664;1.678;53.476
0.647;3.745;53.318
0.642;0.931;53.177
0.635;4.771;52.950
0.623;0.770;53.115
0.617;1.906;53.520
0.609;4.350;53.245
0.611;4.038;53.344
0.580;-0.409;52.601
0.599;1.828;53.500
0.585;1.074;53.226
0.576;0.253;52.797
0.571;-0.224;52.616
0.575;0.983;53.196
0.572;2.985;53.605
0.559;1.765;53.494
0.551;4.561;53.120
0.554;4.283;53.264
0.553;4.075;53.340
0.556;2.367;53.559
0.554;2.828;53.596
0.553;2.466;53.547
0.550;2.177;53.536
0.550;2.068;53.539
0.548;2.526;53.534
0.547;2.926;53.612
0.540;3.861;53.312
0.518;-0.311;52.596
0.510;4.688;53.021
0.498;4.289;53.242
0.496;3.426;53.387
0.486;0.109;52.690
0.493;2.786;53.587
0.487;3.629;53.372
0.488;3.117;53.576
0.477;2.176;53.548
0.474;3.785;53.331
0.468;1.329;53.309
0.462;4.065;53.341
0.462;2.327;53.557
0.460;2.078;53.540
0.458;1.269;53.287
0.455;2.787;53.577
0.437;2.628;53.517
0.411;4.760;52.965
0.409;1.979;53.539
0.407;2.806;53.531
0.406;3.769;53.347
0.404;1.004;53.202
0.391;0.373;52.765
0.383;4.534;53.121
0.381;3.387;53.402
0.379;4.273;53.256
0.365;4.372;53.201
0.351;3.086;53.616
0.344;3.427;53.385
0.349;0.035;52.618
0.339;3.166;53.586
0.339;2.425;53.576
0.337;2.724;53.484
0.336;3.523;53.372
0.337;4.451;53.168
0.320;0.615;52.822
0.323;-0.124;52.581
0.309;1.186;53.270
0.311;4.626;53.077
0.308;4.213;53.290
0.307;0.077;52.614
0.297;4.288;53.248
0.289;4.693;53.031
0.275;3.123;53.610
0.291;0.175;52.644
0.276;4.361;53.214
0.269;2.860;53.516
0.273;0.932;53.111
0.265;3.626;53.380
0.258;2.466;53.571
0.258;3.861;53.359
0.266;0.614;52.803
0.264;-0.070;52.566
0.240;2.337;53.570
0.242;3.969;53.321
0.244;4.709;53.027
0.220;1.789;53.454
0.238;0.475;52.717
0.214;3.529;53.440
0.216;4.245;53.277
0.208;1.730;53.428
0.203;2.586;53.547
0.215;4.674;53.049
0.194;3.066;53.612
0.214;4.864;52.856
0.217;0.334;52.664
0.188;0.968;53.099
0.169;3.328;53.524
0.177;4.530;53.131
0.168;1.461;53.359
0.179;0.753;52.936
0.160;2.827;53.497
0.159;4.083;53.292
0.152;1.879;53.484
0.177;0.547;52.720
0.158;4.251;53.264
0.166;4.848;52.906
0.146;3.544;53.463
0.150;4.167;53.279
0.132;3.268;53.558
0.147;4.667;53.049
0.117;4.029;53.304
0.120;4.461;53.187
0.140;-0.261;52.492
0.098;3.327;53.539
0.089;3.466;53.507
0.084;2.938;53.563
0.092;3.949;53.322
0.114;0.587;52.758
0.114;0.389;52.648
0.071;4.376;53.203
0.080;4.816;52.959
0.052;1.929;53.493
0.044;2.529;53.509
0.059;4.490;53.146
0.064;0.845;53.001
0.032;3.666;53.439
0.027;3.367;53.548
0.018;3.470;53.530
0.062;0.277;52.619
0.010;3.165;53.583
0.038;0.805;52.966
0.054;0.136;52.593
0.004;2.257;53.504
0.014;1.032;53.099
0.014;4.573;53.104
-0.011;2.027;53.490
0.029;4.939;52.733
-0.012;3.668;53.441
-0.007;4.228;53.252
-0.002;4.525;53.129
0.007;0.728;52.888
-0.024;1.631;53.410
0.016;-0.122;52.524
0.006;0.427;52.666
-0.038;1.425;53.302
-0.012;0.673;52.826
-0.000;0.074;52.573
-0.055;2.870;53.485
-0.006;0.349;52.637
-0.064;2.726;53.502
-0.078;2.991;53.535
-0.075;2.168;53.479
-0.062;1.349;53.265
-0.058;4.481;53.149
-0.078;1.887;53.437
-0.070;4.169;53.288
-0.055;0.774;52.917
-0.092;2.226;53.472
-0.075;0.865;52.980
-0.057;0.466;52.704
-0.114;3.965;53.366
-0.097;4.733;53.012
-0.061;-0.264;52.451
-0.137;3.165;53.552
-0.129;3.868;53.406
-0.137;3.606;53.511
-0.119;4.473;53.152
-0.130;4.630;53.075
-0.176;2.684;53.490
-0.162;4.271;53.241
-0.143;4.811;52.961
-0.156;1.149;53.119
-0.130;5.009;52.703
-0.187;2.528;53.438
-0.128;0.267;52.623
-0.209;3.571;53.532
-0.179;1.230;53.140
-0.178;4.755;52.998
-0.208;1.533;53.253
-0.176;4.969;52.791
-0.245;3.360;53.561
-0.241;3.714;53.485
-0.178;5.030;52.707
-0.179;0.353;52.667
-0.233;1.728;53.299
-0.190;0.507;52.751
-0.206;4.891;52.907
-0.264;2.729;53.461
-0.263;2.645;53.446
-0.263;2.069;53.360
-0.215;0.606;52.803
-0.252;4.382;53.187
-0.210;0.180;52.611
-0.295;3.227;53.531
-0.259;1.322;53.115
-0.231;0.290;52.643
-0.306;2.967;53.452
-0.317;3.742;53.468
-0.300;1.724;53.252
-0.227;-0.222;52.433
-0.280;4.762;52.997
-0.317;4.074;53.311
-0.282;4.876;52.922
-0.252;0.096;52.580
-0.345;3.522;53.519
-0.309;1.331;53.086
-0.317;4.519;53.112
-0.317;1.371;53.097
-0.356;2.168;53.323
-0.350;4.372;53.171
-0.382;2.925;53.460
-0.324;5.006;52.825
-0.388;2.729;53.444
-0.371;4.268;53.216
-0.332;0.576;52.799
-0.373;1.663;53.172
-0.347;4.881;52.918
-0.407;2.670;53.431
-0.323;0.154;52.598
-0.379;4.472;53.132
-0.424;3.668;53.477
-0.433;3.327;53.536
-0.427;3.158;53.479
-0.352;0.426;52.720
-0.402;4.326;53.186
-0.341;0.080;52.574
-0.441;2.868;53.473
-0.364;0.351;52.690
-0.457;2.987;53.460
-0.462;2.651;53.406
-0.440;1.784;53.162
-0.417;4.774;52.954
-0.456;2.469;53.290
-0.479;2.726;53.448
-0.486;2.926;53.467
-0.472;3.944;53.326
-0.481;3.851;53.403
-0.396;0.176;52.605
-0.417;0.472;52.747
-0.503;3.759;53.446
-0.469;4.462;53.090
-0.496;1.832;53.105
-0.480;1.033;52.972
-0.444;0.330;52.672
-0.499;1.908;53.110
-0.544;3.640;53.470
-0.491;4.573;53.002
-0.492;0.952;52.955
-0.523;4.462;53.061
-0.441;-0.192;52.389
-0.535;1.970;53.093
-0.496;5.093;52.775
-0.496;0.450;52.739
-0.533;1.362;52.983
-0.579;3.928;53.331
-0.540;4.722;52.987
-0.603;3.568;53.476
-0.594;3.869;53.368
-0.546;4.632;52.980
-0.531;0.731;52.849
-0.589;4.019;53.294
-0.536;4.977;52.852
-0.569;1.671;53.070
-0.539;0.651;52.824
-0.593;2.471;53.220
-0.609;4.076;53.257
-0.647;3.364;53.483
-0.577;1.033;52.952
-0.560;5.050;52.804
-0.610;4.233;53.170
-0.642;2.660;53.312
-0.549;0.156;52.602
-0.611;4.530;53.019
-0.623;1.671;53.048
-0.652;2.619;53.242
-0.655;4.152;53.213
-0.590;0.467;52.739
-0.668;4.028;53.285
-0.621;4.750;52.939
-0.637;4.463;53.053
-0.611;4.993;52.836
-0.702;3.588;53.453
-0.702;3.228;53.455
-0.685;3.927;53.323
-0.717;3.245;53.455
-0.668;2.230;53.093
-0.586;-0.069;52.495
-0.706;2.721;53.327
-0.695;4.175;53.200
-0.683;2.071;53.081
-0.693;2.405;53.134
-0.746;3.095;53.444
-0.620;0.042;52.575
-0.751;3.127;53.443
-0.628;0.134;52.588
-0.678;4.770;52.924
-0.713;4.273;53.142
-0.710;2.330;53.101
-0.676;5.026;52.816
-0.712;1.875;53.015
-0.765;2.887;53.350
-0.723;1.170;52.942
-0.641;-0.199;52.379
-0.729;4.650;52.946
-0.709;5.082;52.774
-0.708;5.122;52.751
-0.735;4.814;52.906
-0.721;0.546;52.746
-0.769;4.531;53.020
-0.748;4.891;52.869
-0.847;3.071;53.424
-0.852;3.526;53.443
-0.771;4.865;52.882
-0.836;3.982;53.267
-0.865;3.010;53.378
-0.726;-0.047;52.520
-0.703;-0.203;52.379
-0.822;2.074;53.081
-0.798;1.032;52.933
-0.872;3.774;53.359
-0.868;2.929;53.334
-0.862;4.143;53.214
-0.837;4.469;53.033
-0.790;5.111;52.740
-0.818;0.933;52.893
-0.770;0.252;52.609
-0.865;4.209;53.173
-0.911;3.328;53.427
-0.836;1.534;52.934
-0.865;4.332;53.098
-0.922;3.467;53.429
-0.921;3.267;53.427
-0.899;3.976;53.281
-0.926;3.127;53.422
-0.926;3.568;53.414
-0.860;4.594;52.987
-0.889;2.330;53.105
-0.914;4.068;53.240
-0.942;3.646;53.400
-0.868;4.616;52.960
-0.895;2.126;53.085
-0.851;4.893;52.825
-0.876;1.194;52.930
-0.900;1.132;52.932
-0.941;4.228;53.156
-0.950;2.471;53.131
-0.919;4.673;52.927
-1.016;3.186;53.415
-0.838;-0.199;52.416
-0.926;4.678;52.885
-0.946;1.669;52.949
-0.943;1.036;52.930
-0.998;4.164;53.223
-0.942;1.332;52.912
-0.904;0.535;52.700
-0.850;-0.234;52.392
-1.034;3.745;53.361
-0.920;0.548;52.698
-0.995;4.526;53.019
-1.070;3.127;53.400
-1.014;2.271;53.091
-1.051;4.069;53.250
-0.908;-0.085;52.478
-1.033;4.329;53.118
-1.092;3.631;53.383
-0.973;4.974;52.757
-1.037;2.184;53.081
-1.001;4.666;52.888
-0.927;-0.220;52.411
-1.121;3.368;53.402
-1.012;4.731;52.838
-1.035;1.267;52.910
-1.057;1.752;52.981
-1.121;3.930;53.298
-1.077;2.070;53.071
-1.045;1.072;52.908
-1.074;1.850;53.017
-1.063;4.589;52.949
-1.151;3.668;53.371
-1.038;0.654;52.704
-1.178;3.267;53.390
-1.120;2.364;53.089
-1.068;4.772;52.816
-0.989;-0.221;52.405
-1.101;1.632;52.938
-1.083;0.955;52.848
-1.189;3.883;53.308
-1.110;1.273;52.907
-1.165;4.329;53.168
-1.116;1.571;52.925
-1.203;3.782;53.341
-1.193;4.128;53.230
-1.048;0.035;52.529
-1.089;4.938;52.727
-1.223;2.930;53.333
-1.155;1.830;53.007
-1.065;0.237;52.579
-1.163;1.870;53.025
-1.241;3.268;53.385
-1.243;3.328;53.380
-1.220;4.208;53.227
-1.249;3.028;53.349
-1.116;5.013;52.697
-1.259;3.829;53.324
-1.207;4.462;53.073
-1.182;1.672;52.952
-1.168;4.774;52.796
-1.288;3.888;53.292
-1.200;4.673;52.862
-1.318;3.427;53.373
-1.280;4.231;53.189
-1.322;3.569;53.364
-1.249;1.731;52.969
-1.214;4.774;52.796
-1.323;3.929;53.269
-1.253;1.652;52.929
-1.174;0.311;52.577
-1.243;1.187;52.877
-1.283;2.071;53.043
-1.284;4.469;53.039
-1.356;3.130;53.346
-1.294;1.988;53.025
-1.214;0.536;52.662
-1.224;4.976;52.682
-1.337;2.631;53.160
-1.301;1.864;53.004
-1.422;3.529;53.339
-1.315;1.272;52.870
-1.326;1.434;52.899
-1.223;-0.084;52.442
-1.320;4.752;52.786
-1.438;3.727;53.276
-1.258;0.238;52.520
-1.442;2.868;53.280
-1.457;3.071;53.312
-1.379;1.843;52.988
-1.403;2.144;53.025
-1.426;2.431;53.111
-1.395;4.567;52.945
-1.298;0.271;52.521
-1.348;0.915;52.706
-1.477;3.912;53.215
-1.446;4.424;53.051
-1.512;3.127;53.294
-1.469;2.469;53.110
-1.492;4.075;53.156
-1.426;1.473;52.875
-1.435;1.533;52.892
-1.386;4.838;52.697
-1.498;2.663;53.134
-1.443;1.674;52.915
-1.534;3.671;53.248
-1.435;1.346;52.854
-1.521;3.931;53.176
-1.547;3.469;53.280
-1.546;2.972;53.275
-1.480;1.933;52.993
-1.495;4.435;53.019
-1.534;4.130;53.108
-1.347;-0.121;52.374
-1.511;4.490;52.962
-1.441;0.915;52.667
-1.549;2.327;53.066
-1.608;3.130;53.266
-1.442;0.635;52.625
-1.435;0.415;52.563
-1.603;3.863;53.158
-1.463;0.776;52.625
-1.473;0.876;52.645
-1.479;0.929;52.658
-1.556;1.725;52.930
-1.537;1.467;52.850
-1.651;3.065;53.239
-1.432;0.052;52.412
-1.602;4.369;53.012
-1.667;3.270;53.251
-1.559;1.435;52.831
-1.620;4.174;53.052
-1.642;2.471;53.100
-1.611;2.151;52.986
-1.436;-0.118;52.331
-1.667;3.729;53.156
-1.653;2.351;53.075
-1.529;0.835;52.622
-1.565;1.132;52.710
-1.689;2.671;53.106
-1.606;4.665;52.783
-1.610;1.172;52.706
-1.590;0.610;52.607
-1.523;0.055;52.369
-1.701;4.275;52.988
-1.725;4.072;53.047
-1.735;2.333;53.058
-1.571;0.238;52.474
-1.777;3.473;53.153
-1.675;4.614;52.795
-1.716;1.832;52.932
-1.760;3.831;53.077
-1.621;0.735;52.583
-1.655;4.784;52.665
-1.612;0.276;52.484
-1.810;3.571;53.126
-1.785;3.991;53.031
-1.828;3.269;53.167
-1.836;3.068;53.177
-1.676;4.834;52.605
-1.706;1.176;52.668
-1.790;4.295;52.947
-1.742;1.377;52.746
-1.752;4.619;52.769
-1.840;3.770;53.051
-1.842;2.331;53.057
-1.842;3.822;53.042
-1.858;2.751;53.093
-1.860;3.677;53.076
-1.877;3.391;53.130
-1.694;0.456;52.504
-1.753;1.136;52.630
-1.882;2.670;53.046
-1.908;3.431;53.104
-1.913;3.190;53.112
-1.928;3.270;53.136
-1.906;4.072;52.957
-1.914;3.971;52.975
-1.879;1.688;52.843
-1.946;3.550;53.044
-1.949;2.752;53.052
-1.882;4.512;52.810
-1.899;4.454;52.847
-1.907;1.873;52.863
-1.912;4.332;52.872
-1.930;4.173;52.912
-1.717;-0.059;52.223
-1.965;3.694;52.991
-1.968;3.771;52.993
-1.933;4.273;52.875
-1.982;2.675;53.025
-2.000;3.343;53.074
-1.856;4.731;52.620
-2.000;3.431;53.065
-1.909;1.514;52.781
-2.020;3.272;53.104
-2.024;2.971;53.116
-1.888;1.314;52.682
-2.019;2.784;53.068
-1.941;4.476;52.791
-1.964;1.934;52.848
-1.877;1.111;52.582
-1.877;0.837;52.565
-2.037;2.473;53.052
-2.019;3.691;52.965
-1.955;1.507;52.766
-1.909;4.676;52.625
-2.046;2.631;53.023
-2.063;3.389;53.058
-1.908;0.726;52.569
-2.085;3.072;53.101
-2.057;3.572;52.954
-2.058;3.973;52.951
-2.090;2.430;53.035
-1.932;0.774;52.554
-1.918;0.557;52.511
-2.089;2.372;53.018
-1.949;1.168;52.592
-1.943;4.717;52.562
-2.116;2.629;53.044
-2.025;4.470;52.741
-1.918;0.339;52.418
-2.062;1.934;52.823
-2.115;2.265;52.956
-2.114;3.572;52.930
-2.138;3.475;52.985
-1.957;0.477;52.453
-2.084;1.750;52.820
-2.153;2.372;53.012
-1.924;0.119;52.336
-2.180;3.073;53.077
-2.171;2.831;53.052
-1.925;0.055;52.291
-2.120;3.745;52.843
-2.190;2.752;53.045
-1.898;-0.047;52.194
-2.136;4.163;52.862
-2.223;3.169;53.050
-2.074;1.238;52.608
-1.992;0.170;52.353
-2.139;4.381;52.748
-2.159;1.973;52.791
-2.165;4.275;52.797
-2.194;4.073;52.864
-2.217;3.551;52.914
-2.273;3.283;53.040
-2.264;2.873;53.015
-2.279;3.013;53.050
-2.284;3.072;53.056
-2.217;2.208;52.862
-2.147;4.481;52.655
-2.173;1.554;52.723
-1.979;-0.053;52.183
-2.212;2.075;52.811
-2.246;3.774;52.885
-2.215;1.693;52.775
-2.297;2.376;52.988
-2.305;3.362;53.004
-2.141;0.938;52.517
-2.231;4.313;52.754
-2.152;0.737;52.525
-2.082;0.069;52.309
-2.244;1.613;52.737
-2.160;0.877;52.506
-2.108;0.194;52.364
-2.296;2.264;52.870
-2.256;1.676;52.761
-2.283;2.134;52.819
-2.275;4.174;52.794
-2.176;0.677;52.497
-2.360;3.372;52.986
-2.163;0.540;52.453
-2.366;2.426;52.995
-2.194;1.076;52.531
-2.202;1.176;52.547
-2.302;1.773;52.766
-2.308;1.875;52.761
-2.297;1.586;52.718
-2.403;2.733;52.980
-2.412;2.570;53.004
-2.338;4.094;52.797
-2.418;2.989;52.992
-2.232;0.638;52.473
-2.248;0.936;52.510
-2.314;4.386;52.645
-2.376;4.055;52.785
-2.406;2.230;52.861
-2.374;2.034;52.779
-2.382;4.030;52.795
-2.450;3.471;52.943
-2.467;2.611;52.978
-2.473;2.473;52.993
-2.293;0.996;52.508
-2.308;4.453;52.545
-2.478;2.843;52.965
-2.313;1.178;52.535
-2.300;0.878;52.493
-2.359;1.471;52.619
-2.470;2.274;52.884
-2.498;2.774;52.947
-2.519;3.331;52.996
-2.279;0.277;52.381
-2.221;-0.227;52.136
-2.467;1.935;52.742
-2.468;4.056;52.741
-2.502;3.869;52.804
-2.542;3.572;52.898
-2.558;3.474;52.938
-2.572;2.472;52.971
-2.483;1.944;52.742
-2.593;3.131;53.011
-2.315;0.062;52.315
-2.468;4.175;52.695
-2.340;0.240;52.371
-2.406;1.236;52.519
-2.398;1.077;52.500
-2.275;-0.101;52.193
-2.596;2.855;52.964
-2.442;1.468;52.581
-2.499;1.775;52.711
-2.368;0.478;52.386
-2.472;4.240;52.635
-2.569;3.654;52.866
-2.365;0.160;52.360
-2.637;3.171;53.004
-2.614;2.791;52.913
-2.338;-0.066;52.232
-2.660;2.991;52.993
-2.463;1.137;52.490
-2.550;1.734;52.687
-2.643;3.572;52.881
-2.675;3.373;52.957
-2.475;0.957;52.474
-2.354;-0.127;52.182
-2.692;2.932;52.985
-2.684;2.749;52.925
-2.471;0.677;52.414
-2.641;3.733;52.819
-2.488;0.879;52.451
-2.530;4.352;52.548
-2.591;1.875;52.690
-2.437;0.092;52.322
-2.596;4.043;52.687
-2.574;1.569;52.632
-2.702;2.634;52.916
-2.700;2.535;52.904
-2.611;1.792;52.681
-2.468;0.034;52.282
-2.393;-0.228;52.100
-2.522;0.637;52.386
-2.545;0.879;52.435
-2.614;4.235;52.581
-2.655;4.036;52.668
-2.687;2.015;52.741
-2.522;0.459;52.338
-2.522;0.358;52.338
-2.522;0.160;52.339
-2.566;4.468;52.440
-2.732;3.774;52.791
-2.817;3.032;52.972
-2.817;2.953;52.974
-2.820;3.152;52.973
-2.585;0.935;52.426
-2.556;0.538;52.358
-2.688;1.696;52.649
-2.749;2.075;52.778
-2.606;1.140;52.439
-2.618;1.335;52.454
-2.633;1.315;52.446
-2.520;-0.168;52.144
-2.671;1.371;52.469
-2.662;4.417;52.446
-2.695;4.274;52.519
-2.733;4.089;52.604
-2.720;4.155;52.571
-2.779;3.895;52.702
-2.829;2.437;52.812
-2.813;2.174;52.775
-2.817;2.275;52.779
-2.868;2.729;52.887
-2.907;3.273;52.932
-2.666;0.768;52.370
-2.662;0.639;52.354
-2.777;1.668;52.599
-2.937;2.973;52.942
-2.919;2.773;52.901
-2.948;3.072;52.947
-2.703;0.239;52.303
-2.702;0.139;52.300
-2.636;-0.125;52.157
-2.792;4.217;52.496
-2.898;2.053;52.723
-2.871;1.936;52.664
-2.720;0.579;52.334
-2.769;4.356;52.440
-2.826;4.093;52.563
-2.989;3.133;52.914
-2.992;2.972;52.920
-2.972;2.775;52.877
-2.762;1.179;52.420
-2.947;2.541;52.817
-2.587;-0.168;52.019
-2.745;0.699;52.344
-2.904;3.897;52.649
-2.949;2.408;52.743
-2.742;0.239;52.293
-2.880;4.037;52.587
-2.973;3.648;52.783
-2.889;1.776;52.603
-2.875;1.577;52.573
-2.822;1.378;52.458
-3.002;3.518;52.834
-2.889;1.639;52.575
-2.986;2.485;52.770
-2.917;4.094;52.527
-2.926;4.072;52.547
-3.006;2.234;52.712
-2.853;4.342;52.388
-2.869;4.276;52.421
-2.811;0.479;52.295
-2.788;0.033;52.246
-2.880;1.176;52.397
-3.107;3.352;52.835
-3.106;2.833;52.833
-3.059;2.465;52.736
-2.922;4.186;52.449
-3.111;3.274;52.839
-3.097;3.474;52.804
-2.935;1.472;52.461
-2.906;0.878;52.363
-3.117;3.654;52.719
-3.169;3.269;52.823
-3.015;4.072;52.500
-3.054;3.903;52.580
-2.991;4.153;52.447
-3.077;2.067;52.619
-2.896;0.280;52.243
-2.890;0.041;52.227
-3.179;2.535;52.757
-3.160;2.374;52.696
-3.095;1.949;52.566
-3.059;1.636;52.493
-2.938;0.179;52.233
-3.108;1.937;52.553
-3.258;3.130;52.784
-3.263;3.334;52.778
-3.188;2.189;52.629
-3.228;2.348;52.680
-3.057;0.879;52.342
-3.270;3.276;52.758
-3.002;0.437;52.230
-3.249;3.555;52.712
-3.275;3.479;52.729
-3.294;3.033;52.754
-3.280;2.735;52.721
-3.089;1.070;52.348
-3.180;2.017;52.521
-3.176;1.938;52.513
-3.110;4.179;52.371
-3.138;1.439;52.422
-3.006;0.013;52.165
-3.032;0.380;52.206
-3.141;4.089;52.416
-3.031;0.241;52.197
-3.030;0.140;52.196
-3.289;2.570;52.694
-3.167;1.483;52.425
-2.984;-0.081;52.057
-3.313;3.579;52.659
-3.183;1.378;52.383
-3.149;4.234;52.315
-3.360;3.253;52.715
-3.360;3.075;52.715
-3.148;0.938;52.311
-3.157;4.229;52.320
-3.273;3.754;52.534
-3.306;2.136;52.596
-3.195;1.258;52.358
-3.356;3.496;52.660
-3.356;2.537;52.659
-3.318;3.670;52.583
-3.109;0.279;52.175
-3.259;3.875;52.456
-3.328;2.078;52.584
-3.345;2.294;52.604
-3.243;1.578;52.413
-3.209;1.180;52.339
-3.122;0.139;52.163
-3.134;0.480;52.181
-3.247;3.999;52.380
-3.057;-0.077;52.022
-3.350;2.016;52.550
-3.417;3.427;52.638
-3.381;3.627;52.567
-3.315;1.732;52.439
-3.410;2.156;52.587
-3.367;1.860;52.486
-3.327;1.660;52.407
-3.300;3.960;52.352
-3.283;1.137;52.318
-3.325;3.918;52.361
-3.320;1.412;52.349
-3.317;1.379;52.338
-3.234;0.480;52.161
-3.266;0.671;52.200
-3.240;0.044;52.142
-3.499;3.298;52.592
-3.491;2.573;52.579
-3.506;3.331;52.601
-3.490;2.176;52.570
-3.458;3.570;52.509
-3.485;2.055;52.555
-3.458;1.916;52.503
-3.417;3.800;52.410
-3.406;1.638;52.383
-3.347;0.976;52.271
-3.362;3.980;52.296
-3.379;3.929;52.327
-3.499;3.455;52.541
-3.155;0.216;51.918
-3.451;3.694;52.446
-3.341;0.839;52.247
-3.294;0.440;52.151
-3.537;3.237;52.577
-3.552;3.074;52.605
-3.537;2.836;52.578
-3.548;3.177;52.592
-3.527;2.476;52.554
-3.525;3.377;52.537
-3.425;1.569;52.347
-3.332;0.642;52.180
-3.283;0.283;52.084
-3.368;0.739;52.210
-3.594;3.133;52.559
-3.559;3.435;52.488
-3.583;2.277;52.529
-3.563;1.977;52.489
-3.600;2.990;52.551
-3.505;1.636;52.369
-3.534;3.647;52.406
-3.470;1.340;52.287
-3.464;1.279;52.277
-3.448;0.938;52.244
-3.345;0.368;52.050
-3.628;2.979;52.531
-3.506;3.857;52.317
-3.615;2.593;52.504
-3.475;3.968;52.234
-3.423;0.560;52.141
-3.547;3.737;52.353
-3.631;2.379;52.496
-3.544;3.788;52.334
-3.456;0.714;52.175
-3.679;2.976;52.498
-3.675;2.078;52.491
-3.609;1.670;52.369
-3.640;3.398;52.418
-3.650;1.839;52.419
-3.608;1.541;52.328
-3.564;0.960;52.239
-3.713;3.036;52.476
-3.698;2.758;52.451
-3.710;2.176;52.470
-3.701;2.438;52.451
-3.600;1.278;52.266
-3.647;3.539;52.342
-3.645;1.484;52.312
-3.590;0.879;52.216
-3.711;1.717;52.379
-3.759;2.195;52.439
-3.751;2.874;52.421
-3.768;1.849;52.429
-3.694;1.438;52.297
-3.689;3.640;52.286
-3.770;2.938;52.413
-3.664;3.840;52.231
-3.708;3.602;52.280
-3.778;2.741;52.378
-3.777;3.279;52.373
-3.604;0.352;52.083
-3.722;1.279;52.262
-3.646;0.663;52.138
-3.836;1.937;52.443
-3.838;1.907;52.442
-3.705;1.081;52.220
-3.696;0.941;52.205
-3.870;1.879;52.436
-3.819;1.618;52.328
-3.829;2.751;52.331
-3.737;0.840;52.151
-3.898;2.039;52.404
-3.733;0.781;52.139
-3.884;2.197;52.377
-3.720;0.598;52.114
-3.885;2.239;52.373
-3.880;1.678;52.365
-3.867;2.541;52.331
-3.819;3.636;52.232
-3.824;1.233;52.205
-3.745;0.440;52.075
-3.965;1.879;52.404
-3.741;0.318;52.024
-3.949;1.649;52.345
-3.875;3.584;52.213
-3.990;2.015;52.371
-3.769;0.317;52.023
-3.913;1.459;52.242
-3.949;3.139;52.272
-3.939;2.840;52.256
-3.900;3.471;52.192
-3.940;3.239;52.254
-3.937;2.778;52.249
-3.992;2.281;52.324
-3.829;0.440;52.061
-3.862;0.683;52.086
-4.047;1.977;52.347
-4.046;1.778;52.340
-4.017;2.499;52.232
-3.940;1.040;52.115
-4.079;1.939;52.321
-4.000;2.878;52.197
-3.910;0.642;52.056
-4.078;1.734;52.306
-4.066;1.657;52.287
-4.013;2.940;52.204
-3.979;1.415;52.152
-3.959;0.942;52.111
-4.093;2.140;52.301
-3.983;1.180;52.112
-3.961;0.741;52.066
-3.939;0.441;52.015
-4.023;3.413;52.116
-4.089;2.500;52.200
-4.033;0.860;52.079
-4.141;1.670;52.234
-4.061;3.078;52.114
-4.068;2.900;52.107
-4.073;3.158;52.109
-4.125;2.540;52.176
-4.082;1.341;52.103
-4.088;1.280;52.103
-4.076;1.040;52.076
-4.086;3.144;52.080
-4.041;0.680;52.012
-4.031;0.382;51.988
-4.032;0.498;51.981
-4.219;2.039;52.235
-4.207;1.679;52.213
-4.040;0.555;51.967
-4.177;2.581;52.149
-4.129;3.240;52.054
-4.209;1.561;52.167
-4.137;1.044;52.060
-4.135;0.981;52.057
-4.130;2.941;52.046
-4.246;2.181;52.203
-4.249;1.737;52.202
-4.104;0.642;51.994
-4.096;0.299;51.965
-4.147;2.865;52.028
-4.098;0.211;51.934
-4.196;2.704;52.045
-4.190;0.882;52.029
-4.288;1.675;52.165
-4.341;1.781;52.168
-4.274;2.560;52.071
-4.218;0.152;51.965
-4.197;0.159;51.923
-4.264;0.941;52.005
-4.256;2.681;51.991
-4.235;2.843;51.941
-4.285;1.095;52.007
-4.237;0.306;51.924
-4.393;2.040;52.136
-4.370;1.483;52.090
-4.227;0.104;51.890
-4.256;2.918;51.906
-4.329;2.584;52.005
-4.327;1.142;51.997
-4.323;1.041;51.987
-4.434;1.779;52.126
-4.363;2.461;52.026
-4.416;2.142;52.094
-4.344;1.063;51.986
-4.280;0.138;51.886
-4.273;0.050;51.868
-4.373;1.277;51.992
-4.341;0.682;51.931
-4.322;0.016;51.901
-4.314;2.779;51.889
-4.340;0.484;51.921
-4.357;0.743;51.935
-4.475;1.576;52.077
-4.311;0.013;51.853
-4.516;1.779;52.073
-4.522;1.639;52.076
-4.501;2.081;52.040
-4.346;0.012;51.833
-4.492;2.181;52.020
-4.461;1.141;51.954
-4.369;0.083;51.831
-4.455;1.042;51.941
-4.441;0.543;51.909
-4.436;0.683;51.899
-4.430;0.282;51.883
-4.453;0.784;51.892
-4.565;1.881;52.030
-4.503;2.439;51.914
-4.470;0.143;51.827
-4.573;1.544;51.957
-4.457;0.008;51.798
-4.452;0.039;51.784
-4.550;2.385;51.903
-4.551;1.039;51.887
-4.520;0.098;51.814
-4.645;1.701;51.966
-4.613;1.243;51.900
-4.528;0.012;51.792
-4.577;0.243;51.825
-4.678;1.743;51.950
-4.648;2.086;51.908
-4.679;1.842;51.947
-4.674;1.902;51.936
-4.654;1.564;51.895
-4.644;1.484;51.874
-4.632;2.281;51.856
-4.623;0.503;51.826
-4.644;0.993;51.845
-4.610;0.198;51.793
-4.593;-0.014;51.764
-4.667;2.222;51.830
-4.688;2.141;51.832
-4.685;2.183;51.820
-4.685;0.844;51.818
-4.681;0.643;51.813
-4.623;0.787;51.727
-4.687;0.788;51.801
-4.711;0.863;51.823
-4.754;1.785;51.871
-4.750;1.647;51.863
-4.650;0.021;51.731
-4.735;1.477;51.824
-4.716;0.486;51.792
-4.709;0.345;51.775
-4.679;0.004;51.710
-4.696;0.049;51.712
-4.819;1.044;51.825
-4.818;0.865;51.820
-4.755;0.244;51.732
-4.836;1.585;51.809
-4.845;1.685;51.816
-4.740;-0.020;51.690
-4.826;0.785;51.789
-4.820;1.384;51.775
-4.829;1.482;51.781
-4.810;0.544;51.753
-4.809;0.484;51.745
-4.790;0.200;51.710
-4.775;0.045;51.680
-4.853;1.783;51.762
-4.886;0.884;51.781
-4.887;1.643;51.774
-4.871;0.586;51.743
-4.866;0.544;51.736
-4.899;1.044;51.771
-4.906;0.944;51.772
-4.865;0.384;51.723
-4.824;0.024;51.644
-4.820;0.007;51.639
-4.925;0.783;51.759
-4.911;1.284;51.734
-4.913;1.187;51.737
-4.900;0.485;51.718
-4.926;1.596;51.737
-4.915;0.507;51.719
-4.979;0.684;51.739
-4.957;0.345;51.693
-5.017;0.784;51.727
-5.005;0.485;51.702
-5.005;1.183;51.667
-5.063;0.546;51.685
-5.066;0.484;51.680
-5.095;0.779;51.678
-5.108;0.664;51.685
