H;V;PM
2.525;4.881;51.183
2.487;4.895;51.155
2.461;4.902;51.134
2.483;4.9;51.152
2.513;4.887;51.177
2.442;4.91;51.121
2.474;4.896;51.147
2.507;4.891;51.174
2.53;4.881;51.193
2.43;4.924;51.114
2.434;4.912;51.117
2.465;4.898;51.142
2.52;4.884;51.187
2.43;4.917;51.115
2.496;4.891;51.168
2.488;4.89;51.164
2.519;4.881;51.191
2.415;4.926;51.107
2.457;4.903;51.141
2.447;4.91;51.134
2.481;4.891;51.162
2.512;4.882;51.187
2.405;4.922;51.102
2.417;4.922;51.111
2.422;4.921;51.115
2.477;4.895;51.16
2.437;4.913;51.129
2.469;4.897;51.156
2.502;4.887;51.182
2.437;4.915;51.132
2.397;4.922;51.1
2.406;4.924;51.107
2.428;4.916;51.125
2.455;4.902;51.147
2.459;4.897;51.15
2.446;4.914;51.141
2.516;4.881;51.198
2.477;4.892;51.167
2.492;4.889;51.179
2.419;4.916;51.121
2.422;4.913;51.124
2.425;4.913;51.126
2.484;4.89;51.174
2.451;4.909;51.148
2.411;4.92;51.118
2.442;4.91;51.143
2.481;4.894;51.175
2.506;4.886;51.196
2.473;4.897;51.17
2.4;4.924;51.111
2.433;4.909;51.139
2.456;4.901;51.158
2.496;4.886;51.191
2.394;4.923;51.108
2.401;4.922;51.114
2.469;4.905;51.17
2.498;4.882;51.193
2.504;4.882;51.198
2.383;4.936;51.1
2.451;4.903;51.156
2.489;4.887;51.187
2.448;4.914;51.155
2.478;4.896;51.18
2.384;4.929;51.104
2.39;4.926;51.109
2.424;4.91;51.137
2.454;4.908;51.162
2.478;4.889;51.184
2.409;4.921;51.128
2.413;4.916;51.131
2.416;4.913;51.134
2.398;4.922;51.12
2.405;4.925;51.126
2.437;4.908;51.153
2.463;4.906;51.174
2.469;4.899;51.179
2.373;4.929;51.101
2.453;4.906;51.167
2.428;4.908;51.148
2.46;4.896;51.176
2.395;4.924;51.123
2.484;4.884;51.196
2.387;4.927;51.118
2.414;4.912;51.14
2.366;4.933;51.102
2.389;4.922;51.12
2.419;4.911;51.145
2.468;4.89;51.186
2.441;4.903;51.164
2.444;4.899;51.167
2.378;4.929;51.113
2.474;4.886;51.193
2.41;4.916;51.141
2.465;4.895;51.188
2.403;4.921;51.137
2.433;4.906;51.162
2.47;4.895;51.193
2.359;4.938;51.102
2.369;4.93;51.11
2.426;4.909;51.158
2.393;4.925;51.131
2.36;4.932;51.106
2.447;4.899;51.178
2.382;4.927;51.125
2.414;4.91;51.152
2.457;4.892;51.187
2.384;4.921;51.128
2.409;4.913;51.149
2.352;4.937;51.102
2.407;4.914;51.148
2.439;4.902;51.175
2.457;4.892;51.19
2.461;4.892;51.193
2.376;4.93;51.123
2.389;4.923;51.135
2.401;4.913;51.146
2.392;4.925;51.139
2.398;4.917;51.145
2.461;4.894;51.198
2.366;4.93;51.119
2.429;4.907;51.172
2.453;4.898;51.192
2.408;4.913;51.156
2.412;4.913;51.159
2.421;4.91;51.167
2.431;4.903;51.176
2.356;4.929;51.114
2.436;4.902;51.181
2.381;4.921;51.136
2.387;4.92;51.142
2.443;4.898;51.188
2.412;4.916;51.163
2.346;4.935;51.109
2.349;4.933;51.112
2.376;4.925;51.136
2.428;4.902;51.179
2.435;4.905;51.185
2.339;4.939;51.105
2.371;4.929;51.133
2.402;4.916;51.158
2.425;4.906;51.179
2.332;4.943;51.102
2.42;4.911;51.175
2.448;4.901;51.199
2.394;4.918;51.155
2.329;4.945;51.101
2.385;4.922;51.149
2.359;4.928;51.128
2.415;4.914;51.175
2.352;4.936;51.122
2.372;4.922;51.139
2.354;4.931;51.125
2.384;4.923;51.151
2.388;4.923;51.155
2.407;4.915;51.171
2.438;4.904;51.197
2.376;4.92;51.146
2.343;4.938;51.119
2.428;4.904;51.193
2.433;4.902;51.196
2.365;4.926;51.14
2.372;4.924;51.146
2.386;4.923;51.158
2.334;4.94;51.115
2.397;4.915;51.168
2.402;4.912;51.172
2.388;4.919;51.162
2.416;4.912;51.186
2.422;4.908;51.191
2.357;4.93;51.137
2.381;4.924;51.157
2.399;4.912;51.172
2.431;4.902;51.199
2.325;4.941;51.111
2.405;4.913;51.179
2.412;4.915;51.184
2.349;4.93;51.133
2.317;4.94;51.107
2.369;4.925;51.151
2.38;4.921;51.16
2.401;4.91;51.181
2.312;4.945;51.106
2.37;4.92;51.155
2.339;4.939;51.13
2.386;4.919;51.17
2.395;4.911;51.177
2.307;4.949;51.104
2.363;4.921;51.151
2.416;4.914;51.198
2.329;4.939;51.125
2.409;4.913;51.194
2.321;4.938;51.12
2.352;4.929;51.146
2.376;4.918;51.167
2.384;4.925;51.174
2.387;4.925;51.178
2.345;4.93;51.143
2.405;4.911;51.194
2.313;4.941;51.116
2.367;4.918;51.162
2.397;4.908;51.189
2.311;4.946;51.115
2.34;4.934;51.141
2.393;4.909;51.186
2.337;4.94;51.139
2.363;4.924;51.161
2.377;4.923;51.173
2.303;4.948;51.112
2.333;4.944;51.138
2.386;4.925;51.184
2.389;4.919;51.186
2.324;4.942;51.131
2.358;4.928;51.16
2.371;4.922;51.171
2.381;4.928;51.181
2.294;4.951;51.108
2.326;4.945;51.135
2.349;4.926;51.155
2.317;4.939;51.128
2.366;4.922;51.17
2.383;4.923;51.185
2.285;4.952;51.102
2.329;4.943;51.141
2.34;4.929;51.151
2.371;4.928;51.177
2.394;4.911;51.197
2.28;4.953;51.1
2.3;4.943;51.118
2.307;4.947;51.124
2.309;4.939;51.126
2.334;4.932;51.147
2.291;4.954;51.111
2.36;4.927;51.172
2.329;4.937;51.146
2.384;4.927;51.193
2.388;4.911;51.197
2.298;4.947;51.121
2.352;4.927;51.168
2.344;4.93;51.164
2.376;4.93;51.191
2.288;4.955;51.116
2.29;4.951;51.118
2.321;4.94;51.145
2.307;4.941;51.133
2.336;4.931;51.159
2.367;4.929;51.185
2.279;4.951;51.111
2.311;4.94;51.139
2.342;4.933;51.166
2.38;4.924;51.199
2.358;4.929;51.181
2.271;4.955;51.106
2.302;4.946;51.133
2.326;4.936;51.154
2.329;4.933;51.157
2.355;4.934;51.179
2.295;4.951;51.129
2.349;4.93;51.176
2.373;4.925;51.196
2.272;4.952;51.11
2.333;4.934;51.163
2.343;4.932;51.172
2.262;4.96;51.103
2.286;4.951;51.124
2.317;4.939;51.152
2.257;4.963;51.1
2.273;4.953;51.114
2.363;4.925;51.193
2.345;4.933;51.179
2.306;4.945;51.146
2.308;4.941;51.147
2.283;4.954;51.127
2.331;4.934;51.168
2.337;4.936;51.175
2.276;4.957;51.122
2.299;4.948;51.143
2.364;4.922;51.199
2.277;4.953;51.125
2.302;4.942;51.146
2.344;4.934;51.183
2.353;4.927;51.191
2.267;4.959;51.117
2.321;4.937;51.166
2.346;4.93;51.187
2.259;4.96;51.113
2.313;4.939;51.16
2.28;4.953;51.133
2.33;4.932;51.178
2.251;4.97;51.109
2.255;4.966;51.113
2.307;4.942;51.158
2.28;4.955;51.136
2.319;4.932;51.17
2.336;4.93;51.185
2.271;4.956;51.129
2.303;4.947;51.157
2.326;4.935;51.177
2.24;4.971;51.104
2.295;4.946;51.152
2.246;4.975;51.11
2.271;4.95;51.132
2.262;4.959;51.125
2.285;4.946;51.146
2.317;4.936;51.174
2.341;4.929;51.196
2.308;4.939;51.169
2.23;4.98;51.101
2.253;4.96;51.121
2.284;4.942;51.149
2.333;4.931;51.192
2.338;4.933;51.197
2.231;4.969;51.103
2.238;4.973;51.109
2.276;4.949;51.143
2.33;4.935;51.191
2.246;4.969;51.117
2.279;4.942;51.147
2.3;4.941;51.166
2.296;4.946;51.163
2.307;4.944;51.173
2.322;4.936;51.187
2.242;4.974;51.117
2.254;4.963;51.128
2.269;4.952;51.141
2.223;4.966;51.101
2.259;4.963;51.133
2.284;4.949;51.156
2.313;4.937;51.183
2.226;4.971;51.106
2.235;4.976;51.114
2.289;4.948;51.162
2.218;4.963;51.1
2.258;4.965;51.135
2.274;4.95;51.15
2.263;4.964;51.141
2.304;4.944;51.178
2.22;4.968;51.104
2.305;4.943;51.179
2.249;4.966;51.131
2.297;4.942;51.174
2.221;4.981;51.107
2.226;4.979;51.111
2.279;4.956;51.159
2.217;4.988;51.104
2.271;4.954;51.153
2.32;4.941;51.197
2.241;4.97;51.126
2.293;4.944;51.174
2.262;4.957;51.147
2.283;4.954;51.166
2.311;4.944;51.191
2.317;4.945;51.197
2.265;4.952;51.151
2.231;4.976;51.122
2.208;4.996;51.102
2.256;4.961;51.145
2.233;4.972;51.126
2.253;4.964;51.144
2.307;4.94;51.192
2.222;4.98;51.117
2.277;4.956;51.167
2.28;4.952;51.169
2.3;4.941;51.189
2.245;4.966;51.14
2.298;4.943;51.187
2.269;4.954;51.162
2.291;4.942;51.183
2.218;4.984;51.118
2.212;4.988;51.113
2.23;4.973;51.13
2.262;4.952;51.158
2.264;4.952;51.161
2.236;4.971;51.136
2.207;4.992;51.111
2.259;4.957;51.158
2.276;4.951;51.173
2.281;4.946;51.179
2.203;4.996;51.11
2.254;4.961;51.155
2.264;4.953;51.166
2.249;4.966;51.154
2.195;4.999;51.106
2.296;4.939;51.197
2.264;4.958;51.169
2.271;4.954;51.176
2.293;4.945;51.195
2.187;5.001;51.1
2.216;4.984;51.127
2.235;4.972;51.144
2.241;4.969;51.149
2.219;4.981;51.13
2.219;4.973;51.131
2.287;4.95;51.193
2.203;4.991;51.119
2.255;4.96;51.166
2.28;4.952;51.189
2.25;4.961;51.163
2.183;5.005;51.103
2.2;4.997;51.118
2.209;4.983;51.126
2.23;4.974;51.146
2.223;4.98;51.14
2.254;4.963;51.169
2.276;4.954;51.189
2.234;4.973;51.151
2.246;4.968;51.163
2.238;4.971;51.156
2.263;4.962;51.179
2.215;4.981;51.136
2.269;4.958;51.186
2.19;5.0;51.114
2.241;4.974;51.162
2.207;4.981;51.132
2.183;5.004;51.111
2.236;4.974;51.16
2.258;4.966;51.18
2.228;4.98;51.154
2.273;4.951;51.195
2.203;4.988;51.132
2.211;4.985;51.139
2.215;4.982;51.143
2.175;5.001;51.107
2.18;5.003;51.111
2.242;4.97;51.169
2.251;4.967;51.177
2.196;4.994;51.127
2.22;4.981;51.149
2.17;5.005;51.105
2.199;4.992;51.131
2.238;4.971;51.167
2.264;4.957;51.193
2.242;4.973;51.173
2.247;4.973;51.177
2.164;5.009;51.102
2.216;4.984;51.15
2.187;5.0;51.124
2.21;4.988;51.146
2.232;4.975;51.167
2.257;4.961;51.19
2.265;4.952;51.199
2.177;5.004;51.119
2.18;5.003;51.122
2.201;4.991;51.141
2.223;4.979;51.163
2.247;4.968;51.186
2.244;4.975;51.183
2.168;5.005;51.115
2.195;4.993;51.14
2.235;4.972;51.177
2.217;4.982;51.16
2.19;4.996;51.137
2.213;4.985;51.158
2.236;4.974;51.181
2.16;5.01;51.111
2.252;4.96;51.197
2.157;5.014;51.109
2.168;5.003;51.119
2.17;5.002;51.122
2.182;4.999;51.132
2.205;4.987;51.154
2.229;4.978;51.176
2.151;5.015;51.106
2.175;5.002;51.128
2.25;4.967;51.198
2.19;4.992;51.145
2.196;4.989;51.15
2.215;4.983;51.168
2.22;4.982;51.172
2.143;5.013;51.102
2.171;5.004;51.127
2.236;4.97;51.188
2.242;4.969;51.194
2.148;5.013;51.107
2.164;5.008;51.124
2.211;4.984;51.168
2.216;4.984;51.173
2.139;5.015;51.102
2.186;4.996;51.146
2.221;4.983;51.178
2.156;5.011;51.119
2.231;4.973;51.189
2.149;5.013;51.113
2.202;4.985;51.163
2.179;4.999;51.142
2.225;4.979;51.186
2.143;5.013;51.111
2.221;4.983;51.185
2.192;4.99;51.159
2.146;5.017;51.117
2.169;5.001;51.139
2.214;4.986;51.181
2.189;4.994;51.158
2.161;5.007;51.133
2.131;5.021;51.107
2.136;5.018;51.112
2.183;4.997;51.156
2.205;4.989;51.177
2.227;4.976;51.198
2.153;5.012;51.129
2.191;4.992;51.165
2.174;4.998;51.15
2.15;5.015;51.128
2.197;4.988;51.172
2.22;4.98;51.194
2.127;5.026;51.108
2.158;5.015;51.137
2.214;4.982;51.19
2.12;5.02;51.102
2.164;5.001;51.145
2.172;5.005;51.153
2.141;5.019;51.125
2.187;4.996;51.168
2.121;5.025;51.107
2.175;4.999;51.159
2.133;5.02;51.121
2.156;5.017;51.142
2.159;5.01;51.146
2.197;4.991;51.182
2.201;4.988;51.186
2.212;4.982;51.197
2.125;5.02;51.117
2.142;5.012;51.134
2.174;5.005;51.164
2.16;5.003;51.152
2.17;5.007;51.161
2.145;5.011;51.138
2.191;4.994;51.182
2.116;5.021;51.112
2.178;5.001;51.171
2.137;5.017;51.133
2.184;4.996;51.177
2.204;4.993;51.197
2.149;5.011;51.145
2.155;5.01;51.151
2.124;5.023;51.123
2.13;5.02;51.128
2.159;5.007;51.156
2.115;5.025;51.115
2.197;4.994;51.193
2.105;5.018;51.107
2.174;5.005;51.174
2.198;4.991;51.196
2.127;5.027;51.131
2.132;5.023;51.135
2.143;5.02;51.147
2.15;5.016;51.153
2.178;5.004;51.179
2.097;5.02;51.103
2.119;5.03;51.125
2.153;5.013;51.158
2.16;5.013;51.164
2.164;5.008;51.169
2.192;4.992;51.195
2.181;4.999;51.186
2.187;4.996;51.192
2.111;5.033;51.121
2.112;5.033;51.122
2.088;5.021;51.1
2.1;5.023;51.111
2.131;5.023;51.141
2.134;5.022;51.144
2.156;5.014;51.166
2.178;5.005;51.187
2.125;5.026;51.138
2.103;5.027;51.118
2.128;5.022;51.142
2.135;5.021;51.15
2.146;5.016;51.16
2.158;5.012;51.171
2.169;5.007;51.182
2.14;5.02;51.155
2.094;5.023;51.112
2.118;5.03;51.135
2.184;4.997;51.199
2.161;5.008;51.178
2.081;5.023;51.102
2.092;5.025;51.113
2.103;5.032;51.125
2.114;5.037;51.135
2.136;5.025;51.157
2.158;5.013;51.179
2.177;5.001;51.197
2.106;5.038;51.13
2.152;5.016;51.174
2.083;5.025;51.109
2.129;5.027;51.153
2.146;5.021;51.17
2.173;5.005;51.196
2.09;5.023;51.119
2.161;5.011;51.187
2.165;5.009;51.192
2.073;5.025;51.103
2.076;5.023;51.106
2.096;5.029;51.126
2.119;5.027;51.148
2.142;5.026;51.17
2.115;5.031;51.145
2.096;5.036;51.129
2.134;5.028;51.166
2.156;5.015;51.187
2.065;5.028;51.1
2.11;5.038;51.143
2.087;5.028;51.122
2.08;5.029;51.117
2.103;5.04;51.139
2.125;5.034;51.161
2.147;5.017;51.183
2.125;5.031;51.163
2.111;5.032;51.151
2.14;5.02;51.179
2.086;5.032;51.127
2.117;5.033;51.157
2.093;5.039;51.135
2.069;5.026;51.113
2.115;5.033;51.158
2.13;5.026;51.174
2.061;5.03;51.108
2.084;5.037;51.13
2.152;5.016;51.197
2.106;5.038;51.154
2.074;5.031;51.124
2.121;5.03;51.17
2.144;5.02;51.193
2.098;5.04;51.149
2.136;5.021;51.187
2.05;5.035;51.104
2.052;5.032;51.106
2.059;5.036;51.112
2.075;5.034;51.129
2.091;5.042;51.144
2.117;5.034;51.171
2.067;5.032;51.122
2.111;5.037;51.166
2.063;5.035;51.12
2.132;5.025;51.189
2.126;5.028;51.184
2.08;5.039;51.14
2.104;5.042;51.163
2.119;5.032;51.179
2.057;5.038;51.12
2.094;5.041;51.157
2.101;5.043;51.163
2.041;5.033;51.105
2.085;5.042;51.149
2.042;5.033;51.107
2.048;5.032;51.113
2.071;5.038;51.135
2.08;5.044;51.145
2.091;5.044;51.157
2.115;5.034;51.18
2.131;5.029;51.197
2.107;5.036;51.174
2.046;5.034;51.114
2.075;5.043;51.144
2.118;5.032;51.187
2.068;5.044;51.139
2.084;5.045;51.154
2.098;5.043;51.169
2.122;5.029;51.192
2.038;5.036;51.11
2.077;5.047;51.149
2.053;5.038;51.126
2.099;5.043;51.173
2.03;5.038;51.105
2.059;5.033;51.133
2.066;5.039;51.141
2.118;5.034;51.193
2.09;5.045;51.166
2.112;5.038;51.189
2.022;5.04;51.1
2.056;5.046;51.134
2.028;5.047;51.107
2.061;5.038;51.14
2.06;5.029;51.139
2.092;5.042;51.171
2.065;5.049;51.145
2.031;5.043;51.112
2.037;5.039;51.118
2.042;5.038;51.123
2.061;5.023;51.142
2.081;5.045;51.162
2.103;5.039;51.184
2.067;5.053;51.15
2.063;5.02;51.145
2.063;5.029;51.147
2.097;5.042;51.18
2.057;5.049;51.141
2.068;5.041;51.152
2.069;5.029;51.153
2.089;5.043;51.173
2.019;5.047;51.104
2.074;5.037;51.159
2.077;5.042;51.163
2.033;5.046;51.12
2.039;5.043;51.125
2.094;5.045;51.18
2.048;5.048;51.137
2.071;5.048;51.159
2.065;5.051;51.155
2.108;5.038;51.198
2.025;5.055;51.117
2.07;5.054;51.162
2.084;5.047;51.176
2.04;5.045;51.132
2.038;5.043;51.131
2.099;5.039;51.193
2.016;5.049;51.11
2.052;5.051;51.147
2.076;5.049;51.171
2.006;5.042;51.103
2.092;5.04;51.189
2.03;5.048;51.128
2.066;5.054;51.166
2.088;5.044;51.188
2.052;5.056;51.152
2.022;5.054;51.123
2.032;5.042;51.133
2.042;5.052;51.144
2.046;5.054;51.147
2.067;5.051;51.169
2.006;5.046;51.108
2.034;5.042;51.136
1.999;5.046;51.101
2.021;5.053;51.125
2.031;5.042;51.135
2.059;5.052;51.163
2.081;5.05;51.185
2.037;5.048;51.142
2.056;5.053;51.162
2.027;5.05;51.136
2.072;5.052;51.181
2.011;5.056;51.12
2.034;5.057;51.143
2.04;5.052;51.149
2.072;5.053;51.183
2.048;5.055;51.159
2.083;5.046;51.196
2.086;5.039;51.199
2.002;5.051;51.115
2.064;5.05;51.177
1.995;5.051;51.109
2.016;5.052;51.13
2.062;5.057;51.177
2.018;5.055;51.134
2.076;5.05;51.194
2.002;5.054;51.118
2.053;5.056;51.171
2.029;5.052;51.148
2.008;5.048;51.126
1.994;5.055;51.113
2.068;5.05;51.189
2.022;5.051;51.144
1.985;5.05;51.106
2.007;5.057;51.13
2.016;5.052;51.139
2.044;5.058;51.168
2.021;5.059;51.147
2.037;5.062;51.163
2.057;5.057;51.183
1.977;5.051;51.102
1.998;5.057;51.124
2.059;5.05;51.186
2.012;5.059;51.139
2.019;5.065;51.148
1.99;5.057;51.119
2.028;5.061;51.158
2.062;5.052;51.193
2.05;5.058;51.181
1.973;5.055;51.103
1.979;5.053;51.11
2.014;5.066;51.145
2.033;5.064;51.165
2.059;5.052;51.192
2.063;5.056;51.199
2.002;5.058;51.137
2.02;5.061;51.155
1.981;5.058;51.116
2.025;5.066;51.161
2.04;5.059;51.178
2.017;5.065;51.155
2.034;5.06;51.173
1.972;5.053;51.11
1.994;5.06;51.134
2.005;5.062;51.145
2.053;5.056;51.195
1.971;5.054;51.112
1.986;5.061;51.127
2.009;5.067;51.152
2.03;5.066;51.173
2.046;5.057;51.189
1.964;5.057;51.106
2.0;5.061;51.144
2.023;5.068;51.168
1.958;5.063;51.101
2.037;5.06;51.187
1.975;5.05;51.124
1.959;5.065;51.108
1.992;5.062;51.142
1.953;5.066;51.103
2.012;5.067;51.164
2.03;5.061;51.183
1.971;5.052;51.122
1.964;5.06;51.116
2.027;5.068;51.182
1.988;5.064;51.142
2.005;5.072;51.16
1.966;5.056;51.12
2.041;5.059;51.199
2.018;5.068;51.176
1.963;5.064;51.119
1.972;5.063;51.129
1.981;5.065;51.139
2.035;5.062;51.196
1.958;5.068;51.116
1.995;5.071;51.155
1.999;5.073;51.161
2.031;5.063;51.195
1.941;5.061;51.101
1.964;5.062;51.126
2.009;5.069;51.173
1.947;5.063;51.109
1.972;5.066;51.135
2.003;5.071;51.168
1.985;5.068;51.151
2.023;5.067;51.191
1.935;5.063;51.101
1.941;5.062;51.106
1.988;5.073;51.156
1.991;5.075;51.159
1.993;5.073;51.162
1.962;5.067;51.13
2.004;5.074;51.175
1.949;5.073;51.118
1.998;5.076;51.17
2.013;5.069;51.185
1.977;5.07;51.148
2.008;5.072;51.181
1.94;5.067;51.11
1.953;5.067;51.125
1.991;5.078;51.165
1.931;5.069;51.103
1.948;5.072;51.121
1.967;5.069;51.142
2.015;5.071;51.193
2.021;5.07;51.199
1.977;5.072;51.154
1.979;5.071;51.156
2.004;5.076;51.182
1.938;5.072;51.113
1.974;5.073;51.151
2.01;5.073;51.19
1.925;5.073;51.1
1.943;5.076;51.122
1.96;5.071;51.139
1.981;5.076;51.163
1.996;5.076;51.179
1.936;5.077;51.116
1.973;5.075;51.156
1.949;5.071;51.133
2.009;5.077;51.196
1.944;5.072;51.129
1.955;5.075;51.141
1.963;5.072;51.15
1.986;5.075;51.174
1.927;5.073;51.112
1.921;5.073;51.107
1.948;5.074;51.136
2.0;5.075;51.192
1.957;5.071;51.147
1.964;5.075;51.155
1.978;5.079;51.17
1.925;5.074;51.114
1.941;5.078;51.131
1.93;5.073;51.12
1.992;5.078;51.187
1.917;5.075;51.11
1.953;5.076;51.148
1.923;5.073;51.117
1.932;5.077;51.127
1.909;5.073;51.103
1.967;5.078;51.166
1.944;5.075;51.143
1.981;5.078;51.183
1.907;5.074;51.105
1.923;5.075;51.122
1.96;5.082;51.162
1.974;5.081;51.179
1.937;5.079;51.139
1.966;5.081;51.172
1.988;5.08;51.196
1.913;5.076;51.117
1.95;5.08;51.157
1.97;5.083;51.18
1.928;5.081;51.135
1.956;5.082;51.166
1.974;5.081;51.186
1.978;5.08;51.191
1.941;5.079;51.152
1.964;5.086;51.176
1.925;5.084;51.135
1.904;5.078;51.114
1.919;5.081;51.131
1.97;5.09;51.186
1.947;5.082;51.163
1.955;5.088;51.171
1.896;5.081;51.108
1.907;5.084;51.12
1.932;5.08;51.148
1.941;5.084;51.157
1.976;5.088;51.194
1.911;5.082;51.126
1.889;5.082;51.103
1.902;5.084;51.118
1.973;5.093;51.195
1.936;5.082;51.156
1.945;5.087;51.166
1.973;5.093;51.197
1.893;5.084;51.111
1.908;5.085;51.128
1.923;5.082;51.144
1.929;5.084;51.15
1.933;5.082;51.155
1.885;5.084;51.105
1.938;5.087;51.162
1.9;5.087;51.122
1.915;5.081;51.139
1.951;5.091;51.179
1.966;5.087;51.196
1.877;5.088;51.1
1.908;5.082;51.136
1.928;5.088;51.158
1.891;5.087;51.118
1.912;5.083;51.141
1.905;5.085;51.136
1.918;5.081;51.15
1.956;5.086;51.193
1.935;5.092;51.171
1.913;5.082;51.148
1.927;5.092;51.163
1.881;5.088;51.114
1.896;5.086;51.131
1.918;5.086;51.155
1.947;5.09;51.188
1.955;5.091;51.199
1.873;5.089;51.109
1.909;5.085;51.149
1.925;5.097;51.166
1.929;5.094;51.171
1.939;5.091;51.183
1.889;5.091;51.129
1.887;5.094;51.127
1.944;5.094;51.191
1.947;5.091;51.195
1.865;5.093;51.105
1.9;5.088;51.145
1.936;5.094;51.185
1.929;5.094;51.179
1.931;5.092;51.181
1.892;5.087;51.14
1.913;5.096;51.163
1.862;5.095;51.107
1.876;5.091;51.124
1.87;5.092;51.117
1.854;5.096;51.101
1.905;5.091;51.157
1.942;5.099;51.198
1.864;5.093;51.114
1.919;5.094;51.176
1.883;5.09;51.137
1.897;5.091;51.152
1.934;5.097;51.193
1.905;5.093;51.162
1.867;5.094;51.121
1.859;5.095;51.114
1.875;5.092;51.132
1.889;5.09;51.148
1.91;5.098;51.173
1.924;5.1;51.189
1.881;5.093;51.142
1.894;5.094;51.157
1.85;5.098;51.11
1.87;5.095;51.133
1.886;5.095;51.151
1.901;5.098;51.167
1.866;5.099;51.129
1.875;5.093;51.139
1.916;5.101;51.185
1.923;5.103;51.193
1.905;5.103;51.173
1.879;5.098;51.145
1.903;5.103;51.173
1.842;5.1;51.105
1.907;5.101;51.179
1.892;5.097;51.163
1.913;5.103;51.187
1.855;5.099;51.123
1.835;5.102;51.102
1.869;5.096;51.141
1.906;5.104;51.183
1.92;5.105;51.199
1.883;5.099;51.158
1.897;5.102;51.175
1.846;5.1;51.12
1.885;5.103;51.163
1.886;5.105;51.165
1.892;5.102;51.171
1.83;5.103;51.103
1.86;5.1;51.137
1.91;5.107;51.194
1.874;5.099;51.155
1.894;5.103;51.178
1.888;5.104;51.172
1.837;5.101;51.115
1.901;5.11;51.19
1.849;5.103;51.132
1.851;5.101;51.134
1.865;5.101;51.15
1.878;5.102;51.164
1.829;5.103;51.112
1.88;5.106;51.17
1.827;5.104;51.111
1.893;5.107;51.186
1.842;5.102;51.129
1.857;5.1;51.146
1.871;5.102;51.163
1.841;5.103;51.131
1.819;5.107;51.107
1.869;5.105;51.164
1.884;5.106;51.181
1.897;5.109;51.198
1.833;5.102;51.126
1.847;5.102;51.142
1.86;5.102;51.158
1.81;5.109;51.101
1.861;5.104;51.16
1.892;5.111;51.195
1.842;5.102;51.14
1.853;5.102;51.152
1.874;5.105;51.176
1.82;5.103;51.115
1.825;5.101;51.121
1.822;5.104;51.12
1.838;5.104;51.138
1.847;5.102;51.149
1.816;5.107;51.116
1.851;5.104;51.156
1.866;5.107;51.173
1.873;5.101;51.181
1.872;5.102;51.182
1.878;5.111;51.19
1.88;5.113;51.193
1.842;5.105;51.151
1.866;5.102;51.178
1.857;5.108;51.168
1.866;5.103;51.179
1.807;5.109;51.112
1.822;5.102;51.13
1.819;5.105;51.128
1.827;5.105;51.138
1.833;5.106;51.146
1.873;5.113;51.192
1.852;5.114;51.168
1.846;5.109;51.164
1.875;5.113;51.198
1.796;5.115;51.107
1.798;5.111;51.109
1.861;5.105;51.182
1.82;5.103;51.136
1.81;5.107;51.126
1.824;5.107;51.142
1.839;5.109;51.161
1.852;5.106;51.178
1.787;5.115;51.104
1.866;5.111;51.195
1.801;5.11;51.121
1.816;5.106;51.139
1.83;5.109;51.155
1.789;5.111;51.108
1.836;5.113;51.163
1.843;5.111;51.174
1.793;5.109;51.117
1.807;5.107;51.134
1.851;5.11;51.185
1.857;5.111;51.192
1.835;5.111;51.168
1.82;5.107;51.152
1.786;5.11;51.113
1.782;5.117;51.111
1.834;5.115;51.172
1.798;5.11;51.13
1.837;5.112;51.176
1.839;5.11;51.179
1.846;5.115;51.187
1.795;5.114;51.128
1.826;5.112;51.164
1.811;5.106;51.148
1.789;5.112;51.123
1.854;5.111;51.199
1.838;5.116;51.183
1.774;5.121;51.109
1.817;5.111;51.16
1.824;5.113;51.168
1.782;5.112;51.119
1.802;5.107;51.143
1.788;5.116;51.127
1.831;5.118;51.178
1.766;5.125;51.104
1.845;5.11;51.196
1.794;5.108;51.138
1.767;5.123;51.106
1.815;5.113;51.164
1.778;5.115;51.121
1.789;5.113;51.135
1.806;5.11;51.156
1.821;5.116;51.174
1.834;5.115;51.191
1.756;5.127;51.1
1.771;5.121;51.117
1.791;5.115;51.141
1.784;5.118;51.135
1.812;5.112;51.169
1.765;5.123;51.114
1.797;5.111;51.152
1.811;5.115;51.169
1.826;5.119;51.187
1.795;5.113;51.153
1.761;5.127;51.114
1.775;5.118;51.13
1.789;5.117;51.147
1.803;5.112;51.165
1.791;5.112;51.151
1.816;5.117;51.182
1.776;5.123;51.136
1.766;5.119;51.126
1.781;5.119;51.144
1.792;5.113;51.157
1.752;5.128;51.11
1.816;5.123;51.187
1.788;5.112;51.156
1.794;5.116;51.162
1.808;5.12;51.179
1.821;5.118;51.196
1.743;5.131;51.104
1.77;5.123;51.137
1.777;5.124;51.145
1.814;5.123;51.19
1.759;5.122;51.125
1.771;5.122;51.139
1.799;5.121;51.174
1.756;5.125;51.123
1.785;5.116;51.157
1.736;5.132;51.1
1.812;5.119;51.191
1.765;5.124;51.135
1.802;5.123;51.18
1.799;5.124;51.177
1.776;5.12;51.152
1.805;5.122;51.187
1.747;5.127;51.118
1.761;5.12;51.135
1.731;5.136;51.1
1.79;5.117;51.171
1.74;5.13;51.114
1.754;5.12;51.131
1.772;5.123;51.153
1.802;5.123;51.189
1.781;5.118;51.165
1.804;5.122;51.194
1.737;5.139;51.114
1.767;5.127;51.149
1.776;5.122;51.161
1.795;5.126;51.184
1.741;5.133;51.12
1.751;5.126;51.131
1.758;5.121;51.141
1.746;5.129;51.128
1.73;5.14;51.109
1.777;5.123;51.168
1.786;5.124;51.178
1.757;5.127;51.145
1.794;5.122;51.189
1.77;5.125;51.162
1.8;5.126;51.198
1.723;5.142;51.106
1.782;5.122;51.179
1.72;5.145;51.105
1.734;5.137;51.123
1.748;5.128;51.14
1.762;5.129;51.159
1.776;5.126;51.176
1.789;5.125;51.193
1.756;5.134;51.153
1.778;5.123;51.18
1.742;5.131;51.137
1.778;5.122;51.182
1.712;5.148;51.102
1.725;5.138;51.118
1.739;5.136;51.136
1.767;5.127;51.169
1.78;5.121;51.186
1.773;5.133;51.179
1.751;5.131;51.153
1.719;5.14;51.114
1.779;5.124;51.189
1.715;5.145;51.113
1.773;5.135;51.184
1.73;5.137;51.131
1.744;5.129;51.15
1.758;5.128;51.166
1.738;5.131;51.145
1.723;5.141;51.127
1.772;5.132;51.188
1.708;5.15;51.11
1.75;5.127;51.162
1.762;5.131;51.177
1.777;5.127;51.197
1.734;5.135;51.145
1.756;5.132;51.173
1.763;5.133;51.181
1.742;5.13;51.157
1.77;5.13;51.192
1.699;5.151;51.106
1.712;5.148;51.123
1.726;5.137;51.14
1.746;5.12;51.165
1.764;5.132;51.189
1.745;5.122;51.166
1.755;5.135;51.179
1.768;5.137;51.196
1.718;5.141;51.135
1.738;5.135;51.16
1.689;5.158;51.101
1.722;5.144;51.142
1.743;5.129;51.169
1.703;5.15;51.12
1.713;5.143;51.133
1.73;5.137;51.154
1.758;5.134;51.189
1.742;5.134;51.17
1.715;5.144;51.138
1.727;5.144;51.153
1.697;5.152;51.115
1.75;5.138;51.184
1.707;5.147;51.132
1.722;5.145;51.151
1.736;5.137;51.168
1.692;5.157;51.115
1.72;5.143;51.151
1.727;5.14;51.162
1.699;5.149;51.127
1.756;5.144;51.198
1.685;5.157;51.111
1.713;5.146;51.146
1.74;5.139;51.18
1.722;5.142;51.158
1.753;5.14;51.197
1.694;5.152;51.124
1.731;5.143;51.17
1.679;5.161;51.106
1.7;5.153;51.135
1.705;5.15;51.141
1.724;5.143;51.165
1.732;5.141;51.175
1.695;5.155;51.131
1.717;5.147;51.159
1.744;5.14;51.193
1.689;5.157;51.124
1.746;5.143;51.197
1.668;5.161;51.1
1.675;5.165;51.108
1.701;5.154;51.143
1.725;5.141;51.174
1.737;5.14;51.189
1.681;5.159;51.119
1.694;5.157;51.137
1.708;5.148;51.154
1.721;5.145;51.172
1.702;5.151;51.149
1.73;5.141;51.183
1.665;5.165;51.103
1.725;5.142;51.179
1.675;5.163;51.117
1.714;5.147;51.167
1.736;5.142;51.197
1.672;5.165;51.115
1.685;5.159;51.133
1.698;5.155;51.151
1.725;5.145;51.186
1.679;5.164;51.128
1.707;5.15;51.163
1.71;5.154;51.17
1.732;5.145;51.198
1.663;5.167;51.111
1.677;5.16;51.128
1.718;5.144;51.181
1.69;5.156;51.146
1.702;5.154;51.164
1.67;5.161;51.124
1.712;5.15;51.178
1.682;5.16;51.142
1.717;5.15;51.187
1.724;5.149;51.195
1.695;5.157;51.16
1.708;5.156;51.177
1.653;5.169;51.107
1.666;5.164;51.124
1.663;5.163;51.121
1.674;5.162;51.137
1.72;5.154;51.196
1.645;5.171;51.102
1.699;5.156;51.172
1.709;5.151;51.185
1.714;5.156;51.191
1.658;5.166;51.12
1.672;5.165;51.138
1.686;5.158;51.156
1.678;5.16;51.151
1.705;5.157;51.186
1.664;5.167;51.134
1.648;5.169;51.116
1.69;5.159;51.17
1.671;5.162;51.147
1.702;5.164;51.187
1.678;5.162;51.158
1.698;5.164;51.184
1.71;5.156;51.199
1.634;5.174;51.102
1.641;5.172;51.111
1.674;5.163;51.154
1.683;5.161;51.165
1.695;5.16;51.181
1.655;5.17;51.129
1.668;5.166;51.147
1.635;5.173;51.106
1.703;5.159;51.194
1.638;5.174;51.113
1.687;5.157;51.177
1.659;5.169;51.142
1.682;5.161;51.172
1.672;5.164;51.16
1.644;5.169;51.125
1.698;5.163;51.196
1.63;5.175;51.108
1.683;5.164;51.177
1.69;5.16;51.187
1.664;5.168;51.155
1.678;5.168;51.174
1.638;5.172;51.122
1.685;5.161;51.184
1.691;5.164;51.192
1.65;5.17;51.139
1.622;5.175;51.103
1.644;5.172;51.131
1.635;5.175;51.121
1.67;5.169;51.169
1.655;5.17;51.151
1.628;5.176;51.116
1.646;5.173;51.14
1.682;5.165;51.187
1.637;5.173;51.129
1.64;5.175;51.137
1.648;5.171;51.147
1.675;5.171;51.182
1.646;5.174;51.146
1.66;5.168;51.165
1.632;5.175;51.13
1.651;5.174;51.154
1.655;5.172;51.159
1.617;5.177;51.112
1.656;5.174;51.165
1.679;5.169;51.195
1.664;5.172;51.179
1.637;5.179;51.144
1.65;5.175;51.161
1.623;5.177;51.126
1.609;5.181;51.109
1.656;5.171;51.175
1.669;5.17;51.193
1.641;5.175;51.157
1.614;5.179;51.121
1.627;5.178;51.139
1.643;5.173;51.161
1.6;5.182;51.104
1.647;5.173;51.169
1.66;5.17;51.187
1.619;5.18;51.135
1.633;5.177;51.152
1.606;5.184;51.117
1.666;5.171;51.199
1.606;5.183;51.118
1.64;5.169;51.166
1.642;5.172;51.169
1.654;5.172;51.184
1.611;5.181;51.128
1.589;5.184;51.1
1.659;5.171;51.194
1.65;5.174;51.183
1.592;5.183;51.107
1.604;5.183;51.123
1.623;5.181;51.148
1.636;5.178;51.166
1.594;5.184;51.111
1.596;5.183;51.114
1.618;5.182;51.145
1.608;5.184;51.132
1.642;5.176;51.178
1.655;5.174;51.197
1.628;5.181;51.161
1.587;5.185;51.108
1.6;5.185;51.126
1.612;5.185;51.144
1.593;5.182;51.118
1.621;5.18;51.156
1.634;5.178;51.174
1.647;5.175;51.192
1.605;5.189;51.14
1.591;5.184;51.122
1.616;5.185;51.156
1.639;5.179;51.188
1.577;5.187;51.105
1.611;5.189;51.153
1.624;5.18;51.17
1.596;5.189;51.135
1.618;5.182;51.166
1.629;5.181;51.181
1.635;5.183;51.188
1.581;5.186;51.117
1.568;5.191;51.101
1.629;5.184;51.186
1.588;5.188;51.131
1.601;5.191;51.149
1.614;5.186;51.166
1.593;5.193;51.14
1.574;5.188;51.113
1.634;5.178;51.197
1.619;5.183;51.178
1.606;5.19;51.162
1.579;5.185;51.125
1.586;5.193;51.135
1.593;5.192;51.145
1.618;5.183;51.18
1.565;5.191;51.109
1.612;5.182;51.175
1.625;5.184;51.192
1.625;5.182;51.195
1.618;5.182;51.186
1.555;5.193;51.1
1.562;5.195;51.11
1.573;5.181;51.126
1.596;5.19;51.158
1.609;5.185;51.175
1.571;5.181;51.124
1.583;5.195;51.141
1.568;5.188;51.123
1.615;5.184;51.188
1.555;5.196;51.106
1.602;5.19;51.171
1.563;5.191;51.118
1.574;5.19;51.134
1.588;5.191;51.153
1.57;5.191;51.13
1.607;5.188;51.185
1.546;5.197;51.1
1.559;5.196;51.118
1.572;5.195;51.137
1.582;5.192;51.152
1.588;5.193;51.16
1.593;5.192;51.167
1.579;5.195;51.15
1.564;5.197;51.132
1.611;5.185;51.197
1.551;5.196;51.114
1.597;5.19;51.18
1.557;5.198;51.127
1.569;5.195;51.145
1.579;5.189;51.159
1.603;5.191;51.193
1.541;5.199;51.11
1.581;5.181;51.166
1.588;5.19;51.175
1.575;5.196;51.159
1.56;5.199;51.141
1.593;5.193;51.188
1.546;5.198;51.123
1.58;5.187;51.171
1.592;5.191;51.19
1.532;5.2;51.106
1.566;5.197;51.154
1.553;5.2;51.137
1.577;5.195;51.172
1.583;5.181;51.18
1.537;5.2;51.118
1.579;5.179;51.179
1.584;5.188;51.186
1.57;5.197;51.168
1.579;5.188;51.18
1.523;5.199;51.102
1.556;5.2;51.15
1.535;5.203;51.12
1.543;5.202;51.133
1.529;5.202;51.114
1.538;5.203;51.127
1.579;5.194;51.186
1.589;5.191;51.199
1.586;5.193;51.197
1.574;5.195;51.181
1.561;5.199;51.164
1.527;5.203;51.118
1.547;5.203;51.146
1.579;5.194;51.193
1.58;5.192;51.195
1.519;5.2;51.109
1.533;5.204;51.129
1.565;5.197;51.176
1.552;5.202;51.16
1.539;5.202;51.141
1.525;5.205;51.124
1.571;5.197;51.19
1.512;5.201;51.107
1.536;5.203;51.141
1.545;5.203;51.154
1.557;5.199;51.172
1.509;5.206;51.106
1.537;5.203;51.148
1.529;5.205;51.137
1.541;5.204;51.156
1.532;5.203;51.143
1.561;5.198;51.186
1.511;5.203;51.113
1.501;5.206;51.101
1.515;5.207;51.121
1.547;5.201;51.168
1.567;5.196;51.199
1.52;5.207;51.133
1.532;5.204;51.151
1.553;5.2;51.181
1.54;5.201;51.165
1.506;5.207;51.116
1.537;5.204;51.162
1.525;5.206;51.146
1.557;5.199;51.194
1.511;5.209;51.129
1.544;5.201;51.177
1.497;5.209;51.11
1.517;5.208;51.141
1.529;5.208;51.16
1.55;5.201;51.19
1.537;5.201;51.172
1.503;5.213;51.125
1.547;5.203;51.19
1.484;5.213;51.1
1.488;5.212;51.107
1.521;5.211;51.156
1.541;5.202;51.185
1.508;5.21;51.138
1.531;5.204;51.173
1.518;5.213;51.156
1.526;5.209;51.169
1.538;5.204;51.187
1.484;5.215;51.108
1.492;5.208;51.12
1.499;5.209;51.132
1.512;5.211;51.15
1.479;5.216;51.103
1.531;5.206;51.181
1.542;5.202;51.198
1.486;5.21;51.116
1.516;5.211;51.163
1.504;5.211;51.146
1.531;5.202;51.187
1.497;5.214;51.136
1.536;5.204;51.195
1.49;5.208;51.128
1.482;5.216;51.116
1.485;5.211;51.123
1.522;5.211;51.178
1.53;5.2;51.192
1.475;5.219;51.111
1.499;5.214;51.147
1.531;5.201;51.195
1.508;5.211;51.161
1.487;5.216;51.131
1.503;5.213;51.155
1.494;5.216;51.142
1.526;5.207;51.191
1.513;5.212;51.173
1.48;5.221;51.125
1.511;5.213;51.174
1.466;5.222;51.107
1.506;5.212;51.168
1.517;5.21;51.186
1.485;5.218;51.138
1.497;5.216;51.157
1.471;5.22;51.121
1.502;5.215;51.169
1.513;5.215;51.186
1.457;5.222;51.103
1.505;5.213;51.176
1.489;5.217;51.152
1.504;5.212;51.176
1.463;5.221;51.115
1.468;5.224;51.123
1.475;5.22;51.134
1.508;5.216;51.183
1.495;5.219;51.165
1.452;5.223;51.1
1.513;5.213;51.194
1.513;5.211;51.197
1.46;5.224;51.118
1.48;5.218;51.148
1.455;5.222;51.112
1.466;5.222;51.13
1.498;5.215;51.178
1.503;5.213;51.187
1.485;5.219;51.161
1.472;5.22;51.143
1.5;5.212;51.186
1.504;5.214;51.192
1.451;5.226;51.113
1.46;5.222;51.128
1.49;5.22;51.174
1.457;5.227;51.125
1.476;5.217;51.157
1.495;5.216;51.186
1.444;5.228;51.109
1.462;5.223;51.139
1.462;5.222;51.14
1.469;5.221;51.153
1.48;5.22;51.17
1.448;5.226;51.121
1.456;5.222;51.134
1.486;5.218;51.182
1.435;5.229;51.104
1.452;5.225;51.134
1.464;5.224;51.151
1.472;5.219;51.166
1.491;5.22;51.197
1.439;5.227;51.117
1.488;5.223;51.196
1.457;5.225;51.149
1.476;5.219;51.178
1.445;5.226;51.13
1.425;5.23;51.1
1.483;5.223;51.192
1.431;5.229;51.113
1.461;5.224;51.159
1.463;5.221;51.162
1.481;5.221;51.193
1.468;5.219;51.174
1.448;5.227;51.144
1.457;5.222;51.161
1.434;5.226;51.125
1.453;5.225;51.157
1.473;5.218;51.187
1.422;5.229;51.108
1.433;5.223;51.129
1.44;5.228;51.14
1.457;5.223;51.169
1.459;5.222;51.172
1.426;5.226;51.121
1.427;5.223;51.125
1.435;5.223;51.138
1.445;5.227;51.152
1.463;5.219;51.184
1.411;5.231;51.105
1.45;5.226;51.166
1.43;5.222;51.135
1.468;5.221;51.197
1.46;5.223;51.185
1.404;5.233;51.1
1.417;5.227;51.119
1.432;5.223;51.144
1.435;5.227;51.149
1.462;5.222;51.191
1.454;5.219;51.179
1.466;5.223;51.199
1.402;5.234;51.1
1.417;5.223;51.123
1.422;5.222;51.131
1.441;5.226;51.162
1.427;5.222;51.142
1.459;5.224;51.193
1.421;5.223;51.133
1.407;5.229;51.114
1.452;5.222;51.186
1.445;5.22;51.176
1.425;5.225;51.146
1.411;5.225;51.126
1.401;5.233;51.11
1.413;5.223;51.129
1.431;5.227;51.158
1.45;5.223;51.19
1.418;5.226;51.14
1.396;5.234;51.107
1.436;5.229;51.172
1.405;5.229;51.123
1.442;5.222;51.184
1.423;5.229;51.153
1.389;5.236;51.104
1.412;5.223;51.141
1.439;5.224;51.185
1.447;5.221;51.198
1.39;5.233;51.106
1.397;5.232;51.118
1.408;5.221;51.136
1.427;5.23;51.168
1.403;5.222;51.133
1.414;5.227;51.15
1.443;5.223;51.198
1.41;5.222;51.145
1.392;5.235;51.119
1.4;5.227;51.132
1.437;5.223;51.193
1.38;5.238;51.101
1.407;5.221;51.144
1.398;5.236;51.132
1.436;5.222;51.194
1.385;5.236;51.114
1.423;5.229;51.176
1.391;5.236;51.127
1.403;5.227;51.147
1.428;5.223;51.189
1.396;5.234;51.138
1.409;5.226;51.159
1.376;5.237;51.11
1.396;5.231;51.142
1.382;5.235;51.122
1.39;5.234;51.136
1.413;5.226;51.172
1.386;5.233;51.13
1.4;5.227;51.154
1.418;5.225;51.184
1.405;5.23;51.167
1.419;5.222;51.19
1.367;5.239;51.106
1.378;5.233;51.124
1.424;5.224;51.199
1.375;5.233;51.122
1.364;5.243;51.105
1.409;5.228;51.181
1.371;5.236;51.12
1.39;5.226;51.151
1.419;5.222;51.199
1.411;5.223;51.186
1.396;5.232;51.163
1.411;5.222;51.188
1.377;5.23;51.133
1.414;5.222;51.195
1.358;5.241;51.102
1.382;5.226;51.145
1.363;5.24;51.114
1.4;5.231;51.177
1.387;5.23;51.159
1.405;5.227;51.189
1.367;5.229;51.128
1.392;5.233;51.171
1.354;5.242;51.111
1.363;5.233;51.125
1.373;5.227;51.142
1.392;5.232;51.173
1.376;5.222;51.148
1.373;5.222;51.145
1.359;5.237;51.124
1.375;5.222;51.151
1.377;5.227;51.155
1.396;5.228;51.186
1.366;5.232;51.137
1.371;5.219;51.15
1.4;5.226;51.199
1.345;5.245;51.107
1.382;5.229;51.169
1.362;5.236;51.137
1.368;5.23;51.15
1.387;5.226;51.181
1.349;5.241;51.119
1.343;5.243;51.11
1.389;5.223;51.187
1.375;5.231;51.164
1.392;5.226;51.195
1.336;5.248;51.102
1.354;5.24;51.134
1.342;5.242;51.114
1.36;5.236;51.145
1.367;5.233;51.158
1.378;5.227;51.177
1.36;5.233;51.148
1.37;5.233;51.164
1.338;5.244;51.114
1.382;5.228;51.19
1.346;5.243;51.129
1.364;5.234;51.16
1.349;5.245;51.137
1.37;5.231;51.173
1.341;5.243;51.125
1.351;5.237;51.142
1.332;5.249;51.111
1.353;5.233;51.146
1.356;5.232;51.153
1.374;5.23;51.185
1.351;5.232;51.148
1.335;5.244;51.124
1.379;5.234;51.199
1.36;5.235;51.169
1.373;5.232;51.191
1.353;5.234;51.158
1.323;5.251;51.107
1.341;5.238;51.138
1.36;5.232;51.172
1.365;5.23;51.181
1.32;5.253;51.105
1.337;5.242;51.134
1.328;5.247;51.12
1.345;5.235;51.151
1.37;5.234;51.196
1.333;5.247;51.134
1.351;5.238;51.165
1.314;5.254;51.102
1.356;5.231;51.178
1.36;5.232;51.187
1.337;5.238;51.147
1.315;5.254;51.112
1.342;5.239;51.16
1.322;5.247;51.129
1.329;5.247;51.141
1.346;5.235;51.171
1.352;5.232;51.184
1.319;5.24;51.129
1.328;5.24;51.145
1.346;5.231;51.176
1.309;5.256;51.112
1.333;5.239;51.155
1.351;5.235;51.188
1.357;5.233;51.199
1.313;5.247;51.124
1.321;5.244;51.139
1.331;5.244;51.158
1.337;5.238;51.169
1.34;5.232;51.174
1.343;5.231;51.181
1.318;5.241;51.14
1.324;5.239;51.151
1.299;5.259;51.108
1.307;5.252;51.122
1.35;5.231;51.199
1.338;5.233;51.179
1.341;5.234;51.185
1.347;5.234;51.195
1.314;5.242;51.137
1.33;5.241;51.165
1.303;5.254;51.12
1.309;5.245;51.134
1.316;5.237;51.147
1.333;5.235;51.177
1.291;5.258;51.104
1.312;5.241;51.141
1.322;5.243;51.159
1.296;5.257;51.117
1.337;5.236;51.191
1.313;5.245;51.149
1.32;5.245;51.161
1.328;5.241;51.175
1.301;5.25;51.13
1.306;5.248;51.143
1.323;5.244;51.174
1.296;5.253;51.127
1.281;5.258;51.1
1.328;5.238;51.187
1.287;5.259;51.113
1.309;5.247;51.157
1.291;5.257;51.126
1.314;5.246;51.17
1.297;5.249;51.14
1.32;5.241;51.183
1.278;5.261;51.108
1.295;5.257;51.139
1.302;5.25;51.152
1.325;5.241;51.197
1.283;5.258;51.122
1.299;5.253;51.152
1.323;5.243;51.196
1.288;5.256;51.134
1.306;5.249;51.167
1.313;5.242;51.181
1.27;5.262;51.104
1.295;5.253;51.149
1.31;5.245;51.178
1.291;5.254;51.147
1.316;5.241;51.193
1.273;5.262;51.118
1.297;5.25;51.162
1.302;5.244;51.173
1.279;5.259;51.131
1.303;5.243;51.176
1.26;5.262;51.1
1.306;5.241;51.187
1.259;5.263;51.102
1.265;5.263;51.113
1.282;5.256;51.145
1.288;5.251;51.158
1.263;5.264;51.113
1.27;5.263;51.126
1.269;5.264;51.126
1.293;5.248;51.171
1.301;5.242;51.186
1.274;5.259;51.139
1.298;5.246;51.184
1.256;5.265;51.109
1.281;5.253;51.156
1.303;5.242;51.197
1.255;5.263;51.108
1.262;5.263;51.123
1.278;5.256;51.153
1.284;5.251;51.166
1.301;5.243;51.197
1.26;5.264;51.122
1.265;5.262;51.135
1.288;5.249;51.179
1.254;5.263;51.117
1.247;5.263;51.104
1.27;5.259;51.148
1.293;5.248;51.192
1.26;5.263;51.132
1.278;5.253;51.166
1.275;5.256;51.162
1.251;5.264;51.119
1.293;5.241;51.197
1.256;5.265;51.131
1.278;5.254;51.173
1.28;5.25;51.177
1.244;5.262;51.111
1.263;5.262;51.145
1.285;5.248;51.188
1.26;5.264;51.143
1.236;5.265;51.101
1.266;5.258;51.158
1.242;5.266;51.114
1.248;5.266;51.127
1.27;5.255;51.17
1.272;5.253;51.175
1.252;5.265;51.139
1.276;5.249;51.185
1.254;5.263;51.145
1.282;5.242;51.199
1.28;5.246;51.197
1.234;5.266;51.11
1.256;5.262;51.154
1.27;5.252;51.181
1.261;5.257;51.167
1.238;5.266;51.123
1.265;5.255;51.179
1.242;5.266;51.137
1.248;5.264;51.148
1.271;5.25;51.193
1.224;5.269;51.106
1.248;5.262;51.151
1.253;5.261;51.163
1.229;5.268;51.119
1.257;5.257;51.176
1.24;5.264;51.144
1.233;5.268;51.132
1.241;5.263;51.148
1.262;5.254;51.189
1.222;5.271;51.113
1.226;5.274;51.121
1.244;5.261;51.158
1.261;5.251;51.191
1.214;5.276;51.101
1.225;5.275;51.126
1.219;5.274;51.116
1.248;5.258;51.172
1.237;5.261;51.153
1.225;5.27;51.129
1.23;5.268;51.141
1.253;5.256;51.185
1.258;5.25;51.198
1.219;5.269;51.124
1.241;5.26;51.168
1.21;5.277;51.11
1.224;5.27;51.137
1.233;5.266;51.155
1.216;5.278;51.124
1.225;5.274;51.142
1.237;5.263;51.166
1.204;5.273;51.104
1.243;5.258;51.181
1.249;5.254;51.193
1.219;5.274;51.136
1.225;5.269;51.149
1.23;5.267;51.163
1.204;5.273;51.116
1.206;5.275;51.12
1.236;5.261;51.178
1.212;5.275;51.133
1.233;5.264;51.175
1.24;5.257;51.19
1.217;5.27;51.146
1.201;5.273;51.115
1.193;5.281;51.102
1.222;5.269;51.159
1.234;5.261;51.186
1.203;5.274;51.126
1.226;5.266;51.172
1.196;5.276;51.114
1.205;5.273;51.133
1.227;5.262;51.177
1.209;5.274;51.141
1.229;5.264;51.185
1.2;5.271;51.13
1.225;5.262;51.18
1.212;5.272;51.154
1.234;5.257;51.198
1.196;5.268;51.124
1.189;5.28;51.111
1.217;5.269;51.168
1.23;5.261;51.194
1.196;5.259;51.126
1.197;5.259;51.129
1.203;5.268;51.143
1.193;5.277;51.123
1.203;5.26;51.144
1.221;5.264;51.181
1.194;5.249;51.129
1.195;5.241;51.131
1.204;5.269;51.151
1.194;5.268;51.132
1.194;5.257;51.131
1.194;5.248;51.131
1.196;5.24;51.134
1.226;5.265;51.195
1.181;5.281;51.106
1.196;5.278;51.138
1.196;5.247;51.137
1.199;5.259;51.144
1.198;5.272;51.143
1.208;5.271;51.164
1.184;5.277;51.118
1.201;5.277;51.152
1.175;5.283;51.1
1.213;5.268;51.177
1.178;5.285;51.108
1.188;5.279;51.133
1.198;5.283;51.152
1.217;5.266;51.191
1.194;5.28;51.146
1.199;5.277;51.159
1.205;5.272;51.174
1.17;5.287;51.103
1.176;5.28;51.116
1.2;5.272;51.164
1.204;5.275;51.173
1.173;5.284;51.114
1.206;5.273;51.18
1.208;5.266;51.186
1.179;5.282;51.128
1.167;5.294;51.106
1.185;5.28;51.143
1.189;5.281;51.155
1.168;5.289;51.113
1.194;5.277;51.168
1.172;5.281;51.124
1.201;5.27;51.184
1.198;5.274;51.181
1.164;5.297;51.111
1.204;5.267;51.195
1.17;5.287;51.125
1.176;5.281;51.138
1.199;5.271;51.189
1.179;5.277;51.149
1.163;5.295;51.116
1.158;5.299;51.107
1.17;5.279;51.132
1.201;5.273;51.196
1.159;5.292;51.113
1.184;5.277;51.165
1.19;5.275;51.177
1.195;5.274;51.19
1.166;5.27;51.13
1.162;5.268;51.125
1.172;5.28;51.147
1.178;5.282;51.161
1.153;5.303;51.109
1.156;5.289;51.118
1.148;5.301;51.103
1.15;5.304;51.108
1.154;5.3;51.117
1.159;5.268;51.128
1.174;5.285;51.16
1.186;5.275;51.186
1.151;5.303;51.114
1.18;5.277;51.175
1.19;5.273;51.199
1.157;5.278;51.129
1.156;5.289;51.129
1.168;5.288;51.157
1.146;5.304;51.112
1.154;5.295;51.129
1.161;5.288;51.143
1.157;5.29;51.137
1.172;5.281;51.17
1.178;5.279;51.182
1.15;5.296;51.124
1.158;5.294;51.144
1.149;5.293;51.125
1.182;5.278;51.196
1.142;5.302;51.113
1.172;5.282;51.176
1.152;5.296;51.139
1.158;5.291;51.152
1.133;5.305;51.1
1.163;5.287;51.165
1.173;5.278;51.191
1.134;5.298;51.108
1.14;5.301;51.121
1.132;5.304;51.105
1.166;5.286;51.179
1.151;5.29;51.147
1.157;5.292;51.16
1.144;5.297;51.134
1.15;5.292;51.154
1.159;5.29;51.174
1.126;5.306;51.103
1.153;5.293;51.161
1.131;5.301;51.117
1.165;5.282;51.192
1.168;5.282;51.198
1.125;5.303;51.108
1.135;5.302;51.13
1.154;5.293;51.171
1.14;5.295;51.143
1.163;5.282;51.194
1.125;5.302;51.113
1.145;5.296;51.157
1.15;5.296;51.17
1.155;5.291;51.183
1.128;5.3;51.125
1.12;5.305;51.112
1.158;5.286;51.195
1.114;5.304;51.102
1.134;5.29;51.146
1.136;5.29;51.149
1.15;5.292;51.18
1.138;5.296;51.154
1.123;5.304;51.126
1.13;5.289;51.143
1.14;5.296;51.165
1.152;5.289;51.191
1.113;5.309;51.109
1.145;5.295;51.178
1.117;5.306;51.122
1.128;5.29;51.146
1.124;5.302;51.138
1.121;5.304;51.134
1.133;5.299;51.163
1.144;5.292;51.188
1.105;5.31;51.105
1.125;5.298;51.149
1.13;5.304;51.161
1.137;5.298;51.175
1.142;5.295;51.188
1.132;5.3;51.168
1.109;5.308;51.117
1.114;5.309;51.131
1.12;5.3;51.145
1.101;5.315;51.106
1.123;5.302;51.159
1.115;5.305;51.142
1.122;5.306;51.158
1.109;5.314;51.13
1.118;5.302;51.15
1.127;5.306;51.171
1.132;5.299;51.183
1.101;5.31;51.113
1.138;5.298;51.197
1.093;5.316;51.102
1.098;5.318;51.112
1.109;5.311;51.14
1.114;5.308;51.153
1.101;5.312;51.126
1.106;5.314;51.139
1.118;5.305;51.166
1.124;5.304;51.179
1.129;5.301;51.194
1.097;5.311;51.123
1.09;5.319;51.109
1.123;5.302;51.184
1.094;5.317;51.121
1.1;5.312;51.134
1.099;5.313;51.134
1.11;5.31;51.163
1.12;5.302;51.186
1.115;5.309;51.175
1.117;5.303;51.181
1.119;5.303;51.19
1.081;5.319;51.105
1.093;5.31;51.132
1.104;5.311;51.156
1.115;5.302;51.183
1.098;5.31;51.145
1.12;5.302;51.197
1.085;5.316;51.117
1.087;5.313;51.121
1.108;5.311;51.172
1.089;5.317;51.132
1.09;5.312;51.137
1.093;5.314;51.144
1.111;5.309;51.185
1.099;5.315;51.159
1.084;5.319;51.125
1.074;5.323;51.103
1.078;5.322;51.113
1.103;5.315;51.172
1.114;5.306;51.197
1.108;5.314;51.183
1.071;5.325;51.1
1.093;5.312;51.152
1.103;5.312;51.178
1.075;5.324;51.116
1.085;5.317;51.141
1.079;5.325;51.128
1.095;5.314;51.166
1.069;5.321;51.108
1.089;5.315;51.154
1.095;5.313;51.169
1.1;5.314;51.18
1.106;5.309;51.194
1.085;5.319;51.149
1.074;5.327;51.123
1.078;5.322;51.137
1.102;5.313;51.193
1.065;5.326;51.109
1.087;5.315;51.162
1.081;5.326;51.15
1.092;5.315;51.176
1.096;5.315;51.189
1.058;5.329;51.105
1.081;5.32;51.16
1.063;5.329;51.118
1.068;5.327;51.131
1.074;5.326;51.145
1.077;5.327;51.158
1.083;5.317;51.172
1.088;5.317;51.185
1.063;5.332;51.126
1.092;5.317;51.198
1.078;5.321;51.166
1.051;5.329;51.102
1.055;5.33;51.114
1.057;5.333;51.121
1.065;5.329;51.141
1.078;5.324;51.171
1.081;5.32;51.179
1.084;5.325;51.187
1.086;5.319;51.193
1.058;5.336;51.127
1.068;5.329;51.154
1.053;5.335;51.117
1.073;5.327;51.168
1.061;5.333;51.139
1.045;5.335;51.103
1.048;5.332;51.11
1.065;5.33;51.151
1.078;5.326;51.182
1.082;5.327;51.194
1.045;5.334;51.11
1.051;5.339;51.125
1.056;5.335;51.137
1.065;5.328;51.163
1.059;5.337;51.151
1.07;5.328;51.176
1.075;5.33;51.189
1.038;5.333;51.106
1.06;5.332;51.16
1.06;5.333;51.165
1.04;5.332;51.116
1.042;5.336;51.122
1.035;5.336;51.105
1.046;5.337;51.133
1.062;5.33;51.173
1.05;5.335;51.146
1.055;5.335;51.158
1.065;5.331;51.185
1.071;5.329;51.199
1.058;5.334;51.171
1.033;5.332;51.114
1.038;5.34;51.128
1.027;5.338;51.102
1.041;5.343;51.135
1.058;5.331;51.182
1.042;5.339;51.143
1.047;5.337;51.154
1.052;5.337;51.169
1.062;5.33;51.194
1.028;5.336;51.114
1.035;5.344;51.131
1.055;5.335;51.181
1.06;5.333;51.197
1.035;5.342;51.136
1.055;5.33;51.189
1.023;5.341;51.111
1.027;5.338;51.124
1.032;5.345;51.139
1.047;5.339;51.177
1.036;5.337;51.15
1.041;5.335;51.164
1.051;5.336;51.19
1.019;5.344;51.112
1.042;5.342;51.172
1.021;5.342;51.12
1.014;5.341;51.106
1.024;5.341;51.133
1.028;5.344;51.145
1.029;5.341;51.149
1.034;5.34;51.159
1.044;5.342;51.187
1.049;5.339;51.199
1.009;5.342;51.101
1.016;5.345;51.119
1.013;5.342;51.112
1.037;5.345;51.174
1.021;5.344;51.133
1.031;5.343;51.16
1.017;5.343;51.128
1.027;5.342;51.154
1.032;5.342;51.166
1.038;5.342;51.183
1.005;5.348;51.103
1.019;5.34;51.14
1.04;5.34;51.195
1.009;5.349;51.116
1.014;5.345;51.129
1.019;5.344;51.144
1.029;5.347;51.169
1.034;5.345;51.183
1.022;5.346;51.156
1.014;5.342;51.136
1.037;5.345;51.195
1.007;5.35;51.125
1.001;5.352;51.111
1.015;5.347;51.151
1.02;5.349;51.165
1.004;5.354;51.124
1.025;5.349;51.178
1.03;5.349;51.192
1.009;5.346;51.138
0.994;5.354;51.101
1.012;5.354;51.154
0.992;5.354;51.107
0.992;5.352;51.108
1.016;5.352;51.175
0.995;5.35;51.12
1.0;5.35;51.134
1.011;5.354;51.161
1.015;5.354;51.174
1.005;5.35;51.147
1.019;5.348;51.187
0.998;5.355;51.133
1.009;5.353;51.161
0.989;5.354;51.115
0.994;5.35;51.127
0.984;5.349;51.102
0.998;5.35;51.143
1.012;5.35;51.182
1.017;5.351;51.196
0.987;5.352;51.116
1.002;5.35;51.156
0.992;5.358;51.13
1.006;5.351;51.17
0.981;5.356;51.105
1.002;5.352;51.163
1.009;5.354;51.182
1.005;5.352;51.175
1.014;5.353;51.198
0.981;5.353;51.113
0.989;5.356;51.136
1.008;5.351;51.189
0.974;5.355;51.101
0.983;5.351;51.126
0.988;5.35;51.138
0.993;5.349;51.15
0.982;5.355;51.124
0.977;5.355;51.112
0.997;5.356;51.166
1.007;5.354;51.193
1.001;5.355;51.179
0.99;5.354;51.154
1.002;5.352;51.187
0.969;5.353;51.102
0.984;5.352;51.146
0.99;5.356;51.161
0.969;5.357;51.109
0.974;5.357;51.121
0.979;5.349;51.135
0.993;5.358;51.174
0.975;5.353;51.127
0.984;5.354;51.15
0.998;5.357;51.188
0.965;5.353;51.101
0.973;5.351;51.13
0.977;5.352;51.14
0.981;5.359;51.155
0.966;5.359;51.117
0.96;5.358;51.103
0.969;5.357;51.129
0.984;5.36;51.17
0.989;5.359;51.183
0.993;5.356;51.196
0.973;5.354;51.144
0.958;5.361;51.11
0.96;5.365;51.118
0.961;5.359;51.126
0.971;5.356;51.153
0.975;5.359;51.166
0.98;5.358;51.178
0.985;5.359;51.193
0.951;5.359;51.1
0.956;5.367;51.114
0.958;5.366;51.124
0.949;5.364;51.103
0.965;5.353;51.153
0.977;5.36;51.188
0.949;5.364;51.109
0.972;5.358;51.174
0.961;5.355;51.147
0.957;5.357;51.135
0.962;5.351;51.151
0.964;5.353;51.156
0.966;5.357;51.162
0.951;5.368;51.122
0.963;5.353;51.155
0.977;5.362;51.196
0.945;5.362;51.107
0.951;5.361;51.125
0.973;5.363;51.189
0.955;5.358;51.144
0.973;5.368;51.197
0.938;5.362;51.103
0.948;5.358;51.13
0.966;5.359;51.183
0.941;5.363;51.113
0.956;5.357;51.157
0.961;5.36;51.171
0.967;5.363;51.188
0.942;5.365;51.118
0.939;5.363;51.111
0.936;5.365;51.106
0.95;5.366;51.145
0.946;5.362;51.136
0.957;5.363;51.171
0.941;5.361;51.127
0.953;5.36;51.165
0.958;5.358;51.178
0.963;5.364;51.194
0.948;5.36;51.153
0.96;5.361;51.189
0.943;5.369;51.14
0.933;5.365;51.113
0.937;5.365;51.125
0.946;5.365;51.151
0.951;5.365;51.168
0.954;5.36;51.186
0.939;5.373;51.143
0.95;5.359;51.176
0.931;5.366;51.122
0.938;5.374;51.144
0.944;5.36;51.16
0.941;5.362;51.153
0.925;5.368;51.108
0.939;5.367;51.149
0.934;5.369;51.136
0.947;5.365;51.174
0.952;5.365;51.191
0.935;5.373;51.141
0.935;5.374;51.143
0.927;5.375;51.124
0.918;5.372;51.102
0.938;5.363;51.16
0.92;5.375;51.11
0.941;5.367;51.172
0.945;5.361;51.183
0.949;5.371;51.197
0.941;5.363;51.177
0.921;5.37;51.118
0.93;5.37;51.145
0.924;5.373;51.128
0.934;5.366;51.158
0.925;5.37;51.133
0.914;5.376;51.105
0.94;5.362;51.18
0.942;5.364;51.187
0.917;5.376;51.118
0.93;5.362;51.162
0.935;5.367;51.179
0.94;5.369;51.194
0.927;5.368;51.154
0.913;5.376;51.114
0.916;5.372;51.127
0.92;5.365;51.14
0.929;5.367;51.167
0.906;5.378;51.102
0.908;5.372;51.112
0.917;5.363;51.141
0.906;5.373;51.11
0.902;5.384;51.104
0.922;5.367;51.163
0.926;5.369;51.176
0.93;5.37;51.189
0.914;5.362;51.141
0.915;5.361;51.145
0.907;5.377;51.123
0.916;5.366;51.151
0.903;5.379;51.111
0.93;5.372;51.196
0.898;5.384;51.102
0.9;5.385;51.107
0.912;5.362;51.144
0.921;5.372;51.172
0.909;5.384;51.138
0.904;5.373;51.124
0.923;5.368;51.185
0.928;5.375;51.199
0.91;5.369;51.146
0.91;5.38;51.149
0.913;5.37;51.157
0.9;5.372;51.122
0.918;5.371;51.179
0.904;5.383;51.136
0.907;5.385;51.145
0.909;5.372;51.153
0.916;5.376;51.173
0.922;5.372;51.193
0.898;5.378;51.118
0.92;5.376;51.186
0.892;5.382;51.104
0.899;5.373;51.125
0.893;5.385;51.107
0.909;5.373;51.159
0.913;5.385;51.174
0.915;5.379;51.181
0.908;5.379;51.165
0.89;5.384;51.11
0.897;5.382;51.137
0.899;5.385;51.143
0.903;5.379;51.155
0.911;5.387;51.179
0.907;5.384;51.169
0.884;5.382;51.1
0.889;5.38;51.114
0.893;5.377;51.128
0.883;5.384;51.102
0.908;5.383;51.185
0.909;5.379;51.189
0.9;5.379;51.162
0.904;5.388;51.176
0.881;5.384;51.108
0.887;5.382;51.125
0.889;5.381;51.136
0.894;5.381;51.15
0.884;5.384;51.124
0.896;5.385;51.164
0.879;5.38;51.111
0.899;5.383;51.177
0.875;5.385;51.1
0.905;5.378;51.198
0.884;5.383;51.132
0.901;5.382;51.187
0.892;5.382;51.165
0.895;5.38;51.173
0.873;5.383;51.109
0.885;5.385;51.147
0.895;5.382;51.18
0.883;5.383;51.144
0.874;5.38;51.118
0.879;5.385;51.133
0.87;5.385;51.106
0.884;5.382;51.154
0.895;5.378;51.194
0.891;5.386;51.181
0.885;5.382;51.169
0.876;5.381;51.14
0.881;5.385;51.155
0.864;5.382;51.102
0.873;5.385;51.131
0.889;5.394;51.186
0.89;5.393;51.187
0.867;5.387;51.115
0.868;5.382;51.119
0.89;5.381;51.191
0.869;5.382;51.127
0.86;5.388;51.101
0.886;5.388;51.19
0.877;5.387;51.164
0.881;5.387;51.176
0.872;5.388;51.15
0.863;5.381;51.125
0.867;5.382;51.137
0.858;5.386;51.11
0.866;5.383;51.141
0.883;5.385;51.198
0.856;5.383;51.111
0.859;5.386;51.122
0.878;5.389;51.186
0.862;5.381;51.132
0.873;5.387;51.173
0.864;5.388;51.146
0.867;5.387;51.16
0.858;5.389;51.133
0.851;5.382;51.111
0.852;5.382;51.115
0.862;5.395;51.148
0.849;5.388;51.106
0.853;5.387;51.121
0.85;5.382;51.113
0.855;5.394;51.132
0.861;5.392;51.156
0.867;5.382;51.175
0.869;5.385;51.183
0.864;5.388;51.169
0.872;5.386;51.195
0.855;5.39;51.142
0.865;5.383;51.175
0.865;5.382;51.18
0.849;5.394;51.13
0.857;5.396;51.155
0.86;5.395;51.168
0.863;5.382;51.177
0.848;5.393;51.126
0.844;5.387;51.115
0.839;5.39;51.102
0.851;5.395;51.143
0.86;5.388;51.179
0.863;5.388;51.192
0.851;5.399;51.151
0.849;5.393;51.145
0.854;5.398;51.165
0.861;5.393;51.19
0.836;5.393;51.109
0.841;5.391;51.124
0.845;5.399;51.138
0.856;5.393;51.177
0.844;5.391;51.143
0.847;5.403;51.154
0.847;5.403;51.156
0.852;5.398;51.174
0.834;5.396;51.112
0.838;5.395;51.125
0.855;5.391;51.187
0.842;5.399;51.143
0.845;5.399;51.16
0.85;5.403;51.178
0.837;5.4;51.134
0.845;5.392;51.164
0.85;5.392;51.184
0.844;5.393;51.166
0.831;5.396;51.121
0.847;5.403;51.18
0.848;5.399;51.184
0.851;5.389;51.196
0.826;5.392;51.107
0.835;5.388;51.14
0.835;5.398;51.143
0.832;5.404;51.136
0.841;5.396;51.169
0.847;5.391;51.19
0.826;5.404;51.121
0.836;5.405;51.155
0.836;5.399;51.158
0.831;5.406;51.143
0.824;5.403;51.121
0.826;5.402;51.127
0.826;5.405;51.132
0.817;5.39;51.103
0.841;5.397;51.191
0.837;5.4;51.179
0.832;5.398;51.164
0.818;5.392;51.113
0.815;5.392;51.11
0.823;5.403;51.139
0.828;5.403;51.157
0.822;5.403;51.138
0.826;5.407;51.152
0.837;5.4;51.19
0.833;5.404;51.181
0.827;5.403;51.162
0.816;5.402;51.125
0.83;5.401;51.173
0.823;5.413;51.15
0.809;5.393;51.105
0.811;5.397;51.112
0.819;5.414;51.151
0.822;5.407;51.161
0.826;5.406;51.175
0.82;5.414;51.157
0.823;5.402;51.168
0.817;5.41;51.146
0.819;5.414;51.155
0.809;5.4;51.122
0.812;5.401;51.134
0.829;5.405;51.196
0.829;5.4;51.198
0.804;5.398;51.108
0.823;5.406;51.183
0.819;5.405;51.17
0.806;5.403;51.129
0.808;5.405;51.144
0.804;5.407;51.131
0.8;5.401;51.116
0.819;5.406;51.193
0.795;5.401;51.103
0.819;5.402;51.197
0.799;5.402;51.122
0.802;5.413;51.134
0.805;5.403;51.146
0.813;5.407;51.179
0.795;5.406;51.117
0.808;5.405;51.166
0.804;5.406;51.152
0.811;5.413;51.18
0.798;5.415;51.136
0.795;5.405;51.126
0.81;5.41;51.187
0.802;5.411;51.161
0.79;5.407;51.113
0.804;5.409;51.175
0.785;5.404;51.101
0.796;5.408;51.148
0.791;5.411;51.133
0.792;5.415;51.136
0.799;5.415;51.164
0.806;5.41;51.194
0.794;5.415;51.148
0.787;5.402;51.124
0.796;5.41;51.157
0.786;5.407;51.121
0.799;5.412;51.174
0.806;5.416;51.199
0.801;5.41;51.184
0.781;5.407;51.109
0.796;5.417;51.17
0.798;5.411;51.179
0.792;5.421;51.158
0.8;5.41;51.191
0.787;5.411;51.144
0.79;5.423;51.159
0.795;5.419;51.179
0.783;5.414;51.134
0.782;5.409;51.13
0.792;5.424;51.17
0.795;5.424;51.185
0.797;5.418;51.193
0.777;5.411;51.117
0.789;5.425;51.168
0.772;5.407;51.104
0.794;5.426;51.192
0.777;5.41;51.127
0.774;5.415;51.12
0.783;5.417;51.153
0.786;5.422;51.165
0.789;5.426;51.18
0.775;5.419;51.126
0.792;5.433;51.194
0.778;5.414;51.142
0.788;5.433;51.181
0.79;5.431;51.189
0.777;5.411;51.137
0.789;5.434;51.19
0.785;5.426;51.175
0.766;5.41;51.1
0.778;5.411;51.153
0.785;5.434;51.182
0.768;5.409;51.113
0.772;5.425;51.129
0.769;5.415;51.119
0.773;5.413;51.135
0.775;5.411;51.151
0.781;5.419;51.175
0.777;5.418;51.162
0.786;5.432;51.198
0.774;5.417;51.149
0.77;5.418;51.137
0.76;5.416;51.1
0.762;5.41;51.11
0.768;5.424;51.135
0.776;5.416;51.169
0.764;5.417;51.122
0.779;5.423;51.181
0.763;5.413;51.117
0.779;5.428;51.185
0.772;5.419;51.158
0.78;5.432;51.193
0.776;5.42;51.178
0.757;5.414;51.109
0.769;5.428;51.159
0.776;5.436;51.187
0.765;5.419;51.145
0.773;5.429;51.178
0.76;5.421;51.128
0.769;5.421;51.166
0.765;5.422;51.151
0.775;5.439;51.194
0.756;5.419;51.116
0.768;5.44;51.168
0.77;5.426;51.173
0.766;5.434;51.16
0.767;5.427;51.166
0.759;5.427;51.133
0.761;5.426;51.144
0.763;5.427;51.152
0.77;5.438;51.18
0.771;5.442;51.188
0.75;5.422;51.105
0.749;5.424;51.102
0.766;5.441;51.175
0.753;5.425;51.122
0.764;5.444;51.168
0.77;5.445;51.195
0.757;5.43;51.139
0.766;5.445;51.183
0.759;5.437;51.154
0.766;5.446;51.19
0.759;5.442;51.161
0.75;5.426;51.127
0.754;5.437;51.141
0.751;5.433;51.133
0.761;5.445;51.176
0.746;5.426;51.116
0.755;5.445;51.156
0.765;5.442;51.199
0.741;5.419;51.102
0.752;5.439;51.149
0.755;5.446;51.164
0.74;5.413;51.105
0.751;5.444;51.153
0.762;5.446;51.198
0.739;5.413;51.106
0.747;5.437;51.138
0.757;5.448;51.185
0.744;5.43;51.133
0.741;5.425;51.124
0.752;5.447;51.172
0.737;5.417;51.109
0.746;5.449;51.159
0.734;5.426;51.111
0.742;5.439;51.146
0.749;5.443;51.176
0.738;5.43;51.13
0.752;5.449;51.194
0.747;5.442;51.177
0.741;5.442;51.153
0.736;5.437;51.135
0.747;5.445;51.182
0.732;5.426;51.119
0.743;5.449;51.168
0.727;5.423;51.104
0.744;5.443;51.177
0.737;5.443;51.148
0.747;5.453;51.196
0.727;5.424;51.106
0.734;5.44;51.14
0.736;5.448;51.154
0.743;5.452;51.187
0.744;5.454;51.192
0.733;5.445;51.145
0.729;5.429;51.128
0.729;5.434;51.132
0.738;5.449;51.177
0.735;5.45;51.164
0.732;5.454;51.157
0.731;5.454;51.155
0.732;5.454;51.16
0.718;5.427;51.1
0.721;5.42;51.112
0.729;5.448;51.149
0.739;5.454;51.199
0.734;5.454;51.177
0.735;5.447;51.183
0.724;5.439;51.138
0.726;5.443;51.147
0.731;5.448;51.173
0.722;5.432;51.131
0.734;5.456;51.187
0.716;5.417;51.11
0.718;5.425;51.123
0.726;5.453;51.161
0.714;5.43;51.11
0.724;5.451;51.159
0.729;5.449;51.18
0.72;5.44;51.146
0.726;5.455;51.173
0.72;5.443;51.151
0.729;5.459;51.195
0.715;5.431;51.132
0.725;5.456;51.181
0.711;5.429;51.119
0.712;5.434;51.133
0.716;5.447;51.154
0.72;5.453;51.168
0.706;5.426;51.107
0.714;5.443;51.149
0.712;5.438;51.141
0.714;5.455;51.158
0.703;5.42;51.103
0.721;5.463;51.191
0.71;5.445;51.144
0.703;5.43;51.114
0.716;5.456;51.177
0.7;5.421;51.101
0.704;5.434;51.121
0.706;5.432;51.131
0.705;5.435;51.127
0.712;5.456;51.165
0.704;5.433;51.133
0.709;5.454;51.156
0.697;5.43;51.101
0.698;5.433;51.109
0.706;5.45;51.15
0.698;5.439;51.117
0.701;5.438;51.137
0.698;5.44;51.124
0.695;5.444;51.116
0.707;5.457;51.174
0.71;5.451;51.187
0.692;5.435;51.103
0.693;5.439;51.109
0.699;5.446;51.139
0.697;5.441;51.133
0.703;5.449;51.16
0.694;5.446;51.125
0.697;5.442;51.141
0.698;5.448;51.146
0.691;5.445;51.113
0.707;5.458;51.194
0.707;5.465;51.199
0.702;5.455;51.182
0.692;5.446;51.133
0.692;5.443;51.14
0.687;5.445;51.12
0.684;5.444;51.11
0.693;5.45;51.155
0.694;5.453;51.16
0.699;5.458;51.192
0.681;5.44;51.104
0.687;5.446;51.142
0.694;5.458;51.179
0.698;5.46;51.198
0.691;5.455;51.165
0.683;5.448;51.129
0.68;5.448;51.116
0.688;5.45;51.163
0.684;5.447;51.151
0.689;5.463;51.178
0.69;5.463;51.188
0.69;5.462;51.187
0.673;5.434;51.102
0.675;5.44;51.117
0.679;5.449;51.138
0.678;5.442;51.131
0.675;5.432;51.122
0.684;5.46;51.174
0.672;5.438;51.111
0.682;5.454;51.166
0.687;5.462;51.192
0.68;5.446;51.161
0.673;5.446;51.126
0.671;5.443;51.12
0.682;5.462;51.182
0.684;5.464;51.197
0.674;5.447;51.147
0.675;5.443;51.155
0.666;5.445;51.114
0.67;5.45;51.134
0.679;5.465;51.185
0.675;5.451;51.166
0.666;5.446;51.121
0.675;5.457;51.171
0.662;5.444;51.113
0.67;5.446;51.156
0.671;5.451;51.163
0.677;5.468;51.192
0.66;5.439;51.107
0.673;5.462;51.177
0.663;5.445;51.127
0.666;5.448;51.143
0.667;5.457;51.165
0.669;5.464;51.18
0.66;5.441;51.13
0.656;5.446;51.116
0.663;5.453;51.158
0.653;5.441;51.102
0.661;5.447;51.151
0.667;5.465;51.187
0.657;5.441;51.136
0.651;5.444;51.104
0.663;5.461;51.173
0.654;5.442;51.13
0.656;5.445;51.14
0.652;5.446;51.125
0.659;5.455;51.163
0.661;5.465;51.178
0.663;5.461;51.189
0.653;5.443;51.133
0.655;5.452;51.147
0.663;5.463;51.199
0.662;5.46;51.195
0.656;5.451;51.16
0.658;5.464;51.183
0.645;5.441;51.113
0.651;5.455;51.148
0.657;5.462;51.187
0.652;5.451;51.159
0.653;5.452;51.165
0.645;5.44;51.119
0.653;5.457;51.169
0.657;5.461;51.192
0.646;5.448;51.134
0.653;5.464;51.175
0.642;5.447;51.121
0.648;5.457;51.156
0.644;5.454;51.134
0.648;5.452;51.163
0.653;5.467;51.193
0.638;5.442;51.108
0.644;5.452;51.143
0.65;5.466;51.18
0.641;5.456;51.132
0.65;5.474;51.192
0.642;5.453;51.145
0.647;5.462;51.174
0.647;5.473;51.183
0.646;5.474;51.188
0.634;5.441;51.114
0.642;5.455;51.166
0.636;5.451;51.13
0.639;5.459;51.153
0.63;5.441;51.104
0.644;5.471;51.188
0.632;5.447;51.119
0.641;5.466;51.178
0.628;5.444;51.103
0.634;5.449;51.139
0.639;5.46;51.173
0.63;5.451;51.126
0.635;5.46;51.162
0.641;5.471;51.197
0.625;5.442;51.11
0.635;5.462;51.178
0.626;5.454;51.126
0.636;5.467;51.184
0.624;5.446;51.112
0.632;5.463;51.163
0.627;5.451;51.136
0.632;5.46;51.171
0.628;5.452;51.144
0.633;5.462;51.178
0.624;5.454;51.135
0.62;5.452;51.118
0.621;5.454;51.123
0.626;5.462;51.156
0.632;5.47;51.192
0.626;5.463;51.161
0.628;5.465;51.173
0.631;5.473;51.196
0.616;5.45;51.108
0.621;5.452;51.143
0.625;5.463;51.164
0.626;5.468;51.18
0.616;5.457;51.131
0.621;5.465;51.165
0.615;5.452;51.135
0.618;5.458;51.151
0.612;5.452;51.115
0.623;5.466;51.188
0.611;5.454;51.12
0.608;5.452;51.104
0.614;5.453;51.14
0.616;5.463;51.157
0.621;5.472;51.198
0.615;5.463;51.169
0.619;5.473;51.192
0.61;5.456;51.14
0.613;5.464;51.162
0.607;5.454;51.127
0.604;5.458;51.105
0.605;5.45;51.112
0.612;5.462;51.167
0.615;5.467;51.184
0.616;5.473;51.197
0.608;5.464;51.151
0.604;5.452;51.127
0.607;5.46;51.147
0.599;5.458;51.1
0.601;5.458;51.113
0.602;5.453;51.124
0.603;5.453;51.13
0.609;5.469;51.171
0.603;5.455;51.136
0.611;5.475;51.188
0.606;5.461;51.155
0.611;5.472;51.196
0.599;5.456;51.123
0.607;5.472;51.178
0.608;5.476;51.193
0.596;5.455;51.109
0.598;5.462;51.13
0.602;5.467;51.159
0.599;5.458;51.145
0.6;5.461;51.152
0.6;5.47;51.166
0.603;5.475;51.182
0.592;5.451;51.109
0.594;5.466;51.132
0.601;5.478;51.189
0.594;5.464;51.148
0.589;5.452;51.116
0.594;5.465;51.154
0.588;5.454;51.118
0.595;5.475;51.17
0.599;5.479;51.198
0.585;5.451;51.103
0.59;5.466;51.138
0.595;5.479;51.176
0.59;5.461;51.141
0.586;5.464;51.132
0.59;5.47;51.16
0.595;5.487;51.198
0.581;5.456;51.107
0.584;5.458;51.127
0.586;5.463;51.147
0.591;5.479;51.185
0.582;5.452;51.122
0.59;5.483;51.179
0.58;5.456;51.113
0.589;5.483;51.178
0.58;5.45;51.116
0.584;5.466;51.149
0.589;5.482;51.191
0.582;5.464;51.137
0.586;5.478;51.173
0.575;5.458;51.1
0.584;5.472;51.167
0.586;5.488;51.194
0.578;5.463;51.136
0.575;5.451;51.12
0.576;5.456;51.125
0.58;5.47;51.159
0.582;5.484;51.184
0.581;5.482;51.18
0.579;5.473;51.164
0.571;5.455;51.109
0.575;5.474;51.147
0.57;5.453;51.112
0.577;5.476;51.168
0.57;5.452;51.118
0.571;5.459;51.132
0.578;5.482;51.185
0.576;5.484;51.18
0.571;5.475;51.152
0.571;5.471;51.155
0.566;5.457;51.119
0.573;5.479;51.177
0.568;5.466;51.142
0.562;5.453;51.101
0.574;5.485;51.198
0.562;5.454;51.105
0.564;5.464;51.121
0.565;5.461;51.13
0.566;5.462;51.138
0.571;5.483;51.183
0.568;5.469;51.162
0.562;5.468;51.128
0.568;5.485;51.186
0.563;5.471;51.151
0.558;5.459;51.114
0.563;5.472;51.16
0.564;5.472;51.169
0.56;5.462;51.134
0.563;5.476;51.173
0.554;5.459;51.101
0.558;5.466;51.138
0.565;5.485;51.196
0.561;5.471;51.166
0.552;5.467;51.104
0.553;5.46;51.124
0.556;5.47;51.144
0.557;5.476;51.16
0.559;5.485;51.183
0.559;5.481;51.18
0.56;5.493;51.198
0.549;5.468;51.111
0.551;5.46;51.131
0.552;5.476;51.149
0.554;5.476;51.167
0.547;5.463;51.119
0.555;5.49;51.19
0.547;5.468;51.134
0.55;5.479;51.155
0.544;5.461;51.111
0.543;5.464;51.106
0.545;5.466;51.12
0.551;5.48;51.174
0.545;5.47;51.138
0.545;5.476;51.144
0.549;5.485;51.18
0.54;5.458;51.107
0.545;5.483;51.156
0.549;5.493;51.193
0.546;5.478;51.163
0.544;5.481;51.149
0.54;5.47;51.128
0.541;5.486;51.152
0.542;5.481;51.17
0.536;5.461;51.114
0.537;5.472;51.137
0.541;5.488;51.175
0.543;5.493;51.189
0.535;5.464;51.118
0.539;5.482;51.162
0.542;5.494;51.195
0.531;5.458;51.101
0.535;5.475;51.138
0.536;5.487;51.16
0.538;5.49;51.181
0.539;5.492;51.196
0.531;5.47;51.124
0.532;5.474;51.128
0.534;5.483;51.152
0.538;5.494;51.186
0.531;5.472;51.142
0.527;5.461;51.11
0.529;5.472;51.138
0.53;5.478;51.146
0.532;5.48;51.167
0.529;5.473;51.14
0.527;5.475;51.134
0.532;5.494;51.191
0.533;5.489;51.193
0.525;5.463;51.116
0.528;5.485;51.17
0.528;5.491;51.178
0.526;5.48;51.156
0.521;5.467;51.12
0.523;5.479;51.142
0.519;5.461;51.105
0.519;5.463;51.113
0.528;5.49;51.198
0.522;5.484;51.146
0.523;5.481;51.162
0.519;5.472;51.127
0.523;5.485;51.167
0.524;5.493;51.177
0.525;5.495;51.187
0.516;5.464;51.108
0.517;5.477;51.132
0.522;5.49;51.189
0.52;5.493;51.177
0.514;5.467;51.115
0.521;5.49;51.195
0.516;5.482;51.153
0.518;5.492;51.173
0.511;5.463;51.101
0.514;5.479;51.137
0.518;5.493;51.181
0.515;5.481;51.159
0.518;5.494;51.198
0.51;5.47;51.123
0.507;5.466;51.103
0.514;5.489;51.183
0.512;5.485;51.163
0.508;5.475;51.127
0.508;5.48;51.147
0.51;5.49;51.169
0.512;5.488;51.19
0.504;5.468;51.112
0.505;5.475;51.134
0.509;5.495;51.194
0.502;5.471;51.117
0.505;5.481;51.154
0.506;5.49;51.178
0.508;5.501;51.198
0.504;5.485;51.158
0.501;5.48;51.142
0.5;5.487;51.166
0.502;5.491;51.188
0.495;5.47;51.107
0.496;5.477;51.129
0.5;5.495;51.187
0.497;5.487;51.152
0.498;5.49;51.173
0.491;5.477;51.117
0.496;5.493;51.176
0.489;5.472;51.102
0.497;5.498;51.196
0.492;5.476;51.137
0.493;5.485;51.162
0.494;5.492;51.19
0.488;5.471;51.117
0.488;5.472;51.121
0.493;5.498;51.184
0.485;5.475;51.103
0.489;5.48;51.158
0.486;5.479;51.126
0.489;5.489;51.17
0.487;5.477;51.148
0.49;5.503;51.199
0.484;5.473;51.118
0.488;5.496;51.173
0.483;5.473;51.119
0.482;5.478;51.112
0.488;5.499;51.192
0.482;5.479;51.134
0.482;5.479;51.156
0.483;5.499;51.18
0.482;5.503;51.178
0.479;5.479;51.144
0.477;5.479;51.121
0.48;5.494;51.173
0.478;5.481;51.161
0.48;5.497;51.189
0.476;5.486;51.144
0.478;5.486;51.167
0.473;5.477;51.108
0.476;5.479;51.152
0.474;5.481;51.131
0.477;5.491;51.186
0.47;5.48;51.115
0.471;5.484;51.127
0.474;5.49;51.175
0.472;5.487;51.152
0.474;5.497;51.198
0.468;5.487;51.118
0.47;5.482;51.135
0.469;5.488;51.141
0.47;5.488;51.162
0.47;5.49;51.183
0.471;5.492;51.19
0.465;5.495;51.119
0.466;5.49;51.128
0.466;5.482;51.132
0.464;5.48;51.103
0.468;5.499;51.193
0.462;5.494;51.125
0.465;5.493;51.162
0.465;5.489;51.171
0.466;5.495;51.185
0.461;5.494;51.117
0.462;5.481;51.137
0.465;5.49;51.177
0.462;5.483;51.142
0.46;5.485;51.112
0.459;5.494;51.122
0.459;5.493;51.13
0.459;5.487;51.133
0.463;5.505;51.193
0.457;5.481;51.11
0.459;5.482;51.142
0.461;5.498;51.179
0.462;5.502;51.197
0.459;5.496;51.159
0.459;5.492;51.168
0.46;5.504;51.183
0.457;5.492;51.173
0.456;5.495;51.166
0.452;5.483;51.109
0.453;5.488;51.144
0.456;5.507;51.188
0.453;5.492;51.15
0.45;5.483;51.121
0.451;5.49;51.131
0.453;5.498;51.175
0.449;5.486;51.109
0.45;5.495;51.146
0.45;5.496;51.154
0.453;5.508;51.197
0.448;5.483;51.119
0.448;5.492;51.139
0.447;5.487;51.117
0.45;5.5;51.185
0.447;5.497;51.162
0.448;5.506;51.178
0.448;5.499;51.194
0.448;5.502;51.196
0.445;5.495;51.141
0.445;5.493;51.157
0.446;5.506;51.184
0.443;5.489;51.125
0.441;5.487;51.104
0.444;5.492;51.154
0.445;5.509;51.193
0.443;5.493;51.155
0.442;5.497;51.149
0.443;5.506;51.172
0.44;5.496;51.128
0.443;5.514;51.195
0.437;5.494;51.105
0.437;5.489;51.113
0.44;5.502;51.17
0.438;5.496;51.135
0.438;5.505;51.151
0.438;5.499;51.158
0.439;5.508;51.182
0.435;5.493;51.119
0.434;5.495;51.113
0.437;5.502;51.176
0.435;5.505;51.156
0.432;5.491;51.1
0.434;5.507;51.136
0.435;5.5;51.165
0.434;5.499;51.145
0.432;5.495;51.123
0.434;5.508;51.189
0.43;5.506;51.144
0.431;5.506;51.168
0.433;5.511;51.194
0.428;5.495;51.109
0.429;5.501;51.13
0.43;5.505;51.154
0.428;5.493;51.116
0.43;5.517;51.196
0.429;5.51;51.177
0.427;5.508;51.133
0.428;5.513;51.17
0.428;5.513;51.171
0.425;5.492;51.111
0.427;5.501;51.154
0.424;5.498;51.117
0.424;5.508;51.141
0.425;5.514;51.169
0.422;5.493;51.108
0.424;5.514;51.167
0.425;5.511;51.184
0.425;5.515;51.188
0.424;5.523;51.194
0.42;5.496;51.105
0.423;5.517;51.195
0.42;5.501;51.112
0.422;5.508;51.172
0.42;5.501;51.15
0.419;5.508;51.128
0.419;5.502;51.143
0.418;5.505;51.135
0.42;5.509;51.193
0.419;5.499;51.171
0.417;5.503;51.13
0.416;5.507;51.106
0.418;5.488;51.166
0.415;5.512;51.115
0.416;5.513;51.126
0.417;5.492;51.168
0.415;5.508;51.159
0.415;5.489;51.162
0.414;5.501;51.136
0.416;5.508;51.181
0.412;5.514;51.117
0.413;5.498;51.167
0.412;5.5;51.144
0.411;5.507;51.122
0.412;5.513;51.162
0.412;5.499;51.161
0.413;5.514;51.194
0.412;5.509;51.189
0.411;5.519;51.179
0.411;5.509;51.179
0.408;5.501;51.124
0.409;5.505;51.148
0.409;5.516;51.169
0.407;5.501;51.133
0.407;5.509;51.155
0.408;5.515;51.198
0.405;5.506;51.11
0.405;5.5;51.14
0.406;5.514;51.159
0.406;5.524;51.17
0.405;5.526;51.177
0.405;5.511;51.195
0.402;5.503;51.114
0.404;5.524;51.168
0.403;5.519;51.164
0.403;5.51;51.188
0.401;5.501;51.119
0.401;5.505;51.142
0.402;5.524;51.182
0.399;5.502;51.128
0.4;5.51;51.159
0.401;5.525;51.174
0.4;5.51;51.194
0.398;5.509;51.107
0.397;5.506;51.151
0.397;5.525;51.18
0.397;5.514;51.197
0.395;5.506;51.129
0.395;5.52;51.171
0.395;5.512;51.186
0.394;5.508;51.137
0.394;5.512;51.189
0.393;5.509;51.158
0.393;5.517;51.182
0.391;5.507;51.114
0.391;5.509;51.123
0.391;5.511;51.146
0.391;5.512;51.165
0.391;5.52;51.198
0.39;5.517;51.191
0.388;5.509;51.1
0.388;5.514;51.137
0.388;5.516;51.126
0.388;5.516;51.17
0.386;5.515;51.145
0.387;5.512;51.155
0.387;5.512;51.179
0.387;5.531;51.198
0.385;5.514;51.104
0.386;5.526;51.192
0.384;5.516;51.132
0.383;5.503;51.115
0.384;5.515;51.177
0.383;5.515;51.108
0.383;5.509;51.112
0.383;5.521;51.185
0.382;5.513;51.155
0.381;5.503;51.116
0.381;5.519;51.143
0.38;5.514;51.164
0.379;5.508;51.12
0.379;5.525;51.187
0.378;5.513;51.164
0.376;5.512;51.108
0.377;5.517;51.121
0.376;5.519;51.151
0.375;5.512;51.112
0.375;5.523;51.147
0.376;5.527;51.195
0.375;5.518;51.172
0.374;5.516;51.128
0.373;5.525;51.184
0.371;5.519;51.138
0.372;5.518;51.16
0.372;5.511;51.17
0.372;5.521;51.178
0.37;5.518;51.115
0.368;5.499;51.16
0.367;5.526;51.117
0.367;5.528;51.192
0.367;5.522;51.196
0.366;5.5;51.157
0.366;5.534;51.189
0.365;5.519;51.102
0.365;5.513;51.125
0.365;5.518;51.147
0.364;5.522;51.109
0.364;5.53;51.124
0.365;5.521;51.175
0.364;5.512;51.15
0.364;5.507;51.155
0.364;5.522;51.197
0.363;5.521;51.165
0.362;5.534;51.122
0.362;5.519;51.133
0.362;5.518;51.155
0.362;5.524;51.179
0.361;5.534;51.12
0.361;5.525;51.169
0.36;5.527;51.112
0.359;5.522;51.174
0.359;5.521;51.192
0.358;5.525;51.165
0.358;5.521;51.195
0.358;5.525;51.157
0.357;5.528;51.187
0.356;5.528;51.197
0.355;5.523;51.144
0.354;5.521;51.128
0.354;5.528;51.174
0.353;5.521;51.148
0.353;5.525;51.129
0.353;5.525;51.153
0.353;5.535;51.196
0.351;5.529;51.182
0.351;5.523;51.122
0.349;5.525;51.138
0.349;5.524;51.16
0.348;5.523;51.104
0.348;5.522;51.169
0.347;5.525;51.116
0.347;5.522;51.159
0.347;5.524;51.125
0.346;5.533;51.186
0.346;5.534;51.19
0.346;5.522;51.139
0.345;5.522;51.156
0.344;5.523;51.147
0.344;5.525;51.169
0.344;5.527;51.102
0.344;5.521;51.116
0.343;5.531;51.192
0.343;5.524;51.148
0.343;5.534;51.184
0.343;5.521;51.125
0.341;5.529;51.178
0.34;5.531;51.198
0.34;5.522;51.133
0.339;5.533;51.16
0.338;5.525;51.136
0.338;5.53;51.156
0.338;5.531;51.194
0.338;5.521;51.113
0.336;5.531;51.186
0.335;5.534;51.167
0.335;5.534;51.19
0.335;5.524;51.143
0.334;5.52;51.121
0.334;5.523;51.143
0.333;5.528;51.176
0.332;5.53;51.152
0.332;5.535;51.197
0.332;5.532;51.159
0.331;5.521;51.129
0.331;5.539;51.175
0.33;5.528;51.109
0.328;5.532;51.185
0.329;5.523;51.104
0.328;5.522;51.137
0.327;5.529;51.118
0.327;5.525;51.13
0.327;5.533;51.153
0.326;5.535;51.182
0.326;5.539;51.161
0.324;5.526;51.139
0.323;5.531;51.19
0.324;5.521;51.119
0.323;5.542;51.169
0.324;5.519;51.101
0.323;5.536;51.117
0.323;5.532;51.144
0.322;5.543;51.159
0.321;5.536;51.193
0.322;5.52;51.121
0.322;5.527;51.125
0.321;5.536;51.149
0.32;5.528;51.103
0.318;5.541;51.186
0.318;5.545;51.192
0.319;5.53;51.136
0.318;5.544;51.157
0.318;5.537;51.178
0.318;5.532;51.142
0.318;5.537;51.105
0.317;5.517;51.118
0.317;5.537;51.133
0.316;5.54;51.165
0.316;5.519;51.12
0.315;5.547;51.188
0.316;5.537;51.111
0.314;5.532;51.128
0.314;5.541;51.144
0.314;5.527;51.122
0.313;5.54;51.121
0.309;5.548;51.197
0.309;5.539;51.175
0.309;5.544;51.171
0.309;5.544;51.145
0.31;5.539;51.1
0.309;5.545;51.123
0.307;5.54;51.154
0.307;5.543;51.164
0.307;5.537;51.131
0.305;5.54;51.183
0.306;5.545;51.151
0.307;5.538;51.108
0.306;5.546;51.129
0.305;5.539;51.138
0.305;5.544;51.122
0.303;5.538;51.161
0.302;5.542;51.189
0.302;5.54;51.169
0.302;5.543;51.178
0.303;5.539;51.116
0.301;5.545;51.185
0.3;5.547;51.194
0.301;5.547;51.139
0.3;5.551;51.125
0.299;5.548;51.148
0.299;5.541;51.159
0.297;5.545;51.172
0.298;5.554;51.129
0.298;5.554;51.133
0.297;5.542;51.165
0.298;5.542;51.105
0.295;5.547;51.179
0.295;5.548;51.158
0.295;5.548;51.135
0.295;5.544;51.102
0.294;5.537;51.111
0.291;5.548;51.189
0.292;5.548;51.166
0.29;5.549;51.145
0.288;5.55;51.198
0.29;5.539;51.12
0.288;5.556;51.168
0.289;5.545;51.125
0.286;5.548;51.176
0.286;5.549;51.153
0.284;5.554;51.199
0.287;5.543;51.111
0.286;5.542;51.115
0.284;5.548;51.162
0.284;5.554;51.173
0.283;5.548;51.185
0.284;5.55;51.131
0.284;5.545;51.108
0.283;5.553;51.126
0.28;5.556;51.184
0.28;5.549;51.14
0.278;5.553;51.194
0.277;5.552;51.192
0.28;5.548;51.118
0.278;5.554;51.152
0.277;5.551;51.129
0.276;5.552;51.149
0.276;5.554;51.126
0.276;5.547;51.105
0.272;5.556;51.181
0.273;5.549;51.158
0.272;5.551;51.135
0.271;5.551;51.164
0.269;5.551;51.188
0.27;5.55;51.144
0.268;5.557;51.168
0.266;5.559;51.198
0.267;5.563;51.175
0.27;5.543;51.103
0.269;5.543;51.106
0.269;5.541;51.112
0.268;5.553;51.124
0.267;5.55;51.153
0.265;5.56;51.177
0.264;5.552;51.186
0.264;5.553;51.161
0.266;5.55;51.122
0.265;5.541;51.11
0.265;5.543;51.117
0.262;5.556;51.154
0.263;5.55;51.131
0.264;5.55;51.109
0.259;5.558;51.185
0.263;5.554;51.102
0.259;5.556;51.163
0.257;5.562;51.191
0.261;5.553;51.108
0.26;5.555;51.129
0.259;5.553;51.136
0.258;5.554;51.142
0.255;5.564;51.177
0.255;5.559;51.172
0.258;5.552;51.117
0.256;5.553;51.145
0.254;5.556;51.15
0.256;5.553;51.102
0.251;5.565;51.182
0.253;5.551;51.126
0.249;5.561;51.178
0.251;5.558;51.138
0.25;5.557;51.16
0.253;5.556;51.106
0.247;5.562;51.196
0.246;5.567;51.191
0.25;5.552;51.121
0.246;5.56;51.168
0.249;5.557;51.114
0.243;5.56;51.199
0.247;5.566;51.138
0.248;5.552;51.116
0.246;5.563;51.14
0.245;5.558;51.144
0.242;5.564;51.18
0.245;5.556;51.124
0.242;5.559;51.174
0.239;5.565;51.198
0.245;5.558;51.1
0.241;5.559;51.155
0.239;5.571;51.186
0.239;5.557;51.131
0.238;5.564;51.15
0.237;5.559;51.164
0.236;5.562;51.18
0.235;5.573;51.189
0.235;5.569;51.196
0.24;5.553;51.109
0.237;5.564;51.143
0.236;5.552;51.156
0.234;5.574;51.193
0.24;5.55;51.102
0.235;5.552;51.159
0.234;5.558;51.172
0.237;5.555;51.119
0.236;5.553;51.104
0.232;5.559;51.151
0.229;5.56;51.181
0.233;5.553;51.118
0.231;5.565;51.149
0.23;5.55;51.153
0.227;5.565;51.185
0.23;5.56;51.128
0.228;5.552;51.155
0.228;5.557;51.16
0.229;5.56;51.138
0.231;5.558;51.105
0.225;5.568;51.188
0.225;5.561;51.169
0.228;5.561;51.115
0.226;5.565;51.147
0.222;5.575;51.194
0.226;5.565;51.138
0.225;5.568;51.153
0.223;5.558;51.146
0.22;5.56;51.175
0.218;5.581;51.199
0.224;5.564;51.117
0.22;5.563;51.169
0.223;5.562;51.125
0.222;5.566;51.133
0.22;5.551;51.153
0.218;5.566;51.18
0.218;5.574;51.189
0.22;5.552;51.15
0.22;5.563;51.139
0.222;5.557;51.101
0.216;5.56;51.162
0.214;5.569;51.185
0.216;5.553;51.148
0.218;5.564;51.116
0.215;5.553;51.15
0.213;5.564;51.166
0.216;5.564;51.119
0.214;5.558;51.142
0.21;5.572;51.19
0.211;5.567;51.174
0.213;5.56;51.12
0.206;5.567;51.183
0.21;5.561;51.129
0.208;5.563;51.148
0.208;5.558;51.15
0.206;5.564;51.164
0.205;5.559;51.158
0.202;5.569;51.191
0.201;5.562;51.198
0.208;5.558;51.106
0.203;5.567;51.17
0.205;5.559;51.137
0.2;5.559;51.192
0.197;5.57;51.199
0.204;5.562;51.114
0.203;5.563;51.126
0.203;5.564;51.118
0.2;5.559;51.146
0.198;5.561;51.167
0.196;5.575;51.19
0.197;5.558;51.156
0.194;5.559;51.188
0.199;5.563;51.132
0.199;5.565;51.124
0.196;5.565;51.145
0.2;5.56;51.101
0.192;5.567;51.186
0.193;5.561;51.166
0.19;5.571;51.196
0.197;5.561;51.111
0.195;5.566;51.133
0.195;5.562;51.119
0.192;5.567;51.142
0.192;5.563;51.146
0.195;5.566;51.111
0.191;5.562;51.152
0.186;5.575;51.198
0.19;5.562;51.158
0.188;5.559;51.172
0.194;5.564;51.104
0.191;5.568;51.121
0.184;5.568;51.183
0.185;5.562;51.167
0.191;5.564;51.103
0.185;5.565;51.151
0.187;5.565;51.128
0.183;5.565;51.16
0.179;5.571;51.192
0.187;5.564;51.108
0.183;5.566;51.139
0.18;5.569;51.169
0.178;5.574;51.177
0.185;5.563;51.105
0.181;5.565;51.116
0.178;5.566;51.147
0.181;5.563;51.112
0.179;5.562;51.137
0.174;5.57;51.178
0.175;5.573;51.162
0.178;5.565;51.125
0.177;5.563;51.137
0.174;5.573;51.164
0.174;5.569;51.156
0.171;5.569;51.187
0.178;5.563;51.11
0.175;5.563;51.122
0.174;5.566;51.134
0.177;5.562;51.103
0.17;5.57;51.165
0.167;5.569;51.197
0.176;5.564;51.107
0.17;5.569;51.143
0.172;5.563;51.121
0.165;5.569;51.174
0.168;5.566;51.121
0.164;5.568;51.153
0.16;5.572;51.191
0.159;5.562;51.18
0.164;5.57;51.13
0.16;5.57;51.16
0.158;5.562;51.176
0.159;5.574;51.167
0.158;5.562;51.177
0.156;5.574;51.193
0.159;5.573;51.163
0.165;5.562;51.104
0.157;5.568;51.17
0.16;5.57;51.139
0.163;5.566;51.108
0.159;5.569;51.117
0.152;5.569;51.179
0.155;5.568;51.147
0.15;5.571;51.187
0.156;5.573;51.133
0.156;5.574;51.12
0.152;5.568;51.157
0.155;5.57;51.126
0.147;5.573;51.187
0.144;5.568;51.196
0.156;5.563;51.1
0.155;5.565;51.106
0.147;5.567;51.165
0.144;5.574;51.179
0.143;5.568;51.173
0.15;5.568;51.112
0.147;5.57;51.143
0.144;5.571;51.152
0.14;5.574;51.185
0.146;5.569;51.121
0.141;5.574;51.154
0.142;5.573;51.145
0.139;5.57;51.162
0.137;5.571;51.182
0.142;5.569;51.13
0.144;5.564;51.103
0.138;5.574;51.143
0.132;5.572;51.19
0.134;5.569;51.171
0.142;5.565;51.108
0.138;5.569;51.139
0.131;5.57;51.18
0.134;5.573;51.149
0.129;5.571;51.189
0.137;5.565;51.117
0.132;5.574;51.148
0.134;5.571;51.126
0.126;5.574;51.181
0.128;5.573;51.161
0.126;5.572;51.174
0.124;5.575;51.189
0.127;5.571;51.166
0.129;5.573;51.144
0.122;5.574;51.198
0.133;5.563;51.11
0.133;5.565;51.105
0.131;5.575;51.124
0.133;5.561;51.101
0.123;5.574;51.169
0.129;5.574;51.118
0.119;5.572;51.197
0.124;5.568;51.144
0.12;5.575;51.176
0.117;5.572;51.196
0.128;5.568;51.113
0.123;5.573;51.151
0.117;5.58;51.185
0.125;5.574;51.123
0.124;5.571;51.124
0.119;5.576;51.154
0.114;5.576;51.194
0.116;5.573;51.173
0.12;5.57;51.132
0.116;5.575;51.161
0.114;5.571;51.166
0.117;5.569;51.139
0.117;5.561;51.127
0.111;5.57;51.172
0.118;5.568;51.108
0.107;5.575;51.181
0.115;5.569;51.117
0.112;5.575;51.14
0.107;5.572;51.175
0.109;5.581;51.157
0.107;5.572;51.168
0.104;5.58;51.19
0.107;5.585;51.16
0.102;5.583;51.193
0.101;5.583;51.199
0.112;5.575;51.12
0.11;5.569;51.128
0.099;5.58;51.199
0.102;5.586;51.165
0.102;5.577;51.168
0.107;5.551;51.132
0.107;5.551;51.13
0.1;5.572;51.173
0.11;5.57;51.104
0.107;5.558;51.125
0.105;5.557;51.134
0.104;5.569;51.142
0.107;5.553;51.121
0.101;5.584;51.159
0.107;5.558;51.113
0.098;5.574;51.176
0.107;5.577;51.115
0.107;5.553;51.113
0.106;5.558;51.121
0.106;5.569;51.114
0.098;5.585;51.163
0.107;5.575;51.103
0.1;5.576;51.145
0.094;5.579;51.185
0.102;5.576;51.122
0.09;5.578;51.194
0.099;5.572;51.12
0.097;5.577;51.132
0.102;5.577;51.101
0.09;5.576;51.172
0.098;5.575;51.108
0.095;5.572;51.128
0.092;5.578;51.142
0.097;5.571;51.11
0.085;5.578;51.181
0.089;5.578;51.149
0.092;5.573;51.124
0.093;5.57;51.118
0.081;5.58;51.19
0.085;5.577;51.158
0.089;5.574;51.127
0.088;5.572;51.129
0.084;5.572;51.15
0.076;5.579;51.199
0.08;5.576;51.168
0.085;5.572;51.133
0.084;5.577;51.138
0.082;5.572;51.149
0.081;5.572;51.158
0.078;5.579;51.177
0.088;5.571;51.105
0.086;5.569;51.114
0.079;5.572;51.156
0.079;5.575;51.144
0.076;5.576;51.154
0.069;5.577;51.194
0.079;5.573;51.13
0.079;5.572;51.122
0.08;5.575;51.115
0.073;5.585;51.156
0.072;5.58;51.164
0.077;5.573;51.125
0.075;5.578;51.133
0.068;5.581;51.172
0.066;5.58;51.184
0.069;5.584;51.16
0.07;5.583;51.145
0.077;5.569;51.1
0.076;5.571;51.107
0.07;5.579;51.14
0.062;5.581;51.191
0.067;5.587;51.152
0.062;5.587;51.182
0.074;5.576;51.112
0.072;5.578;51.12
0.069;5.584;51.134
0.057;5.582;51.199
0.073;5.574;51.102
0.068;5.583;51.133
0.062;5.581;51.168
0.067;5.584;51.135
0.057;5.587;51.191
0.064;5.58;51.148
0.062;5.587;51.159
0.065;5.577;51.127
0.058;5.586;51.169
0.066;5.583;51.12
0.063;5.576;51.137
0.055;5.586;51.178
0.058;5.576;51.145
0.064;5.581;51.106
0.059;5.572;51.135
0.05;5.59;51.187
0.061;5.579;51.114
0.054;5.584;51.156
0.046;5.59;51.195
0.047;5.593;51.187
0.058;5.577;51.123
0.057;5.573;51.128
0.056;5.572;51.134
0.051;5.582;51.155
0.042;5.593;51.197
0.048;5.582;51.162
0.046;5.585;51.174
0.05;5.581;51.143
0.04;5.593;51.193
0.056;5.579;51.101
0.052;5.584;51.125
0.05;5.576;51.132
0.043;5.582;51.171
0.05;5.583;51.129
0.04;5.586;51.182
0.047;5.584;51.142
0.052;5.581;51.109
0.053;5.585;51.1
0.05;5.584;51.119
0.044;5.578;51.15
0.042;5.583;51.158
0.036;5.587;51.191
0.04;5.581;51.161
0.044;5.584;51.132
0.046;5.582;51.119
0.045;5.58;51.128
0.037;5.58;51.167
0.047;5.584;51.11
0.049;5.584;51.1
0.04;5.587;51.139
0.034;5.584;51.169
0.032;5.584;51.178
0.044;5.587;51.107
0.037;5.584;51.144
0.037;5.582;51.134
0.027;5.587;51.187
0.041;5.584;51.113
0.035;5.581;51.146
0.025;5.589;51.195
0.032;5.579;51.155
0.041;5.581;51.106
0.039;5.581;51.115
0.03;5.572;51.16
0.029;5.57;51.162
0.027;5.577;51.166
0.021;5.596;51.198
0.025;5.589;51.175
0.034;5.581;51.124
0.032;5.584;51.136
0.031;5.582;51.141
0.028;5.583;51.155
0.026;5.587;51.164
0.03;5.581;51.132
0.022;5.593;51.167
0.021;5.594;51.174
0.019;5.591;51.183
0.034;5.578;51.102
0.025;5.585;51.143
0.015;5.596;51.193
0.017;5.595;51.181
0.022;5.585;51.151
0.021;5.583;51.156
0.03;5.579;51.111
0.027;5.582;51.12
0.024;5.581;51.129
0.017;5.588;51.161
0.011;5.59;51.191
0.026;5.583;51.113
0.015;5.594;51.171
0.009;5.591;51.198
0.024;5.584;51.12
0.008;5.591;51.19
0.02;5.585;51.129
0.017;5.588;51.139
0.011;5.591;51.169
0.009;5.595;51.179
0.005;5.592;51.194
0.013;5.588;51.147
0.008;5.592;51.173
0.005;5.595;51.188
0.021;5.578;51.106
0.014;5.594;51.137
0.018;5.584;51.11
0.017;5.587;51.116
0.008;5.591;51.157
0.0;5.596;51.197
0.014;5.584;51.127
0.009;5.594;51.149
0.006;5.588;51.165
0.013;5.582;51.118
0.006;5.593;51.152
0.011;5.581;51.124
0.001;5.591;51.173
0.008;5.589;51.135
-0.001;5.594;51.176
0.004;5.593;51.147
0.002;5.591;51.157
0.01;5.584;51.112
0.007;5.58;51.13
0.004;5.589;51.143
0.012;5.58;51.101
-0.0;5.591;51.161
-0.005;5.595;51.183
0.011;5.583;51.104
-0.008;5.601;51.193
0.0;5.598;51.153
-0.003;5.593;51.169
0.005;5.578;51.121
-0.011;5.605;51.193
-0.005;5.598;51.161
0.005;5.579;51.111
0.0;5.59;51.131
-0.008;5.6;51.17
-0.009;5.603;51.163
-0.001;5.586;51.124
-0.004;5.592;51.138
-0.01;5.603;51.166
-0.014;5.6;51.178
-0.005;5.595;51.131
-0.006;5.594;51.137
0.001;5.58;51.1
-0.002;5.581;51.115
-0.011;5.603;51.156
-0.01;5.599;51.148
-0.018;5.6;51.186
-0.002;5.581;51.107
-0.021;5.607;51.197
-0.013;5.599;51.156
-0.005;5.585;51.11
-0.008;5.592;51.124
-0.011;5.592;51.134
-0.018;5.598;51.165
-0.008;5.586;51.117
-0.025;5.6;51.197
-0.011;5.595;51.127
-0.016;5.603;51.15
-0.022;5.604;51.179
-0.022;5.601;51.174
-0.025;5.603;51.185
-0.015;5.596;51.134
-0.029;5.603;51.192
-0.031;5.6;51.193
-0.016;5.595;51.125
-0.02;5.597;51.144
-0.022;5.596;51.153
-0.029;5.602;51.184
-0.012;5.586;51.105
-0.012;5.582;51.101
-0.026;5.598;51.162
-0.016;5.586;51.113
-0.029;5.601;51.171
-0.016;5.582;51.109
-0.019;5.591;51.12
-0.036;5.6;51.189
-0.034;5.602;51.18
-0.024;5.597;51.131
-0.033;5.605;51.171
-0.027;5.599;51.139
-0.036;5.603;51.18
-0.019;5.584;51.1
-0.025;5.592;51.126
-0.04;5.609;51.19
-0.043;5.606;51.199
-0.033;5.598;51.148
-0.023;5.583;51.104
-0.025;5.583;51.114
-0.025;5.585;51.107
-0.037;5.598;51.157
-0.04;5.603;51.171
-0.029;5.585;51.117
-0.041;5.6;51.167
-0.033;5.594;51.13
-0.032;5.591;51.126
-0.044;5.601;51.175
-0.037;5.595;51.135
-0.047;5.603;51.179
-0.05;5.609;51.186
-0.041;5.598;51.144
-0.052;5.606;51.193
-0.032;5.585;51.104
-0.038;5.593;51.131
-0.044;5.606;51.156
-0.054;5.602;51.196
-0.039;5.59;51.121
-0.043;5.593;51.14
-0.046;5.601;51.152
-0.048;5.604;51.16
-0.049;5.601;51.163
-0.038;5.587;51.113
-0.036;5.582;51.1
-0.052;5.601;51.17
-0.044;5.594;51.129
-0.055;5.604;51.173
-0.057;5.606;51.18
-0.044;5.596;51.123
-0.06;5.61;51.192
-0.047;5.592;51.132
-0.048;5.59;51.139
-0.064;5.613;51.191
-0.066;5.609;51.198
-0.052;5.596;51.142
-0.054;5.599;51.149
-0.046;5.589;51.108
-0.045;5.587;51.1
-0.049;5.595;51.119
-0.059;5.598;51.158
-0.068;5.613;51.194
-0.062;5.6;51.166
-0.065;5.603;51.176
-0.07;5.613;51.193
-0.05;5.594;51.111
-0.054;5.589;51.125
-0.052;5.59;51.118
-0.065;5.605;51.169
-0.071;5.613;51.191
-0.057;5.594;51.129
-0.059;5.598;51.135
-0.069;5.602;51.176
-0.071;5.607;51.186
-0.053;5.594;51.108
-0.062;5.6;51.146
-0.065;5.6;51.154
-0.076;5.605;51.195
-0.074;5.601;51.183
-0.055;5.588;51.104
-0.059;5.595;51.114
-0.069;5.605;51.154
-0.071;5.604;51.161
-0.068;5.603;51.147
-0.072;5.602;51.163
-0.063;5.595;51.123
-0.075;5.601;51.172
-0.065;5.593;51.13
-0.077;5.602;51.18
-0.063;5.591;51.115
-0.066;5.592;51.123
-0.069;5.595;51.132
-0.075;5.605;51.154
-0.082;5.605;51.181
-0.08;5.604;51.173
-0.085;5.606;51.191
-0.073;5.594;51.141
-0.078;5.603;51.158
-0.064;5.581;51.1
-0.066;5.583;51.107
-0.077;5.598;51.149
-0.081;5.602;51.16
-0.073;5.593;51.125
-0.084;5.602;51.167
-0.07;5.588;51.109
-0.073;5.593;51.119
-0.088;5.607;51.179
-0.073;5.592;51.119
-0.086;5.603;51.168
-0.077;5.596;51.127
-0.094;5.606;51.186
-0.082;5.6;51.136
-0.09;5.603;51.164
-0.092;5.601;51.174
-0.098;5.603;51.195
-0.098;5.602;51.196
-0.086;5.596;51.145
-0.08;5.594;51.118
-0.078;5.588;51.105
-0.09;5.598;51.154
-0.095;5.6;51.164
-0.104;5.602;51.198
-0.098;5.6;51.173
-0.101;5.604;51.184
-0.083;5.591;51.113
-0.085;5.596;51.122
-0.089;5.596;51.133
-0.105;5.603;51.189
-0.104;5.601;51.181
-0.108;5.601;51.191
-0.084;5.582;51.1
-0.095;5.597;51.141
-0.09;5.593;51.12
-0.093;5.593;51.13
-0.099;5.599;51.151
-0.111;5.602;51.196
-0.103;5.6;51.16
-0.088;5.585;51.102
-0.094;5.594;51.123
-0.091;5.59;51.11
-0.108;5.598;51.168
-0.11;5.601;51.177
-0.096;5.592;51.118
-0.099;5.595;51.129
-0.116;5.601;51.186
-0.104;5.597;51.137
-0.101;5.591;51.125
-0.116;5.604;51.18
-0.117;5.603;51.183
-0.121;5.602;51.195
-0.121;5.603;51.197
-0.108;5.596;51.146
-0.112;5.6;51.155
-0.1;5.59;51.106
-0.116;5.597;51.164
-0.105;5.592;51.114
-0.107;5.593;51.123
-0.121;5.599;51.174
-0.124;5.603;51.184
-0.107;5.594;51.118
-0.109;5.594;51.124
-0.126;5.601;51.18
-0.129;5.605;51.19
-0.114;5.598;51.133
-0.131;5.601;51.195
-0.116;5.599;51.142
-0.12;5.597;51.15
-0.12;5.604;51.145
-0.109;5.587;51.102
-0.113;5.594;51.116
-0.126;5.598;51.16
-0.115;5.594;51.119
-0.114;5.591;51.11
-0.13;5.598;51.168
-0.133;5.6;51.179
-0.117;5.592;51.12
-0.13;5.604;51.161
-0.131;5.603;51.164
-0.121;5.6;51.128
-0.136;5.603;51.179
-0.139;5.6;51.187
-0.142;5.599;51.196
-0.127;5.595;51.139
-0.131;5.599;51.147
-0.134;5.603;51.156
-0.134;5.602;51.157
-0.146;5.604;51.197
-0.138;5.599;51.165
-0.122;5.59;51.106
-0.127;5.593;51.117
-0.143;5.6;51.173
-0.126;5.594;51.114
-0.13;5.597;51.126
-0.148;5.601;51.183
-0.134;5.597;51.133
-0.151;5.604;51.195
-0.151;5.601;51.19
-0.128;5.594;51.109
-0.133;5.592;51.121
-0.139;5.598;51.143
-0.129;5.594;51.108
-0.143;5.598;51.152
-0.146;5.604;51.162
-0.131;5.593;51.109
-0.149;5.601;51.16
-0.133;5.589;51.102
-0.152;5.601;51.17
-0.155;5.602;51.179
-0.136;5.59;51.111
-0.158;5.602;51.186
-0.141;5.594;51.123
-0.14;5.592;51.118
-0.158;5.604;51.178
-0.161;5.604;51.189
-0.164;5.607;51.198
-0.145;5.598;51.13
-0.147;5.598;51.139
-0.15;5.603;51.144
-0.154;5.602;51.155
-0.153;5.601;51.148
-0.16;5.602;51.174
-0.159;5.605;51.159
-0.161;5.604;51.165
-0.144;5.594;51.107
-0.166;5.605;51.174
-0.146;5.592;51.108
-0.149;5.592;51.115
-0.15;5.594;51.119
-0.163;5.602;51.163
-0.17;5.607;51.184
-0.153;5.599;51.126
-0.174;5.606;51.193
-0.157;5.596;51.134
-0.166;5.603;51.163
-0.161;5.6;51.143
-0.165;5.601;51.15
-0.166;5.604;51.155
-0.172;5.603;51.167
-0.17;5.606;51.161
-0.153;5.591;51.103
-0.163;5.604;51.136
-0.174;5.606;51.171
-0.157;5.593;51.113
-0.165;5.603;51.138
-0.155;5.594;51.106
-0.165;5.604;51.135
-0.179;5.606;51.179
-0.184;5.612;51.194
-0.159;5.594;51.111
-0.182;5.608;51.188
-0.162;5.598;51.121
-0.167;5.603;51.136
-0.186;5.613;51.193
-0.167;5.598;51.129
-0.188;5.617;51.197
-0.171;5.601;51.139
-0.167;5.592;51.124
-0.173;5.603;51.146
-0.176;5.603;51.149
-0.169;5.592;51.124
-0.183;5.609;51.167
-0.181;5.608;51.157
-0.186;5.608;51.175
-0.166;5.592;51.105
-0.17;5.602;51.117
-0.178;5.602;51.142
-0.173;5.591;51.121
-0.193;5.609;51.184
-0.174;5.592;51.123
-0.192;5.614;51.181
-0.17;5.594;51.108
-0.197;5.611;51.192
-0.168;5.593;51.1
-0.179;5.601;51.134
-0.174;5.604;51.118
-0.177;5.597;51.126
-0.184;5.606;51.144
-0.182;5.605;51.136
-0.187;5.611;51.154
-0.177;5.604;51.121
-0.189;5.613;51.156
-0.198;5.61;51.181
-0.193;5.609;51.162
-0.198;5.614;51.175
-0.197;5.61;51.169
-0.176;5.596;51.104
-0.188;5.602;51.137
-0.202;5.615;51.18
-0.205;5.615;51.187
-0.206;5.612;51.191
-0.182;5.598;51.112
-0.185;5.6;51.122
-0.188;5.602;51.129
-0.197;5.609;51.149
-0.211;5.611;51.193
-0.192;5.605;51.132
-0.2;5.612;51.159
-0.194;5.605;51.139
-0.204;5.615;51.17
-0.187;5.6;51.109
-0.215;5.611;51.193
-0.204;5.615;51.157
-0.206;5.611;51.164
-0.211;5.617;51.176
-0.193;5.601;51.12
-0.214;5.616;51.184
-0.215;5.611;51.187
-0.19;5.606;51.109
-0.212;5.611;51.172
-0.22;5.62;51.195
-0.201;5.606;51.136
-0.195;5.607;51.116
-0.198;5.601;51.124
-0.199;5.606;51.127
-0.209;5.614;51.157
-0.207;5.606;51.145
-0.205;5.602;51.135
-0.212;5.609;51.153
-0.215;5.608;51.161
-0.209;5.601;51.141
-0.219;5.615;51.173
-0.228;5.612;51.196
-0.206;5.603;51.128
-0.21;5.602;51.14
-0.198;5.601;51.102
-0.199;5.605;51.106
-0.224;5.611;51.179
-0.228;5.618;51.191
-0.203;5.607;51.112
-0.206;5.606;51.121
-0.232;5.615;51.199
-0.207;5.601;51.122
-0.21;5.608;51.132
-0.215;5.606;51.14
-0.208;5.6;51.113
-0.22;5.607;51.148
-0.228;5.613;51.172
-0.208;5.592;51.11
-0.225;5.609;51.159
-0.228;5.61;51.168
-0.231;5.614;51.177
-0.207;5.604;51.105
-0.211;5.6;51.116
-0.21;5.599;51.11
-0.234;5.611;51.176
-0.237;5.615;51.186
-0.24;5.614;51.195
-0.211;5.606;51.107
-0.238;5.612;51.182
-0.217;5.611;51.118
-0.22;5.609;51.127
-0.224;5.608;51.136
-0.245;5.612;51.193
-0.23;5.607;51.145
-0.233;5.608;51.154
-0.241;5.613;51.178
-0.237;5.609;51.164
-0.247;5.611;51.193
-0.241;5.612;51.173
-0.246;5.615;51.181
-0.244;5.613;51.175
-0.22;5.601;51.104
-0.25;5.614;51.19
-0.225;5.606;51.113
-0.254;5.614;51.198
-0.223;5.604;51.105
-0.233;5.616;51.134
-0.235;5.614;51.139
-0.236;5.608;51.142
-0.24;5.61;51.149
-0.231;5.61;51.122
-0.237;5.602;51.137
-0.245;5.608;51.16
-0.235;5.608;51.13
-0.236;5.601;51.132
-0.244;5.615;51.152
-0.253;5.613;51.178
-0.247;5.617;51.158
-0.25;5.608;51.167
-0.229;5.603;51.101
-0.256;5.61;51.178
-0.26;5.616;51.187
-0.263;5.619;51.196
-0.252;5.616;51.163
-0.231;5.604;51.1
-0.243;5.614;51.136
-0.26;5.609;51.183
-0.249;5.614;51.15
-0.235;5.606;51.11
-0.238;5.61;51.119
-0.242;5.61;51.128
-0.246;5.612;51.137
-0.251;5.608;51.144
-0.256;5.618;51.155
-0.255;5.613;51.15
-0.26;5.618;51.164
-0.239;5.603;51.105
-0.262;5.611;51.167
-0.264;5.611;51.171
-0.265;5.614;51.175
-0.267;5.609;51.181
-0.267;5.615;51.179
-0.25;5.613;51.129
-0.252;5.613;51.133
-0.272;5.612;51.186
-0.244;5.607;51.105
-0.259;5.614;51.146
-0.248;5.606;51.114
-0.253;5.608;51.124
-0.263;5.616;51.152
-0.248;5.614;51.107
-0.248;5.613;51.108
-0.257;5.609;51.132
-0.26;5.611;51.141
-0.268;5.612;51.162
-0.268;5.616;51.16
-0.272;5.614;51.171
-0.276;5.614;51.178
-0.273;5.612;51.168
-0.282;5.614;51.188
-0.285;5.611;51.197
-0.268;5.612;51.149
-0.279;5.611;51.178
-0.281;5.611;51.183
-0.285;5.614;51.194
-0.253;5.608;51.101
-0.256;5.605;51.11
-0.268;5.609;51.138
-0.271;5.611;51.147
-0.261;5.609;51.119
-0.275;5.612;51.154
-0.266;5.608;51.127
-0.259;5.602;51.107
-0.281;5.611;51.166
-0.275;5.614;51.144
-0.279;5.614;51.156
-0.289;5.614;51.183
-0.272;5.616;51.136
-0.271;5.614;51.13
-0.285;5.617;51.164
-0.293;5.612;51.184
-0.295;5.609;51.19
-0.275;5.614;51.135
-0.265;5.609;51.105
-0.28;5.615;51.144
-0.3;5.611;51.197
-0.289;5.614;51.165
-0.27;5.605;51.114
-0.274;5.608;51.124
-0.283;5.615;51.149
-0.271;5.603;51.116
-0.269;5.602;51.105
-0.28;5.609;51.132
-0.287;5.611;51.151
-0.291;5.609;51.159
-0.285;5.612;51.14
-0.303;5.609;51.188
-0.3;5.613;51.177
-0.3;5.61;51.178
-0.306;5.614;51.191
-0.308;5.614;51.196
-0.275;5.608;51.102
-0.279;5.608;51.111
-0.284;5.606;51.119
-0.287;5.604;51.129
-0.29;5.602;51.135
-0.312;5.614;51.191
-0.296;5.608;51.147
-0.311;5.613;51.187
-0.291;5.602;51.131
-0.293;5.605;51.138
-0.282;5.603;51.108
-0.3;5.608;51.155
-0.305;5.609;51.165
-0.309;5.607;51.173
-0.317;5.608;51.192
-0.313;5.608;51.182
-0.285;5.605;51.102
-0.287;5.602;51.105
-0.296;5.603;51.129
-0.293;5.606;51.116
-0.296;5.606;51.124
-0.3;5.603;51.133
-0.29;5.604;51.106
-0.305;5.606;51.142
-0.313;5.606;51.161
-0.302;5.603;51.133
-0.318;5.602;51.173
-0.326;5.601;51.193
-0.31;5.608;51.152
-0.317;5.606;51.17
-0.328;5.601;51.197
-0.326;5.613;51.19
-0.322;5.606;51.179
-0.33;5.606;51.196
-0.295;5.606;51.106
-0.308;5.603;51.138
-0.316;5.602;51.158
-0.299;5.605;51.114
-0.316;5.604;51.15
-0.313;5.604;51.14
-0.298;5.601;51.102
-0.301;5.6;51.111
-0.308;5.606;51.128
-0.304;5.602;51.116
-0.306;5.606;51.121
-0.311;5.603;51.131
-0.322;5.602;51.155
-0.323;5.604;51.158
-0.316;5.601;51.138
-0.319;5.601;51.146
-0.327;5.608;51.165
-0.331;5.608;51.175
-0.336;5.607;51.183
-0.34;5.607;51.193
-0.31;5.605;51.112
-0.314;5.606;51.118
-0.316;5.604;51.124
-0.33;5.604;51.156
-0.311;5.598;51.106
-0.323;5.6;51.135
-0.348;5.602;51.196
-0.32;5.602;51.125
-0.327;5.6;51.143
-0.348;5.601;51.192
-0.317;5.603;51.114
-0.332;5.601;51.151
-0.34;5.605;51.17
-0.344;5.606;51.178
-0.349;5.607;51.189
-0.353;5.608;51.199
-0.338;5.602;51.158
-0.319;5.602;51.105
-0.338;5.603;51.149
-0.323;5.601;51.112
-0.328;5.598;51.12
-0.344;5.605;51.159
-0.332;5.598;51.13
-0.322;5.604;51.102
-0.348;5.606;51.167
-0.337;5.6;51.139
-0.341;5.602;51.148
-0.344;5.602;51.154
-0.353;5.608;51.175
-0.362;5.613;51.195
-0.358;5.608;51.184
-0.326;5.604;51.101
-0.363;5.611;51.191
-0.333;5.599;51.108
-0.337;5.598;51.116
-0.342;5.598;51.126
-0.349;5.6;51.143
-0.346;5.6;51.134
-0.353;5.603;51.151
-0.355;5.603;51.153
-0.358;5.607;51.162
-0.363;5.608;51.171
-0.367;5.61;51.18
-0.37;5.606;51.188
-0.354;5.604;51.146
-0.348;5.603;51.13
-0.376;5.607;51.197
-0.351;5.601;51.133
-0.355;5.601;51.138
-0.341;5.598;51.104
-0.345;5.598;51.112
-0.361;5.602;51.15
-0.35;5.6;51.122
-0.366;5.602;51.159
-0.355;5.605;51.13
-0.359;5.605;51.14
-0.367;5.604;51.158
-0.363;5.603;51.146
-0.38;5.607;51.185
-0.354;5.604;51.122
-0.385;5.606;51.194
-0.348;5.604;51.106
-0.348;5.604;51.107
-0.353;5.603;51.116
-0.35;5.604;51.105
-0.355;5.604;51.109
-0.359;5.606;51.117
-0.368;5.607;51.136
-0.364;5.607;51.126
-0.372;5.606;51.144
-0.38;5.608;51.163
-0.356;5.603;51.106
-0.376;5.605;51.153
-0.385;5.612;51.171
-0.385;5.613;51.169
-0.398;5.607;51.199
-0.394;5.609;51.189
-0.389;5.613;51.175
-0.363;5.604;51.109
-0.366;5.607;51.114
-0.371;5.606;51.123
-0.364;5.601;51.104
-0.376;5.605;51.132
-0.39;5.613;51.162
-0.381;5.604;51.14
-0.385;5.606;51.149
-0.397;5.613;51.175
-0.405;5.606;51.194
-0.394;5.614;51.167
-0.37;5.6;51.111
-0.39;5.611;51.157
-0.402;5.607;51.185
-0.374;5.6;51.119
-0.396;5.613;51.169
-0.4;5.612;51.177
-0.383;5.603;51.133
-0.388;5.603;51.145
-0.407;5.602;51.188
-0.408;5.601;51.19
-0.371;5.602;51.101
-0.38;5.603;51.122
-0.383;5.603;51.128
-0.4;5.613;51.165
-0.41;5.602;51.188
-0.389;5.607;51.136
-0.416;5.613;51.197
-0.378;5.598;51.11
-0.394;5.606;51.146
-0.382;5.602;51.116
-0.403;5.609;51.163
-0.407;5.608;51.173
-0.411;5.605;51.181
-0.376;5.604;51.101
-0.388;5.601;51.127
-0.399;5.606;51.154
-0.412;5.602;51.182
-0.416;5.608;51.191
-0.38;5.606;51.104
-0.393;5.598;51.134
-0.39;5.592;51.126
-0.397;5.602;51.142
-0.386;5.592;51.116
-0.393;5.593;51.129
-0.384;5.604;51.103
-0.393;5.591;51.123
-0.406;5.607;51.151
-0.386;5.6;51.104
-0.391;5.589;51.115
-0.398;5.596;51.133
-0.39;5.599;51.113
-0.403;5.598;51.141
-0.416;5.604;51.169
-0.429;5.604;51.196
-0.413;5.608;51.159
-0.421;5.606;51.177
-0.392;5.604;51.111
-0.397;5.596;51.123
-0.402;5.609;51.132
-0.406;5.608;51.14
-0.409;5.601;51.147
-0.43;5.602;51.194
-0.404;5.615;51.133
-0.419;5.602;51.165
-0.406;5.613;51.135
-0.393;5.604;51.105
-0.411;5.601;51.142
-0.4;5.598;51.117
-0.421;5.602;51.164
-0.399;5.602;51.111
-0.412;5.61;51.14
-0.428;5.604;51.173
-0.432;5.604;51.183
-0.436;5.603;51.191
-0.395;5.603;51.101
-0.409;5.617;51.13
-0.421;5.61;51.155
-0.412;5.615;51.134
-0.415;5.605;51.141
-0.416;5.599;51.143
-0.408;5.609;51.125
-0.402;5.604;51.11
-0.407;5.604;51.121
-0.426;5.604;51.163
-0.431;5.6;51.173
-0.439;5.602;51.191
-0.443;5.602;51.196
-0.436;5.601;51.18
-0.439;5.601;51.179
-0.445;5.602;51.191
-0.416;5.615;51.126
-0.405;5.604;51.101
-0.408;5.604;51.107
-0.419;5.615;51.131
-0.448;5.602;51.194
-0.433;5.605;51.16
-0.411;5.603;51.111
-0.424;5.602;51.14
-0.425;5.604;51.142
-0.422;5.609;51.133
-0.43;5.606;51.151
-0.438;5.603;51.168
-0.438;5.603;51.169
-0.414;5.607;51.114
-0.417;5.61;51.122
-0.447;5.605;51.186
-0.451;5.604;51.196
-0.41;5.602;51.104
-0.444;5.605;51.178
-0.433;5.603;51.148
-0.437;5.601;51.157
-0.428;5.602;51.134
-0.432;5.603;51.139
-0.436;5.603;51.148
-0.427;5.606;51.127
-0.448;5.604;51.168
-0.417;5.602;51.102
-0.421;5.606;51.11
-0.443;5.602;51.156
-0.46;5.605;51.192
-0.439;5.601;51.147
-0.452;5.608;51.174
-0.426;5.607;51.118
-0.431;5.599;51.128
-0.435;5.6;51.137
-0.444;5.603;51.155
-0.447;5.601;51.163
-0.456;5.606;51.182
-0.419;5.604;51.1
-0.459;5.601;51.184
-0.423;5.602;51.104
-0.431;5.599;51.122
-0.463;5.601;51.189
-0.463;5.601;51.184
-0.432;5.605;51.116
-0.469;5.604;51.195
-0.429;5.603;51.108
-0.427;5.603;51.1
-0.448;5.603;51.145
-0.451;5.602;51.151
-0.447;5.602;51.142
-0.455;5.602;51.159
-0.46;5.609;51.169
-0.464;5.609;51.177
-0.473;5.6;51.197
-0.444;5.6;51.133
-0.436;5.6;51.115
-0.44;5.601;51.124
-0.432;5.601;51.105
-0.47;5.606;51.186
-0.454;5.603;51.151
-0.469;5.613;51.18
-0.47;5.613;51.182
-0.461;5.603;51.162
-0.463;5.602;51.154
-0.482;5.597;51.192
-0.474;5.607;51.174
-0.448;5.598;51.12
-0.453;5.599;51.128
-0.457;5.601;51.138
-0.461;5.601;51.146
-0.47;5.607;51.165
-0.479;5.6;51.183
-0.44;5.601;51.101
-0.445;5.601;51.111
-0.467;5.605;51.157
-0.466;5.603;51.149
-0.48;5.613;51.166
-0.482;5.613;51.17
-0.489;5.604;51.185
-0.461;5.595;51.125
-0.465;5.595;51.134
-0.471;5.604;51.146
-0.486;5.604;51.178
-0.496;5.598;51.196
-0.492;5.599;51.188
-0.47;5.599;51.142
-0.475;5.609;51.152
-0.479;5.61;51.16
-0.454;5.598;51.106
-0.458;5.595;51.115
-0.485;5.61;51.171
-0.462;5.593;51.119
-0.469;5.593;51.133
-0.486;5.599;51.168
-0.464;5.593;51.12
-0.503;5.592;51.199
-0.477;5.605;51.145
-0.466;5.593;51.12
-0.503;5.59;51.196
-0.481;5.605;51.149
-0.485;5.605;51.158
-0.465;5.599;51.112
-0.496;5.598;51.174
-0.461;5.597;51.103
-0.5;5.598;51.183
-0.475;5.595;51.129
-0.493;5.598;51.166
-0.505;5.597;51.191
-0.471;5.597;51.12
-0.489;5.598;51.158
-0.48;5.598;51.137
-0.486;5.601;51.147
-0.469;5.607;51.111
-0.472;5.606;51.116
-0.474;5.606;51.112
-0.518;5.599;51.199
-0.478;5.605;51.116
-0.509;5.591;51.178
-0.493;5.598;51.144
-0.501;5.595;51.161
-0.515;5.595;51.188
-0.484;5.598;51.126
-0.488;5.597;51.134
-0.497;5.596;51.152
-0.481;5.598;51.117
-0.476;5.597;51.106
-0.477;5.592;51.102
-0.525;5.596;51.193
-0.51;5.601;51.158
-0.514;5.597;51.166
-0.519;5.595;51.175
-0.483;5.594;51.104
-0.49;5.592;51.117
-0.488;5.595;51.113
-0.506;5.597;51.148
-0.524;5.597;51.183
-0.498;5.599;51.13
-0.529;5.59;51.193
-0.494;5.595;51.121
-0.503;5.597;51.139
-0.533;5.591;51.198
-0.514;5.604;51.157
-0.486;5.591;51.101
-0.49;5.593;51.109
-0.524;5.592;51.175
-0.517;5.604;51.16
-0.516;5.603;51.157
-0.523;5.595;51.17
-0.518;5.604;51.16
-0.53;5.594;51.183
-0.496;5.593;51.114
-0.508;5.592;51.133
-0.537;5.588;51.19
-0.541;5.589;51.197
-0.524;5.597;51.163
-0.496;5.591;51.106
-0.519;5.596;51.152
-0.534;5.589;51.18
-0.503;5.598;51.117
-0.507;5.598;51.126
-0.516;5.6;51.144
-0.513;5.597;51.134
-0.524;5.593;51.155
-0.501;5.595;51.108
-0.539;5.589;51.175
-0.548;5.593;51.192
-0.517;5.603;51.13
-0.522;5.603;51.142
-0.55;5.589;51.194
-0.532;5.582;51.159
-0.527;5.595;51.148
-0.537;5.59;51.167
-0.533;5.59;51.157
-0.543;5.595;51.177
-0.52;5.6;51.131
-0.512;5.6;51.113
-0.516;5.599;51.121
-0.531;5.592;51.15
-0.508;5.595;51.104
-0.526;5.599;51.14
-0.55;5.593;51.182
-0.548;5.593;51.174
-0.525;5.596;51.127
-0.53;5.594;51.136
-0.558;5.587;51.19
-0.563;5.586;51.199
-0.554;5.589;51.18
-0.523;5.597;51.119
-0.551;5.591;51.173
-0.542;5.59;51.154
-0.546;5.59;51.162
-0.52;5.598;51.109
-0.538;5.59;51.144
-0.516;5.594;51.1
-0.534;5.592;51.135
-0.53;5.59;51.126
-0.527;5.59;51.117
-0.549;5.594;51.159
-0.523;5.589;51.107
-0.549;5.593;51.155
-0.552;5.596;51.158
-0.56;5.593;51.174
-0.563;5.59;51.177
-0.568;5.587;51.185
-0.545;5.586;51.14
-0.56;5.588;51.168
-0.53;5.583;51.111
-0.551;5.586;51.15
-0.555;5.586;51.159
-0.536;5.583;51.121
-0.573;5.594;51.191
-0.572;5.593;51.188
-0.528;5.587;51.104
-0.548;5.582;51.14
-0.534;5.586;51.112
-0.544;5.589;51.132
-0.552;5.583;51.146
-0.54;5.585;51.121
-0.536;5.593;51.109
-0.576;5.588;51.182
-0.582;5.594;51.192
-0.585;5.588;51.198
-0.573;5.59;51.173
-0.568;5.589;51.163
-0.564;5.589;51.155
-0.56;5.584;51.146
-0.546;5.585;51.118
-0.556;5.584;51.136
-0.55;5.582;51.124
-0.552;5.586;51.128
-0.56;5.582;51.143
-0.539;5.587;51.101
-0.543;5.588;51.108
-0.549;5.582;51.118
-0.56;5.582;51.139
-0.592;5.592;51.195
-0.546;5.583;51.11
-0.589;5.59;51.185
-0.596;5.594;51.195
-0.563;5.583;51.133
-0.568;5.584;51.143
-0.577;5.588;51.159
-0.587;5.585;51.176
-0.552;5.583;51.112
-0.573;5.587;51.15
-0.56;5.584;51.121
-0.561;5.582;51.124
-0.57;5.58;51.139
-0.552;5.584;51.104
-0.557;5.584;51.114
-0.567;5.581;51.132
-0.554;5.583;51.106
-0.595;5.592;51.182
-0.587;5.581;51.162
-0.595;5.593;51.177
-0.602;5.595;51.191
-0.574;5.582;51.137
-0.584;5.581;51.155
-0.608;5.588;51.199
-0.599;5.596;51.182
-0.606;5.59;51.191
-0.582;5.581;51.148
-0.591;5.587;51.163
-0.595;5.59;51.171
-0.572;5.583;51.128
-0.587;5.586;51.155
-0.583;5.586;51.146
-0.569;5.585;51.119
-0.573;5.584;51.127
-0.579;5.586;51.136
-0.606;5.594;51.185
-0.568;5.583;51.115
-0.566;5.59;51.11
-0.561;5.587;51.1
-0.601;5.593;51.172
-0.607;5.596;51.179
-0.617;5.587;51.196
-0.571;5.583;51.112
-0.613;5.589;51.187
-0.594;5.59;51.151
-0.6;5.59;51.16
-0.571;5.585;51.106
-0.606;5.592;51.168
-0.591;5.587;51.142
-0.611;5.59;51.177
-0.588;5.589;51.133
-0.598;5.594;51.152
-0.578;5.582;51.114
-0.583;5.588;51.123
-0.601;5.595;51.155
-0.58;5.585;51.117
-0.575;5.582;51.105
-0.599;5.593;51.143
-0.604;5.595;51.153
-0.621;5.587;51.182
-0.626;5.586;51.191
-0.602;5.597;51.147
-0.612;5.586;51.164
-0.619;5.587;51.174
-0.591;5.585;51.123
-0.594;5.584;51.129
-0.6;5.587;51.137
-0.61;5.589;51.155
-0.606;5.591;51.146
-0.58;5.584;51.1
-0.588;5.58;51.111
-0.592;5.582;51.118
-0.596;5.583;51.126
-0.584;5.581;51.102
-0.613;5.593;51.149
-0.639;5.585;51.196
-0.635;5.588;51.188
-0.63;5.588;51.178
-0.626;5.588;51.169
-0.605;5.583;51.129
-0.619;5.589;51.154
-0.623;5.585;51.16
-0.634;5.593;51.18
-0.636;5.593;51.183
-0.614;5.588;51.142
-0.609;5.586;51.133
-0.601;5.58;51.115
-0.606;5.58;51.123
-0.61;5.583;51.13
-0.648;5.591;51.195
-0.597;5.576;51.105
-0.639;5.589;51.177
-0.648;5.595;51.191
-0.64;5.599;51.175
-0.644;5.588;51.182
-0.634;5.589;51.163
-0.638;5.595;51.168
-0.627;5.59;51.148
-0.632;5.586;51.156
-0.623;5.587;51.138
-0.618;5.582;51.129
-0.653;5.593;51.189
-0.614;5.581;51.12
-0.643;5.603;51.171
-0.609;5.58;51.11
-0.619;5.584;51.128
-0.661;5.587;51.197
-0.624;5.581;51.132
-0.607;5.579;51.101
-0.615;5.584;51.115
-0.646;5.597;51.169
-0.613;5.586;51.111
-0.652;5.593;51.178
-0.64;5.593;51.155
-0.626;5.583;51.128
-0.611;5.583;51.103
-0.634;5.588;51.142
-0.639;5.59;51.151
-0.645;5.596;51.16
-0.62;5.583;51.116
-0.628;5.582;51.131
-0.65;5.592;51.168
-0.632;5.586;51.135
-0.649;5.59;51.163
-0.618;5.586;51.107
-0.628;5.587;51.124
-0.624;5.586;51.115
-0.67;5.584;51.194
-0.651;5.595;51.159
-0.665;5.584;51.184
-0.62;5.583;51.106
-0.659;5.594;51.172
-0.658;5.595;51.169
-0.662;5.587;51.175
-0.653;5.589;51.158
-0.657;5.591;51.164
-0.63;5.584;51.115
-0.649;5.588;51.147
-0.67;5.582;51.183
-0.644;5.586;51.138
-0.64;5.587;51.13
-0.636;5.586;51.122
-0.672;5.582;51.182
-0.681;5.586;51.197
-0.629;5.58;51.104
-0.633;5.58;51.111
-0.676;5.594;51.184
-0.68;5.589;51.19
-0.684;5.579;51.197
-0.644;5.583;51.128
-0.628;5.585;51.1
-0.639;5.582;51.118
-0.671;5.587;51.171
-0.676;5.59;51.179
-0.68;5.594;51.186
-0.648;5.583;51.13
-0.651;5.583;51.134
-0.659;5.583;51.145
-0.668;5.589;51.161
-0.664;5.588;51.153
-0.69;5.582;51.195
-0.655;5.577;51.134
-0.659;5.582;51.142
-0.65;5.579;51.124
-0.646;5.58;51.116
-0.665;5.582;51.147
-0.641;5.58;51.107
-0.689;5.586;51.185
-0.693;5.584;51.192
-0.685;5.584;51.177
-0.681;5.583;51.17
-0.683;5.582;51.173
-0.671;5.583;51.151
-0.675;5.585;51.157
-0.681;5.587;51.166
-0.667;5.581;51.139
-0.671;5.582;51.146
-0.665;5.58;51.13
-0.706;5.585;51.199
-0.66;5.581;51.121
-0.655;5.582;51.111
-0.659;5.584;51.118
-0.673;5.584;51.141
-0.702;5.583;51.189
-0.65;5.58;51.102
-0.693;5.584;51.173
-0.701;5.582;51.187
-0.686;5.586;51.161
-0.672;5.583;51.136
-0.666;5.585;51.126
-0.698;5.581;51.178
-0.684;5.587;51.154
-0.69;5.581;51.162
-0.695;5.582;51.17
-0.658;5.585;51.109
-0.657;5.57;51.104
-0.677;5.59;51.135
-0.682;5.584;51.143
-0.66;5.571;51.106
-0.673;5.589;51.127
-0.688;5.58;51.152
-0.714;5.584;51.194
-0.667;5.581;51.116
-0.707;5.584;51.18
-0.663;5.578;51.107
-0.67;5.585;51.118
-0.685;5.582;51.143
-0.7;5.587;51.166
-0.711;5.584;51.185
-0.702;5.58;51.168
-0.706;5.58;51.175
-0.718;5.581;51.193
-0.699;5.586;51.16
-0.679;5.593;51.128
-0.682;5.593;51.13
-0.694;5.579;51.149
-0.689;5.58;51.14
-0.7;5.58;51.156
-0.713;5.583;51.177
-0.716;5.585;51.182
-0.686;5.588;51.13
-0.688;5.581;51.132
-0.676;5.581;51.113
-0.683;5.587;51.123
-0.73;5.58;51.198
-0.725;5.579;51.19
-0.681;5.583;51.117
-0.693;5.585;51.136
-0.721;5.578;51.181
-0.674;5.577;51.104
-0.682;5.584;51.116
-0.71;5.583;51.159
-0.712;5.579;51.162
-0.707;5.581;51.153
-0.71;5.583;51.158
-0.72;5.571;51.174
-0.698;5.58;51.137
-0.688;5.586;51.119
-0.723;5.572;51.176
-0.704;5.58;51.144
-0.698;5.587;51.133
-0.693;5.581;51.125
-0.695;5.585;51.128
-0.723;5.572;51.173
-0.681;5.576;51.101
-0.69;5.578;51.116
-0.734;5.576;51.186
-0.686;5.575;51.108
-0.716;5.573;51.156
-0.729;5.577;51.176
-0.725;5.578;51.168
-0.687;5.573;51.107
-0.716;5.578;51.15
-0.701;5.585;51.125
-0.711;5.579;51.141
-0.721;5.576;51.157
-0.733;5.572;51.176
-0.737;5.572;51.182
-0.706;5.584;51.129
-0.738;5.572;51.18
-0.737;5.572;51.177
-0.703;5.579;51.121
-0.747;5.575;51.191
-0.699;5.579;51.114
-0.71;5.58;51.131
-0.744;5.575;51.182
-0.695;5.578;51.104
-0.734;5.579;51.164
-0.739;5.577;51.171
-0.751;5.571;51.19
-0.73;5.576;51.154
-0.752;5.571;51.189
-0.726;5.578;51.145
-0.706;5.574;51.112
-0.721;5.575;51.136
-0.76;5.578;51.196
-0.718;5.577;51.127
-0.702;5.576;51.102
-0.713;5.575;51.118
-0.756;5.574;51.185
-0.751;5.578;51.177
-0.747;5.581;51.169
-0.709;5.57;51.108
-0.704;5.569;51.1
-0.742;5.58;51.158
-0.738;5.575;51.15
-0.745;5.584;51.162
-0.748;5.584;51.164
-0.735;5.581;51.142
-0.741;5.572;51.149
-0.754;5.583;51.167
-0.726;5.576;51.123
-0.729;5.572;51.128
-0.732;5.574;51.132
-0.769;5.579;51.19
-0.74;5.573;51.142
-0.759;5.583;51.171
-0.761;5.577;51.174
-0.717;5.574;51.105
-0.723;5.577;51.114
-0.751;5.576;51.157
-0.766;5.57;51.179
-0.757;5.58;51.164
-0.77;5.572;51.185
-0.723;5.573;51.109
-0.729;5.572;51.118
-0.72;5.572;51.104
-0.745;5.574;51.142
-0.747;5.571;51.146
-0.781;5.574;51.198
-0.729;5.574;51.116
-0.765;5.572;51.173
-0.754;5.57;51.154
-0.758;5.572;51.16
-0.777;5.573;51.189
-0.743;5.577;51.136
-0.737;5.572;51.125
-0.741;5.576;51.13
-0.73;5.576;51.112
-0.773;5.57;51.178
-0.734;5.569;51.117
-0.748;5.571;51.138
-0.77;5.571;51.171
-0.769;5.574;51.168
-0.78;5.57;51.185
-0.759;5.571;51.152
-0.726;5.568;51.1
-0.775;5.574;51.176
-0.766;5.579;51.16
-0.733;5.57;51.109
-0.755;5.571;51.142
-0.751;5.578;51.132
-0.753;5.572;51.135
-0.762;5.576;51.149
-0.767;5.583;51.156
-0.778;5.573;51.173
-0.791;5.566;51.192
-0.76;5.574;51.144
-0.733;5.563;51.101
-0.734;5.562;51.102
-0.749;5.575;51.123
-0.776;5.575;51.165
-0.743;5.571;51.114
-0.749;5.573;51.119
-0.789;5.562;51.18
-0.77;5.584;51.15
-0.771;5.583;51.152
-0.741;5.57;51.105
-0.748;5.573;51.114
-0.775;5.58;51.156
-0.802;5.564;51.197
-0.766;5.577;51.139
-0.77;5.58;51.145
-0.76;5.574;51.128
-0.78;5.57;51.157
-0.766;5.572;51.134
-0.756;5.573;51.118
-0.764;5.572;51.13
-0.807;5.561;51.195
-0.796;5.566;51.177
-0.805;5.562;51.191
-0.752;5.573;51.108
-0.754;5.575;51.112
-0.758;5.574;51.118
-0.78;5.577;51.15
-0.748;5.572;51.103
-0.792;5.568;51.169
-0.788;5.564;51.16
-0.812;5.562;51.196
-0.814;5.562;51.198
-0.783;5.567;51.15
-0.779;5.578;51.143
-0.775;5.574;51.136
-0.753;5.563;51.101
-0.76;5.575;51.11
-0.809;5.566;51.183
-0.754;5.574;51.1
-0.765;5.575;51.116
-0.775;5.571;51.132
-0.781;5.566;51.141
-0.772;5.574;51.125
-0.784;5.563;51.143
-0.757;5.562;51.101
-0.771;5.572;51.123
-0.786;5.563;51.144
-0.806;5.568;51.174
-0.785;5.563;51.142
-0.795;5.569;51.156
-0.802;5.57;51.166
-0.77;5.57;51.116
-0.811;5.563;51.176
-0.763;5.569;51.104
-0.763;5.562;51.103
-0.819;5.558;51.188
-0.787;5.563;51.138
-0.793;5.565;51.147
-0.817;5.552;51.184
-0.826;5.564;51.197
-0.804;5.575;51.162
-0.802;5.575;51.158
-0.817;5.558;51.179
-0.768;5.562;51.107
-0.784;5.568;51.129
-0.825;5.565;51.188
-0.78;5.568;51.12
-0.813;5.566;51.168
-0.812;5.571;51.165
-0.816;5.56;51.171
-0.776;5.567;51.11
-0.807;5.575;51.154
-0.81;5.575;51.159
-0.836;5.573;51.196
-0.772;5.57;51.102
-0.838;5.567;51.199
-0.779;5.559;51.111
-0.783;5.562;51.116
-0.8;5.562;51.141
-0.797;5.562;51.135
-0.806;5.569;51.148
-0.827;5.564;51.179
-0.794;5.563;51.129
-0.803;5.563;51.143
-0.831;5.569;51.184
-0.782;5.559;51.11
-0.838;5.568;51.192
-0.786;5.561;51.115
-0.794;5.566;51.124
-0.8;5.564;51.133
-0.828;5.56;51.173
-0.822;5.567;51.164
-0.825;5.56;51.168
-0.784;5.571;51.106
-0.789;5.567;51.114
-0.819;5.574;51.157
-0.815;5.569;51.148
-0.82;5.573;51.155
-0.824;5.574;51.16
-0.849;5.558;51.197
-0.792;5.575;51.113
-0.79;5.575;51.108
-0.805;5.566;51.13
-0.81;5.567;51.138
-0.84;5.568;51.182
-0.845;5.567;51.188
-0.846;5.56;51.191
-0.797;5.573;51.117
-0.825;5.573;51.158
-0.827;5.574;51.16
-0.828;5.567;51.161
-0.8;5.568;51.119
-0.814;5.574;51.139
-0.835;5.555;51.17
-0.84;5.56;51.175
-0.807;5.561;51.126
-0.833;5.558;51.163
-0.836;5.55;51.168
-0.799;5.577;51.112
-0.805;5.56;51.121
-0.827;5.567;51.152
-0.835;5.549;51.164
-0.793;5.577;51.103
-0.803;5.574;51.116
-0.83;5.56;51.154
-0.824;5.568;51.144
-0.852;5.565;51.184
-0.858;5.557;51.193
-0.805;5.574;51.114
-0.819;5.569;51.134
-0.849;5.565;51.177
-0.812;5.561;51.123
-0.856;5.561;51.185
-0.811;5.561;51.119
-0.843;5.55;51.164
-0.804;5.576;51.107
-0.817;5.566;51.124
-0.843;5.553;51.162
-0.852;5.56;51.174
-0.811;5.567;51.114
-0.841;5.557;51.158
-0.869;5.556;51.198
-0.803;5.576;51.1
-0.808;5.569;51.107
-0.831;5.575;51.14
-0.835;5.565;51.145
-0.837;5.559;51.147
-0.868;5.558;51.19
-0.871;5.552;51.193
-0.873;5.549;51.196
-0.864;5.559;51.181
-0.829;5.569;51.13
-0.835;5.569;51.139
-0.824;5.566;51.121
-0.859;5.561;51.171
-0.854;5.556;51.162
-0.831;5.561;51.129
-0.838;5.562;51.138
-0.82;5.566;51.112
-0.85;5.556;51.153
-0.829;5.561;51.121
-0.874;5.555;51.185
-0.816;5.566;51.102
-0.84;5.555;51.136
-0.847;5.56;51.145
-0.881;5.55;51.194
-0.858;5.552;51.158
-0.878;5.55;51.185
-0.823;5.563;51.107
-0.829;5.564;51.115
-0.862;5.554;51.162
-0.822;5.563;51.104
-0.828;5.564;51.112
-0.838;5.558;51.127
-0.867;5.557;51.168
-0.873;5.55;51.174
-0.834;5.559;51.118
-0.87;5.551;51.166
-0.83;5.562;51.108
-0.86;5.555;51.149
-0.89;5.548;51.191
-0.855;5.557;51.14
-0.892;5.542;51.191
-0.851;5.557;51.13
-0.875;5.55;51.163
-0.847;5.559;51.122
-0.888;5.542;51.179
-0.881;5.555;51.168
-0.842;5.557;51.112
-0.872;5.549;51.153
-0.88;5.555;51.164
-0.863;5.552;51.14
-0.838;5.56;51.104
-0.868;5.55;51.146
-0.903;5.548;51.194
-0.907;5.553;51.199
-0.9;5.546;51.186
-0.863;5.556;51.134
-0.894;5.545;51.177
-0.87;5.556;51.143
-0.86;5.559;51.127
-0.888;5.554;51.165
-0.887;5.554;51.162
-0.891;5.55;51.168
-0.856;5.557;51.118
-0.895;5.542;51.17
-0.896;5.541;51.172
-0.916;5.548;51.199
-0.852;5.557;51.108
-0.883;5.546;51.15
-0.897;5.542;51.169
-0.849;5.563;51.102
-0.9;5.542;51.172
-0.877;5.558;51.14
-0.859;5.553;51.114
-0.909;5.548;51.182
-0.852;5.563;51.103
-0.879;5.549;51.141
-0.873;5.557;51.131
-0.893;5.554;51.157
-0.904;5.547;51.173
-0.868;5.556;51.122
-0.897;5.554;51.161
-0.863;5.551;51.112
-0.861;5.553;51.108
-0.877;5.551;51.13
-0.896;5.549;51.154
-0.926;5.546;51.196
-0.86;5.557;51.105
-0.867;5.555;51.113
-0.873;5.552;51.121
-0.891;5.549;51.146
-0.921;5.548;51.187
-0.887;5.549;51.136
-0.917;5.548;51.178
-0.893;5.553;51.143
-0.912;5.545;51.169
-0.883;5.551;51.128
-0.881;5.553;51.124
-0.908;5.546;51.159
-0.872;5.555;51.11
-0.877;5.553;51.117
-0.879;5.554;51.117
-0.918;5.542;51.171
-0.934;5.547;51.191
-0.904;5.544;51.15
-0.917;5.541;51.167
-0.93;5.543;51.182
-0.93;5.541;51.183
-0.907;5.543;51.15
-0.871;5.557;51.1
-0.876;5.552;51.108
-0.896;5.552;51.134
-0.9;5.545;51.14
-0.925;5.539;51.173
-0.921;5.541;51.166
-0.895;5.555;51.131
-0.874;5.553;51.1
-0.891;5.554;51.123
-0.922;5.545;51.163
-0.886;5.552;51.112
-0.895;5.553;51.124
-0.917;5.548;51.154
-0.949;5.541;51.195
-0.889;5.556;51.114
-0.913;5.548;51.146
-0.883;5.551;51.104
-0.944;5.544;51.187
-0.9;5.556;51.126
-0.939;5.546;51.178
-0.91;5.548;51.136
-0.928;5.545;51.161
-0.936;5.546;51.169
-0.949;5.543;51.186
-0.959;5.541;51.199
-0.9;5.558;51.119
-0.905;5.547;51.126
-0.956;5.541;51.193
-0.896;5.557;51.111
-0.926;5.545;51.151
-0.944;5.543;51.175
-0.889;5.554;51.101
-0.904;5.551;51.12
-0.917;5.543;51.136
-0.929;5.541;51.153
-0.933;5.541;51.158
-0.937;5.541;51.163
-0.953;5.538;51.183
-0.958;5.543;51.191
-0.893;5.551;51.1
-0.923;5.545;51.141
-0.947;5.536;51.173
-0.899;5.552;51.107
-0.918;5.547;51.132
-0.935;5.543;51.154
-0.913;5.549;51.123
-0.944;5.544;51.165
-0.945;5.541;51.166
-0.97;5.544;51.197
-0.939;5.541;51.155
-0.904;5.552;51.107
-0.909;5.55;51.114
-0.965;5.545;51.188
-0.937;5.541;51.149
-0.934;5.546;51.144
-0.961;5.543;51.179
-0.968;5.541;51.187
-0.925;5.545;51.13
-0.929;5.543;51.135
-0.963;5.543;51.18
-0.932;5.545;51.138
-0.947;5.543;51.157
-0.95;5.544;51.16
-0.957;5.538;51.169
-0.907;5.555;51.103
-0.976;5.543;51.191
-0.925;5.542;51.123
-0.924;5.547;51.12
-0.929;5.542;51.127
-0.955;5.541;51.161
-0.973;5.545;51.184
-0.98;5.54;51.191
-0.949;5.537;51.15
-0.944;5.539;51.143
-0.913;5.556;51.1
-0.919;5.549;51.109
-0.941;5.543;51.138
-0.931;5.542;51.123
-0.97;5.539;51.175
-0.976;5.54;51.183
-0.916;5.553;51.103
-0.943;5.544;51.138
-0.941;5.547;51.133
-0.966;5.541;51.165
-0.992;5.541;51.198
-0.932;5.543;51.119
-0.937;5.545;51.125
-0.962;5.537;51.157
-0.952;5.541;51.142
-0.996;5.543;51.198
-0.933;5.546;51.115
-0.957;5.537;51.147
-0.983;5.535;51.18
-0.989;5.537;51.187
-0.928;5.548;51.106
-0.967;5.543;51.157
-0.968;5.544;51.157
-0.954;5.547;51.137
-0.948;5.546;51.129
-0.959;5.546;51.143
-0.974;5.541;51.161
-0.98;5.537;51.169
-0.985;5.531;51.176
-0.983;5.531;51.17
-0.945;5.548;51.119
-1.002;5.547;51.194
-0.94;5.548;51.111
-0.963;5.546;51.14
-0.972;5.54;51.152
-0.979;5.545;51.161
-0.982;5.544;51.165
-1.0;5.541;51.188
-0.987;5.531;51.17
-0.988;5.532;51.172
-0.946;5.554;51.116
-0.95;5.543;51.12
-0.967;5.536;51.142
-0.999;5.538;51.184
-0.936;5.555;51.1
-0.936;5.548;51.101
-0.938;5.542;51.103
-0.946;5.553;51.112
-0.994;5.535;51.174
-0.963;5.549;51.133
-0.99;5.539;51.167
-0.948;5.553;51.113
-0.957;5.542;51.123
-0.989;5.549;51.165
-1.009;5.545;51.189
-1.016;5.541;51.198
-0.949;5.553;51.111
-0.968;5.541;51.135
-0.972;5.541;51.14
-0.984;5.547;51.156
-0.955;5.543;51.117
-0.949;5.548;51.109
-0.954;5.545;51.114
-0.961;5.544;51.124
-0.991;5.553;51.162
-1.006;5.543;51.181
-1.011;5.539;51.187
-0.969;5.543;51.132
-0.981;5.546;51.147
-0.984;5.542;51.148
-0.986;5.542;51.151
-0.994;5.546;51.162
-0.977;5.548;51.139
-1.001;5.538;51.17
-1.009;5.541;51.179
-0.952;5.543;51.106
-0.971;5.544;51.129
-0.998;5.541;51.163
-1.024;5.544;51.196
-1.026;5.544;51.198
-1.023;5.541;51.192
-0.957;5.543;51.107
-0.97;5.549;51.123
-0.987;5.544;51.145
-0.994;5.542;51.154
-0.994;5.544;51.153
-0.96;5.543;51.108
-1.014;5.544;51.176
-1.02;5.539;51.185
-0.973;5.543;51.123
-0.97;5.553;51.119
-0.989;5.54;51.142
-0.965;5.547;51.111
-0.985;5.548;51.135
-1.017;5.541;51.176
-0.96;5.547;51.102
-1.011;5.542;51.166
-0.97;5.553;51.113
-0.987;5.541;51.136
-1.006;5.542;51.159
-0.98;5.545;51.125
-1.038;5.538;51.198
-0.973;5.554;51.114
-0.976;5.547;51.117
-1.033;5.538;51.189
-1.004;5.544;51.15
-1.029;5.539;51.181
-1.009;5.544;51.155
-0.996;5.529;51.137
-1.003;5.542;51.146
-0.973;5.55;51.106
-0.993;5.538;51.131
-0.993;5.529;51.131
-1.024;5.537;51.171
-1.047;5.531;51.198
-1.0;5.537;51.138
-1.013;5.542;51.154
-1.022;5.54;51.165
-1.019;5.545;51.16
-1.04;5.544;51.186
-1.046;5.536;51.193
-0.991;5.542;51.124
-0.975;5.554;51.103
-0.99;5.546;51.122
-1.036;5.543;51.177
-1.043;5.54;51.185
-0.977;5.554;51.101
-0.996;5.544;51.125
-1.0;5.542;51.131
-1.018;5.547;51.153
-0.986;5.547;51.112
-1.012;5.543;51.144
-1.006;5.542;51.136
-1.038;5.541;51.176
-1.014;5.544;51.145
-0.982;5.552;51.103
-1.034;5.539;51.168
-1.056;5.532;51.196
-0.99;5.542;51.113
-1.025;5.545;51.155
-1.002;5.546;51.126
-1.055;5.538;51.191
-1.009;5.544;51.133
-1.029;5.537;51.158
-1.054;5.543;51.189
-1.015;5.543;51.138
-1.024;5.546;51.15
-1.058;5.531;51.191
-0.999;5.546;51.117
-1.05;5.536;51.181
-0.995;5.543;51.111
-0.999;5.542;51.114
-1.013;5.544;51.131
-1.02;5.539;51.14
-0.995;5.546;51.107
-1.047;5.539;51.171
-1.029;5.541;51.147
-1.051;5.531;51.174
-1.054;5.532;51.177
-1.068;5.532;51.195
-1.044;5.536;51.161
-1.063;5.528;51.185
-1.07;5.534;51.194
-1.019;5.539;51.13
-1.038;5.536;51.153
-1.012;5.545;51.121
-0.999;5.545;51.104
-1.008;5.545;51.114
-1.06;5.531;51.178
-0.997;5.545;51.1
-1.016;5.54;51.124
-1.034;5.536;51.145
-1.053;5.537;51.167
-1.068;5.533;51.186
-1.061;5.534;51.176
-1.009;5.543;51.111
-1.03;5.537;51.136
-1.004;5.539;51.103
-1.022;5.533;51.125
-1.041;5.532;51.148
-1.056;5.529;51.167
-1.018;5.546;51.118
-1.052;5.539;51.159
-1.027;5.536;51.126
-1.066;5.533;51.174
-1.079;5.537;51.19
-1.075;5.536;51.184
-1.045;5.532;51.147
-1.048;5.535;51.151
-1.023;5.541;51.118
-1.056;5.528;51.159
-1.073;5.53;51.178
-1.041;5.535;51.139
-1.069;5.529;51.172
-1.034;5.532;51.129
-1.018;5.539;51.108
-1.046;5.531;51.142
-1.083;5.534;51.187
-1.065;5.529;51.164
-1.081;5.535;51.182
-1.091;5.528;51.195
-1.033;5.531;51.123
-1.04;5.536;51.132
-1.059;5.533;51.153
-1.061;5.528;51.155
-1.029;5.532;51.116
-1.036;5.536;51.122
-1.056;5.532;51.146
-1.05;5.534;51.136
-1.078;5.527;51.169
-1.031;5.534;51.111
-1.058;5.534;51.143
-1.027;5.538;51.104
-1.054;5.532;51.135
-1.1;5.526;51.191
-1.107;5.533;51.199
-1.073;5.526;51.158
-1.095;5.524;51.185
-1.049;5.535;51.127
-1.061;5.534;51.141
-1.081;5.522;51.165
-1.11;5.533;51.199
-1.043;5.534;51.119
-1.069;5.526;51.15
-1.078;5.522;51.159
-1.095;5.522;51.18
-1.053;5.532;51.128
-1.04;5.539;51.111
-1.041;5.533;51.112
-1.043;5.533;51.115
-1.066;5.522;51.142
-1.092;5.521;51.174
-1.064;5.528;51.14
-1.086;5.521;51.164
-1.114;5.527;51.198
-1.039;5.544;51.107
-1.061;5.529;51.132
-1.117;5.519;51.199
-1.037;5.546;51.103
-1.083;5.522;51.158
-1.099;5.521;51.177
-1.057;5.532;51.123
-1.083;5.527;51.154
-1.111;5.522;51.188
-1.053;5.533;51.118
-1.105;5.527;51.179
-1.063;5.534;51.127
-1.079;5.529;51.146
-1.042;5.544;51.102
-1.045;5.544;51.104
-1.053;5.537;51.114
-1.101;5.523;51.171
-1.069;5.53;51.131
-1.099;5.521;51.167
-1.06;5.534;51.119
-1.074;5.529;51.135
-1.121;5.524;51.191
-1.049;5.539;51.104
-1.097;5.521;51.161
-1.095;5.523;51.158
-1.117;5.524;51.184
-1.071;5.535;51.126
-1.066;5.534;51.118
-1.077;5.534;51.131
-1.095;5.529;51.151
-1.086;5.532;51.141
-1.093;5.535;51.148
-1.116;5.521;51.176
-1.12;5.522;51.18
-1.062;5.537;51.109
-1.08;5.534;51.131
-1.09;5.535;51.143
-1.109;5.52;51.163
-1.136;5.519;51.196
-1.084;5.532;51.133
-1.057;5.537;51.101
-1.131;5.517;51.187
-1.068;5.533;51.113
-1.106;5.522;51.158
-1.067;5.533;51.11
-1.127;5.522;51.181
-1.078;5.535;51.123
-1.104;5.523;51.153
-1.08;5.533;51.124
-1.128;5.524;51.178
-1.102;5.528;51.147
-1.121;5.523;51.168
-1.124;5.522;51.17
-1.073;5.533;51.11
-1.077;5.536;51.114
-1.097;5.531;51.138
-1.071;5.533;51.107
-1.097;5.533;51.136
-1.145;5.519;51.193
-1.07;5.534;51.105
-1.112;5.523;51.154
-1.119;5.525;51.161
-1.093;5.531;51.129
-1.096;5.533;51.132
-1.14;5.519;51.183
-1.114;5.527;51.15
-1.082;5.535;51.113
-1.136;5.524;51.174
-1.087;5.534;51.117
-1.089;5.532;51.119
-1.13;5.522;51.167
-1.111;5.531;51.144
-1.138;5.521;51.174
-1.107;5.534;51.137
-1.159;5.515;51.196
-1.085;5.531;51.11
-1.113;5.534;51.141
-1.079;5.532;51.101
-1.106;5.531;51.133
-1.127;5.526;51.157
-1.134;5.524;51.163
-1.144;5.513;51.175
-1.154;5.517;51.187
-1.117;5.534;51.141
-1.081;5.519;51.1
-1.102;5.53;51.123
-1.122;5.529;51.147
-1.15;5.518;51.179
-1.098;5.534;51.117
-1.143;5.524;51.169
-1.145;5.518;51.171
-1.13;5.521;51.153
-1.124;5.534;51.144
-1.167;5.512;51.194
-1.099;5.533;51.114
-1.125;5.518;51.145
-1.166;5.514;51.192
-1.128;5.511;51.147
-1.094;5.531;51.107
-1.12;5.53;51.137
-1.141;5.524;51.161
-1.124;5.518;51.14
-1.115;5.528;51.129
-1.106;5.533;51.117
-1.11;5.531;51.121
-1.132;5.511;51.146
-1.136;5.518;51.151
-1.097;5.534;51.105
-1.157;5.523;51.173
-1.131;5.515;51.143
-1.145;5.521;51.159
-1.152;5.517;51.166
-1.139;5.508;51.15
-1.181;5.515;51.197
-1.101;5.535;51.105
-1.106;5.53;51.11
-1.126;5.525;51.133
-1.14;5.526;51.148
-1.176;5.514;51.189
-1.13;5.518;51.135
-1.147;5.524;51.155
-1.139;5.525;51.144
-1.155;5.513;51.163
-1.103;5.532;51.101
-1.124;5.524;51.125
-1.152;5.519;51.157
-1.173;5.519;51.181
-1.137;5.52;51.137
-1.146;5.527;51.146
-1.121;5.526;51.116
-1.148;5.519;51.147
-1.154;5.512;51.153
-1.168;5.515;51.17
-1.135;5.521;51.132
-1.142;5.527;51.139
-1.191;5.511;51.195
-1.183;5.514;51.184
-1.115;5.528;51.106
-1.164;5.517;51.162
-1.166;5.512;51.164
-1.156;5.512;51.152
-1.186;5.512;51.185
-1.113;5.534;51.102
-1.114;5.534;51.103
-1.136;5.525;51.128
-1.17;5.512;51.166
-1.151;5.527;51.142
-1.132;5.529;51.12
-1.155;5.512;51.146
-1.18;5.513;51.175
-1.161;5.515;51.152
-1.176;5.514;51.168
-1.18;5.512;51.173
-1.128;5.525;51.113
-1.149;5.527;51.136
-1.155;5.516;51.143
-1.198;5.506;51.19
-1.188;5.513;51.178
-1.176;5.512;51.164
-1.172;5.515;51.158
-1.186;5.514;51.174
-1.192;5.505;51.181
-1.126;5.521;51.105
-1.129;5.522;51.108
-1.143;5.525;51.124
-1.152;5.521;51.134
-1.2;5.501;51.188
-1.125;5.529;51.103
-1.209;5.506;51.197
-1.183;5.513;51.167
-1.14;5.526;51.118
-1.168;5.517;51.149
-1.176;5.512;51.158
-1.147;5.523;51.125
-1.197;5.499;51.179
-1.191;5.506;51.171
-1.142;5.52;51.115
-1.166;5.524;51.142
-1.17;5.525;51.146
-1.164;5.521;51.138
-1.138;5.525;51.108
-1.159;5.518;51.131
-1.196;5.503;51.173
-1.207;5.5;51.185
-1.138;5.523;51.105
-1.182;5.51;51.155
-1.202;5.499;51.177
-1.198;5.502;51.172
-1.171;5.524;51.14
-1.174;5.524;51.144
-1.181;5.516;51.152
-1.224;5.496;51.199
-1.155;5.521;51.121
-1.139;5.522;51.101
-1.159;5.523;51.123
-1.162;5.523;51.126
-1.178;5.518;51.144
-1.189;5.513;51.156
-1.206;5.504;51.175
-1.199;5.506;51.167
-1.22;5.497;51.189
-1.226;5.49;51.197
-1.149;5.524;51.11
-1.152;5.521;51.112
-1.149;5.524;51.107
-1.173;5.52;51.134
-1.214;5.505;51.18
-1.194;5.506;51.157
-1.224;5.491;51.19
-1.147;5.521;51.103
-1.23;5.492;51.195
-1.17;5.522;51.128
-1.191;5.512;51.151
-1.218;5.498;51.18
-1.167;5.524;51.123
-1.211;5.504;51.172
-1.189;5.514;51.147
-1.227;5.49;51.188
-1.163;5.523;51.116
-1.166;5.524;51.119
-1.235;5.496;51.195
-1.156;5.524;51.107
-1.186;5.517;51.14
-1.215;5.502;51.172
-1.176;5.523;51.128
-1.208;5.505;51.163
-1.155;5.524;51.101
-1.172;5.524;51.12
-1.182;5.52;51.131
-1.161;5.52;51.107
-1.225;5.496;51.177
-1.232;5.496;51.185
-1.205;5.508;51.154
-1.213;5.502;51.163
-1.202;5.513;51.15
-1.219;5.505;51.169
-1.177;5.519;51.122
-1.2;5.516;51.146
-1.223;5.5;51.168
-1.245;5.49;51.191
-1.195;5.516;51.136
-1.216;5.504;51.159
-1.174;5.518;51.112
-1.206;5.511;51.147
-1.207;5.502;51.146
-1.181;5.512;51.117
-1.169;5.514;51.104
-1.203;5.513;51.139
-1.213;5.501;51.151
-1.219;5.502;51.157
-1.241;5.491;51.18
-1.172;5.513;51.104
-1.177;5.507;51.11
-1.199;5.512;51.133
-1.195;5.521;51.128
-1.213;5.506;51.148
-1.235;5.497;51.172
-1.187;5.516;51.118
-1.23;5.501;51.166
-1.257;5.487;51.195
-1.208;5.506;51.14
-1.199;5.515;51.13
-1.182;5.517;51.11
-1.197;5.515;51.126
-1.232;5.504;51.164
-1.253;5.488;51.187
-1.193;5.512;51.12
-1.236;5.503;51.167
-1.177;5.514;51.102
-1.205;5.51;51.131
-1.226;5.5;51.155
-1.247;5.489;51.178
-1.184;5.51;51.107
-1.19;5.512;51.115
-1.219;5.505;51.145
-1.214;5.504;51.139
-1.225;5.503;51.152
-1.2;5.507;51.122
-1.223;5.499;51.145
-1.242;5.504;51.165
-1.246;5.499;51.169
-1.268;5.48;51.191
-1.196;5.51;51.113
-1.21;5.505;51.128
-1.233;5.496;51.152
-1.24;5.507;51.16
-1.219;5.5;51.135
-1.192;5.508;51.104
-1.214;5.501;51.128
-1.223;5.493;51.137
-1.245;5.502;51.16
-1.279;5.477;51.196
-1.225;5.493;51.137
-1.25;5.495;51.165
-1.259;5.49;51.174
-1.266;5.481;51.181
-1.229;5.495;51.141
-1.244;5.503;51.157
-1.235;5.49;51.146
-1.197;5.514;51.105
-1.21;5.508;51.118
-1.231;5.489;51.14
-1.274;5.479;51.187
-1.199;5.514;51.104
-1.247;5.497;51.155
-1.205;5.505;51.109
-1.214;5.502;51.119
-1.255;5.491;51.163
-1.269;5.487;51.177
-1.227;5.498;51.131
-1.272;5.48;51.179
-1.2;5.508;51.101
-1.269;5.494;51.174
-1.286;5.474;51.192
-1.246;5.495;51.148
-1.223;5.501;51.123
-1.266;5.491;51.168
-1.236;5.494;51.135
-1.244;5.493;51.143
-1.214;5.503;51.111
-1.256;5.493;51.156
-1.29;5.471;51.191
-1.284;5.477;51.184
-1.241;5.491;51.137
-1.251;5.493;51.148
-1.262;5.489;51.16
-1.219;5.502;51.113
-1.274;5.485;51.172
-1.302;5.475;51.198
-1.215;5.506;51.105
-1.236;5.497;51.127
-1.238;5.491;51.128
-1.258;5.489;51.15
-1.218;5.503;51.107
-1.295;5.474;51.188
-1.231;5.499;51.119
-1.274;5.488;51.165
-1.306;5.472;51.198
-1.279;5.48;51.167
-1.255;5.489;51.141
-1.299;5.471;51.186
-1.248;5.488;51.132
-1.271;5.486;51.156
-1.221;5.505;51.102
-1.308;5.475;51.194
-1.242;5.496;51.123
-1.294;5.478;51.179
-1.297;5.471;51.182
-1.23;5.5;51.109
-1.266;5.485;51.146
-1.233;5.493;51.111
-1.238;5.495;51.116
-1.245;5.488;51.124
-1.276;5.483;51.155
-1.281;5.485;51.16
-1.289;5.476;51.168
-1.225;5.497;51.1
-1.312;5.47;51.192
-1.233;5.494;51.107
-1.263;5.488;51.138
-1.276;5.483;51.151
-1.284;5.478;51.16
-1.303;5.473;51.18
-1.227;5.493;51.1
-1.307;5.47;51.183
-1.242;5.49;51.114
-1.27;5.483;51.143
-1.257;5.484;51.129
-1.301;5.476;51.175
-1.323;5.466;51.198
-1.238;5.49;51.105
-1.265;5.482;51.134
-1.273;5.485;51.143
-1.282;5.479;51.151
-1.305;5.472;51.174
-1.261;5.483;51.128
-1.319;5.464;51.187
-1.254;5.486;51.119
-1.278;5.482;51.143
-1.309;5.473;51.175
-1.327;5.462;51.194
-1.3;5.471;51.165
-1.315;5.467;51.181
-1.294;5.474;51.157
-1.271;5.478;51.133
-1.25;5.487;51.109
-1.324;5.462;51.186
-1.268;5.481;51.127
-1.293;5.472;51.153
-1.31;5.467;51.17
-1.245;5.488;51.101
-1.256;5.483;51.113
-1.267;5.485;51.123
-1.303;5.474;51.16
-1.317;5.461;51.175
-1.333;5.46;51.191
-1.257;5.482;51.112
-1.283;5.476;51.139
-1.313;5.461;51.169
-1.274;5.484;51.128
-1.291;5.471;51.146
-1.306;5.467;51.162
-1.263;5.488;51.116
-1.275;5.484;51.128
-1.328;5.461;51.183
-1.29;5.463;51.142
-1.31;5.461;51.162
-1.345;5.456;51.198
-1.324;5.461;51.175
-1.29;5.461;51.139
-1.28;5.477;51.128
-1.284;5.473;51.133
-1.289;5.471;51.137
-1.291;5.46;51.14
-1.259;5.487;51.106
-1.272;5.484;51.119
-1.303;5.469;51.151
-1.312;5.464;51.158
-1.32;5.458;51.166
-1.342;5.455;51.188
-1.276;5.481;51.12
-1.331;5.464;51.177
-1.333;5.463;51.178
-1.27;5.485;51.111
-1.293;5.471;51.135
-1.298;5.469;51.14
-1.298;5.461;51.141
-1.316;5.459;51.158
-1.337;5.457;51.179
-1.264;5.485;51.102
-1.295;5.475;51.131
-1.31;5.464;51.148
-1.333;5.458;51.171
-1.356;5.454;51.194
-1.274;5.48;51.109
-1.29;5.478;51.125
-1.349;5.454;51.185
-1.27;5.482;51.101
-1.283;5.483;51.115
-1.303;5.473;51.135
-1.306;5.468;51.138
-1.315;5.461;51.147
-1.329;5.456;51.161
-1.359;5.452;51.192
-1.309;5.461;51.139
-1.344;5.456;51.175
-1.286;5.479;51.115
-1.301;5.475;51.13
-1.324;5.458;51.154
-1.335;5.452;51.164
-1.369;5.447;51.198
-1.335;5.452;51.163
-1.341;5.455;51.169
-1.354;5.45;51.182
-1.28;5.477;51.106
-1.348;5.45;51.175
-1.297;5.476;51.122
-1.288;5.473;51.112
-1.305;5.469;51.129
-1.364;5.448;51.189
-1.286;5.473;51.108
-1.315;5.453;51.137
-1.336;5.456;51.158
-1.371;5.442;51.194
-1.342;5.45;51.164
-1.36;5.446;51.18
-1.301;5.469;51.12
-1.317;5.461;51.135
-1.323;5.453;51.141
-1.365;5.443;51.183
-1.368;5.442;51.187
-1.34;5.45;51.158
-1.379;5.443;51.197
-1.288;5.477;51.103
-1.295;5.47;51.111
-1.306;5.458;51.121
-1.312;5.46;51.127
-1.333;5.457;51.148
-1.356;5.447;51.171
-1.296;5.473;51.109
-1.377;5.439;51.192
-1.383;5.442;51.198
-1.291;5.472;51.104
-1.312;5.464;51.124
-1.373;5.439;51.185
-1.329;5.457;51.139
-1.338;5.45;51.148
-1.351;5.448;51.162
-1.365;5.443;51.176
-1.309;5.468;51.116
-1.362;5.444;51.169
-1.369;5.44;51.176
-1.391;5.439;51.199
-1.3;5.475;51.107
-1.335;5.452;51.142
-1.325;5.459;51.13
-1.348;5.445;51.153
-1.299;5.473;51.103
-1.304;5.47;51.108
-1.344;5.442;51.148
-1.354;5.443;51.158
-1.356;5.443;51.161
-1.351;5.443;51.154
-1.387;5.439;51.19
-1.313;5.464;51.114
-1.337;5.451;51.138
-1.343;5.447;51.144
-1.321;5.46;51.121
-1.366;5.438;51.165
-1.382;5.439;51.181
-1.339;5.459;51.136
-1.361;5.44;51.158
-1.4;5.435;51.196
-1.317;5.461;51.112
-1.378;5.436;51.173
-1.393;5.434;51.188
-1.33;5.453;51.124
-1.344;5.455;51.138
-1.311;5.466;51.103
-1.358;5.442;51.15
-1.4;5.432;51.193
-1.334;5.457;51.126
-1.373;5.432;51.164
-1.355;5.444;51.146
-1.33;5.453;51.12
-1.347;5.455;51.137
-1.373;5.433;51.163
-1.389;5.434;51.178
-1.397;5.432;51.185
-1.314;5.46;51.102
-1.352;5.449;51.14
-1.384;5.434;51.169
-1.414;5.431;51.199
-1.33;5.457;51.115
-1.346;5.457;51.131
-1.369;5.435;51.153
-1.392;5.43;51.177
-1.326;5.459;51.109
-1.408;5.429;51.191
-1.343;5.455;51.124
-1.365;5.439;51.145
-1.387;5.429;51.168
-1.35;5.452;51.13
-1.405;5.43;51.182
-1.335;5.455;51.111
-1.381;5.435;51.156
-1.384;5.431;51.159
-1.345;5.453;51.119
-1.36;5.446;51.134
-1.423;5.428;51.196
-1.401;5.427;51.173
-1.356;5.446;51.128
-1.364;5.44;51.136
-1.377;5.434;51.149
-1.341;5.451;51.112
-1.418;5.426;51.187
-1.335;5.455;51.104
-1.35;5.446;51.119
-1.423;5.422;51.191
-1.374;5.436;51.141
-1.397;5.429;51.164
-1.412;5.424;51.178
-1.381;5.432;51.146
-1.39;5.428;51.156
-1.427;5.423;51.191
-1.34;5.452;51.105
-1.366;5.444;51.13
-1.425;5.423;51.188
-1.345;5.443;51.109
-1.36;5.442;51.123
-1.364;5.444;51.128
-1.369;5.437;51.132
-1.375;5.433;51.137
-1.355;5.441;51.116
-1.415;5.42;51.175
-1.409;5.425;51.168
-1.349;5.445;51.107
-1.384;5.433;51.142
-1.412;5.422;51.169
-1.373;5.432;51.13
-1.388;5.43;51.145
-1.405;5.429;51.161
-1.367;5.44;51.122
-1.384;5.433;51.138
-1.383;5.433;51.137
-1.399;5.426;51.151
-1.423;5.419;51.174
-1.444;5.418;51.195
-1.36;5.444;51.111
-1.363;5.443;51.113
-1.438;5.416;51.187
-1.437;5.411;51.185
-1.417;5.425;51.164
-1.355;5.444;51.103
-1.38;5.433;51.126
-1.381;5.433;51.127
-1.403;5.422;51.148
-1.436;5.409;51.179
-1.396;5.425;51.14
-1.399;5.423;51.143
-1.412;5.424;51.155
-1.421;5.42;51.163
-1.436;5.418;51.178
-1.359;5.443;51.103
-1.374;5.435;51.117
-1.39;5.434;51.131
-1.41;5.423;51.15
-1.429;5.416;51.169
-1.453;5.414;51.191
-1.415;5.421;51.154
-1.371;5.438;51.11
-1.38;5.432;51.119
-1.393;5.429;51.131
-1.461;5.412;51.197
-1.389;5.433;51.126
-1.448;5.419;51.184
-1.409;5.422;51.145
-1.457;5.412;51.191
-1.381;5.434;51.115
-1.388;5.432;51.122
-1.407;5.422;51.14
-1.467;5.408;51.198
-1.366;5.438;51.1
-1.418;5.423;51.15
-1.428;5.42;51.159
-1.434;5.411;51.165
-1.376;5.434;51.109
-1.405;5.424;51.137
-1.372;5.433;51.103
-1.445;5.418;51.174
-1.456;5.413;51.185
-1.398;5.424;51.128
-1.423;5.421;51.152
-1.434;5.411;51.162
-1.372;5.432;51.101
-1.384;5.43;51.113
-1.442;5.414;51.169
-1.454;5.415;51.179
-1.462;5.407;51.187
-1.402;5.422;51.127
-1.38;5.43;51.105
-1.396;5.427;51.12
-1.418;5.419;51.142
-1.452;5.415;51.174
-1.434;5.417;51.155
-1.442;5.41;51.163
-1.411;5.424;51.133
-1.459;5.408;51.179
-1.436;5.409;51.156
-1.391;5.424;51.112
-1.433;5.423;51.152
-1.476;5.408;51.193
-1.415;5.419;51.133
-1.399;5.422;51.117
-1.454;5.41;51.17
-1.41;5.425;51.127
-1.433;5.423;51.147
-1.435;5.419;51.147
-1.472;5.403;51.182
-1.387;5.425;51.1
-1.395;5.421;51.108
-1.427;5.417;51.138
-1.437;5.412;51.148
-1.451;5.409;51.161
-1.411;5.417;51.122
-1.391;5.423;51.102
-1.467;5.404;51.174
-1.484;5.405;51.19
-1.49;5.406;51.197
-1.476;5.402;51.181
-1.406;5.417;51.114
-1.445;5.406;51.151
-1.461;5.405;51.167
-1.429;5.411;51.135
-1.423;5.415;51.128
-1.438;5.415;51.142
-1.495;5.404;51.197
-1.401;5.419;51.105
-1.418;5.416;51.122
-1.436;5.414;51.137
-1.441;5.408;51.142
-1.487;5.401;51.186
-1.428;5.413;51.128
-1.458;5.404;51.157
-1.466;5.402;51.164
-1.475;5.404;51.172
-1.481;5.4;51.177
-1.497;5.396;51.193
-1.42;5.41;51.118
-1.414;5.414;51.111
-1.439;5.409;51.133
-1.508;5.393;51.198
-1.428;5.414;51.122
-1.453;5.404;51.146
-1.461;5.402;51.154
-1.478;5.402;51.17
-1.493;5.396;51.184
-1.458;5.403;51.15
-1.417;5.412;51.11
-1.433;5.409;51.125
-1.502;5.392;51.19
-1.472;5.399;51.161
-1.511;5.39;51.198
-1.489;5.398;51.176
-1.411;5.415;51.101
-1.45;5.406;51.138
-1.414;5.413;51.103
-1.468;5.4;51.153
-1.429;5.408;51.115
-1.508;5.389;51.188
-1.459;5.404;51.142
-1.462;5.398;51.144
-1.5;5.394;51.18
-1.446;5.408;51.129
-1.422;5.413;51.105
-1.417;5.414;51.1
-1.425;5.411;51.107
-1.441;5.406;51.121
-1.45;5.402;51.129
-1.487;5.391;51.164
-1.496;5.395;51.172
-1.458;5.404;51.135
-1.465;5.392;51.142
-1.481;5.397;51.157
-1.492;5.393;51.167
-1.505;5.39;51.179
-1.521;5.387;51.194
-1.529;5.38;51.199
-1.476;5.395;51.149
-1.515;5.388;51.186
-1.485;5.391;51.156
-1.508;5.383;51.178
-1.528;5.383;51.196
-1.438;5.408;51.111
-1.451;5.405;51.123
-1.461;5.398;51.133
-1.464;5.393;51.135
-1.501;5.389;51.169
-1.444;5.402;51.115
-1.485;5.395;51.152
-1.495;5.389;51.161
-1.444;5.403;51.113
-1.456;5.4;51.124
-1.471;5.393;51.138
-1.478;5.391;51.144
-1.517;5.382;51.181
-1.527;5.388;51.19
-1.45;5.404;51.117
-1.474;5.392;51.139
-1.483;5.397;51.148
-1.512;5.38;51.175
-1.532;5.372;51.194
-1.49;5.387;51.153
-1.504;5.384;51.167
-1.524;5.385;51.185
-1.435;5.409;51.101
-1.467;5.397;51.131
-1.442;5.407;51.107
-1.483;5.387;51.145
-1.531;5.371;51.188
-1.542;5.374;51.198
-1.509;5.38;51.167
-1.454;5.4;51.115
-1.502;5.384;51.159
-1.525;5.375;51.18
-1.446;5.399;51.107
-1.462;5.397;51.121
-1.471;5.391;51.129
-1.492;5.38;51.149
-1.479;5.388;51.136
-1.498;5.384;51.153
-1.527;5.372;51.18
-1.442;5.405;51.1
-1.488;5.381;51.142
-1.544;5.37;51.194
-1.458;5.395;51.113
-1.521;5.377;51.172
-1.465;5.389;51.118
-1.483;5.381;51.135
-1.507;5.379;51.156
-1.538;5.37;51.184
-1.5;5.38;51.148
-1.533;5.373;51.178
-1.556;5.367;51.199
-1.517;5.377;51.162
-1.454;5.396;51.103
-1.478;5.386;51.125
-1.524;5.372;51.167
-1.463;5.392;51.11
-1.481;5.383;51.127
-1.495;5.379;51.14
-1.514;5.374;51.157
-1.521;5.371;51.162
-1.536;5.373;51.176
-1.552;5.369;51.19
-1.472;5.386;51.116
-1.487;5.383;51.129
-1.512;5.37;51.152
-1.458;5.391;51.101
-1.529;5.37;51.167
-1.531;5.373;51.168
-1.491;5.381;51.13
-1.506;5.376;51.144
-1.547;5.368;51.181
-1.51;5.371;51.146
-1.522;5.375;51.157
-1.565;5.36;51.197
-1.469;5.387;51.107
-1.483;5.385;51.121
-1.542;5.368;51.174
-1.48;5.385;51.117
-1.525;5.369;51.158
-1.554;5.362;51.184
-1.564;5.365;51.193
-1.476;5.382;51.112
-1.52;5.375;51.152
-1.549;5.359;51.178
-1.473;5.383;51.108
-1.487;5.378;51.121
-1.536;5.365;51.165
-1.504;5.381;51.135
-1.562;5.365;51.188
-1.536;5.356;51.163
-1.532;5.363;51.159
-1.546;5.359;51.171
-1.523;5.368;51.149
-1.528;5.359;51.154
-1.511;5.373;51.138
-1.569;5.363;51.19
-1.483;5.378;51.111
-1.5;5.376;51.126
-1.517;5.367;51.141
-1.533;5.355;51.155
-1.572;5.356;51.191
-1.526;5.36;51.148
-1.54;5.351;51.161
-1.557;5.356;51.176
-1.567;5.363;51.185
-1.582;5.35;51.198
-1.479;5.381;51.104
-1.476;5.385;51.101
-1.495;5.374;51.116
-1.507;5.375;51.127
-1.512;5.377;51.132
-1.52;5.361;51.139
-1.552;5.358;51.168
-1.577;5.351;51.19
-1.502;5.37;51.121
-1.512;5.367;51.131
-1.499;5.372;51.118
-1.529;5.357;51.145
-1.538;5.35;51.152
-1.587;5.346;51.197
-1.514;5.361;51.129
-1.571;5.358;51.181
-1.521;5.364;51.134
-1.551;5.354;51.161
-1.493;5.378;51.108
-1.523;5.357;51.135
-1.548;5.351;51.158
-1.565;5.356;51.173
-1.509;5.367;51.121
-1.533;5.35;51.143
-1.559;5.354;51.167
-1.574;5.351;51.181
-1.555;5.35;51.162
-1.583;5.346;51.187
-1.596;5.343;51.199
-1.595;5.343;51.196
-1.514;5.363;51.123
-1.527;5.349;51.135
-1.56;5.346;51.164
-1.566;5.351;51.169
-1.544;5.348;51.149
-1.577;5.348;51.179
-1.505;5.368;51.113
-1.553;5.346;51.156
-1.572;5.353;51.173
-1.588;5.342;51.187
-1.503;5.373;51.11
-1.522;5.358;51.127
-1.514;5.364;51.118
-1.561;5.339;51.16
-1.527;5.349;51.129
-1.572;5.348;51.17
-1.574;5.338;51.171
-1.5;5.375;51.104
-1.508;5.363;51.111
-1.54;5.348;51.14
-1.568;5.345;51.164
-1.597;5.339;51.19
-1.551;5.345;51.148
-1.558;5.338;51.154
-1.585;5.344;51.178
-1.588;5.343;51.181
-1.567;5.337;51.161
-1.581;5.339;51.174
-1.593;5.34;51.184
-1.604;5.333;51.194
-1.502;5.368;51.102
-1.519;5.36;51.117
-1.567;5.327;51.16
-1.536;5.345;51.131
-1.587;5.337;51.177
-1.604;5.334;51.192
-1.529;5.357;51.124
-1.562;5.333;51.153
-1.569;5.319;51.159
-1.504;5.363;51.1
-1.532;5.347;51.125
-1.568;5.312;51.158
-1.576;5.322;51.164
-1.581;5.325;51.169
-1.611;5.33;51.195
-1.515;5.362;51.109
-1.597;5.329;51.182
-1.547;5.346;51.137
-1.556;5.34;51.144
-1.564;5.327;51.152
-1.588;5.327;51.173
-1.563;5.335;51.149
-1.523;5.356;51.113
-1.568;5.311;51.153
-1.587;5.317;51.17
-1.605;5.329;51.186
-1.551;5.339;51.137
-1.569;5.319;51.153
-1.601;5.324;51.181
-1.589;5.31;51.17
-1.616;5.326;51.194
-1.532;5.341;51.118
-1.543;5.346;51.128
-1.519;5.357;51.105
-1.528;5.348;51.113
-1.538;5.344;51.122
-1.56;5.335;51.141
-1.585;5.319;51.164
-1.587;5.306;51.166
-1.531;5.341;51.114
-1.551;5.332;51.131
-1.557;5.335;51.137
-1.602;5.319;51.177
-1.562;5.327;51.14
-1.597;5.315;51.171
-1.613;5.327;51.186
-1.619;5.319;51.191
-1.548;5.339;51.126
-1.565;5.32;51.141
-1.58;5.319;51.155
-1.549;5.332;51.126
-1.524;5.348;51.103
-1.526;5.342;51.105
-1.532;5.344;51.11
-1.632;5.321;51.199
-1.541;5.34;51.117
-1.6;5.313;51.169
-1.604;5.311;51.173
-1.616;5.318;51.184
-1.546;5.333;51.121
-1.559;5.328;51.132
-1.591;5.316;51.16
-1.536;5.339;51.11
-1.576;5.319;51.146
-1.611;5.314;51.176
-1.566;5.323;51.135
-1.602;5.313;51.167
-1.564;5.324;51.133
-1.594;5.308;51.159
-1.554;5.328;51.123
-1.61;5.31;51.172
-1.621;5.313;51.182
-1.56;5.321;51.127
-1.589;5.316;51.152
-1.618;5.313;51.177
-1.542;5.335;51.11
-1.547;5.337;51.114
-1.56;5.323;51.125
-1.639;5.315;51.195
-1.606;5.308;51.165
-1.538;5.333;51.104
-1.55;5.328;51.114
-1.584;5.315;51.144
-1.536;5.339;51.101
-1.537;5.333;51.102
-1.64;5.306;51.193
-1.567;5.318;51.128
-1.573;5.313;51.132
-1.624;5.309;51.177
-1.636;5.313;51.188
-1.572;5.313;51.13
-1.594;5.312;51.15
-1.561;5.327;51.12
-1.602;5.305;51.156
-1.619;5.309;51.17
-1.545;5.328;51.104
-1.586;5.31;51.14
-1.551;5.323;51.108
-1.555;5.324;51.111
-1.563;5.319;51.118
-1.58;5.315;51.133
-1.637;5.307;51.183
-1.645;5.302;51.19
-1.654;5.305;51.197
-1.567;5.313;51.12
-1.598;5.308;51.147
-1.641;5.301;51.184
-1.615;5.305;51.16
-1.633;5.306;51.174
-1.659;5.302;51.197
-1.56;5.32;51.11
-1.576;5.316;51.123
-1.593;5.308;51.138
-1.552;5.327;51.101
-1.612;5.305;51.153
-1.651;5.3;51.187
-1.579;5.311;51.123
-1.629;5.306;51.166
-1.658;5.303;51.192
-1.558;5.322;51.103
-1.572;5.315;51.116
-1.618;5.302;51.156
-1.624;5.303;51.161
-1.638;5.303;51.173
-1.646;5.3;51.18
-1.662;5.298;51.194
-1.613;5.303;51.15
-1.637;5.302;51.171
-1.589;5.307;51.128
-1.567;5.318;51.106
-1.608;5.309;51.142
-1.624;5.301;51.156
-1.641;5.299;51.17
-1.658;5.298;51.184
-1.612;5.303;51.143
-1.635;5.303;51.161
-1.577;5.315;51.11
-1.604;5.307;51.134
-1.587;5.301;51.118
-1.621;5.3;51.147
-1.677;5.289;51.196
-1.597;5.303;51.125
-1.612;5.305;51.139
-1.638;5.3;51.161
-1.655;5.296;51.176
-1.569;5.311;51.101
-1.604;5.303;51.13
-1.576;5.314;51.105
-1.582;5.308;51.11
-1.586;5.303;51.112
-1.617;5.3;51.138
-1.633;5.301;51.153
-1.675;5.291;51.188
-1.64;5.291;51.157
-1.651;5.297;51.167
-1.657;5.291;51.172
-1.601;5.3;51.123
-1.577;5.31;51.101
-1.639;5.292;51.154
-1.602;5.292;51.121
-1.686;5.287;51.193
-1.595;5.3;51.114
-1.613;5.301;51.13
-1.643;5.291;51.155
-1.654;5.291;51.165
-1.588;5.305;51.107
-1.629;5.298;51.143
-1.691;5.282;51.195
-1.663;5.288;51.171
-1.649;5.295;51.157
-1.606;5.301;51.12
-1.682;5.29;51.185
-1.697;5.281;51.197
-1.593;5.302;51.106
-1.625;5.297;51.133
-1.642;5.293;51.148
-1.643;5.294;51.147
-1.66;5.29;51.161
-1.679;5.289;51.176
-1.604;5.302;51.111
-1.636;5.294;51.139
-1.698;5.282;51.19
-1.598;5.302;51.104
-1.639;5.292;51.139
-1.656;5.295;51.153
-1.708;5.283;51.196
-1.658;5.293;51.152
-1.674;5.287;51.166
-1.6;5.306;51.101
-1.615;5.298;51.115
-1.634;5.295;51.13
-1.668;5.292;51.159
-1.709;5.277;51.193
-1.652;5.291;51.143
-1.686;5.286;51.172
-1.705;5.28;51.188
-1.628;5.296;51.121
-1.638;5.292;51.128
-1.664;5.292;51.15
-1.671;5.293;51.157
-1.72;5.275;51.198
-1.614;5.299;51.107
-1.648;5.294;51.135
-1.704;5.284;51.183
-1.723;5.271;51.199
-1.619;5.293;51.109
-1.683;5.29;51.163
-1.667;5.293;51.149
-1.717;5.276;51.191
-1.633;5.291;51.119
-1.647;5.293;51.131
-1.625;5.296;51.111
-1.643;5.291;51.125
-1.676;5.294;51.153
-1.701;5.282;51.173
-1.628;5.292;51.111
-1.661;5.287;51.138
-1.696;5.285;51.167
-1.672;5.294;51.146
-1.68;5.289;51.153
-1.7;5.283;51.169
-1.731;5.275;51.194
-1.621;5.297;51.101
-1.638;5.289;51.116
-1.652;5.293;51.127
-1.653;5.294;51.128
-1.627;5.293;51.105
-1.692;5.284;51.159
-1.702;5.284;51.167
-1.634;5.293;51.109
-1.675;5.288;51.143
-1.71;5.282;51.173
-1.726;5.276;51.186
-1.734;5.272;51.192
-1.681;5.283;51.147
-1.691;5.282;51.156
-1.676;5.28;51.142
-1.72;5.275;51.179
-1.635;5.293;51.107
-1.652;5.288;51.121
-1.67;5.286;51.135
-1.672;5.281;51.135
-1.704;5.28;51.163
-1.739;5.273;51.19
-1.647;5.288;51.113
-1.722;5.271;51.175
-1.739;5.272;51.189
-1.666;5.286;51.127
-1.734;5.275;51.183
-1.684;5.28;51.14
-1.717;5.276;51.168
-1.701;5.278;51.153
-1.752;5.273;51.195
-1.678;5.281;51.133
-1.722;5.272;51.17
-1.643;5.29;51.103
-1.661;5.284;51.117
-1.659;5.283;51.115
-1.738;5.27;51.181
-1.755;5.27;51.195
-1.697;5.28;51.146
-1.714;5.278;51.159
-1.679;5.283;51.129
-1.731;5.269;51.172
-1.75;5.274;51.188
-1.674;5.285;51.123
-1.656;5.286;51.107
-1.692;5.278;51.136
-1.725;5.275;51.163
-1.71;5.278;51.15
-1.767;5.269;51.197
-1.675;5.281;51.12
-1.729;5.271;51.164
-1.685;5.284;51.126
-1.754;5.273;51.184
-1.763;5.266;51.191
-1.745;5.266;51.175
-1.661;5.283;51.105
-1.67;5.285;51.112
-1.672;5.282;51.114
-1.689;5.279;51.128
-1.705;5.278;51.141
-1.739;5.265;51.168
-1.775;5.268;51.197
-1.759;5.27;51.182
-1.726;5.271;51.153
-1.748;5.262;51.171
-1.667;5.281;51.103
-1.684;5.279;51.117
-1.701;5.276;51.132
-1.718;5.276;51.145
-1.743;5.259;51.165
-1.754;5.267;51.175
-1.736;5.267;51.159
-1.77;5.265;51.187
-1.677;5.283;51.109
-1.722;5.272;51.146
-1.712;5.274;51.137
-1.697;5.274;51.123
-1.774;5.262;51.187
-1.679;5.281;51.108
-1.741;5.26;51.159
-1.748;5.257;51.164
-1.691;5.276;51.115
-1.7;5.273;51.12
-1.71;5.276;51.129
-1.715;5.271;51.133
-1.676;5.28;51.1
-1.729;5.272;51.144
-1.762;5.264;51.17
-1.746;5.258;51.155
-1.77;5.263;51.174
-1.695;5.271;51.112
-1.724;5.274;51.136
-1.78;5.268;51.182
-1.798;5.264;51.196
-1.687;5.276;51.105
-1.792;5.262;51.19
-1.706;5.27;51.118
-1.723;5.27;51.131
-1.759;5.26;51.16
-1.777;5.264;51.175
-1.694;5.272;51.106
-1.784;5.262;51.179
-1.793;5.264;51.187
-1.701;5.273;51.111
-1.754;5.259;51.15
-1.772;5.256;51.165
-1.696;5.273;51.102
-1.703;5.275;51.109
-1.72;5.268;51.122
-1.737;5.27;51.136
-1.79;5.266;51.178
-1.808;5.268;51.193
-1.801;5.265;51.185
-1.714;5.268;51.114
-1.748;5.266;51.141
-1.788;5.263;51.173
-1.819;5.265;51.199
-1.698;5.275;51.1
-1.784;5.259;51.169
-1.792;5.261;51.176
-1.734;5.27;51.128
-1.767;5.256;51.155
-1.772;5.253;51.158
-1.752;5.261;51.141
-1.803;5.26;51.182
-1.744;5.265;51.134
-1.763;5.261;51.148
-1.824;5.261;51.197
-1.71;5.274;51.104
-1.712;5.271;51.106
-1.729;5.268;51.119
-1.782;5.255;51.161
-1.799;5.258;51.175
-1.78;5.253;51.158
-1.817;5.266;51.188
-1.82;5.262;51.191
-1.766;5.263;51.146
-1.749;5.261;51.131
-1.827;5.262;51.194
-1.724;5.267;51.11
-1.759;5.257;51.138
-1.794;5.256;51.166
-1.813;5.264;51.181
-1.741;5.267;51.123
-1.778;5.252;51.152
-1.83;5.264;51.194
-1.768;5.264;51.142
-1.811;5.261;51.176
-1.719;5.268;51.102
-1.736;5.269;51.115
-1.747;5.263;51.124
-1.821;5.263;51.183
-1.754;5.256;51.129
-1.806;5.26;51.17
-1.824;5.26;51.185
-1.773;5.258;51.143
-1.79;5.257;51.157
-1.819;5.263;51.179
-1.842;5.266;51.198
-1.746;5.264;51.119
-1.723;5.262;51.1
-1.758;5.253;51.127
-1.775;5.251;51.141
-1.729;5.262;51.103
-1.751;5.261;51.12
-1.802;5.255;51.161
-1.821;5.261;51.176
-1.734;5.266;51.105
-1.78;5.252;51.142
-1.788;5.254;51.148
-1.841;5.265;51.19
-1.785;5.253;51.145
-1.744;5.266;51.111
-1.838;5.262;51.185
-1.77;5.251;51.131
-1.841;5.248;51.187
-1.763;5.254;51.124
-1.834;5.258;51.18
-1.766;5.251;51.125
-1.792;5.25;51.146
-1.817;5.259;51.166
-1.845;5.252;51.188
-1.859;5.261;51.199
-1.74;5.265;51.103
-1.747;5.258;51.109
-1.774;5.251;51.131
-1.783;5.254;51.137
-1.799;5.25;51.15
-1.846;5.264;51.188
-1.853;5.261;51.193
-1.759;5.258;51.117
-1.811;5.254;51.158
-1.743;5.261;51.101
-1.77;5.252;51.123
-1.778;5.256;51.129
-1.794;5.256;51.142
-1.81;5.252;51.155
-1.83;5.259;51.171
-1.849;5.26;51.184
-1.825;5.263;51.163
-1.861;5.257;51.191
-1.754;5.265;51.106
-1.807;5.255;51.147
-1.844;5.255;51.176
-1.773;5.256;51.118
-1.791;5.259;51.133
-1.811;5.252;51.149
-1.783;5.254;51.126
-1.837;5.255;51.168
-1.821;5.254;51.154
-1.861;5.253;51.185
-1.873;5.256;51.195
-1.804;5.256;51.14
-1.843;5.251;51.171
-1.77;5.257;51.112
-1.857;5.25;51.18
-1.868;5.254;51.188
-1.787;5.251;51.124
-1.821;5.25;51.15
-1.833;5.255;51.159
-1.841;5.252;51.166
-1.799;5.254;51.131
-1.761;5.252;51.101
-1.813;5.253;51.142
-1.816;5.25;51.144
-1.853;5.253;51.172
-1.774;5.252;51.109
-1.781;5.256;51.116
-1.81;5.254;51.138
-1.876;5.252;51.19
-1.765;5.256;51.101
-1.836;5.252;51.157
-1.869;5.249;51.183
-1.882;5.253;51.193
-1.776;5.253;51.108
-1.801;5.252;51.128
-1.858;5.253;51.171
-1.889;5.252;51.195
-1.865;5.248;51.175
-1.797;5.252;51.121
-1.813;5.248;51.134
-1.831;5.251;51.148
-1.779;5.257;51.106
-1.804;5.254;51.126
-1.849;5.251;51.161
-1.884;5.25;51.188
-1.896;5.253;51.197
-1.789;5.25;51.112
-1.809;5.25;51.126
-1.861;5.248;51.167
-1.879;5.248;51.181
-1.885;5.24;51.185
-1.844;5.25;51.153
-1.827;5.249;51.138
-1.884;5.241;51.182
-1.891;5.245;51.187
-1.897;5.251;51.193
-1.794;5.255;51.111
-1.804;5.251;51.119
-1.785;5.255;51.103
-1.838;5.248;51.145
-1.875;5.245;51.173
-1.822;5.246;51.131
-1.857;5.247;51.158
-1.787;5.252;51.103
-1.804;5.257;51.116
-1.885;5.243;51.179
-1.892;5.24;51.183
-1.905;5.246;51.193
-1.869;5.242;51.164
-1.8;5.258;51.108
-1.853;5.248;51.15
-1.871;5.243;51.163
-1.877;5.243;51.168
-1.887;5.241;51.176
-1.818;5.249;51.121
-1.834;5.248;51.134
-1.916;5.245;51.197
-1.905;5.241;51.187
-1.912;5.243;51.191
-1.81;5.253;51.112
-1.801;5.252;51.104
-1.83;5.247;51.126
-1.866;5.246;51.154
-1.901;5.24;51.181
-1.918;5.239;51.194
-1.849;5.248;51.14
-1.885;5.241;51.167
-1.815;5.25;51.112
-1.808;5.254;51.105
-1.861;5.245;51.146
-1.872;5.244;51.154
-1.897;5.24;51.173
-1.914;5.239;51.186
-1.845;5.246;51.131
-1.827;5.247;51.116
-1.868;5.243;51.148
-1.932;5.242;51.197
-1.863;5.242;51.143
-1.881;5.242;51.156
-1.81;5.251;51.101
-1.845;5.243;51.128
-1.874;5.239;51.15
-1.927;5.237;51.191
-1.893;5.238;51.163
-1.909;5.235;51.176
-1.822;5.246;51.108
-1.84;5.245;51.122
-1.859;5.242;51.135
-1.943;5.246;51.199
-1.888;5.238;51.155
-1.905;5.235;51.168
-1.924;5.235;51.183
-1.854;5.246;51.128
-1.818;5.248;51.1
-1.836;5.246;51.113
-1.866;5.242;51.136
-1.871;5.238;51.14
-1.942;5.239;51.194
-1.843;5.243;51.117
-1.948;5.243;51.198
-1.919;5.234;51.174
-1.938;5.235;51.189
-1.909;5.233;51.165
-1.902;5.234;51.159
-1.926;5.232;51.177
-1.857;5.242;51.123
-1.868;5.245;51.132
-1.885;5.239;51.145
-1.85;5.241;51.117
-1.906;5.232;51.16
-1.955;5.238;51.197
-1.832;5.247;51.103
-1.846;5.243;51.113
-1.922;5.231;51.171
-1.937;5.231;51.182
-1.933;5.231;51.178
-1.864;5.244;51.125
-1.88;5.238;51.137
-1.898;5.236;51.15
-1.914;5.233;51.162
-1.916;5.233;51.164
-1.951;5.237;51.191
-1.962;5.235;51.199
-1.845;5.247;51.108
-1.861;5.241;51.12
-1.872;5.244;51.128
-1.907;5.233;51.154
-1.91;5.231;51.155
-1.946;5.231;51.182
-1.855;5.244;51.112
-1.893;5.235;51.141
-1.921;5.233;51.162
-1.929;5.231;51.168
-1.963;5.23;51.194
-1.84;5.243;51.1
-1.859;5.241;51.113
-1.958;5.234;51.188
-1.941;5.231;51.174
-1.905;5.234;51.146
-1.961;5.23;51.188
-1.924;5.23;51.159
-1.934;5.233;51.166
-1.944;5.233;51.174
-1.854;5.244;51.104
-1.872;5.238;51.118
-1.89;5.237;51.131
-1.91;5.231;51.146
-1.952;5.233;51.177
-1.97;5.232;51.191
-1.974;5.237;51.193
-1.937;5.231;51.164
-1.955;5.231;51.178
-1.884;5.237;51.123
-1.903;5.237;51.137
-1.92;5.23;51.15
-1.867;5.241;51.109
-1.95;5.234;51.172
-1.97;5.233;51.187
-1.967;5.231;51.183
-1.985;5.246;51.197
-1.898;5.237;51.128
-1.915;5.231;51.141
-1.933;5.227;51.155
-1.865;5.242;51.102
-1.954;5.232;51.169
-1.986;5.242;51.193
-1.881;5.238;51.113
-1.982;5.236;51.189
-1.964;5.229;51.174
-1.979;5.232;51.185
-1.898;5.232;51.124
-1.929;5.226;51.147
-1.994;5.249;51.196
-1.915;5.231;51.135
-1.948;5.229;51.16
-1.876;5.24;51.105
-1.893;5.236;51.118
-1.896;5.233;51.12
-1.96;5.226;51.166
-1.977;5.23;51.178
-1.924;5.23;51.138
-1.942;5.225;51.151
-1.947;5.222;51.155
-1.948;5.222;51.155
-1.981;5.233;51.18
-1.989;5.239;51.186
-1.888;5.238;51.11
-1.957;5.223;51.161
-1.997;5.242;51.191
-2.007;5.247;51.199
-1.908;5.237;51.123
-1.916;5.234;51.13
-1.984;5.234;51.18
-1.954;5.222;51.156
-2.002;5.244;51.192
-1.974;5.226;51.17
-1.92;5.231;51.129
-1.992;5.23;51.182
-1.902;5.235;51.115
-2.014;5.246;51.197
-1.901;5.233;51.112
-1.969;5.225;51.162
-1.977;5.222;51.168
-1.914;5.235;51.12
-1.942;5.223;51.141
-2.006;5.239;51.188
-1.985;5.223;51.172
-1.898;5.234;51.106
-1.935;5.23;51.133
-1.951;5.222;51.145
-2.002;5.234;51.182
-2.017;5.237;51.193
-2.024;5.242;51.199
-1.919;5.231;51.119
-2.013;5.238;51.189
-1.91;5.234;51.112
-1.948;5.223;51.14
-1.965;5.226;51.153
-1.982;5.219;51.165
-1.995;5.224;51.173
-2.0;5.227;51.177
-1.901;5.233;51.103
-1.93;5.228;51.125
-1.961;5.225;51.146
-1.977;5.226;51.157
-1.994;5.22;51.171
-2.032;5.243;51.198
-2.002;5.221;51.175
-2.015;5.23;51.185
-1.944;5.228;51.13
-1.98;5.22;51.156
-2.021;5.234;51.186
-2.025;5.238;51.19
-1.96;5.221;51.141
-1.972;5.226;51.149
-1.926;5.228;51.114
-2.008;5.221;51.175
-1.908;5.232;51.1
-1.991;5.22;51.162
-2.035;5.243;51.194
-1.955;5.224;51.134
-2.04;5.238;51.195
-1.94;5.228;51.12
-1.96;5.222;51.135
-1.974;5.22;51.145
-2.023;5.23;51.181
-1.921;5.231;51.105
-1.972;5.222;51.143
-2.004;5.22;51.166
-2.042;5.231;51.194
-1.97;5.226;51.14
-1.951;5.225;51.125
-1.988;5.221;51.152
-2.034;5.238;51.186
-1.934;5.227;51.112
-2.021;5.224;51.174
-2.0;5.22;51.158
-2.016;5.22;51.169
-2.051;5.233;51.194
-1.948;5.227;51.117
-1.964;5.221;51.129
-1.977;5.226;51.138
-1.983;5.224;51.143
-2.037;5.221;51.182
-2.047;5.228;51.19
-1.928;5.228;51.102
-1.954;5.223;51.121
-1.959;5.224;51.124
-2.061;5.236;51.198
-2.032;5.226;51.176
-1.996;5.22;51.149
-2.014;5.219;51.162
-2.025;5.223;51.17
-2.034;5.22;51.177
-2.045;5.223;51.184
-1.961;5.221;51.12
-2.014;5.205;51.159
-2.013;5.201;51.158
-2.043;5.221;51.18
-2.009;5.218;51.154
-2.062;5.225;51.192
-2.066;5.221;51.195
-1.944;5.227;51.106
-2.014;5.201;51.156
-1.954;5.224;51.112
-1.992;5.219;51.139
-2.015;5.205;51.156
-1.975;5.217;51.126
-2.021;5.226;51.16
-2.058;5.228;51.186
-2.043;5.228;51.173
-2.065;5.223;51.189
-2.068;5.215;51.191
-2.005;5.219;51.144
-2.021;5.208;51.155
-2.073;5.211;51.192
-1.988;5.217;51.129
-2.038;5.226;51.166
-2.054;5.227;51.177
-2.063;5.224;51.184
-1.971;5.222;51.117
-1.953;5.221;51.103
-2.019;5.209;51.15
-2.065;5.215;51.183
-2.018;5.218;51.148
-2.056;5.218;51.175
-2.084;5.206;51.195
-1.982;5.218;51.121
-2.009;5.211;51.14
-2.037;5.218;51.161
-1.966;5.22;51.108
-2.006;5.212;51.136
-2.039;5.212;51.159
-2.05;5.218;51.168
-2.061;5.215;51.175
-2.074;5.214;51.185
-2.014;5.212;51.141
-2.032;5.216;51.154
-2.068;5.209;51.178
-2.097;5.208;51.199
-1.997;5.216;51.126
-2.016;5.214;51.14
-2.053;5.212;51.167
-2.081;5.211;51.186
-1.978;5.217;51.112
-2.028;5.213;51.148
-2.046;5.214;51.16
-2.044;5.211;51.157
-2.064;5.212;51.172
-2.027;5.209;51.144
-2.09;5.207;51.19
-1.992;5.216;51.118
-2.008;5.214;51.129
-2.01;5.212;51.131
-2.052;5.213;51.161
-2.074;5.208;51.177
-2.093;5.198;51.191
-2.099;5.202;51.195
-1.975;5.221;51.105
-2.058;5.208;51.164
-2.089;5.214;51.186
-1.998;5.213;51.12
-2.093;5.214;51.188
-2.09;5.202;51.185
-1.974;5.209;51.101
-2.006;5.215;51.123
-2.023;5.215;51.136
-2.025;5.211;51.137
-2.07;5.206;51.17
-2.107;5.199;51.195
-2.056;5.21;51.158
-2.091;5.205;51.183
-2.101;5.202;51.19
-2.112;5.192;51.198
-1.987;5.214;51.108
-1.998;5.215;51.115
-2.054;5.217;51.155
-2.081;5.205;51.174
-2.035;5.21;51.14
-2.103;5.207;51.188
-2.008;5.212;51.119
-2.02;5.214;51.128
-2.04;5.214;51.142
-2.071;5.202;51.164
-1.982;5.214;51.1
-1.99;5.212;51.106
-2.017;5.212;51.125
-2.048;5.215;51.147
-2.067;5.208;51.16
-2.069;5.202;51.162
-2.028;5.215;51.132
-2.086;5.2;51.173
-2.098;5.206;51.181
-2.003;5.212;51.112
-2.029;5.207;51.131
-2.037;5.2;51.136
-2.116;5.191;51.193
-2.067;5.214;51.157
-2.026;5.214;51.126
-2.036;5.196;51.133
-2.096;5.201;51.176
-2.128;5.195;51.199
-2.015;5.21;51.117
-2.049;5.21;51.142
-2.062;5.217;51.151
-2.079;5.204;51.163
-2.043;5.214;51.136
-2.083;5.201;51.165
-1.997;5.209;51.103
-2.112;5.199;51.184
-2.059;5.217;51.145
-2.087;5.202;51.165
-2.11;5.206;51.182
-2.045;5.209;51.134
-2.045;5.201;51.134
-2.077;5.21;51.157
-2.095;5.201;51.17
-2.011;5.208;51.109
-2.042;5.199;51.132
-2.066;5.212;51.148
-2.071;5.214;51.151
-2.093;5.205;51.166
-2.104;5.2;51.174
-2.11;5.204;51.178
-2.132;5.189;51.193
-2.135;5.186;51.196
-2.14;5.181;51.199
-2.028;5.203;51.119
-2.077;5.214;51.154
-2.125;5.19;51.187
-2.027;5.203;51.117
-2.041;5.208;51.127
-2.06;5.211;51.141
-2.024;5.209;51.114
-2.09;5.206;51.16
-2.006;5.208;51.1
-2.055;5.204;51.134
-2.072;5.209;51.146
-2.1;5.196;51.165
-2.138;5.178;51.192
-2.148;5.184;51.199
-2.036;5.204;51.118
-2.125;5.192;51.18
-2.038;5.202;51.118
-2.048;5.204;51.125
-2.052;5.201;51.128
-2.086;5.214;51.152
-2.088;5.212;51.153
-2.095;5.205;51.158
-2.121;5.204;51.177
-2.019;5.211;51.104
-2.068;5.207;51.138
-2.134;5.179;51.185
-2.116;5.207;51.171
-2.152;5.179;51.196
-2.024;5.214;51.105
-2.063;5.203;51.132
-2.133;5.187;51.181
-2.098;5.198;51.156
-2.032;5.207;51.109
-2.079;5.208;51.141
-2.125;5.205;51.173
-2.148;5.179;51.189
-2.042;5.204;51.114
-2.052;5.201;51.122
-2.086;5.214;51.145
-2.102;5.193;51.156
-2.128;5.189;51.175
-2.026;5.214;51.102
-2.068;5.201;51.131
-2.076;5.206;51.137
-2.141;5.18;51.182
-2.063;5.2;51.127
-2.092;5.216;51.147
-2.093;5.207;51.147
-2.11;5.197;51.159
-2.029;5.212;51.102
-2.088;5.215;51.143
-2.09;5.181;51.144
-2.096;5.189;51.149
-2.106;5.193;51.155
-2.16;5.178;51.193
-2.048;5.201;51.114
-2.04;5.203;51.107
-2.098;5.201;51.147
-2.144;5.188;51.179
-2.059;5.199;51.119
-2.078;5.199;51.132
-2.125;5.206;51.166
-2.137;5.196;51.174
-2.04;5.202;51.104
-2.09;5.179;51.139
-2.157;5.181;51.185
-2.173;5.173;51.197
-2.073;5.193;51.126
-2.091;5.208;51.138
-2.108;5.192;51.15
-2.129;5.191;51.165
-2.053;5.2;51.111
-2.072;5.196;51.124
-2.094;5.186;51.139
-2.14;5.191;51.171
-2.155;5.185;51.181
-2.087;5.203;51.133
-2.1;5.206;51.142
-2.1;5.201;51.142
-2.124;5.205;51.159
-2.063;5.205;51.116
-2.096;5.204;51.138
-2.096;5.182;51.138
-2.133;5.206;51.164
-2.169;5.176;51.189
-2.092;5.202;51.134
-2.117;5.194;51.152
-2.121;5.199;51.155
-2.067;5.206;51.116
-2.104;5.189;51.141
-2.133;5.2;51.162
-2.152;5.187;51.175
-2.05;5.203;51.103
-2.097;5.198;51.136
-2.057;5.205;51.107
-2.072;5.2;51.117
-2.135;5.188;51.161
-2.182;5.174;51.193
-2.187;5.171;51.196
-2.052;5.206;51.102
-2.088;5.2;51.127
-2.117;5.189;51.147
-2.129;5.195;51.156
-2.146;5.186;51.167
-2.061;5.206;51.107
-2.123;5.189;51.15
-2.075;5.193;51.116
-2.078;5.193;51.118
-2.101;5.189;51.134
-2.14;5.183;51.161
-2.129;5.186;51.152
-2.179;5.174;51.186
-2.196;5.166;51.198
-2.111;5.185;51.138
-2.138;5.181;51.157
-2.148;5.182;51.164
-2.159;5.184;51.171
-2.189;5.173;51.192
-2.083;5.196;51.118
-2.128;5.183;51.149
-2.065;5.2;51.105
-2.092;5.195;51.123
-2.179;5.17;51.183
-2.143;5.178;51.157
-2.164;5.181;51.171
-2.192;5.168;51.189
-2.078;5.198;51.11
-2.096;5.19;51.122
-2.127;5.188;51.144
-2.156;5.184;51.164
-2.175;5.17;51.176
-2.11;5.187;51.131
-2.112;5.183;51.132
-2.089;5.193;51.115
-2.114;5.183;51.132
-2.174;5.173;51.173
-2.197;5.162;51.189
-2.205;5.167;51.195
-2.076;5.204;51.105
-2.078;5.204;51.106
-2.137;5.185;51.147
-2.092;5.195;51.115
-2.141;5.18;51.148
-2.157;5.181;51.16
-2.102;5.19;51.121
-2.112;5.196;51.128
-2.169;5.177;51.167
-2.188;5.169;51.18
-2.215;5.165;51.198
-2.074;5.199;51.1
-2.087;5.193;51.109
-2.123;5.184;51.134
-2.085;5.196;51.107
-2.119;5.193;51.13
-2.153;5.182;51.153
-2.105;5.198;51.118
-2.136;5.185;51.139
-2.14;5.182;51.142
-2.18;5.175;51.169
-2.201;5.16;51.184
-2.119;5.198;51.127
-2.12;5.187;51.127
-2.165;5.178;51.158
-2.184;5.17;51.171
-2.1;5.198;51.112
-2.119;5.205;51.124
-2.149;5.179;51.144
-2.196;5.164;51.176
-2.201;5.161;51.179
-2.217;5.161;51.19
-2.123;5.2;51.124
-2.131;5.185;51.129
-2.226;5.155;51.194
-2.229;5.151;51.196
-2.096;5.194;51.104
-2.21;5.161;51.181
-2.141;5.183;51.133
-2.183;5.171;51.162
-2.113;5.198;51.114
-2.119;5.193;51.118
-2.145;5.181;51.135
-2.162;5.177;51.147
-2.192;5.167;51.167
-2.095;5.191;51.1
-2.126;5.187;51.12
-2.175;5.18;51.153
-2.207;5.161;51.175
-2.222;5.156;51.185
-2.242;5.149;51.199
-2.134;5.182;51.124
-2.158;5.177;51.14
-2.109;5.2;51.106
-2.133;5.182;51.122
-2.205;5.164;51.171
-2.123;5.191;51.115
-2.188;5.169;51.159
-2.235;5.147;51.191
-2.106;5.196;51.101
-2.134;5.183;51.12
-2.141;5.184;51.124
-2.219;5.158;51.177
-2.121;5.196;51.11
-2.143;5.183;51.125
-2.151;5.174;51.13
-2.171;5.176;51.143
-2.225;5.152;51.18
-2.248;5.145;51.196
-2.182;5.177;51.15
-2.201;5.165;51.163
-2.224;5.151;51.177
-2.134;5.188;51.115
-2.118;5.196;51.103
-2.167;5.175;51.136
-2.186;5.172;51.149
-2.213;5.164;51.166
-2.216;5.159;51.168
-2.15;5.179;51.122
-2.245;5.146;51.186
-2.197;5.167;51.153
-2.225;5.154;51.172
-2.13;5.197;51.107
-2.149;5.189;51.119
-2.161;5.179;51.128
-2.18;5.173;51.14
-2.132;5.189;51.107
-2.21;5.165;51.159
-2.23;5.151;51.173
-2.249;5.139;51.186
-2.258;5.136;51.19
-2.126;5.195;51.101
-2.242;5.148;51.177
-2.271;5.135;51.197
-2.175;5.177;51.132
-2.194;5.171;51.144
-2.214;5.161;51.157
-2.249;5.145;51.18
-2.147;5.192;51.111
-2.152;5.185;51.115
-2.223;5.156;51.162
-2.226;5.151;51.164
-2.157;5.178;51.117
-2.185;5.177;51.136
-2.207;5.16;51.15
-2.219;5.162;51.158
-2.254;5.135;51.182
-2.258;5.132;51.184
-2.188;5.17;51.136
-2.149;5.184;51.11
-2.237;5.153;51.168
-2.238;5.151;51.169
-2.275;5.132;51.193
-2.141;5.186;51.103
-2.182;5.175;51.13
-2.267;5.134;51.187
-2.172;5.179;51.122
-2.202;5.166;51.141
-2.206;5.163;51.144
-2.214;5.163;51.149
-2.22;5.165;51.154
-2.226;5.159;51.157
-2.251;5.139;51.174
-2.154;5.18;51.108
-2.232;5.149;51.16
-2.271;5.131;51.186
-2.225;5.164;51.154
-2.185;5.169;51.126
-2.242;5.145;51.164
-2.282;5.13;51.191
-2.168;5.182;51.114
-2.216;5.166;51.146
-2.265;5.135;51.178
-2.294;5.128;51.196
-2.178;5.177;51.118
-2.198;5.168;51.132
-2.246;5.138;51.164
-2.269;5.133;51.179
-2.222;5.163;51.146
-2.228;5.158;51.15
-2.276;5.129;51.182
-2.182;5.171;51.119
-2.21;5.165;51.136
-2.231;5.148;51.15
-2.26;5.137;51.169
-2.162;5.178;51.103
-2.165;5.17;51.105
-2.168;5.17;51.107
-2.242;5.146;51.156
-2.29;5.128;51.188
-2.193;5.168;51.123
-2.246;5.141;51.158
-2.273;5.132;51.175
-2.291;5.12;51.188
-2.168;5.163;51.105
-2.27;5.133;51.172
-2.171;5.162;51.105
-2.304;5.118;51.193
-2.175;5.159;51.107
-2.23;5.151;51.144
-2.236;5.142;51.147
-2.314;5.116;51.199
-2.177;5.177;51.107
-2.207;5.168;51.127
-2.178;5.17;51.107
-2.189;5.168;51.114
-2.287;5.134;51.179
-2.219;5.16;51.133
-2.281;5.133;51.173
-2.299;5.123;51.185
-2.237;5.144;51.143
-2.249;5.145;51.151
-2.251;5.139;51.152
-2.203;5.166;51.119
-2.235;5.15;51.14
-2.257;5.131;51.154
-2.213;5.165;51.124
-2.232;5.155;51.137
-2.256;5.132;51.152
-2.264;5.135;51.158
-2.281;5.126;51.169
-2.293;5.125;51.177
-2.301;5.122;51.182
-2.314;5.112;51.191
-2.311;5.113;51.187
-2.324;5.092;51.196
-2.186;5.17;51.105
-2.195;5.166;51.11
-2.223;5.163;51.128
-2.263;5.131;51.153
-2.272;5.135;51.16
-2.29;5.124;51.171
-2.324;5.107;51.193
-2.21;5.164;51.118
-2.217;5.162;51.122
-2.223;5.164;51.126
-2.248;5.142;51.142
-2.271;5.134;51.157
-2.276;5.128;51.161
-2.296;5.122;51.174
-2.204;5.163;51.113
-2.228;5.157;51.128
-2.284;5.12;51.165
-2.2;5.161;51.109
-2.26;5.137;51.148
-2.311;5.11;51.182
-2.32;5.113;51.187
-2.324;5.114;51.19
-2.245;5.143;51.137
-2.337;5.097;51.197
-2.339;5.088;51.198
-2.212;5.161;51.114
-2.238;5.154;51.131
-2.242;5.148;51.134
-2.281;5.12;51.159
-2.29;5.12;51.164
-2.322;5.098;51.185
-2.344;5.082;51.199
-2.195;5.168;51.101
-2.322;5.109;51.184
-2.224;5.159;51.119
-2.236;5.155;51.127
-2.275;5.129;51.152
-2.315;5.114;51.178
-2.198;5.16;51.1
-2.321;5.092;51.181
-2.334;5.097;51.189
-2.208;5.16;51.106
-2.255;5.139;51.136
-2.343;5.084;51.194
-2.228;5.151;51.118
-2.277;5.122;51.15
-2.287;5.117;51.156
-2.3;5.124;51.165
-2.237;5.15;51.123
-2.258;5.131;51.136
-2.268;5.127;51.143
-2.319;5.109;51.176
-2.322;5.092;51.178
-2.339;5.087;51.189
-2.347;5.077;51.194
-2.222;5.162;51.112
-2.266;5.135;51.14
-2.31;5.114;51.169
-2.32;5.099;51.175
-2.34;5.096;51.188
-2.228;5.153;51.113
-2.252;5.147;51.129
-2.33;5.092;51.179
-2.36;5.074;51.199
-2.256;5.131;51.13
-2.282;5.118;51.147
-2.361;5.067;51.198
-2.363;5.061;51.199
-2.222;5.166;51.107
-2.234;5.147;51.114
-2.305;5.111;51.161
-2.314;5.107;51.167
-2.326;5.091;51.174
-2.22;5.165;51.104
-2.318;5.1;51.168
-2.344;5.078;51.185
-2.35;5.072;51.189
-2.215;5.162;51.1
-2.275;5.124;51.139
-2.248;5.151;51.121
-2.296;5.118;51.151
-2.326;5.097;51.171
-2.348;5.072;51.185
-2.227;5.156;51.105
-2.24;5.145;51.114
-2.304;5.114;51.155
-2.226;5.164;51.104
-2.237;5.143;51.111
-2.257;5.144;51.124
-2.279;5.121;51.138
-2.368;5.063;51.195
-2.23;5.15;51.105
-2.26;5.138;51.125
-2.309;5.11;51.156
-2.338;5.094;51.175
-2.341;5.088;51.177
-2.261;5.129;51.124
-2.373;5.058;51.196
-2.291;5.118;51.142
-2.32;5.107;51.161
-2.323;5.099;51.163
-2.343;5.082;51.176
-2.378;5.053;51.198
-2.302;5.115;51.148
-2.333;5.095;51.168
-2.354;5.068;51.182
-2.244;5.141;51.11
-2.255;5.148;51.117
-2.274;5.125;51.129
-2.278;5.123;51.131
-2.351;5.076;51.178
-2.383;5.046;51.199
-2.25;5.144;51.11
-2.288;5.124;51.134
-2.307;5.111;51.147
-2.341;5.082;51.168
-2.366;5.059;51.185
-2.237;5.146;51.101
-2.241;5.142;51.103
-2.259;5.14;51.115
-2.318;5.109;51.153
-2.323;5.102;51.156
-2.338;5.09;51.165
-2.349;5.08;51.172
-2.374;5.054;51.188
-2.261;5.128;51.115
-2.27;5.125;51.121
-2.329;5.096;51.158
-2.261;5.123;51.114
-2.267;5.123;51.118
-2.283;5.122;51.128
-2.301;5.118;51.139
-2.363;5.06;51.179
-2.341;5.086;51.163
-2.358;5.075;51.175
-2.252;5.139;51.106
-2.361;5.067;51.175
-2.395;5.039;51.197
-2.265;5.122;51.112
-2.283;5.124;51.124
-2.305;5.11;51.138
-2.314;5.108;51.144
-2.292;5.124;51.129
-2.325;5.105;51.149
-2.356;5.077;51.168
-2.376;5.05;51.181
-2.288;5.123;51.124
-2.332;5.093;51.152
-2.264;5.127;51.107
-2.387;5.048;51.186
-2.278;5.124;51.115
-2.305;5.115;51.132
-2.358;5.069;51.166
-2.371;5.06;51.174
-2.397;5.046;51.191
-2.258;5.134;51.101
-2.262;5.13;51.104
-2.31;5.109;51.135
-2.313;5.103;51.136
-2.316;5.102;51.138
-2.341;5.091;51.154
-2.343;5.079;51.156
-2.402;5.038;51.193
-2.281;5.123;51.115
-2.349;5.089;51.157
-2.391;5.04;51.183
-2.293;5.121;51.12
-2.324;5.105;51.139
-2.333;5.094;51.145
-2.353;5.075;51.158
-2.405;5.029;51.191
-2.305;5.115;51.126
-2.381;5.054;51.175
-2.385;5.048;51.177
-2.416;5.018;51.197
-2.274;5.125;51.106
-2.389;5.042;51.178
-2.414;5.024;51.194
-2.358;5.072;51.158
-2.365;5.063;51.162
-2.279;5.123;51.107
-2.286;5.119;51.111
-2.337;5.088;51.143
-2.349;5.088;51.151
-2.366;5.062;51.162
-2.397;5.036;51.181
-2.271;5.131;51.1
-2.318;5.103;51.13
-2.349;5.077;51.149
-2.379;5.066;51.169
-2.428;5.008;51.199
-2.297;5.116;51.116
-2.326;5.104;51.134
-2.383;5.058;51.17
-2.402;5.03;51.182
-2.41;5.027;51.187
-2.325;5.104;51.132
-2.384;5.049;51.168
-2.42;5.024;51.191
-2.424;5.012;51.193
-2.302;5.11;51.115
-2.344;5.085;51.142
-2.362;5.068;51.153
-2.367;5.062;51.156
-2.391;5.044;51.171
-2.394;5.04;51.174
-2.423;5.015;51.191
-2.281;5.126;51.101
-2.284;5.121;51.103
-2.351;5.071;51.145
-2.36;5.073;51.15
-2.318;5.102;51.122
-2.347;5.071;51.14
-2.384;5.057;51.163
-2.403;5.034;51.175
-2.297;5.118;51.107
-2.327;5.1;51.127
-2.345;5.077;51.138
-2.407;5.028;51.176
-2.436;5.014;51.195
-2.439;5.009;51.197
-2.443;5.002;51.199
-2.36;5.071;51.146
-2.378;5.058;51.157
-2.389;5.045;51.164
-2.419;5.026;51.183
-2.294;5.123;51.103
-2.3;5.109;51.107
-2.309;5.105;51.113
-2.333;5.091;51.128
-2.393;5.042;51.166
-2.421;5.018;51.183
-2.296;5.124;51.103
-2.34;5.086;51.131
-2.372;5.069;51.151
-2.345;5.082;51.133
-2.354;5.071;51.138
-2.403;5.037;51.169
-2.322;5.099;51.117
-2.366;5.073;51.145
-2.372;5.074;51.149
-2.381;5.053;51.154
-2.402;5.046;51.167
-2.434;5.016;51.188
-2.319;5.105;51.114
-2.334;5.098;51.124
-2.409;5.031;51.171
-2.3;5.115;51.101
-2.385;5.047;51.154
-2.398;5.045;51.162
-2.415;5.027;51.173
-2.442;5.004;51.19
-2.391;5.042;51.157
-2.447;4.999;51.192
-2.336;5.088;51.122
-2.425;5.024;51.177
-2.304;5.106;51.1
-2.325;5.091;51.114
-2.352;5.081;51.13
-2.368;5.077;51.14
-2.375;5.074;51.144
-2.429;5.017;51.178
-2.439;5.014;51.185
-2.46;4.996;51.198
-2.462;4.99;51.199
-2.318;5.107;51.108
-2.323;5.092;51.11
-2.35;5.085;51.127
-2.38;5.069;51.145
-2.38;5.058;51.145
-2.44;5.006;51.183
-2.383;5.049;51.146
-2.414;5.029;51.164
-2.423;5.011;51.169
-2.432;5.012;51.175
-2.326;5.092;51.108
-2.333;5.091;51.112
-2.363;5.078;51.131
-2.373;5.075;51.137
-2.395;5.04;51.151
-2.416;5.022;51.164
-2.445;5.002;51.182
-2.454;4.998;51.187
-2.427;5.019;51.169
-2.345;5.086;51.117
-2.377;5.069;51.137
-2.407;5.035;51.156
-2.469;4.999;51.194
-2.357;5.085;51.124
-2.39;5.042;51.144
-2.328;5.098;51.105
-2.383;5.066;51.139
-2.383;5.061;51.139
-2.468;4.986;51.191
-2.471;4.979;51.193
-2.369;5.075;51.129
-2.383;5.064;51.137
-2.388;5.046;51.141
-2.421;5.02;51.161
-2.444;5.002;51.175
-2.36;5.078;51.122
-2.41;5.03;51.153
-2.452;4.998;51.179
-2.482;4.977;51.198
-2.329;5.105;51.102
-2.382;5.056;51.134
-2.43;5.023;51.164
-2.432;5.017;51.166
-2.462;4.996;51.184
-2.341;5.088;51.108
-2.352;5.084;51.115
-2.403;5.038;51.147
-2.339;5.096;51.106
-2.466;4.988;51.184
-2.376;5.061;51.127
-2.402;5.048;51.144
-2.408;5.032;51.147
-2.414;5.026;51.15
-2.435;5.008;51.164
-2.444;5.004;51.169
-2.386;5.05;51.132
-2.416;5.019;51.151
-2.447;5.001;51.17
-2.476;4.977;51.188
-2.357;5.08;51.113
-2.367;5.075;51.119
-2.369;5.071;51.121
-2.474;4.984;51.185
-2.338;5.1;51.101
-2.352;5.083;51.109
-2.491;4.976;51.194
-2.341;5.089;51.101
-2.399;5.05;51.136
-2.458;4.997;51.173
-2.35;5.085;51.105
-2.431;5.018;51.155
-2.459;5.003;51.172
-2.461;4.989;51.174
-2.382;5.059;51.124
-2.385;5.051;51.126
-2.409;5.048;51.14
-2.414;5.03;51.144
-2.433;5.011;51.155
-2.442;5.004;51.161
-2.494;4.969;51.193
-2.499;4.963;51.196
-2.503;4.958;51.199
-2.378;5.065;51.12
-2.478;4.979;51.181
-2.484;4.975;51.184
-2.395;5.049;51.128
-2.417;5.02;51.142
-2.425;5.015;51.147
-2.445;5.003;51.159
-2.455;5.004;51.165
-2.457;5.002;51.167
-2.407;5.048;51.134
-2.464;5.002;51.169
-2.487;4.969;51.184
-2.368;5.073;51.109
-2.377;5.067;51.115
-2.464;5.004;51.168
-2.357;5.085;51.101
-2.408;5.038;51.133
-2.439;5.008;51.152
-2.478;4.985;51.176
-2.479;4.977;51.176
-2.499;4.967;51.189
-2.445;5.003;51.154
-2.463;5.003;51.165
-2.504;4.96;51.19
-2.388;5.055;51.118
-2.462;4.999;51.164
-2.361;5.078;51.101
-2.392;5.05;51.119
-2.401;5.046;51.125
-2.415;5.035;51.133
-2.422;5.018;51.137
-2.452;5.001;51.156
-2.47;4.981;51.167
-2.512;4.956;51.192
-2.373;5.069;51.105
-2.436;5.01;51.144
-2.467;4.982;51.163
-2.484;4.969;51.173
-2.495;4.969;51.18
-2.527;4.958;51.199
-2.41;5.031;51.127
-2.404;5.039;51.122
-2.386;5.058;51.11
-2.391;5.052;51.113
-2.449;5.0;51.148
-2.506;4.967;51.183
-2.521;4.954;51.192
-2.385;5.066;51.108
-2.407;5.031;51.121
-2.418;5.03;51.128
-2.425;5.034;51.132
-2.421;5.02;51.13
-2.454;4.992;51.15
-2.48;4.969;51.166
-2.509;4.956;51.184
-2.398;5.048;51.115
-2.43;5.021;51.134
-2.436;5.025;51.138
-2.491;4.97;51.171
-2.456;4.993;51.149
-2.402;5.041;51.115
-2.478;4.981;51.161
-2.501;4.974;51.175
-2.523;4.95;51.188
-2.536;4.939;51.196
-2.434;5.023;51.133
-2.439;5.025;51.136
-2.443;5.007;51.138
-2.506;4.967;51.176
-2.382;5.067;51.1
-2.392;5.056;51.106
-2.413;5.03;51.119
-2.421;5.024;51.124
-2.441;5.018;51.136
-2.476;4.987;51.157
-2.516;4.954;51.181
-2.453;5.004;51.142
-2.457;4.999;51.145
-2.5;4.973;51.171
-2.535;4.943;51.192
-2.424;5.019;51.123
-2.397;5.048;51.106
-2.45;5.003;51.138
-2.489;4.969;51.161
-2.52;4.95;51.18
-2.549;4.936;51.198
-2.551;4.928;51.199
-2.442;5.025;51.132
-2.446;5.002;51.134
-2.467;4.994;51.147
-2.471;4.992;51.149
-2.502;4.966;51.168
-2.531;4.947;51.186
-2.399;5.041;51.105
-2.409;5.032;51.11
-2.444;5.011;51.131
-2.482;4.986;51.153
-2.544;4.941;51.191
-2.445;5.024;51.13
-2.465;4.995;51.142
-2.486;4.979;51.155
-2.504;4.961;51.166
-2.514;4.955;51.172
-2.425;5.021;51.117
-2.452;4.996;51.133
-2.525;4.944;51.177
-2.55;4.928;51.192
-2.519;4.951;51.172
-2.456;4.993;51.133
-2.498;4.96;51.159
-2.435;5.016;51.119
-2.409;5.032;51.103
-2.45;5.001;51.127
-2.468;4.991;51.138
-2.479;4.99;51.145
-2.49;4.976;51.151
-2.509;4.958;51.163
-2.529;4.942;51.175
-2.562;4.922;51.194
-2.417;5.029;51.106
-2.445;5.016;51.123
-2.447;5.007;51.124
-2.481;4.977;51.144
-2.572;4.92;51.199
-2.458;4.995;51.13
-2.52;4.953;51.166
-2.544;4.94;51.181
-2.554;4.928;51.187
-2.432;5.02;51.113
-2.493;4.969;51.149
-2.421;5.034;51.105
-2.462;4.988;51.129
-2.525;4.948;51.167
-2.424;5.034;51.106
-2.481;4.971;51.14
-2.527;4.941;51.167
-2.568;4.92;51.192
-2.444;5.016;51.116
-2.506;4.959;51.153
-2.537;4.941;51.172
-2.476;4.987;51.134
-2.48;4.973;51.137
-2.518;4.955;51.159
-2.55;4.927;51.178
-2.569;4.928;51.19
-2.479;4.979;51.135
-2.488;4.969;51.14
-2.512;4.952;51.154
-2.58;4.916;51.195
-2.584;4.912;51.197
-2.427;5.028;51.103
-2.455;5.007;51.119
-2.531;4.94;51.165
-2.461;4.992;51.121
-2.521;4.949;51.158
-2.564;4.932;51.183
-2.47;4.987;51.126
-2.505;4.961;51.146
-2.563;4.936;51.18
-2.594;4.913;51.199
-2.437;5.024;51.104
-2.514;4.954;51.149
-2.517;4.952;51.151
-2.534;4.946;51.162
-2.545;4.939;51.168
-2.482;4.977;51.13
-2.484;4.97;51.131
-2.45;5.017;51.109
-2.457;5.0;51.113
-2.527;4.947;51.155
-2.541;4.941;51.163
-2.558;4.937;51.173
-2.589;4.909;51.192
-2.497;4.966;51.136
-2.554;4.943;51.17
-2.597;4.913;51.195
-2.467;4.99;51.117
-2.508;4.966;51.141
-2.558;4.931;51.171
-2.567;4.933;51.176
-2.602;4.909;51.197
-2.464;4.996;51.114
-2.602;4.897;51.196
-2.479;4.985;51.121
-2.483;4.973;51.124
-2.51;4.957;51.14
-2.542;4.947;51.159
-2.449;5.017;51.103
-2.458;5.004;51.108
-2.5;4.962;51.133
-2.553;4.945;51.164
-2.581;4.916;51.181
-2.483;4.979;51.121
-2.524;4.948;51.146
-2.554;4.938;51.164
-2.566;4.934;51.171
-2.585;4.909;51.182
-2.454;5.011;51.103
-2.497;4.962;51.128
-2.521;4.956;51.143
-2.475;4.987;51.114
-2.537;4.947;51.151
-2.569;4.929;51.17
-2.577;4.923;51.175
-2.507;4.962;51.132
-2.558;4.93;51.162
-2.599;4.907;51.186
-2.619;4.891;51.199
-2.489;4.973;51.12
-2.484;4.984;51.116
-2.548;4.946;51.154
-2.604;4.902;51.187
-2.612;4.894;51.192
-2.477;4.981;51.111
-2.507;4.965;51.128
-2.519;4.957;51.136
-2.582;4.918;51.173
-2.618;4.89;51.194
-2.523;4.948;51.136
-2.539;4.943;51.146
-2.545;4.946;51.15
-2.556;4.93;51.156
-2.574;4.924;51.167
-2.583;4.911;51.172
-2.596;4.91;51.179
-2.625;4.885;51.197
-2.462;4.992;51.1
-2.472;4.98;51.106
-2.532;4.944;51.14
-2.564;4.926;51.16
-2.47;4.987;51.102
-2.502;4.966;51.121
-2.537;4.942;51.141
-2.571;4.924;51.161
-2.609;4.899;51.184
-2.616;4.893;51.188
-2.485;4.984;51.109
-2.489;4.973;51.112
-2.5;4.973;51.118
-2.546;4.936;51.145
-2.578;4.92;51.164
-2.511;4.964;51.124
-2.516;4.959;51.126
-2.527;4.946;51.133
-2.585;4.916;51.167
-2.608;4.906;51.18
-2.638;4.886;51.198
-2.497;4.975;51.114
-2.567;4.923;51.155
-2.59;4.908;51.169
-2.622;4.889;51.187
-2.519;4.951;51.125
-2.557;4.933;51.148
-2.603;4.909;51.175
-2.564;4.922;51.151
-2.49;4.974;51.106
-2.5;4.973;51.112
-2.531;4.941;51.13
-2.543;4.939;51.137
-2.572;4.919;51.155
-2.58;4.913;51.159
-2.612;4.907;51.178
-2.636;4.889;51.192
-2.481;4.988;51.1
-2.511;4.969;51.117
-2.541;4.944;51.135
-2.577;4.912;51.156
-2.643;4.885;51.195
-2.555;4.936;51.142
-2.586;4.91;51.16
-2.616;4.896;51.178
-2.515;4.956;51.117
-2.513;4.95;51.116
-2.524;4.948;51.122
-2.495;4.972;51.104
-2.632;4.888;51.184
-2.649;4.872;51.195
-2.529;4.943;51.123
-2.539;4.944;51.129
-2.599;4.908;51.164
-2.507;4.969;51.109
-2.516;4.966;51.114
-2.537;4.943;51.126
-2.582;4.911;51.153
-2.643;4.886;51.188
-2.514;4.959;51.112
-2.513;4.953;51.111
-2.546;4.944;51.13
-2.567;4.934;51.143
-2.648;4.872;51.19
-2.545;4.944;51.129
-2.552;4.939;51.133
-2.614;4.899;51.169
-2.62;4.894;51.172
-2.514;4.965;51.109
-2.521;4.95;51.114
-2.565;4.936;51.139
-2.625;4.887;51.174
-2.652;4.872;51.19
-2.664;4.87;51.197
-2.579;4.913;51.146
-2.595;4.909;51.155
-2.638;4.886;51.181
-2.502;4.968;51.1
-2.513;4.958;51.107
-2.657;4.872;51.19
-2.534;4.94;51.117
-2.609;4.906;51.161
-2.507;4.953;51.101
-2.57;4.934;51.137
-2.577;4.918;51.141
-2.64;4.88;51.178
-2.651;4.876;51.184
-2.671;4.871;51.196
-2.516;4.951;51.104
-2.528;4.946;51.111
-2.555;4.934;51.127
-2.678;4.874;51.198
-2.591;4.917;51.147
-2.623;4.889;51.165
-2.558;4.927;51.126
-2.599;4.914;51.15
-2.636;4.881;51.172
-2.666;4.87;51.189
-2.604;4.909;51.152
-2.614;4.905;51.158
-2.635;4.886;51.17
-2.647;4.882;51.177
-2.538;4.943;51.113
-2.598;4.915;51.147
-2.649;4.883;51.177
-2.529;4.942;51.106
-2.542;4.936;51.114
-2.55;4.933;51.118
-2.617;4.898;51.157
-2.654;4.884;51.179
-2.681;4.867;51.194
-2.61;4.904;51.152
-2.655;4.884;51.178
-2.692;4.858;51.199
-2.549;4.933;51.115
-2.587;4.918;51.137
-2.605;4.902;51.148
-2.655;4.883;51.176
-2.66;4.875;51.179
-2.524;4.946;51.1
-2.622;4.892;51.156
-2.631;4.887;51.161
-2.664;4.871;51.181
-2.528;4.941;51.101
-2.559;4.93;51.119
-2.683;4.863;51.19
-2.569;4.926;51.123
-2.604;4.901;51.143
-2.616;4.892;51.15
-2.681;4.862;51.188
-2.613;4.898;51.147
-2.644;4.88;51.165
-2.688;4.858;51.19
-2.55;4.934;51.11
-2.582;4.924;51.128
-2.592;4.914;51.134
-2.678;4.861;51.183
-2.547;4.933;51.107
-2.554;4.931;51.111
-2.576;4.924;51.122
-2.671;4.875;51.177
-2.703;4.85;51.195
-2.564;4.925;51.114
-2.627;4.894;51.15
-2.606;4.904;51.137
-2.61;4.9;51.139
-2.641;4.88;51.157
-2.663;4.873;51.17
-2.546;4.937;51.101
-2.659;4.871;51.166
-2.685;4.861;51.181
-2.578;4.92;51.119
-2.589;4.923;51.125
-2.591;4.917;51.126
-2.621;4.896;51.143
-2.653;4.874;51.161
-2.696;4.858;51.186
-2.567;4.921;51.111
-2.657;4.871;51.163
-2.557;4.936;51.104
-2.634;4.887;51.148
-2.722;4.863;51.198
-2.562;4.928;51.106
-2.565;4.921;51.107
-2.593;4.911;51.124
-2.633;4.894;51.146
-2.638;4.882;51.149
-2.668;4.871;51.166
-2.701;4.864;51.185
-2.589;4.924;51.12
-2.623;4.892;51.139
-2.723;4.858;51.196
-2.574;4.919;51.11
-2.607;4.901;51.129
-2.631;4.894;51.143
-2.649;4.878;51.153
-2.681;4.862;51.171
-2.692;4.861;51.177
-2.711;4.857;51.188
-2.658;4.874;51.157
-2.726;4.846;51.195
-2.587;4.917;51.115
-2.642;4.88;51.146
-2.713;4.851;51.187
-2.729;4.841;51.196
-2.621;4.892;51.133
-2.663;4.871;51.157
-2.705;4.865;51.181
-2.71;4.861;51.184
-2.59;4.912;51.114
-2.6;4.908;51.12
-2.651;4.886;51.149
-2.675;4.866;51.162
-2.572;4.922;51.103
-2.679;4.861;51.163
-2.714;4.857;51.184
-2.729;4.844;51.192
-2.569;4.924;51.1
-2.644;4.89;51.143
-2.582;4.916;51.106
-2.615;4.901;51.125
-2.626;4.89;51.131
-2.658;4.87;51.149
-2.688;4.858;51.166
-2.656;4.876;51.147
-2.703;4.866;51.174
-2.585;4.912;51.105
-2.595;4.91;51.111
-2.657;4.886;51.146
-2.709;4.863;51.176
-2.713;4.858;51.178
-2.721;4.841;51.182
-2.746;4.834;51.196
-2.747;4.832;51.197
-2.623;4.893;51.126
-2.639;4.889;51.135
-2.653;4.889;51.142
-2.672;4.868;51.153
-2.61;4.909;51.117
-2.669;4.874;51.15
-2.702;4.862;51.169
-2.716;4.847;51.177
-2.755;4.834;51.199
-2.666;4.874;51.148
-2.71;4.864;51.173
-2.719;4.841;51.177
-2.688;4.859;51.159
-2.729;4.838;51.182
-2.658;4.872;51.14
-2.699;4.857;51.163
-2.734;4.827;51.183
-2.591;4.911;51.102
-2.632;4.896;51.125
-2.634;4.887;51.126
-2.648;4.887;51.133
-2.655;4.876;51.138
-2.743;4.83;51.187
-2.678;4.865;51.149
-2.712;4.857;51.168
-2.757;4.829;51.194
-2.622;4.906;51.117
-2.668;4.868;51.142
-2.726;4.842;51.175
-2.734;4.829;51.179
-2.754;4.834;51.191
-2.763;4.824;51.196
-2.605;4.911;51.105
-2.618;4.909;51.113
-2.629;4.894;51.119
-2.643;4.883;51.127
-2.659;4.874;51.136
-2.704;4.855;51.161
-2.723;4.844;51.172
-2.649;4.876;51.129
-2.671;4.86;51.142
-2.69;4.865;51.152
-2.692;4.856;51.153
-2.715;4.852;51.166
-2.734;4.836;51.177
-2.639;4.882;51.122
-2.682;4.862;51.146
-2.687;4.864;51.15
-2.694;4.853;51.153
-2.769;4.817;51.195
-2.636;4.883;51.119
-2.622;4.898;51.11
-2.623;4.893;51.111
-2.707;4.849;51.158
-2.752;4.837;51.183
-2.764;4.827;51.19
-2.765;4.822;51.191
-2.677;4.861;51.14
-2.762;4.833;51.186
-2.614;4.908;51.102
-2.66;4.87;51.128
-2.722;4.841;51.163
-2.733;4.837;51.169
-2.757;4.834;51.182
-2.772;4.826;51.19
-2.621;4.893;51.105
-2.628;4.893;51.109
-2.657;4.874;51.125
-2.7;4.853;51.149
-2.778;4.819;51.193
-2.788;4.815;51.198
-2.674;4.862;51.133
-2.747;4.834;51.174
-2.637;4.886;51.111
-2.704;4.85;51.149
-2.717;4.847;51.156
-2.773;4.823;51.187
-2.791;4.808;51.197
-2.642;4.88;51.113
-2.673;4.865;51.13
-2.758;4.827;51.178
-2.684;4.858;51.135
-2.751;4.833;51.172
-2.654;4.877;51.117
-2.729;4.839;51.159
-2.762;4.821;51.177
-2.801;4.803;51.199
-2.699;4.857;51.141
-2.721;4.843;51.153
-2.743;4.835;51.165
-2.774;4.818;51.183
-2.784;4.813;51.188
-2.636;4.886;51.104
-2.667;4.868;51.122
-2.659;4.873;51.116
-2.703;4.851;51.14
-2.713;4.847;51.146
-2.757;4.83;51.171
-2.787;4.809;51.187
-2.682;4.859;51.128
-2.718;4.843;51.148
-2.761;4.822;51.172
-2.769;4.822;51.176
-2.64;4.882;51.103
-2.65;4.876;51.109
-2.725;4.84;51.151
-2.805;4.802;51.195
-2.695;4.855;51.133
-2.756;4.844;51.166
-2.813;4.797;51.198
-2.737;4.836;51.154
-2.664;4.871;51.112
-2.677;4.866;51.12
-2.706;4.848;51.136
-2.753;4.844;51.162
-2.651;4.873;51.104
-2.759;4.843;51.164
-2.799;4.783;51.186
-2.817;4.79;51.196
-2.646;4.88;51.1
-2.649;4.873;51.102
-2.698;4.852;51.129
-2.721;4.841;51.142
-2.762;4.839;51.164
-2.763;4.827;51.165
-2.785;4.812;51.177
-2.795;4.806;51.183
-2.806;4.803;51.189
-2.71;4.842;51.134
-2.765;4.822;51.165
-2.78;4.818;51.173
-2.689;4.855;51.122
-2.779;4.825;51.171
-2.81;4.799;51.188
-2.801;4.785;51.184
-2.798;4.78;51.182
-2.81;4.786;51.188
-2.822;4.788;51.195
-2.663;4.872;51.106
-2.694;4.853;51.123
-2.757;4.843;51.158
-2.798;4.802;51.18
-2.66;4.874;51.103
-2.703;4.85;51.127
-2.784;4.812;51.171
-2.818;4.793;51.19
-2.717;4.842;51.133
-2.828;4.779;51.195
-2.675;4.861;51.109
-2.686;4.858;51.115
-2.728;4.845;51.138
-2.76;4.837;51.156
-2.761;4.826;51.156
-2.773;4.823;51.163
-2.837;4.772;51.198
-2.712;4.842;51.128
-2.796;4.802;51.174
-2.806;4.8;51.18
-2.816;4.796;51.185
-2.694;4.855;51.117
-2.731;4.84;51.137
-2.747;4.832;51.146
-2.755;4.834;51.15
-2.764;4.823;51.155
-2.785;4.824;51.167
-2.787;4.817;51.168
-2.699;4.85;51.118
-2.82;4.79;51.185
-2.83;4.785;51.19
-2.831;4.778;51.191
-2.668;4.875;51.1
-2.675;4.875;51.104
-2.742;4.835;51.141
-2.746;4.831;51.143
-2.675;4.876;51.103
-2.712;4.847;51.123
-2.675;4.875;51.101
-2.681;4.858;51.105
-2.725;4.84;51.129
-2.756;4.828;51.146
-2.799;4.799;51.17
-2.813;4.803;51.177
-2.842;4.772;51.193
-2.678;4.869;51.102
-2.693;4.855;51.11
-2.761;4.823;51.147
-2.77;4.817;51.152
-2.781;4.815;51.158
-2.816;4.797;51.177
-2.846;4.773;51.194
-2.854;4.774;51.199
-2.719;4.844;51.123
-2.739;4.838;51.133
-2.749;4.834;51.138
-2.793;4.804;51.162
-2.818;4.791;51.176
-2.828;4.787;51.181
-2.697;4.851;51.109
-2.753;4.828;51.139
-2.773;4.812;51.15
-2.785;4.81;51.157
-2.709;4.845;51.114
-2.73;4.844;51.125
-2.745;4.834;51.134
-2.84;4.774;51.185
-2.853;4.773;51.193
-2.69;4.855;51.102
-2.721;4.838;51.119
-2.768;4.819;51.145
-2.798;4.799;51.161
-2.83;4.778;51.179
-2.711;4.842;51.112
-2.846;4.772;51.186
-2.862;4.763;51.194
-2.766;4.826;51.141
-2.811;4.791;51.165
-2.79;4.805;51.153
-2.824;4.793;51.171
-2.867;4.756;51.195
-2.708;4.842;51.107
-2.748;4.828;51.129
-2.78;4.809;51.146
-2.846;4.773;51.182
-2.739;4.833;51.123
-2.803;4.795;51.157
-2.835;4.776;51.175
-2.857;4.76;51.187
-2.769;4.825;51.138
-2.794;4.801;51.151
-2.843;4.773;51.178
-2.85;4.767;51.181
-2.858;4.767;51.186
-2.806;4.79;51.156
-2.83;4.794;51.169
-2.73;4.837;51.114
-2.734;4.833;51.116
-2.767;4.826;51.134
-2.776;4.812;51.139
-2.818;4.788;51.161
-2.83;4.787;51.168
-2.839;4.769;51.173
-2.74;4.834;51.118
-2.744;4.83;51.12
-2.863;4.758;51.185
-2.873;4.752;51.19
-2.713;4.846;51.102
-2.717;4.842;51.104
-2.765;4.822;51.131
-2.834;4.779;51.168
-2.853;4.762;51.178
-2.874;4.753;51.19
-2.756;4.826;51.124
-2.79;4.801;51.143
-2.739;4.839;51.114
-2.803;4.799;51.148
-2.846;4.766;51.172
-2.87;4.756;51.185
-2.89;4.755;51.195
-2.726;4.838;51.106
-2.804;4.791;51.148
-2.825;4.785;51.159
-2.851;4.762;51.173
-2.76;4.821;51.123
-2.782;4.815;51.134
-2.86;4.76;51.177
-2.865;4.752;51.179
-2.787;4.801;51.136
-2.885;4.756;51.189
-2.895;4.753;51.194
-2.741;4.844;51.11
-2.743;4.831;51.111
-2.752;4.826;51.116
-2.838;4.776;51.162
-2.758;4.822;51.117
-2.799;4.802;51.14
-2.822;4.772;51.152
-2.842;4.77;51.163
-2.873;4.749;51.18
-2.897;4.748;51.193
-2.766;4.82;51.121
-2.818;4.785;51.149
-2.732;4.837;51.101
-2.81;4.789;51.143
-2.828;4.773;51.153
-2.853;4.764;51.166
-2.856;4.762;51.168
-2.886;4.748;51.184
-2.778;4.815;51.124
-2.912;4.736;51.197
-2.779;4.81;51.124
-2.824;4.781;51.148
-2.87;4.75;51.173
-2.737;4.829;51.1
-2.749;4.828;51.107
-2.792;4.808;51.13
-2.879;4.744;51.176
-2.89;4.744;51.183
-2.915;4.729;51.196
-2.758;4.825;51.11
-2.805;4.8;51.136
-2.838;4.769;51.153
-2.901;4.732;51.187
-2.851;4.766;51.158
-2.895;4.738;51.182
-2.909;4.733;51.19
-2.763;4.821;51.11
-2.798;4.803;51.129
-2.862;4.757;51.163
-2.899;4.731;51.183
-2.916;4.734;51.193
-2.927;4.722;51.198
-2.815;4.795;51.137
-2.82;4.781;51.14
-2.833;4.771;51.146
-2.867;4.752;51.165
-2.882;4.742;51.173
-2.922;4.722;51.194
-2.778;4.812;51.116
-2.832;4.778;51.145
-2.908;4.729;51.185
-2.788;4.809;51.12
-2.796;4.804;51.124
-2.801;4.799;51.127
-2.878;4.748;51.168
-2.846;4.767;51.15
-2.881;4.742;51.168
-2.891;4.74;51.174
-2.933;4.718;51.196
-2.771;4.818;51.108
-2.795;4.804;51.121
-2.9;4.735;51.177
-2.902;4.727;51.178
-2.76;4.823;51.101
-2.79;4.802;51.117
-2.816;4.798;51.131
-2.819;4.788;51.133
-2.859;4.766;51.154
-2.861;4.76;51.155
-2.908;4.722;51.18
-2.91;4.723;51.181
-2.82;4.781;51.132
-2.784;4.809;51.112
-2.79;4.802;51.114
-2.827;4.778;51.135
-2.872;4.749;51.158
-2.878;4.742;51.162
-2.839;4.776;51.139
-2.853;4.765;51.147
-2.886;4.741;51.165
-2.926;4.724;51.186
-2.929;4.718;51.188
-2.941;4.714;51.194
-2.776;4.815;51.105
-2.809;4.797;51.122
-2.863;4.763;51.151
-2.909;4.724;51.175
-2.821;4.787;51.127
-2.898;4.736;51.168
-2.903;4.729;51.171
-2.925;4.726;51.183
-2.801;4.793;51.115
-2.819;4.795;51.125
-2.945;4.71;51.192
-2.955;4.707;51.197
-2.78;4.809;51.103
-2.871;4.751;51.151
-2.912;4.717;51.173
-2.935;4.714;51.185
-2.791;4.804;51.108
-2.812;4.79;51.119
-2.857;4.761;51.143
-2.881;4.741;51.155
-2.891;4.744;51.161
-2.904;4.721;51.167
-2.848;4.764;51.137
-2.964;4.703;51.198
-2.807;4.792;51.114
-2.905;4.735;51.166
-2.905;4.727;51.166
-2.806;4.795;51.112
-2.863;4.756;51.142
-2.896;4.74;51.159
-2.931;4.717;51.178
-2.96;4.701;51.193
-2.818;4.787;51.117
-2.821;4.782;51.119
-2.833;4.773;51.125
-2.852;4.761;51.135
-2.872;4.754;51.145
-2.909;4.721;51.165
-2.951;4.706;51.187
-2.79;4.802;51.101
-2.902;4.735;51.16
-2.928;4.712;51.174
-2.877;4.749;51.145
-2.89;4.745;51.152
-2.921;4.715;51.168
-2.958;4.703;51.188
-2.964;4.701;51.192
-2.977;4.697;51.198
-2.834;4.777;51.121
-2.842;4.775;51.125
-2.85;4.762;51.13
-2.935;4.708;51.174
-2.956;4.702;51.185
-2.979;4.687;51.198
-2.802;4.799;51.103
-2.845;4.766;51.126
-2.866;4.753;51.137
-2.892;4.737;51.151
-2.927;4.714;51.169
-2.813;4.796;51.108
-2.809;4.787;51.106
-2.881;4.742;51.143
-2.817;4.788;51.109
-2.829;4.781;51.115
-2.86;4.757;51.131
-2.893;4.732;51.149
-2.906;4.722;51.155
-2.925;4.712;51.166
-2.949;4.709;51.178
-2.961;4.695;51.184
-2.916;4.717;51.159
-2.922;4.712;51.162
-2.874;4.748;51.136
-2.93;4.707;51.165
-2.975;4.698;51.189
-2.975;4.689;51.189
-2.845;4.77;51.12
-2.887;4.738;51.141
-2.903;4.723;51.15
-2.815;4.793;51.102
-2.878;4.743;51.135
-2.899;4.729;51.146
-2.956;4.706;51.176
-2.969;4.694;51.183
-2.988;4.688;51.193
-2.853;4.766;51.121
-2.856;4.762;51.123
-2.891;4.732;51.141
-2.944;4.706;51.169
-2.999;4.685;51.197
-3.001;4.677;51.199
-2.824;4.789;51.105
-2.836;4.784;51.111
-2.866;4.754;51.127
-2.923;4.715;51.156
-2.957;4.698;51.175
-2.964;4.692;51.178
-2.872;4.75;51.128
-2.912;4.727;51.15
-2.926;4.709;51.157
-2.963;4.692;51.176
-2.82;4.792;51.1
-2.883;4.742;51.133
-2.885;4.73;51.134
-2.97;4.688;51.179
-2.996;4.684;51.192
-3.006;4.672;51.197
-2.83;4.783;51.104
-2.939;4.706;51.161
-2.952;4.706;51.168
-2.962;4.693;51.173
-2.985;4.686;51.185
-2.841;4.773;51.109
-2.853;4.771;51.115
-2.895;4.73;51.137
-2.864;4.755;51.119
-2.987;4.68;51.183
-2.834;4.783;51.102
-2.91;4.728;51.142
-2.912;4.72;51.143
-2.941;4.701;51.158
-2.954;4.697;51.165
-2.965;4.688;51.171
-2.978;4.686;51.177
-3.003;4.673;51.19
-2.873;4.756;51.121
-2.922;4.716;51.147
-2.956;4.692;51.165
-2.998;4.677;51.187
-3.011;4.668;51.193
-2.925;4.71;51.147
-3.025;4.658;51.199
-2.881;4.742;51.123
-2.894;4.738;51.129
-2.979;4.68;51.174
-2.991;4.677;51.18
-3.0;4.671;51.185
-3.015;4.662;51.192
-2.847;4.771;51.104
-2.859;4.766;51.11
-2.9;4.734;51.132
-2.938;4.701;51.151
-2.947;4.696;51.156
-2.861;4.76;51.11
-2.897;4.734;51.129
-2.905;4.729;51.133
-2.974;4.685;51.168
-2.996;4.672;51.18
-2.873;4.754;51.115
-2.954;4.692;51.157
-2.962;4.689;51.161
-3.006;4.668;51.184
-3.015;4.665;51.189
-3.029;4.655;51.196
-2.876;4.752;51.115
-2.894;4.732;51.125
-2.917;4.725;51.136
-2.92;4.72;51.138
-3.019;4.659;51.189
-2.909;4.722;51.131
-2.927;4.714;51.14
-2.932;4.708;51.143
-2.976;4.678;51.166
-2.989;4.677;51.172
-2.893;4.732;51.121
-2.909;4.725;51.129
-2.944;4.699;51.148
-3.014;4.667;51.184
-3.025;4.655;51.19
-3.035;4.65;51.195
-2.959;4.691;51.154
-3.002;4.667;51.177
-2.856;4.768;51.1
-2.864;4.764;51.104
-2.867;4.756;51.105
-2.901;4.728;51.123
-2.923;4.724;51.134
-2.956;4.694;51.151
-2.883;4.752;51.112
-2.926;4.716;51.134
-3.015;4.657;51.181
-3.021;4.652;51.184
-3.049;4.64;51.198
-2.915;4.721;51.127
-2.928;4.71;51.134
-2.97;4.687;51.156
-2.973;4.68;51.157
-2.994;4.675;51.168
-3.027;4.647;51.185
-3.04;4.645;51.192
-2.873;4.753;51.104
-2.889;4.742;51.113
-2.983;4.676;51.161
-2.995;4.667;51.168
-2.894;4.736;51.114
-2.898;4.732;51.116
-2.941;4.706;51.138
-3.054;4.634;51.197
-2.886;4.754;51.109
-2.907;4.727;51.119
-2.943;4.699;51.138
-2.953;4.694;51.143
-3.008;4.665;51.171
-3.043;4.638;51.189
-2.955;4.692;51.143
-2.991;4.675;51.161
-3.012;4.66;51.172
-3.061;4.631;51.198
-2.911;4.721;51.119
-2.921;4.717;51.124
-2.969;4.692;51.149
-2.988;4.673;51.158
-3.022;4.654;51.176
-3.026;4.65;51.178
-2.879;4.752;51.101
-2.979;4.678;51.153
-2.984;4.672;51.155
-2.889;4.754;51.105
-2.892;4.74;51.107
-2.924;4.71;51.123
-2.937;4.71;51.129
-2.993;4.67;51.158
-2.891;4.749;51.105
-3.005;4.667;51.163
-3.042;4.64;51.182
-3.051;4.634;51.187
-2.904;4.736;51.11
-2.909;4.72;51.113
-2.965;4.693;51.141
-3.063;4.635;51.192
-2.888;4.754;51.101
-2.951;4.691;51.133
-2.973;4.693;51.144
-3.008;4.659;51.162
-3.019;4.655;51.168
-3.057;4.634;51.187
-3.066;4.63;51.192
-3.076;4.617;51.197
-2.924;4.712;51.118
-2.943;4.706;51.127
-2.962;4.692;51.137
-2.97;4.694;51.141
-3.033;4.649;51.173
-2.913;4.721;51.111
-2.932;4.703;51.12
-2.977;4.679;51.143
-3.052;4.631;51.182
-3.085;4.613;51.199
-2.948;4.701;51.127
-2.99;4.672;51.149
-3.002;4.668;51.155
-3.026;4.653;51.167
-3.044;4.643;51.176
-3.047;4.638;51.178
-2.981;4.672;51.143
-3.024;4.652;51.165
-3.05;4.63;51.178
-2.903;4.732;51.102
-2.958;4.689;51.13
-3.035;4.642;51.169
-3.059;4.629;51.182
-3.071;4.626;51.187
-2.955;4.696;51.127
-2.97;4.686;51.135
-2.983;4.671;51.141
-3.005;4.661;51.152
-3.084;4.615;51.193
-2.928;4.71;51.112
-3.016;4.65;51.157
-3.029;4.648;51.163
-3.074;4.617;51.187
-2.924;4.725;51.109
-2.927;4.719;51.11
-2.938;4.706;51.116
-3.044;4.645;51.17
-3.051;4.633;51.173
-3.087;4.609;51.192
-3.097;4.604;51.197
-2.941;4.7;51.116
-2.974;4.681;51.133
-2.998;4.667;51.145
-3.1;4.597;51.197
-2.954;4.699;51.121
-3.033;4.642;51.162
-3.057;4.629;51.173
-3.069;4.628;51.18
-3.08;4.613;51.185
-2.937;4.703;51.112
-2.96;4.692;51.123
-2.972;4.683;51.129
-3.004;4.662;51.145
-2.924;4.728;51.103
-2.968;4.686;51.126
-3.015;4.649;51.15
-3.025;4.649;51.155
-2.928;4.723;51.104
-2.981;4.679;51.131
-3.046;4.632;51.164
-3.07;4.619;51.176
-3.095;4.605;51.189
-2.932;4.717;51.105
-3.039;4.637;51.159
-3.061;4.626;51.17
-3.083;4.609;51.181
-3.105;4.593;51.193
-3.116;4.581;51.198
-2.936;4.708;51.106
-2.959;4.694;51.117
-3.042;4.632;51.16
-2.946;4.705;51.109
-2.974;4.684;51.123
-2.996;4.677;51.134
-3.0;4.67;51.137
-3.004;4.665;51.139
-3.008;4.66;51.141
-3.017;4.66;51.145
-3.052;4.63;51.163
-3.099;4.6;51.187
-3.109;4.589;51.192
-2.949;4.698;51.11
-2.963;4.69;51.117
-2.999;4.673;51.135
-3.029;4.645;51.15
-3.066;4.622;51.169
-3.076;4.614;51.174
-3.122;4.577;51.197
-3.018;4.663;51.143
-3.02;4.647;51.144
-2.977;4.681;51.121
-3.034;4.639;51.15
-3.045;4.634;51.155
-3.09;4.605;51.178
-3.101;4.597;51.184
-3.128;4.572;51.197
-2.988;4.675;51.126
-3.081;4.611;51.172
-2.966;4.682;51.113
-2.994;4.672;51.127
-3.002;4.668;51.131
-3.048;4.632;51.154
-3.062;4.622;51.161
-3.095;4.602;51.178
-3.115;4.586;51.188
-2.95;4.699;51.103
-3.059;4.625;51.159
-3.071;4.616;51.165
-3.106;4.591;51.182
-3.008;4.659;51.131
-3.085;4.606;51.17
-3.119;4.577;51.187
-3.129;4.568;51.193
-3.138;4.56;51.197
-2.955;4.692;51.104
-2.961;4.69;51.107
-2.972;4.682;51.112
-3.032;4.641;51.142
-3.134;4.562;51.194
-2.986;4.678;51.118
-2.994;4.673;51.122
-3.043;4.634;51.146
-3.077;4.611;51.164
-3.092;4.602;51.171
-3.099;4.598;51.174
-3.143;4.557;51.197
-3.146;4.55;51.198
-3.056;4.629;51.152
-3.131;4.573;51.189
-3.047;4.63;51.146
-3.102;4.591;51.173
-2.962;4.694;51.102
-2.991;4.676;51.116
-3.005;4.663;51.123
-3.015;4.652;51.129
-3.048;4.634;51.145
-3.065;4.623;51.153
-3.07;4.62;51.156
-3.075;4.612;51.158
-3.115;4.588;51.178
-3.126;4.574;51.184
-2.97;4.68;51.104
-3.024;4.645;51.132
-3.082;4.605;51.16
-3.117;4.579;51.178
-2.988;4.672;51.112
-3.033;4.643;51.135
-3.038;4.637;51.137
-3.092;4.604;51.164
-3.142;4.56;51.189
-3.148;4.553;51.192
-3.151;4.546;51.194
-3.096;4.599;51.165
-3.125;4.573;51.18
-3.14;4.567;51.187
-2.987;4.673;51.109
-2.995;4.669;51.113
-3.003;4.664;51.117
-3.051;4.63;51.141
-3.063;4.624;51.147
-3.098;4.592;51.165
-3.109;4.587;51.17
-3.074;4.618;51.151
-3.089;4.605;51.159
-3.113;4.583;51.171
-3.122;4.576;51.175
-3.133;4.573;51.181
-3.155;4.541;51.192
-3.167;4.539;51.198
-3.009;4.657;51.117
-3.013;4.653;51.119
-3.021;4.65;51.123
-3.071;4.607;51.148
-3.079;4.607;51.152
-3.031;4.645;51.127
-3.043;4.633;51.133
-3.147;4.556;51.185
-2.979;4.682;51.1
-3.001;4.664;51.111
-3.035;4.638;51.128
-3.093;4.599;51.157
-3.115;4.584;51.168
-3.137;4.571;51.179
-3.144;4.565;51.182
-3.15;4.546;51.185
-3.154;4.542;51.187
-3.174;4.535;51.197
-2.989;4.677;51.104
-3.047;4.63;51.132
-3.068;4.622;51.143
-3.005;4.662;51.11
-3.061;4.627;51.138
-3.073;4.618;51.144
-3.085;4.603;51.15
-3.104;4.586;51.159
-3.118;4.582;51.166
-3.164;4.538;51.189
-3.175;4.528;51.195
-3.014;4.656;51.113
-3.018;4.652;51.115
-3.065;4.622;51.139
-3.128;4.576;51.17
-3.139;4.544;51.175
-3.136;4.539;51.174
-3.168;4.532;51.19
-3.074;4.608;51.142
-3.098;4.595;51.154
-3.109;4.583;51.159
-3.125;4.579;51.167
-3.132;4.571;51.171
-3.143;4.567;51.176
-3.139;4.541;51.174
-3.189;4.519;51.199
-3.039;4.635;51.123
-3.087;4.6;51.147
-3.118;4.57;51.162
-3.145;4.558;51.176
-3.145;4.546;51.176
-3.178;4.52;51.192
-3.042;4.629;51.123
-3.078;4.602;51.141
-3.126;4.568;51.165
-3.138;4.567;51.171
-3.157;4.545;51.18
-3.054;4.625;51.128
-3.068;4.618;51.135
-3.103;4.591;51.152
-3.108;4.585;51.155
-3.113;4.578;51.157
-3.134;4.562;51.167
-3.161;4.54;51.181
-3.168;4.534;51.184
-3.171;4.527;51.186
-3.011;4.658;51.105
-3.024;4.654;51.112
-3.116;4.559;51.157
-3.121;4.56;51.16
-3.057;4.62;51.127
-3.071;4.609;51.134
-3.093;4.594;51.145
-3.115;4.57;51.155
-3.142;4.55;51.169
-3.185;4.517;51.19
-3.025;4.649;51.11
-3.078;4.604;51.136
-3.083;4.599;51.138
-3.126;4.557;51.159
-3.141;4.558;51.167
-3.175;4.522;51.184
-3.198;4.518;51.195
-3.038;4.635;51.115
-3.05;4.626;51.121
-3.109;4.587;51.15
-3.151;4.546;51.171
-3.199;4.507;51.194
-3.042;4.63;51.115
-3.097;4.589;51.142
-3.109;4.577;51.149
-3.114;4.572;51.151
-3.203;4.501;51.195
-3.211;4.495;51.199
-3.029;4.641;51.108
-3.064;4.617;51.125
-3.12;4.565;51.153
-3.166;4.535;51.175
-3.055;4.62;51.119
-3.076;4.605;51.13
-3.125;4.559;51.154
-3.135;4.556;51.159
-3.156;4.54;51.169
-3.169;4.528;51.175
-3.181;4.518;51.181
-3.194;4.515;51.187
-3.021;4.646;51.101
-3.032;4.636;51.106
-3.091;4.595;51.135
-3.119;4.574;51.149
-3.149;4.547;51.164
-3.068;4.61;51.123
-3.08;4.599;51.129
-3.103;4.585;51.14
-3.161;4.537;51.169
-3.17;4.52;51.173
-3.201;4.504;51.188
-3.207;4.496;51.191
-3.087;4.594;51.131
-3.116;4.574;51.145
-3.132;4.556;51.153
-3.196;4.508;51.184
-3.219;4.486;51.196
-3.047;4.628;51.11
-3.096;4.589;51.134
-3.139;4.552;51.155
-3.037;4.632;51.104
-3.082;4.592;51.126
-3.106;4.578;51.138
-3.119;4.567;51.144
-3.153;4.539;51.16
-3.177;4.518;51.172
-3.189;4.513;51.178
-3.199;4.504;51.183
-3.212;4.493;51.19
-3.224;4.481;51.195
-3.033;4.633;51.1
-3.053;4.621;51.11
-3.061;4.617;51.114
-3.073;4.605;51.12
-3.097;4.583;51.132
-3.124;4.561;51.145
-3.124;4.553;51.145
-3.164;4.528;51.165
-3.167;4.521;51.166
-3.235;4.472;51.199
-3.065;4.61;51.115
-3.131;4.546;51.147
-3.145;4.546;51.154
-3.077;4.599;51.119
-3.124;4.564;51.142
-3.157;4.534;51.158
-3.182;4.514;51.171
-3.192;4.509;51.175
-3.203;4.499;51.181
-3.045;4.63;51.102
-3.088;4.59;51.123
-3.1;4.587;51.129
-3.118;4.561;51.138
-3.147;4.541;51.152
-3.166;4.524;51.162
-3.216;4.487;51.186
-3.228;4.475;51.192
-3.104;4.581;51.129
-3.112;4.575;51.134
-3.134;4.543;51.145
-3.171;4.517;51.162
-3.195;4.504;51.174
-3.219;4.481;51.186
-3.233;4.471;51.193
-3.057;4.619;51.105
-3.065;4.614;51.109
-3.117;4.571;51.135
-3.126;4.558;51.139
-3.13;4.55;51.141
-3.161;4.529;51.156
-3.069;4.606;51.11
-3.134;4.543;51.142
-3.178;4.515;51.163
-3.185;4.509;51.166
-3.192;4.501;51.17
-3.198;4.496;51.173
-3.21;4.495;51.179
-3.076;4.602;51.112
-3.082;4.596;51.115
-3.097;4.587;51.122
-3.135;4.541;51.141
-3.163;4.526;51.155
-3.246;4.461;51.195
-3.063;4.614;51.104
-3.086;4.59;51.116
-3.143;4.541;51.143
-3.154;4.536;51.148
-3.205;4.493;51.173
-3.214;4.489;51.178
-3.222;4.478;51.182
-3.077;4.606;51.11
-3.109;4.576;51.125
-3.166;4.516;51.153
-3.174;4.512;51.157
-3.193;4.506;51.166
-3.219;4.483;51.179
-3.099;4.582;51.119
-3.158;4.531;51.148
-3.201;4.49;51.169
-3.225;4.471;51.181
-3.238;4.468;51.187
-3.067;4.608;51.102
-3.124;4.568;51.13
-3.126;4.561;51.131
-3.133;4.555;51.134
-3.172;4.512;51.154
-3.181;4.508;51.158
-3.194;4.498;51.164
-3.072;4.602;51.103
-3.08;4.598;51.107
-3.114;4.572;51.124
-3.187;4.503;51.159
-3.215;4.483;51.173
-3.224;4.472;51.177
-3.244;4.461;51.187
-3.252;4.457;51.191
-3.265;4.457;51.197
-3.092;4.588;51.112
-3.137;4.548;51.133
-3.161;4.527;51.145
-3.207;4.485;51.168
-3.15;4.539;51.139
-3.187;4.503;51.157
-3.211;4.482;51.168
-3.222;4.479;51.173
-3.269;4.451;51.196
-3.095;4.581;51.111
-3.107;4.577;51.116
-3.155;4.532;51.14
-3.166;4.522;51.145
-3.174;4.517;51.149
-3.198;4.492;51.161
-3.235;4.472;51.178
-3.12;4.568;51.121
-3.177;4.508;51.149
-3.23;4.473;51.175
-3.243;4.466;51.181
-3.248;4.459;51.184
-3.11;4.573;51.115
-3.127;4.563;51.123
-3.131;4.557;51.125
-3.19;4.499;51.154
-3.258;4.453;51.187
-3.272;4.448;51.194
-3.086;4.595;51.102
-3.145;4.545;51.131
-3.202;4.486;51.158
-3.23;4.476;51.172
-3.089;4.588;51.102
-3.103;4.578;51.109
-3.135;4.551;51.124
-3.153;4.533;51.133
-3.158;4.528;51.136
-3.172;4.515;51.142
-3.194;4.491;51.153
-3.204;4.479;51.158
-3.217;4.478;51.164
-3.262;4.451;51.186
-3.275;4.438;51.192
-3.287;4.436;51.198
-3.092;4.58;51.102
-3.124;4.565;51.118
-3.109;4.574;51.109
-3.115;4.57;51.112
-3.163;4.519;51.135
-3.223;4.474;51.164
-3.242;4.466;51.173
-3.255;4.454;51.18
-3.152;4.538;51.129
-3.174;4.511;51.139
-3.184;4.506;51.144
-3.188;4.497;51.146
-3.198;4.488;51.151
-3.212;4.474;51.157
-3.233;4.472;51.167
-3.246;4.459;51.174
-3.268;4.446;51.185
-3.121;4.565;51.113
-3.13;4.559;51.117
-3.134;4.551;51.119
-3.139;4.545;51.121
-3.219;4.471;51.159
-3.294;4.433;51.196
-3.105;4.572;51.103
-3.202;4.478;51.15
-3.258;4.45;51.177
-3.272;4.438;51.184
-3.118;4.563;51.108
-3.134;4.555;51.116
-3.144;4.54;51.121
-3.155;4.528;51.126
-3.165;4.516;51.131
-3.19;4.492;51.143
-3.225;4.469;51.16
-3.168;4.511;51.131
-3.209;4.472;51.15
-3.213;4.472;51.152
-3.284;4.434;51.186
-3.285;4.43;51.187
-3.3;4.42;51.195
-3.111;4.568;51.102
-3.16;4.523;51.126
-3.182;4.508;51.136
-3.241;4.467;51.164
-3.264;4.445;51.176
-3.297;4.427;51.192
-3.309;4.415;51.197
-3.124;4.558;51.107
-3.137;4.548;51.113
-3.149;4.536;51.119
-3.193;4.487;51.14
-3.2;4.482;51.143
-3.243;4.462;51.164
-3.116;4.562;51.102
-3.184;4.498;51.135
-3.208;4.477;51.146
-3.219;4.473;51.151
-3.235;4.464;51.159
-3.255;4.451;51.168
-3.266;4.437;51.174
-3.278;4.435;51.18
-3.141;4.541;51.113
-3.152;4.53;51.118
-3.163;4.517;51.123
-3.222;4.468;51.151
-3.228;4.462;51.154
-3.287;4.434;51.182
-3.128;4.553;51.105
-3.158;4.524;51.119
-3.194;4.495;51.136
-3.206;4.484;51.142
-3.247;4.457;51.162
-3.27;4.432;51.173
-3.291;4.426;51.183
-3.223;4.459;51.149
-3.307;4.419;51.189
-3.311;4.41;51.191
-3.171;4.514;51.123
-3.176;4.508;51.125
-3.191;4.497;51.132
-3.202;4.485;51.138
-3.236;4.462;51.154
-3.261;4.447;51.166
-3.305;4.424;51.187
-3.32;4.399;51.194
-3.133;4.547;51.103
-3.144;4.537;51.109
-3.153;4.52;51.113
-3.179;4.5;51.125
-3.196;4.492;51.133
-3.252;4.452;51.16
-3.264;4.441;51.166
-3.286;4.433;51.176
-3.319;4.408;51.192
-3.167;4.512;51.118
-3.207;4.481;51.137
-3.274;4.433;51.169
-3.333;4.4;51.197
-3.138;4.542;51.103
-3.149;4.531;51.108
-3.161;4.518;51.114
-3.217;4.477;51.141
-3.217;4.469;51.141
-3.244;4.458;51.153
-3.289;4.428;51.175
-3.302;4.425;51.181
-3.314;4.417;51.187
-3.152;4.52;51.109
-3.186;4.496;51.124
-3.197;4.495;51.13
-3.213;4.459;51.137
-3.22;4.459;51.141
-3.23;4.458;51.146
-3.282;4.434;51.17
-3.309;4.423;51.183
-3.173;4.509;51.117
-3.198;4.487;51.129
-3.258;4.448;51.157
-3.265;4.445;51.161
-3.276;4.432;51.166
-3.326;4.405;51.189
-3.166;4.514;51.112
-3.175;4.498;51.117
-3.269;4.435;51.161
-3.328;4.401;51.189
-3.142;4.538;51.1
-3.153;4.526;51.105
-3.163;4.513;51.109
-3.2;4.477;51.127
-3.215;4.48;51.134
-3.291;4.419;51.17
-3.339;4.398;51.193
-3.285;4.428;51.166
-3.355;4.389;51.199
-3.155;4.518;51.103
-3.188;4.491;51.118
-3.194;4.488;51.121
-3.214;4.468;51.131
-3.225;4.466;51.136
-3.229;4.459;51.138
-3.238;4.455;51.143
-3.251;4.446;51.148
-3.259;4.441;51.152
-3.274;4.429;51.159
-3.298;4.42;51.171
-3.343;4.389;51.192
-3.16;4.512;51.104
-3.168;4.507;51.108
-3.18;4.495;51.113
-3.311;4.417;51.175
-3.31;4.399;51.175
-3.317;4.399;51.178
-3.335;4.395;51.187
-3.173;4.5;51.109
-3.242;4.453;51.141
-3.266;4.437;51.153
-3.33;4.392;51.183
-3.186;4.491;51.113
-3.187;4.482;51.114
-3.208;4.477;51.124
-3.277;4.425;51.157
-3.292;4.426;51.164
-3.298;4.411;51.166
-3.314;4.408;51.174
-3.351;4.389;51.192
-3.362;4.386;51.197
-3.198;4.479;51.118
-3.212;4.461;51.125
-3.224;4.463;51.13
-3.254;4.44;51.145
-3.212;4.468;51.123
-3.269;4.431;51.15
-3.304;4.414;51.166
-3.333;4.404;51.18
-3.334;4.404;51.181
-3.373;4.385;51.199
-3.166;4.509;51.1
-3.176;4.496;51.105
-3.187;4.485;51.11
-3.252;4.442;51.141
-3.28;4.42;51.154
-3.3;4.415;51.163
-3.318;4.404;51.172
-3.332;4.397;51.178
-3.171;4.503;51.101
-3.203;4.475;51.116
-3.225;4.462;51.127
-3.238;4.453;51.133
-3.251;4.45;51.139
-3.307;4.408;51.165
-3.31;4.402;51.166
-3.334;4.392;51.178
-3.363;4.378;51.191
-3.181;4.491;51.104
-3.192;4.48;51.109
-3.244;4.453;51.134
-3.262;4.437;51.143
-3.297;4.411;51.159
-3.32;4.398;51.17
-3.358;4.385;51.188
-3.287;4.417;51.153
-3.3;4.406;51.159
-3.323;4.389;51.17
-3.374;4.375;51.194
-3.207;4.47;51.114
-3.215;4.465;51.118
-3.266;4.431;51.142
-3.31;4.404;51.162
-3.345;4.385;51.179
-3.366;4.37;51.189
-3.385;4.377;51.198
-3.185;4.486;51.102
-3.22;4.46;51.118
-3.231;4.456;51.124
-3.279;4.419;51.146
-3.361;4.377;51.185
-3.196;4.474;51.106
-3.238;4.453;51.126
-3.244;4.452;51.129
-3.257;4.447;51.135
-3.292;4.411;51.151
-3.316;4.397;51.162
-3.319;4.392;51.164
-3.325;4.393;51.167
-3.339;4.394;51.173
-3.354;4.384;51.18
-3.362;4.369;51.184
-3.257;4.437;51.133
-3.267;4.435;51.138
-3.304;4.402;51.155
-3.328;4.389;51.167
-3.34;4.389;51.172
-3.188;4.48;51.1
-3.2;4.471;51.105
-3.224;4.454;51.117
-3.235;4.453;51.122
-3.271;4.43;51.138
-3.279;4.426;51.142
-3.352;4.377;51.176
-3.384;4.362;51.192
-3.395;4.366;51.196
-3.213;4.467;51.11
-3.297;4.407;51.149
-3.309;4.398;51.155
-3.368;4.364;51.182
-3.215;4.458;51.109
-3.253;4.448;51.127
-3.285;4.408;51.142
-3.32;4.394;51.159
-3.344;4.382;51.17
-3.355;4.369;51.175
-3.38;4.365;51.187
-3.402;4.361;51.197
-3.207;4.467;51.105
-3.242;4.448;51.121
-3.265;4.434;51.131
-3.3;4.4;51.148
-3.228;4.45;51.113
-3.267;4.429;51.131
-3.277;4.426;51.136
-3.287;4.401;51.14
-3.35;4.377;51.17
-3.366;4.362;51.177
-3.382;4.359;51.185
-3.204;4.462;51.1
-3.254;4.436;51.124
-3.279;4.415;51.135
-3.283;4.412;51.137
-3.312;4.393;51.151
-3.327;4.389;51.158
-3.339;4.389;51.163
-3.365;4.363;51.175
-3.396;4.357;51.19
-3.409;4.356;51.196
-3.209;4.46;51.101
-3.221;4.454;51.107
-3.242;4.441;51.117
-3.339;4.378;51.162
-3.291;4.407;51.138
-3.363;4.367;51.172
-3.376;4.364;51.178
-3.235;4.446;51.11
-3.25;4.437;51.117
-3.255;4.432;51.12
-3.274;4.426;51.129
-3.293;4.4;51.138
-3.309;4.39;51.145
-3.327;4.383;51.153
-3.333;4.384;51.156
-3.226;4.45;51.105
-3.261;4.426;51.121
-3.321;4.388;51.149
-3.388;4.364;51.181
-3.393;4.358;51.183
-3.404;4.355;51.188
-3.274;4.417;51.126
-3.287;4.415;51.132
-3.342;4.374;51.158
-3.24;4.441;51.109
-3.252;4.429;51.114
-3.263;4.42;51.119
-3.325;4.381;51.148
-3.334;4.379;51.153
-3.346;4.37;51.158
-3.418;4.35;51.192
-3.23;4.446;51.103
-3.371;4.368;51.168
-3.429;4.346;51.195
-3.244;4.436;51.108
-3.254;4.425;51.112
-3.282;4.413;51.126
-3.313;4.395;51.14
-3.327;4.385;51.146
-3.361;4.371;51.162
-3.385;4.364;51.173
-3.392;4.352;51.176
-3.399;4.354;51.18
-3.431;4.34;51.195
-3.271;4.417;51.119
-3.277;4.412;51.122
-3.291;4.408;51.128
-3.292;4.401;51.129
-3.304;4.399;51.134
-3.316;4.387;51.14
-3.414;4.355;51.185
-3.233;4.44;51.1
-3.258;4.417;51.112
-3.329;4.379;51.145
-3.344;4.377;51.151
-3.345;4.37;51.152
-3.388;4.358;51.172
-3.389;4.351;51.172
-3.248;4.431;51.106
-3.31;4.397;51.134
-3.324;4.385;51.141
-3.401;4.349;51.176
-3.425;4.354;51.188
-3.266;4.415;51.113
-3.296;4.396;51.127
-3.357;4.372;51.155
-3.383;4.366;51.167
-3.413;4.352;51.18
-3.421;4.354;51.184
-3.429;4.348;51.188
-3.439;4.335;51.193
-3.441;4.331;51.194
-3.274;4.409;51.115
-3.288;4.408;51.121
-3.311;4.387;51.132
-3.319;4.38;51.136
-3.367;4.374;51.158
-3.368;4.369;51.159
-3.43;4.341;51.187
-3.252;4.427;51.103
-3.261;4.413;51.107
-3.29;4.397;51.121
-3.289;4.393;51.121
-3.395;4.35;51.169
-3.453;4.328;51.196
-3.276;4.403;51.113
-3.314;4.381;51.131
-3.326;4.381;51.136
-3.346;4.377;51.145
-3.37;4.359;51.156
-3.256;4.419;51.103
-3.267;4.409;51.108
-3.289;4.405;51.118
-3.337;4.377;51.14
-3.364;4.373;51.152
-3.422;4.346;51.179
-3.274;4.402;51.109
-3.289;4.399;51.116
-3.342;4.371;51.141
-3.35;4.369;51.144
-3.363;4.366;51.15
-3.294;4.39;51.117
-3.304;4.385;51.122
-3.435;4.339;51.182
-3.45;4.331;51.189
-3.462;4.328;51.194
-3.281;4.4;51.11
-3.378;4.356;51.154
-3.392;4.358;51.161
-3.394;4.349;51.162
-3.411;4.341;51.17
-3.448;4.336;51.187
-3.474;4.317;51.199
-3.31;4.382;51.122
-3.321;4.377;51.127
-3.334;4.378;51.133
-3.404;4.347;51.165
-3.424;4.342;51.174
-3.465;4.321;51.193
-3.417;4.342;51.169
-3.278;4.402;51.104
-3.341;4.374;51.133
-3.342;4.373;51.134
-3.346;4.368;51.136
-3.359;4.367;51.141
-3.36;4.358;51.14
-3.373;4.363;51.146
-3.374;4.358;51.147
-3.433;4.341;51.174
-3.293;4.391;51.108
-3.303;4.386;51.113
-3.326;4.376;51.123
-3.336;4.37;51.128
-3.387;4.356;51.151
-3.446;4.337;51.178
-3.471;4.321;51.19
-3.41;4.344;51.16
-3.46;4.33;51.184
-3.467;4.323;51.187
-3.304;4.381;51.111
-3.317;4.379;51.116
-3.398;4.355;51.154
-3.402;4.351;51.156
-3.447;4.332;51.176
-3.486;4.321;51.194
-3.498;4.316;51.199
-3.354;4.365;51.132
-3.415;4.34;51.16
-3.429;4.341;51.166
-3.479;4.323;51.189
-3.286;4.399;51.1
-3.297;4.387;51.105
-3.33;4.369;51.12
-3.343;4.367;51.126
-3.376;4.35;51.141
-3.387;4.351;51.146
-3.395;4.353;51.149
-3.441;4.336;51.17
-3.464;4.326;51.181
-3.293;4.394;51.101
-3.332;4.363;51.119
-3.366;4.353;51.135
-3.444;4.331;51.17
-3.501;4.312;51.196
-3.301;4.381;51.104
-3.383;4.35;51.141
-3.398;4.348;51.148
-3.467;4.316;51.179
-3.327;4.377;51.114
-3.352;4.365;51.125
-3.412;4.341;51.153
-3.456;4.31;51.173
-3.48;4.316;51.184
-3.492;4.316;51.189
-3.338;4.364;51.118
-3.382;4.356;51.138
-3.41;4.344;51.15
-3.444;4.333;51.166
-3.498;4.312;51.19
-3.507;4.307;51.195
-3.364;4.358;51.128
-3.394;4.343;51.142
-3.423;4.338;51.155
-3.435;4.336;51.161
-3.51;4.3;51.195
-3.519;4.297;51.199
-3.354;4.361;51.122
-3.378;4.359;51.133
-3.449;4.33;51.165
-3.458;4.325;51.17
-3.474;4.314;51.177
-3.321;4.375;51.106
-3.341;4.36;51.115
-3.38;4.352;51.133
-3.392;4.348;51.138
-3.521;4.291;51.197
-3.332;4.368;51.11
-3.372;4.357;51.128
-3.424;4.331;51.151
-3.456;4.326;51.166
-3.454;4.313;51.165
-3.465;4.317;51.17
-3.491;4.315;51.181
-3.334;4.357;51.109
-3.368;4.351;51.124
-3.413;4.343;51.145
-3.418;4.337;51.147
-3.443;4.333;51.158
-3.499;4.315;51.184
-3.503;4.308;51.186
-3.395;4.342;51.135
-3.4;4.344;51.137
-3.423;4.33;51.148
-3.446;4.33;51.158
-3.478;4.312;51.173
-3.512;4.304;51.188
-3.517;4.298;51.191
-3.522;4.292;51.193
-3.328;4.374;51.103
-3.36;4.357;51.118
-3.386;4.346;51.13
-3.411;4.344;51.141
-3.467;4.315;51.166
-3.497;4.315;51.18
-3.509;4.303;51.185
-3.528;4.288;51.194
-3.364;4.352;51.118
-3.375;4.349;51.123
-3.425;4.333;51.146
-3.434;4.332;51.15
-3.445;4.319;51.155
-3.459;4.315;51.161
-3.473;4.308;51.167
-3.33;4.369;51.102
-3.459;4.303;51.16
-3.505;4.302;51.181
-3.33;4.36;51.1
-3.39;4.341;51.127
-3.414;4.34;51.138
-3.462;4.308;51.16
-3.456;4.3;51.157
-3.485;4.308;51.17
-3.52;4.295;51.186
-3.534;4.284;51.192
-3.401;4.339;51.131
-3.428;4.335;51.143
-3.549;4.273;51.197
-3.344;4.358;51.104
-3.358;4.357;51.11
-3.381;4.346;51.12
-3.44;4.329;51.147
-3.5;4.3;51.174
-3.512;4.299;51.179
-3.526;4.288;51.185
-3.37;4.348;51.114
-3.397;4.338;51.126
-3.456;4.31;51.153
-3.517;4.297;51.18
-3.382;4.337;51.118
-3.438;4.318;51.143
-3.479;4.305;51.162
-3.515;4.29;51.178
-3.531;4.285;51.185
-3.552;4.271;51.194
-3.361;4.353;51.107
-3.41;4.341;51.129
-3.433;4.333;51.14
-3.488;4.303;51.164
-3.495;4.302;51.167
-3.362;4.353;51.106
-3.376;4.345;51.113
-3.424;4.335;51.134
-3.481;4.301;51.16
-3.509;4.298;51.172
-3.473;4.306;51.155
-3.521;4.287;51.176
-3.534;4.279;51.182
-3.562;4.262;51.194
-3.359;4.354;51.102
-3.366;4.35;51.105
-3.499;4.303;51.165
-3.549;4.272;51.187
-3.561;4.269;51.192
-3.392;4.336;51.115
-3.419;4.337;51.128
-3.449;4.329;51.141
-3.451;4.311;51.142
-3.464;4.309;51.148
-3.567;4.263;51.194
-3.575;4.251;51.197
-3.406;4.339;51.12
-3.427;4.333;51.13
-3.477;4.299;51.152
-3.492;4.3;51.159
-3.503;4.302;51.163
-3.573;4.254;51.195
-3.407;4.33;51.119
-3.449;4.312;51.138
-3.518;4.289;51.169
-3.53;4.279;51.174
-3.432;4.327;51.129
-3.448;4.329;51.136
-3.515;4.296;51.166
-3.528;4.284;51.172
-3.544;4.271;51.179
-3.568;4.266;51.19
-3.588;4.239;51.199
-3.372;4.346;51.101
-3.393;4.332;51.11
-3.471;4.305;51.145
-3.569;4.258;51.189
-3.579;4.253;51.193
-3.377;4.342;51.102
-3.387;4.338;51.106
-3.428;4.335;51.124
-3.458;4.315;51.138
-3.46;4.311;51.139
-3.557;4.267;51.182
-3.402;4.333;51.112
-3.475;4.302;51.144
-3.484;4.296;51.148
-3.512;4.298;51.16
-3.584;4.249;51.192
-3.391;4.332;51.105
-3.402;4.329;51.11
-3.416;4.327;51.116
-3.428;4.327;51.122
-3.5;4.3;51.153
-3.525;4.289;51.164
-3.586;4.24;51.192
-3.454;4.326;51.131
-3.507;4.294;51.155
-3.519;4.293;51.16
-3.539;4.286;51.169
-3.542;4.281;51.171
-3.547;4.275;51.173
-3.574;4.25;51.185
-3.598;4.238;51.196
-3.602;4.231;51.197
-3.404;4.323;51.108
-3.432;4.323;51.121
-3.443;4.325;51.125
-3.455;4.319;51.13
-3.519;4.287;51.159
-3.552;4.269;51.174
-3.562;4.256;51.178
-3.464;4.315;51.133
-3.481;4.297;51.141
-3.494;4.295;51.146
-3.501;4.29;51.15
-3.514;4.286;51.155
-3.513;4.282;51.155
-3.566;4.249;51.179
-3.41;4.324;51.108
-3.422;4.326;51.113
-3.435;4.323;51.119
-3.449;4.325;51.125
-3.471;4.303;51.135
-3.494;4.287;51.145
-3.507;4.289;51.151
-3.555;4.262;51.172
-3.602;4.235;51.193
-3.445;4.322;51.122
-3.506;4.279;51.149
-3.533;4.288;51.161
-3.581;4.24;51.182
-3.618;4.216;51.198
-3.413;4.323;51.106
-3.425;4.322;51.111
-3.462;4.315;51.128
-3.484;4.289;51.138
-3.483;4.283;51.137
-3.543;4.285;51.164
-3.546;4.277;51.165
-3.595;4.239;51.187
-3.436;4.319;51.115
-3.465;4.302;51.128
-3.474;4.297;51.132
-3.597;4.231;51.186
-3.611;4.224;51.192
-3.621;4.21;51.197
-3.485;4.294;51.135
-3.496;4.282;51.14
-3.524;4.28;51.152
-3.56;4.256;51.168
-3.564;4.249;51.17
-3.609;4.22;51.19
-3.526;4.276;51.152
-3.537;4.276;51.157
-3.588;4.243;51.179
-3.598;4.238;51.184
-3.419;4.322;51.103
-3.431;4.324;51.109
-3.439;4.313;51.112
-3.452;4.313;51.118
-3.458;4.313;51.121
-3.5;4.283;51.139
-3.523;4.271;51.149
-3.544;4.275;51.159
-3.6;4.228;51.183
-3.614;4.216;51.189
-3.424;4.324;51.104
-3.479;4.29;51.128
-3.504;4.279;51.139
-3.518;4.276;51.145
-3.578;4.24;51.172
-3.592;4.239;51.178
-3.606;4.219;51.184
-3.618;4.211;51.19
-3.631;4.2;51.195
-3.432;4.318;51.106
-3.445;4.314;51.112
-3.468;4.304;51.122
-3.492;4.282;51.133
-3.53;4.269;51.149
-3.554;4.274;51.16
-3.555;4.268;51.161
-3.568;4.254;51.166
-3.629;4.208;51.193
-3.643;4.191;51.199
-3.448;4.312;51.112
-3.474;4.3;51.123
-3.476;4.29;51.124
-3.519;4.27;51.143
-3.543;4.272;51.154
-3.551;4.273;51.157
-3.558;4.259;51.16
-3.572;4.25;51.166
-3.591;4.231;51.175
-3.539;4.268;51.151
-3.442;4.314;51.107
-3.464;4.303;51.116
-3.486;4.287;51.126
-3.492;4.283;51.128
-3.532;4.263;51.146
-3.58;4.245;51.167
-3.606;4.225;51.178
-3.65;4.188;51.198
-3.43;4.317;51.1
-3.5;4.279;51.131
-3.514;4.279;51.136
-3.524;4.267;51.141
-3.55;4.267;51.152
-3.599;4.228;51.174
-3.61;4.218;51.179
-3.624;4.211;51.185
-3.635;4.207;51.189
-3.643;4.203;51.193
-3.468;4.302;51.115
-3.56;4.252;51.155
-3.588;4.232;51.167
-3.623;4.216;51.183
-3.644;4.203;51.192
-3.648;4.197;51.194
-3.656;4.194;51.197
-3.456;4.312;51.108
-3.464;4.314;51.112
-3.465;4.307;51.112
-3.516;4.271;51.134
-3.529;4.26;51.14
-3.552;4.257;51.15
-3.565;4.249;51.156
-3.578;4.249;51.162
-3.643;4.203;51.19
-3.443;4.313;51.101
-3.477;4.304;51.116
-3.481;4.297;51.118
-3.492;4.284;51.122
-3.541;4.26;51.144
-3.553;4.25;51.149
-3.591;4.23;51.166
-3.641;4.201;51.188
-3.659;4.195;51.196
-3.659;4.187;51.196
-3.665;4.17;51.198
-3.476;4.304;51.114
-3.483;4.29;51.117
-3.518;4.277;51.132
-3.464;4.308;51.108
-3.497;4.28;51.122
-3.507;4.275;51.126
-3.52;4.267;51.132
-3.548;4.258;51.144
-3.583;4.239;51.159
-3.607;4.219;51.17
-3.656;4.195;51.191
-3.476;4.297;51.111
-3.514;4.272;51.128
-3.535;4.256;51.137
-3.574;4.245;51.154
-3.583;4.232;51.158
-3.595;4.233;51.163
-3.606;4.227;51.168
-3.619;4.217;51.174
-3.633;4.208;51.18
-3.643;4.195;51.184
-3.462;4.298;51.104
-3.525;4.261;51.131
-3.561;4.246;51.147
-3.661;4.188;51.19
-3.662;4.171;51.191
-3.489;4.286;51.114
-3.55;4.25;51.141
-3.586;4.233;51.156
-3.6;4.233;51.163
-3.673;4.166;51.194
-3.674;4.161;51.195
-3.685;4.157;51.199
-3.466;4.288;51.103
-3.505;4.278;51.119
-3.512;4.274;51.123
-3.515;4.268;51.124
-3.537;4.253;51.133
-3.589;4.232;51.156
-3.601;4.228;51.162
-3.647;4.188;51.181
-3.673;4.173;51.193
-3.477;4.287;51.106
-3.484;4.289;51.109
-3.493;4.281;51.113
-3.53;4.257;51.129
-3.564;4.239;51.144
-3.583;4.233;51.152
-3.596;4.233;51.158
-3.612;4.226;51.164
-3.639;4.205;51.176
-3.651;4.185;51.182
-3.544;4.253;51.134
-3.576;4.232;51.148
-3.615;4.218;51.164
-3.624;4.215;51.169
-3.631;4.21;51.171
-3.664;4.175;51.186
-3.469;4.284;51.1
-3.48;4.281;51.105
-3.51;4.275;51.117
-3.519;4.259;51.121
-3.533;4.252;51.127
-3.545;4.253;51.133
-3.555;4.245;51.137
-3.595;4.227;51.154
-3.643;4.198;51.175
-3.644;4.188;51.176
-3.678;4.163;51.19
-3.498;4.277;51.111
-3.558;4.24;51.137
-3.573;4.231;51.143
-3.654;4.179;51.179
-3.67;4.168;51.185
-3.681;4.158;51.19
-3.694;4.148;51.196
-3.487;4.278;51.105
-3.57;4.236;51.14
-3.625;4.219;51.164
-3.636;4.204;51.169
-3.696;4.139;51.195
-3.513;4.268;51.114
-3.586;4.227;51.146
-3.596;4.221;51.15
-3.612;4.227;51.157
-3.611;4.217;51.157
-3.625;4.21;51.161
-3.672;4.162;51.182
-3.712;4.122;51.199
-3.516;4.261;51.113
-3.526;4.254;51.117
-3.541;4.25;51.123
-3.555;4.249;51.13
-3.565;4.241;51.134
-3.607;4.223;51.152
-3.612;4.21;51.154
-3.641;4.201;51.167
-3.645;4.196;51.169
-3.654;4.181;51.172
-3.66;4.176;51.175
-3.532;4.252;51.118
-3.575;4.235;51.137
-3.579;4.228;51.138
-3.59;4.225;51.144
-3.587;4.218;51.142
-3.637;4.181;51.164
-3.645;4.182;51.167
-3.665;4.169;51.176
-3.669;4.163;51.178
-3.677;4.158;51.181
-3.695;4.142;51.189
-3.517;4.264;51.111
-3.586;4.216;51.14
-3.605;4.216;51.148
-3.703;4.135;51.191
-3.711;4.133;51.194
-3.51;4.264;51.106
-3.621;4.206;51.154
-3.631;4.205;51.158
-3.693;4.148;51.185
-3.712;4.13;51.193
-3.719;4.11;51.196
-3.516;4.264;51.107
-3.523;4.257;51.11
-3.547;4.245;51.121
-3.568;4.232;51.13
-3.592;4.219;51.14
-3.644;4.195;51.162
-3.705;4.148;51.188
-3.729;4.099;51.199
-3.535;4.248;51.114
-3.609;4.209;51.146
-3.634;4.201;51.157
-3.647;4.189;51.162
-3.657;4.186;51.166
-3.671;4.163;51.172
-3.684;4.154;51.178
-3.511;4.263;51.102
-3.549;4.24;51.118
-3.66;4.178;51.166
-3.666;4.162;51.168
-3.709;4.134;51.187
-3.576;4.23;51.129
-3.605;4.212;51.141
-3.627;4.204;51.15
-3.662;4.169;51.166
-3.676;4.161;51.171
-3.7;4.15;51.182
-3.711;4.127;51.187
-3.517;4.258;51.102
-3.526;4.253;51.105
-3.566;4.232;51.123
-3.59;4.222;51.133
-3.602;4.217;51.138
-3.622;4.202;51.147
-3.668;4.163;51.167
-3.688;4.149;51.175
-3.7;4.136;51.18
-3.713;4.118;51.186
-3.719;4.11;51.188
-3.736;4.103;51.196
-3.542;4.239;51.111
-3.555;4.234;51.116
-3.583;4.226;51.129
-3.616;4.202;51.143
-3.632;4.202;51.15
-3.651;4.185;51.158
-3.727;4.107;51.19
-3.532;4.25;51.105
-3.543;4.246;51.11
-3.54;4.233;51.108
-3.661;4.172;51.16
-3.74;4.098;51.195
-3.61;4.214;51.137
-3.653;4.194;51.156
-3.658;4.18;51.158
-3.669;4.168;51.162
-3.73;4.102;51.189
-3.742;4.089;51.194
-3.56;4.232;51.114
-3.573;4.228;51.12
-3.583;4.22;51.124
-3.682;4.158;51.166
-3.695;4.138;51.172
-3.706;4.134;51.177
-3.724;4.111;51.185
-3.615;4.203;51.136
-3.626;4.201;51.141
-3.636;4.198;51.145
-3.652;4.196;51.152
-3.68;4.165;51.164
-3.7;4.132;51.173
-3.733;4.097;51.187
-3.745;4.084;51.192
-3.758;4.075;51.198
-3.541;4.24;51.103
-3.576;4.223;51.118
-3.599;4.22;51.128
-3.6;4.209;51.128
-3.651;4.187;51.15
-3.661;4.177;51.155
-3.748;4.078;51.192
-3.539;4.246;51.101
-3.639;4.189;51.144
-3.555;4.237;51.106
-3.566;4.226;51.111
-3.594;4.217;51.123
-3.62;4.202;51.134
-3.652;4.181;51.148
-3.693;4.145;51.165
-3.728;4.113;51.18
-3.739;4.091;51.185
-3.765;4.059;51.196
-3.766;4.048;51.196
-3.551;4.244;51.103
-3.579;4.218;51.115
-3.667;4.169;51.153
-3.684;4.148;51.16
-3.73;4.108;51.179
-3.77;4.05;51.197
-3.571;4.222;51.11
-3.588;4.213;51.118
-3.595;4.208;51.12
-3.618;4.206;51.13
-3.703;4.135;51.167
-3.717;4.116;51.172
-3.736;4.092;51.18
-3.743;4.087;51.183
-3.558;4.231;51.103
-3.609;4.207;51.125
-3.646;4.186;51.141
-3.658;4.176;51.146
-3.71;4.133;51.168
-3.708;4.128;51.167
-3.732;4.098;51.177
-3.756;4.074;51.188
-3.759;4.07;51.189
-3.631;4.205;51.133
-3.634;4.198;51.134
-3.635;4.189;51.135
-3.698;4.144;51.162
-3.72;4.111;51.171
-3.748;4.082;51.183
-3.766;4.064;51.19
-3.651;4.182;51.14
-3.661;4.17;51.144
-3.674;4.167;51.15
-3.677;4.16;51.151
-3.772;4.056;51.191
-3.789;4.031;51.199
-3.563;4.228;51.101
-3.576;4.219;51.107
-3.601;4.204;51.117
-3.607;4.203;51.12
-3.616;4.205;51.123
-3.701;4.137;51.16
-3.713;4.12;51.165
-3.568;4.223;51.102
-3.63;4.205;51.128
-3.721;4.117;51.167
-3.731;4.1;51.171
-3.736;4.095;51.173
-3.616;4.2;51.121
-3.64;4.186;51.131
-3.714;4.112;51.162
-3.719;4.113;51.164
-3.726;4.108;51.167
-3.741;4.09;51.174
-3.753;4.076;51.179
-3.765;4.067;51.184
-3.776;4.053;51.188
-3.581;4.215;51.104
-3.604;4.201;51.114
-3.637;4.197;51.128
-3.678;4.163;51.145
-3.678;4.156;51.145
-3.691;4.144;51.151
-3.768;4.059;51.183
-3.78;4.047;51.188
-3.631;4.203;51.124
-3.643;4.181;51.129
-3.669;4.166;51.14
-3.695;4.138;51.151
-3.746;4.084;51.173
-3.757;4.072;51.177
-3.794;4.027;51.193
-3.598;4.205;51.109
-3.638;4.197;51.125
-3.66;4.171;51.135
-3.709;4.127;51.156
-3.791;4.044;51.19
-3.798;4.022;51.193
-3.612;4.196;51.113
-3.672;4.161;51.138
-3.699;4.131;51.15
-3.725;4.11;51.161
-3.732;4.105;51.164
-3.736;4.098;51.165
-3.606;4.205;51.109
-3.626;4.2;51.118
-3.637;4.188;51.122
-3.717;4.125;51.156
-3.711;4.117;51.153
-3.71;4.109;51.153
-3.747;4.078;51.168
-3.763;4.067;51.175
-3.628;4.191;51.117
-3.665;4.166;51.132
-3.738;4.089;51.163
-3.751;4.071;51.169
-3.768;4.059;51.176
-3.8;4.038;51.189
-3.619;4.195;51.112
-3.641;4.18;51.121
-3.654;4.181;51.126
-3.675;4.164;51.135
-3.73;4.106;51.158
-3.784;4.053;51.181
-3.788;4.045;51.183
-3.797;4.026;51.187
-3.803;4.02;51.189
-3.813;4.015;51.193
-3.827;4.004;51.199
-3.606;4.197;51.105
-3.68;4.16;51.136
-3.698;4.132;51.143
-3.704;4.128;51.146
-3.709;4.112;51.148
-3.791;4.038;51.183
-3.796;4.036;51.185
-3.83;3.969;51.199
-3.717;4.108;51.15
-3.742;4.086;51.16
-3.748;4.073;51.163
-3.784;4.054;51.178
-3.833;3.998;51.199
-3.634;4.186;51.113
-3.657;4.176;51.123
-3.673;4.165;51.13
-3.737;4.091;51.157
-3.746;4.079;51.161
-3.755;4.073;51.164
-3.759;4.07;51.166
-3.769;4.057;51.17
-3.61;4.188;51.102
-3.634;4.178;51.112
-3.649;4.179;51.118
-3.661;4.167;51.123
-3.769;4.066;51.168
-3.786;4.046;51.176
-3.609;4.181;51.1
-3.623;4.181;51.106
-3.687;4.147;51.133
-3.772;4.05;51.168
-3.799;4.02;51.18
-3.811;4.018;51.185
-3.822;4.004;51.19
-3.616;4.179;51.101
-3.676;4.157;51.127
-3.679;4.152;51.128
-3.7;4.128;51.137
-3.717;4.112;51.144
-3.726;4.107;51.148
-3.788;4.031;51.173
-3.838;3.986;51.194
-3.643;4.174;51.111
-3.663;4.162;51.12
-3.714;4.116;51.141
-3.736;4.094;51.15
-3.739;4.088;51.151
-3.815;4.011;51.183
-3.829;3.99;51.189
-3.655;4.176;51.115
-3.705;4.12;51.136
-3.73;4.1;51.146
-3.754;4.069;51.156
-3.767;4.068;51.162
-3.779;4.045;51.167
-3.853;3.976;51.198
-3.857;3.974;51.199
-3.678;4.155;51.123
-3.746;4.073;51.151
-3.783;4.039;51.167
-3.793;4.027;51.171
-3.82;4.007;51.182
-3.844;3.985;51.192
-3.856;3.971;51.197
-3.657;4.168;51.113
-3.67;4.157;51.118
-3.683;4.15;51.124
-3.692;4.146;51.127
-3.743;4.079;51.149
-3.772;4.052;51.161
-3.784;4.03;51.166
-3.828;3.997;51.184
-3.661;4.163;51.113
-3.71;4.12;51.134
-3.796;4.022;51.169
-3.83;4.005;51.183
-3.835;3.989;51.186
-3.847;3.977;51.19
-3.737;4.087;51.143
-3.741;4.082;51.145
-3.811;4.01;51.174
-3.852;3.971;51.191
-3.86;3.968;51.195
-3.866;3.962;51.197
-3.637;4.176;51.1
-3.672;4.152;51.114
-3.751;4.071;51.147
-3.641;4.17;51.1
-3.702;4.136;51.126
-3.726;4.1;51.135
-3.766;4.059;51.152
-3.788;4.037;51.161
-3.789;4.029;51.162
-3.797;4.024;51.165
-3.829;4.004;51.178
-3.829;3.997;51.178
-3.879;3.954;51.199
-3.664;4.157;51.108
-3.692;4.147;51.12
-3.716;4.115;51.13
-3.75;4.076;51.144
-3.803;4.019;51.166
-3.806;4.012;51.167
-3.839;3.983;51.181
-3.876;3.949;51.197
-3.654;4.161;51.103
-3.68;4.149;51.113
-3.728;4.094;51.133
-3.814;4.005;51.169
-3.823;4.003;51.173
-3.831;3.989;51.176
-3.842;3.979;51.181
-3.87;3.96;51.192
-3.694;4.137;51.118
-3.72;4.109;51.128
-3.745;4.078;51.139
-3.778;4.041;51.153
-3.856;3.97;51.185
-3.867;3.965;51.189
-3.873;3.95;51.192
-3.671;4.153;51.107
-3.706;4.12;51.121
-3.753;4.074;51.141
-3.758;4.066;51.143
-3.769;4.055;51.147
-3.884;3.948;51.195
-3.889;3.94;51.197
-3.661;4.158;51.101
-3.683;4.144;51.11
-3.699;4.136;51.117
-3.724;4.105;51.127
-3.735;4.082;51.132
-3.761;4.061;51.143
-3.772;4.048;51.147
-3.799;4.028;51.158
-3.815;4.009;51.165
-3.876;3.963;51.19
-3.674;4.149;51.105
-3.711;4.114;51.12
-3.748;4.072;51.136
-3.777;4.041;51.148
-3.824;3.997;51.167
-3.69;4.139;51.11
-3.816;4.001;51.162
-3.828;3.991;51.167
-3.839;3.981;51.172
-3.89;3.94;51.193
-3.732;4.091;51.126
-3.792;4.035;51.151
-3.817;4.005;51.161
-3.864;3.975;51.18
-3.865;3.968;51.181
-3.866;3.961;51.181
-3.879;3.948;51.187
-3.903;3.944;51.196
-3.705;4.121;51.113
-3.718;4.1;51.119
-3.741;4.078;51.128
-3.755;4.069;51.134
-3.806;4.027;51.155
-3.683;4.146;51.103
-3.693;4.136;51.107
-3.743;4.072;51.128
-3.771;4.05;51.139
-3.774;4.042;51.14
-3.781;4.037;51.143
-3.797;4.032;51.15
-3.808;4.019;51.154
-3.892;3.943;51.189
-3.708;4.117;51.112
-3.759;4.063;51.133
-3.782;4.03;51.142
-3.801;4.027;51.15
-3.821;3.999;51.158
-3.832;3.986;51.163
-3.847;3.976;51.169
-3.875;3.955;51.18
-3.883;3.954;51.184
-3.898;3.944;51.19
-3.908;3.931;51.194
-3.696;4.127;51.105
-3.718;4.104;51.114
-3.733;4.094;51.12
-3.759;4.064;51.131
-3.797;4.022;51.147
-3.713;4.109;51.111
-3.723;4.096;51.115
-3.762;4.058;51.131
-3.774;4.044;51.136
-3.837;3.98;51.162
-3.887;3.946;51.182
-3.702;4.122;51.105
-3.751;4.071;51.125
-3.757;4.063;51.127
-3.777;4.038;51.136
-3.789;4.019;51.14
-3.86;3.95;51.17
-3.893;3.943;51.183
-3.902;3.932;51.187
-3.714;4.103;51.108
-3.74;4.078;51.119
-3.789;4.028;51.139
-3.803;4.016;51.144
-3.807;4.009;51.146
-3.827;3.995;51.155
-3.834;3.982;51.157
-3.849;3.971;51.164
-3.872;3.975;51.173
-3.872;3.966;51.173
-3.877;3.952;51.175
-3.928;3.925;51.196
-3.706;4.119;51.103
-3.727;4.092;51.112
-3.742;4.084;51.118
-3.741;4.073;51.118
-3.766;4.051;51.128
-3.779;4.029;51.133
-3.817;4.0;51.149
-3.83;3.987;51.154
-3.843;3.978;51.16
-3.889;3.941;51.178
-3.913;3.933;51.188
-3.934;3.924;51.197
-3.703;4.124;51.1
-3.714;4.105;51.105
-3.718;4.099;51.107
-3.741;4.079;51.116
-3.757;4.067;51.123
-3.846;3.972;51.159
-3.911;3.933;51.186
-3.934;3.916;51.195
-3.708;4.108;51.101
-3.733;4.088;51.111
-3.843;3.984;51.157
-3.857;3.97;51.162
-3.868;3.951;51.167
-3.878;3.953;51.171
-3.889;3.942;51.175
-3.922;3.924;51.189
-3.93;3.917;51.192
-3.931;3.912;51.192
-3.738;4.072;51.112
-3.747;4.069;51.116
-3.759;4.059;51.12
-3.771;4.046;51.126
-3.782;4.034;51.13
-3.811;4.016;51.142
-3.876;3.969;51.168
-3.897;3.937;51.177
-3.919;3.935;51.186
-3.935;3.908;51.192
-3.949;3.905;51.198
-3.724;4.092;51.105
-3.752;4.063;51.116
-3.762;4.051;51.12
-3.786;4.028;51.13
-3.786;4.019;51.13
-3.813;4.007;51.141
-3.824;3.995;51.146
-3.847;3.983;51.155
-3.9;3.931;51.177
-3.918;3.933;51.184
-3.924;3.916;51.186
-3.928;3.913;51.188
-3.838;3.985;51.15
-3.85;3.979;51.155
-3.912;3.922;51.18
-3.953;3.9;51.197
-3.74;4.084;51.108
-3.742;4.078;51.109
-3.814;3.999;51.138
-3.828;3.991;51.144
-3.846;3.983;51.152
-3.852;3.97;51.154
-3.869;3.952;51.161
-3.88;3.951;51.165
-3.729;4.09;51.102
-3.75;4.065;51.111
-3.8;4.011;51.131
-3.867;3.967;51.158
-3.899;3.938;51.172
-3.918;3.919;51.179
-3.957;3.896;51.195
-3.743;4.07;51.106
-3.755;4.059;51.111
-3.764;4.055;51.115
-3.77;4.051;51.117
-3.84;3.982;51.146
-3.9;3.937;51.17
-3.91;3.922;51.174
-3.932;3.911;51.183
-3.943;3.904;51.188
-3.958;3.89;51.194
-3.779;4.045;51.119
-3.78;4.038;51.12
-3.782;4.03;51.121
-3.791;4.026;51.124
-3.787;4.018;51.123
-3.798;4.012;51.127
-3.972;3.886;51.198
-3.76;4.055;51.11
-3.811;4.0;51.131
-3.823;3.998;51.136
-3.87;3.963;51.155
-3.946;3.899;51.186
-3.748;4.066;51.104
-3.758;4.051;51.108
-3.837;3.982;51.14
-3.85;3.969;51.145
-3.862;3.965;51.15
-3.873;3.956;51.155
-3.899;3.929;51.165
-3.925;3.916;51.176
-3.94;3.904;51.182
-3.946;3.893;51.184
-3.776;4.047;51.114
-3.79;4.028;51.119
-3.867;3.964;51.151
-3.876;3.953;51.154
-3.888;3.954;51.159
-3.892;3.939;51.161
-3.917;3.92;51.171
-3.752;4.06;51.103
-3.757;4.051;51.105
-3.765;4.047;51.108
-3.789;4.018;51.117
-3.865;3.96;51.148
-3.913;3.925;51.168
-3.928;3.909;51.174
-3.986;3.884;51.197
-3.991;3.868;51.199
-3.771;4.045;51.109
-3.78;4.039;51.112
-3.803;4.018;51.122
-3.804;4.007;51.122
-3.812;4.005;51.125
-3.827;3.995;51.131
-3.828;3.988;51.132
-3.867;3.957;51.148
-3.93;3.901;51.173
-3.941;3.897;51.178
-3.957;3.892;51.184
-3.968;3.888;51.188
-3.982;3.885;51.194
-3.988;3.885;51.197
-3.993;3.856;51.199
-3.781;4.029;51.111
-3.844;3.979;51.137
-3.885;3.954;51.153
-3.756;4.054;51.1
-3.831;3.981;51.13
-3.859;3.968;51.141
-3.891;3.953;51.154
-3.896;3.948;51.156
-3.895;3.936;51.156
-3.897;3.928;51.157
-3.91;3.927;51.162
-3.921;3.916;51.167
-3.759;4.048;51.1
-3.767;4.04;51.103
-3.846;3.971;51.135
-3.869;3.949;51.144
-3.891;3.954;51.153
-3.926;3.909;51.167
-3.927;3.902;51.167
-3.947;3.897;51.175
-3.989;3.878;51.192
-3.774;4.038;51.104
-3.78;4.023;51.106
-3.787;4.022;51.109
-3.81;4.016;51.119
-3.809;4.009;51.118
-3.921;3.926;51.163
-3.963;3.889;51.18
-3.977;3.887;51.186
-3.99;3.885;51.191
-4.005;3.854;51.197
-3.799;4.019;51.113
-3.806;4.003;51.115
-3.814;3.998;51.118
-3.818;3.993;51.12
-3.819;3.992;51.121
-3.862;3.964;51.138
-3.885;3.951;51.147
-3.893;3.949;51.15
-3.938;3.9;51.169
-3.952;3.891;51.174
-3.993;3.869;51.191
-3.992;3.859;51.19
-3.777;4.03;51.102
-3.842;3.979;51.128
-3.867;3.957;51.138
-3.918;3.916;51.159
-3.822;3.992;51.119
-3.828;3.989;51.121
-3.83;3.981;51.122
-3.853;3.966;51.131
-3.868;3.951;51.137
-3.877;3.947;51.141
-3.905;3.926;51.152
-3.919;3.925;51.158
-3.932;3.906;51.163
-3.982;3.884;51.183
-4.003;3.851;51.191
-4.018;3.838;51.197
-3.808;4.018;51.112
-3.881;3.94;51.141
-3.896;3.932;51.147
-3.913;3.925;51.154
-3.94;3.905;51.165
-4.019;3.848;51.196
-3.808;4.007;51.11
-3.857;3.96;51.13
-3.921;3.91;51.155
-3.94;3.904;51.163
-3.945;3.898;51.165
-3.984;3.878;51.181
-3.998;3.856;51.186
-3.796;4.02;51.104
-3.95;3.89;51.165
-3.96;3.887;51.169
-3.996;3.868;51.184
-4.0;3.85;51.186
-4.013;3.845;51.191
-3.824;3.995;51.113
-3.835;3.989;51.118
-3.851;3.971;51.124
-3.935;3.898;51.158
-3.974;3.877;51.173
-3.978;3.874;51.175
-3.988;3.868;51.179
-4.017;3.841;51.191
-4.025;3.836;51.194
-4.037;3.837;51.199
-4.031;3.829;51.196
-3.828;3.993;51.114
-3.835;3.979;51.116
-3.857;3.966;51.125
-3.866;3.952;51.129
-3.879;3.941;51.134
-3.889;3.936;51.138
-3.896;3.934;51.141
-3.907;3.922;51.145
-3.912;3.916;51.147
-3.993;3.865;51.18
-3.99;3.856;51.179
-3.8;4.0;51.101
-3.902;3.928;51.142
-3.918;3.911;51.148
-3.941;3.895;51.157
-3.952;3.895;51.162
-3.967;3.885;51.168
-3.976;3.872;51.171
-4.045;3.824;51.199
-3.802;4.017;51.1
-3.802;4.008;51.1
-3.857;3.969;51.122
-3.894;3.934;51.137
-3.931;3.9;51.152
-3.979;3.867;51.171
-3.995;3.851;51.177
-4.034;3.836;51.193
-4.034;3.826;51.193
-3.818;3.996;51.105
-3.832;3.99;51.11
-3.839;3.989;51.114
-3.86;3.953;51.122
-3.954;3.886;51.159
-3.97;3.878;51.166
-3.984;3.859;51.171
-4.009;3.847;51.181
-3.841;3.976;51.112
-3.889;3.932;51.132
-3.911;3.926;51.14
-3.95;3.894;51.156
-3.971;3.871;51.165
-4.019;3.843;51.184
-4.05;3.819;51.196
-4.053;3.809;51.197
-3.871;3.948;51.123
-3.887;3.932;51.13
-3.895;3.927;51.133
-3.923;3.906;51.144
-3.962;3.886;51.159
-4.037;3.821;51.189
-4.062;3.798;51.199
-3.821;3.993;51.102
-3.847;3.962;51.112
-3.937;3.897;51.148
-3.949;3.887;51.153
-4.024;3.83;51.182
-4.043;3.815;51.19
-3.826;3.988;51.102
-3.879;3.943;51.123
-3.918;3.915;51.139
-3.967;3.88;51.158
-3.972;3.875;51.16
-3.977;3.859;51.162
-3.992;3.858;51.168
-3.999;3.856;51.171
-4.019;3.847;51.179
-4.056;3.815;51.194
-3.874;3.943;51.12
-3.929;3.902;51.141
-3.94;3.892;51.146
-4.025;3.836;51.18
-4.022;3.829;51.179
-4.036;3.813;51.184
-4.058;3.807;51.193
-4.065;3.795;51.196
-3.839;3.976;51.104
-3.842;3.97;51.105
-3.854;3.959;51.11
-3.866;3.956;51.115
-3.872;3.943;51.117
-3.889;3.934;51.124
-3.953;3.88;51.149
-4.05;3.814;51.188
-4.058;3.798;51.191
-4.067;3.786;51.195
-4.072;3.779;51.197
-3.851;3.964;51.108
-3.87;3.949;51.115
-3.893;3.928;51.124
-3.907;3.918;51.13
-3.919;3.906;51.134
-4.01;3.844;51.171
-4.024;3.844;51.176
-3.885;3.933;51.119
-3.933;3.897;51.139
-3.947;3.886;51.144
-3.971;3.876;51.153
-3.973;3.867;51.154
-4.0;3.856;51.165
-4.046;3.81;51.183
-3.951;3.882;51.144
-3.959;3.879;51.147
-3.985;3.857;51.158
-4.006;3.842;51.166
-4.025;3.837;51.173
-4.025;3.827;51.173
-4.05;3.806;51.183
-4.064;3.794;51.189
-4.089;3.754;51.199
-3.884;3.935;51.116
-3.922;3.902;51.131
-3.977;3.859;51.153
-4.002;3.849;51.163
-4.037;3.827;51.176
-4.07;3.781;51.189
-4.092;3.748;51.198
-3.85;3.968;51.101
-3.863;3.957;51.106
-3.873;3.946;51.11
-3.912;3.915;51.125
-3.92;3.903;51.128
-4.038;3.816;51.175
-4.042;3.808;51.177
-4.078;3.778;51.191
-4.085;3.757;51.194
-3.875;3.937;51.109
-3.891;3.93;51.116
-3.916;3.909;51.125
-3.941;3.886;51.135
-3.977;3.863;51.15
-3.979;3.855;51.15
-4.09;3.774;51.194
-4.091;3.769;51.195
-3.903;3.918;51.119
-3.93;3.898;51.129
-3.937;3.894;51.132
-3.956;3.877;51.14
-3.971;3.876;51.145
-3.995;3.855;51.155
-4.095;3.74;51.194
-3.867;3.954;51.103
-3.909;3.915;51.119
-3.943;3.88;51.133
-3.971;3.868;51.144
-4.021;3.829;51.164
-4.036;3.824;51.17
-4.05;3.799;51.175
-4.071;3.785;51.183
-3.871;3.948;51.103
-3.933;3.893;51.128
-3.963;3.874;51.139
-3.973;3.858;51.143
-3.983;3.852;51.147
-3.997;3.85;51.153
-4.007;3.845;51.157
-4.021;3.821;51.162
-4.045;3.815;51.172
-4.056;3.796;51.176
-4.061;3.788;51.178
-4.074;3.779;51.183
-4.09;3.775;51.189
-4.088;3.756;51.189
-3.905;3.913;51.115
-3.936;3.888;51.127
-4.052;3.79;51.173
-4.09;3.747;51.188
-4.091;3.738;51.188
-4.103;3.736;51.193
-4.116;3.725;51.198
-3.875;3.94;51.101
-3.885;3.931;51.106
-3.912;3.909;51.116
-3.925;3.9;51.121
-3.932;3.895;51.124
-3.95;3.877;51.131
-3.959;3.873;51.135
-3.973;3.864;51.14
-3.975;3.858;51.141
-4.084;3.773;51.184
-4.096;3.77;51.188
-3.901;3.919;51.11
-3.991;3.849;51.146
-4.044;3.817;51.167
-4.056;3.797;51.171
-4.054;3.786;51.17
-4.077;3.771;51.18
-4.093;3.768;51.186
-4.106;3.732;51.191
-4.118;3.71;51.195
-4.125;3.701;51.198
-3.904;3.914;51.11
-3.94;3.881;51.124
-4.002;3.845;51.149
-4.02;3.819;51.155
-4.032;3.817;51.16
-4.07;3.785;51.175
-3.882;3.93;51.1
-3.955;3.87;51.128
-3.967;3.869;51.133
-3.981;3.851;51.138
-4.008;3.84;51.149
-4.019;3.827;51.153
-4.048;3.8;51.165
-4.071;3.777;51.174
-4.075;3.772;51.175
-4.081;3.766;51.178
-4.083;3.758;51.179
-4.092;3.744;51.182
-4.096;3.736;51.184
-4.116;3.712;51.191
-4.135;3.697;51.199
-3.892;3.925;51.102
-3.931;3.897;51.117
-4.065;3.783;51.17
-4.109;3.728;51.187
-4.114;3.719;51.189
-4.123;3.707;51.193
-3.908;3.909;51.107
-3.932;3.888;51.116
-3.946;3.875;51.122
-3.971;3.867;51.131
-3.966;3.851;51.13
-4.061;3.78;51.167
-4.1;3.732;51.182
-4.139;3.689;51.197
-3.898;3.921;51.101
-3.922;3.902;51.111
-3.96;3.865;51.125
-3.989;3.848;51.137
-4.008;3.846;51.144
-4.012;3.837;51.146
-4.041;3.815;51.157
-4.049;3.806;51.16
-4.065;3.776;51.167
-4.079;3.776;51.172
-4.075;3.744;51.17
-3.937;3.88;51.115
-3.975;3.849;51.13
-4.001;3.849;51.14
-4.051;3.798;51.16
-4.056;3.78;51.161
-4.106;3.734;51.181
-4.12;3.712;51.187
-4.137;3.703;51.193
-4.135;3.696;51.192
-4.144;3.686;51.196
-3.913;3.905;51.104
-3.951;3.871;51.119
-3.952;3.868;51.119
-3.962;3.862;51.123
-4.083;3.758;51.17
-4.083;3.749;51.17
-4.115;3.736;51.183
-4.113;3.72;51.182
-4.135;3.707;51.191
-4.143;3.678;51.194
-3.93;3.899;51.109
-3.94;3.875;51.113
-4.006;3.845;51.139
-4.018;3.831;51.144
-4.025;3.826;51.146
-4.043;3.811;51.153
-4.068;3.771;51.163
-4.113;3.738;51.181
-4.119;3.715;51.183
-4.136;3.689;51.19
-4.16;3.677;51.199
-4.16;3.667;51.199
-4.16;3.657;51.199
-3.949;3.863;51.115
-3.969;3.857;51.123
-4.047;3.805;51.153
-3.917;3.9;51.101
-3.933;3.881;51.107
-3.945;3.871;51.112
-3.958;3.86;51.117
-3.981;3.849;51.126
-4.023;3.829;51.142
-4.058;3.786;51.156
-4.095;3.731;51.17
-4.162;3.651;51.197
-3.996;3.845;51.13
-4.01;3.838;51.136
-4.032;3.824;51.144
-4.033;3.817;51.144
-4.051;3.797;51.152
-4.054;3.782;51.153
-4.062;3.777;51.156
-4.085;3.756;51.165
-4.087;3.747;51.166
-4.097;3.743;51.17
-4.093;3.732;51.168
-4.142;3.708;51.187
-4.152;3.675;51.191
-3.972;3.852;51.119
-4.013;3.831;51.135
-4.038;3.81;51.145
-4.051;3.789;51.15
-4.064;3.77;51.155
-4.076;3.765;51.16
-4.137;3.713;51.183
-4.139;3.686;51.184
-4.156;3.667;51.191
-3.936;3.877;51.104
-4.041;3.803;51.144
-4.079;3.76;51.159
-4.102;3.728;51.168
-4.142;3.698;51.184
-4.161;3.659;51.191
-4.161;3.652;51.191
-4.168;3.646;51.194
-4.178;3.636;51.198
-3.932;3.882;51.101
-3.951;3.868;51.108
-3.951;3.859;51.108
-3.963;3.856;51.113
-3.992;3.846;51.124
-4.004;3.844;51.129
-4.057;3.787;51.149
-4.121;3.724;51.174
-4.118;3.711;51.173
-4.144;3.678;51.183
-4.185;3.621;51.199
-3.967;3.85;51.113
-4.014;3.836;51.131
-4.017;3.83;51.132
-4.031;3.826;51.138
-4.041;3.806;51.141
-4.043;3.796;51.142
-4.071;3.768;51.153
-4.081;3.756;51.157
-4.097;3.737;51.163
-4.137;3.705;51.179
-3.943;3.87;51.102
-3.979;3.847;51.116
-4.012;3.843;51.128
-4.033;3.818;51.137
-4.048;3.79;51.142
-4.11;3.725;51.167
-3.993;3.839;51.119
-4.007;3.842;51.125
-4.06;3.772;51.146
-4.085;3.748;51.155
-4.105;3.734;51.163
-4.118;3.713;51.168
-4.138;3.699;51.176
-4.151;3.667;51.181
-4.166;3.659;51.187
-4.176;3.647;51.19
-4.196;3.602;51.198
-3.984;3.845;51.115
-4.01;3.837;51.125
-4.075;3.761;51.15
-4.116;3.719;51.165
-4.124;3.706;51.169
-4.149;3.674;51.178
-4.179;3.637;51.19
-4.199;3.603;51.198
-4.201;3.597;51.198
-3.961;3.858;51.104
-3.974;3.846;51.109
-4.038;3.807;51.134
-4.128;3.702;51.169
-4.168;3.639;51.184
-4.181;3.628;51.189
-4.182;3.622;51.19
-3.988;3.838;51.113
-3.999;3.837;51.117
-4.013;3.828;51.123
-4.031;3.827;51.129
-4.035;3.814;51.131
-4.04;3.797;51.133
-4.048;3.793;51.136
-4.052;3.788;51.138
-4.067;3.77;51.143
-4.091;3.744;51.153
-4.031;3.817;51.128
-4.055;3.778;51.137
-4.062;3.774;51.14
-4.068;3.759;51.142
-4.119;3.715;51.162
-4.124;3.71;51.164
-4.134;3.698;51.168
-4.145;3.678;51.172
-4.159;3.667;51.177
-4.171;3.654;51.182
-4.184;3.618;51.187
-3.978;3.843;51.106
-3.994;3.835;51.112
-4.015;3.822;51.12
-4.033;3.823;51.127
-4.046;3.793;51.132
-4.084;3.75;51.147
-4.098;3.731;51.152
-4.108;3.725;51.156
-4.162;3.66;51.177
-4.175;3.648;51.182
-4.181;3.627;51.184
-4.2;3.615;51.191
-4.197;3.607;51.19
-4.21;3.593;51.195
-4.009;3.836;51.116
-4.088;3.744;51.147
-4.112;3.721;51.156
-4.136;3.689;51.165
-4.155;3.675;51.173
-4.158;3.674;51.174
-4.193;3.614;51.187
-4.201;3.597;51.19
-4.215;3.591;51.195
-4.223;3.586;51.199
-4.22;3.572;51.197
-4.012;3.827;51.116
-4.032;3.816;51.124
-4.035;3.808;51.125
-4.058;3.774;51.134
-4.177;3.637;51.179
-4.202;3.592;51.189
-4.217;3.577;51.195
-3.983;3.839;51.103
-3.989;3.833;51.106
-4.017;3.824;51.116
-4.051;3.788;51.129
-4.075;3.757;51.139
-4.104;3.729;51.15
-4.126;3.707;51.158
-4.128;3.697;51.159
-4.155;3.666;51.169
-4.178;3.644;51.178
-4.178;3.626;51.178
-4.188;3.612;51.182
-3.997;3.829;51.107
-4.023;3.819;51.117
-4.038;3.799;51.123
-4.053;3.78;51.129
-4.063;3.768;51.132
-4.063;3.759;51.132
-4.116;3.718;51.153
-4.14;3.684;51.162
-4.15;3.67;51.166
-4.168;3.655;51.172
-4.177;3.638;51.176
-4.181;3.618;51.178
-4.223;3.588;51.194
-4.031;3.815;51.118
-4.091;3.738;51.141
-4.113;3.727;51.15
-4.124;3.714;51.154
-4.126;3.713;51.155
-4.144;3.678;51.162
-4.169;3.646;51.171
-4.197;3.608;51.182
-4.236;3.548;51.197
-4.011;3.821;51.109
-4.04;3.792;51.12
-4.131;3.689;51.155
-4.186;3.611;51.176
-4.198;3.599;51.181
-4.21;3.588;51.185
-4.225;3.567;51.191
-4.245;3.543;51.199
-3.993;3.832;51.101
-4.003;3.825;51.104
-4.025;3.813;51.113
-4.03;3.808;51.115
-4.055;3.784;51.125
-4.07;3.755;51.13
-4.119;3.712;51.149
-4.134;3.685;51.155
-4.159;3.662;51.164
-4.173;3.63;51.17
-4.2;3.59;51.18
-4.216;3.585;51.186
-4.235;3.553;51.193
-4.008;3.821;51.105
-4.02;3.816;51.109
-4.062;3.77;51.125
-4.064;3.759;51.126
-4.082;3.746;51.133
-4.099;3.735;51.14
-4.114;3.731;51.145
-4.124;3.708;51.149
-4.124;3.697;51.149
-4.163;3.658;51.164
-4.174;3.635;51.168
-4.229;3.557;51.19
-4.229;3.533;51.19
-4.024;3.811;51.109
-4.033;3.8;51.113
-4.046;3.788;51.118
-4.071;3.767;51.127
-4.074;3.751;51.129
-4.11;3.734;51.142
-4.147;3.673;51.156
-4.149;3.667;51.157
-4.166;3.65;51.164
-4.205;3.586;51.178
-4.217;3.577;51.183
-4.222;3.57;51.185
-4.24;3.553;51.192
-4.243;3.546;51.193
-4.225;3.533;51.186
-4.232;3.531;51.189
-4.237;3.531;51.191
-4.255;3.528;51.198
-4.255;3.515;51.198
-4.107;3.734;51.14
-4.113;3.716;51.142
-4.114;3.708;51.142
-4.129;3.689;51.148
-4.131;3.681;51.149
-4.166;3.638;51.162
-4.183;3.611;51.169
-4.227;3.567;51.185
-4.039;3.795;51.112
-4.092;3.736;51.132
-4.101;3.73;51.136
-4.119;3.726;51.142
-4.155;3.66;51.156
-4.193;3.597;51.171
-4.228;3.575;51.184
-4.248;3.531;51.192
-4.015;3.817;51.101
-4.022;3.814;51.104
-4.053;3.786;51.116
-4.117;3.723;51.14
-4.146;3.675;51.151
-4.158;3.655;51.156
-4.156;3.65;51.155
-4.211;3.583;51.176
-4.233;3.551;51.184
-4.266;3.513;51.197
-4.267;3.481;51.197
-4.027;3.808;51.104
-4.032;3.8;51.106
-4.042;3.791;51.11
-4.055;3.779;51.115
-4.068;3.769;51.12
-4.072;3.751;51.122
-4.082;3.748;51.125
-4.117;3.706;51.139
-4.129;3.693;51.143
-4.13;3.686;51.144
-4.17;3.635;51.159
-4.171;3.628;51.159
-4.196;3.586;51.169
-4.214;3.58;51.176
-4.227;3.577;51.18
-4.239;3.548;51.185
-4.083;3.738;51.124
-4.086;3.732;51.125
-4.094;3.727;51.128
-4.109;3.727;51.134
-4.114;3.726;51.136
-4.112;3.71;51.135
-4.133;3.678;51.143
-4.15;3.668;51.149
-4.162;3.64;51.154
-4.176;3.619;51.16
-4.188;3.608;51.164
-4.195;3.593;51.167
-4.227;3.567;51.179
-4.229;3.558;51.18
-4.252;3.526;51.188
-4.254;3.518;51.189
-4.278;3.477;51.198
-4.05;3.788;51.11
-4.06;3.775;51.114
-4.11;3.717;51.133
-4.193;3.598;51.164
-4.203;3.581;51.168
-4.222;3.577;51.175
-4.267;3.506;51.192
-4.27;3.498;51.193
-4.274;3.493;51.195
-4.276;3.486;51.196
-4.051;3.779;51.109
-4.22;3.565;51.173
-4.23;3.548;51.177
-4.233;3.541;51.178
-4.241;3.536;51.181
-4.244;3.53;51.182
-4.283;3.469;51.197
-4.032;3.805;51.1
-4.04;3.789;51.103
-4.057;3.771;51.11
-4.061;3.767;51.111
-4.102;3.724;51.127
-4.114;3.708;51.131
-4.141;3.675;51.141
-4.151;3.652;51.145
-4.216;3.566;51.17
-4.218;3.562;51.17
-4.256;3.51;51.185
-4.065;3.759;51.111
-4.079;3.75;51.116
-4.081;3.74;51.117
-4.09;3.73;51.12
-4.112;3.715;51.129
-4.12;3.69;51.132
-4.131;3.686;51.136
-4.156;3.649;51.145
-4.165;3.644;51.149
-4.168;3.64;51.15
-4.168;3.627;51.15
-4.194;3.596;51.16
-4.211;3.578;51.166
-4.106;3.721;51.125
-4.134;3.68;51.135
-4.144;3.668;51.139
-4.148;3.661;51.141
-4.171;3.621;51.149
-4.185;3.617;51.155
-4.187;3.608;51.155
-4.197;3.589;51.159
-4.223;3.557;51.169
-4.248;3.529;51.179
-4.249;3.516;51.179
-4.258;3.515;51.182
-4.273;3.508;51.188
-4.276;3.497;51.189
-4.289;3.464;51.194
-4.053;3.77;51.103
-4.057;3.768;51.105
-4.189;3.601;51.154
-4.215;3.562;51.164
-4.227;3.551;51.169
-4.237;3.538;51.173
-4.248;3.534;51.177
-4.264;3.508;51.183
-4.281;3.47;51.189
-4.29;3.45;51.193
-4.303;3.446;51.198
-4.197;3.579;51.156
-4.265;3.5;51.182
-4.283;3.496;51.189
-4.307;3.44;51.197
-4.059;3.759;51.102
-4.07;3.756;51.106
-4.074;3.752;51.108
-4.086;3.74;51.112
-4.099;3.728;51.117
-4.112;3.718;51.122
-4.111;3.707;51.122
-4.136;3.677;51.131
-4.149;3.658;51.136
-4.164;3.645;51.142
-4.165;3.629;51.142
-4.175;3.625;51.146
-4.187;3.609;51.151
-4.253;3.496;51.175
-4.281;3.492;51.186
-4.084;3.745;51.11
-4.115;3.701;51.122
-4.131;3.683;51.128
-4.147;3.665;51.134
-4.18;3.617;51.146
-4.188;3.615;51.149
-4.192;3.599;51.151
-4.209;3.579;51.157
-4.218;3.576;51.161
-4.253;3.53;51.174
-4.269;3.495;51.18
-4.315;3.43;51.197
-4.1;3.737;51.115
-4.103;3.722;51.116
-4.123;3.695;51.123
-4.128;3.689;51.125
-4.141;3.671;51.13
-4.154;3.648;51.135
-4.168;3.638;51.14
-4.186;3.616;51.147
-4.184;3.602;51.146
-4.205;3.587;51.154
-4.216;3.568;51.158
-4.219;3.558;51.159
-4.227;3.555;51.162
-4.245;3.537;51.169
-4.247;3.518;51.17
-4.251;3.494;51.171
-4.277;3.482;51.181
-4.283;3.478;51.184
-4.284;3.467;51.184
-4.301;3.449;51.19
-4.306;3.444;51.192
-4.311;3.437;51.194
-4.323;3.416;51.199
-4.169;3.62;51.139
-4.201;3.596;51.151
-4.205;3.596;51.152
-4.214;3.584;51.156
-4.25;3.528;51.169
-4.256;3.508;51.171
-4.274;3.489;51.178
-4.288;3.459;51.183
-4.298;3.454;51.187
-4.304;3.442;51.19
-4.326;3.41;51.198
-4.104;3.734;51.113
-4.106;3.717;51.114
-4.146;3.667;51.129
-4.225;3.554;51.158
-4.258;3.498;51.171
-4.324;3.435;51.195
-4.097;3.739;51.108
-4.103;3.729;51.111
-4.122;3.699;51.118
-4.135;3.688;51.123
-4.133;3.678;51.122
-4.159;3.643;51.132
-4.201;3.587;51.148
-4.215;3.576;51.153
-4.238;3.545;51.161
-4.257;3.501;51.169
-4.088;3.741;51.104
-4.132;3.693;51.12
-4.137;3.67;51.122
-4.148;3.657;51.126
-4.172;3.638;51.135
-4.169;3.631;51.134
-4.166;3.62;51.133
-4.215;3.567;51.151
-4.243;3.541;51.162
-4.246;3.522;51.163
-4.262;3.515;51.169
-4.267;3.497;51.171
-4.267;3.486;51.171
-4.29;3.466;51.18
-4.321;3.439;51.191
-4.101;3.727;51.107
-4.112;3.702;51.111
-4.13;3.694;51.118
-4.151;3.651;51.126
-4.164;3.641;51.13
-4.189;3.6;51.14
-4.19;3.589;51.14
-4.202;3.579;51.145
-4.217;3.559;51.151
-4.255;3.517;51.164
-4.282;3.478;51.175
-4.309;3.441;51.185
-4.327;3.412;51.191
-4.334;3.408;51.194
-4.345;3.387;51.198
-4.098;3.723;51.104
-4.156;3.644;51.126
-4.208;3.575;51.146
-4.22;3.553;51.15
-4.286;3.463;51.175
-4.296;3.451;51.178
-4.338;3.399;51.194
-4.102;3.717;51.104
-4.125;3.692;51.113
-4.14;3.665;51.118
-4.149;3.642;51.122
-4.173;3.62;51.13
-4.184;3.609;51.135
-4.197;3.584;51.14
-4.237;3.544;51.154
-4.247;3.523;51.158
-4.327;3.416;51.188
-4.345;3.411;51.195
-4.103;3.708;51.103
-4.133;3.69;51.114
-4.13;3.678;51.113
-4.145;3.658;51.119
-4.169;3.638;51.127
-4.17;3.628;51.128
-4.261;3.516;51.162
-4.276;3.484;51.167
-4.315;3.436;51.182
-4.338;3.413;51.191
-4.35;3.38;51.195
-4.106;3.7;51.102
-4.119;3.69;51.107
-4.15;3.654;51.119
-4.147;3.641;51.118
-4.157;3.639;51.121
-4.184;3.617;51.132
-4.191;3.6;51.134
-4.192;3.599;51.135
-4.216;3.552;51.144
-4.226;3.549;51.147
-4.245;3.539;51.154
-4.239;3.527;51.152
-4.252;3.521;51.157
-4.263;3.507;51.161
-4.271;3.496;51.164
-4.278;3.478;51.167
-4.286;3.463;51.17
-4.288;3.456;51.17
-4.303;3.447;51.176
-4.317;3.427;51.181
-4.325;3.423;51.184
-4.344;3.407;51.191
-4.34;3.395;51.19
-4.344;3.388;51.191
-4.348;3.38;51.193
-4.123;3.684;51.107
-4.134;3.669;51.111
-4.137;3.667;51.112
-4.147;3.648;51.116
-4.162;3.63;51.122
-4.183;3.625;51.129
-4.2;3.578;51.136
-4.215;3.558;51.141
-4.265;3.499;51.16
-4.267;3.489;51.161
-4.283;3.47;51.167
-4.296;3.45;51.172
-4.331;3.407;51.185
-4.356;3.369;51.194
-4.188;3.58;51.13
-4.325;3.424;51.181
-4.356;3.386;51.192
-4.115;3.699;51.101
-4.125;3.678;51.105
-4.134;3.662;51.108
-4.179;3.625;51.125
-4.179;3.609;51.125
-4.191;3.586;51.129
-4.204;3.566;51.134
-4.257;3.516;51.154
-4.286;3.468;51.165
-4.311;3.435;51.174
-4.317;3.422;51.176
-4.118;3.683;51.1
-4.141;3.658;51.109
-4.153;3.64;51.113
-4.164;3.638;51.117
-4.166;3.628;51.118
-4.182;3.597;51.124
-4.191;3.576;51.127
-4.218;3.549;51.138
-4.231;3.544;51.143
-4.244;3.538;51.147
-4.26;3.509;51.153
-4.268;3.505;51.156
-4.268;3.498;51.156
-4.297;3.447;51.167
-4.325;3.418;51.178
-4.364;3.364;51.192
-4.127;3.667;51.102
-4.128;3.66;51.102
-4.207;3.557;51.132
-4.212;3.552;51.134
-4.244;3.527;51.146
-4.249;3.52;51.147
-4.263;3.482;51.153
-4.288;3.459;51.162
-4.312;3.428;51.171
-4.327;3.409;51.177
-4.34;3.397;51.181
-4.353;3.387;51.186
-4.357;3.372;51.188
-4.378;3.364;51.195
-4.143;3.65;51.106
-4.168;3.62;51.116
-4.18;3.619;51.12
-4.183;3.591;51.121
-4.252;3.513;51.147
-4.301;3.441;51.165
-4.315;3.421;51.171
-4.344;3.39;51.181
-4.359;3.383;51.187
-4.368;3.361;51.19
-4.392;3.347;51.199
-4.224;3.544;51.135
-4.238;3.543;51.14
-4.25;3.512;51.145
-4.161;3.627;51.11
-4.201;3.568;51.125
-4.221;3.542;51.132
-4.242;3.539;51.14
-4.296;3.448;51.16
-4.307;3.438;51.164
-4.332;3.404;51.173
-4.345;3.387;51.178
-4.358;3.376;51.183
-4.389;3.356;51.194
-4.152;3.642;51.105
-4.163;3.621;51.109
-4.175;3.617;51.114
-4.177;3.598;51.114
-4.189;3.589;51.119
-4.213;3.555;51.128
-4.22;3.542;51.13
-4.227;3.539;51.133
-4.256;3.507;51.143
-4.272;3.481;51.149
-4.282;3.474;51.153
-4.287;3.462;51.155
-4.294;3.456;51.158
-4.31;3.429;51.164
-4.313;3.422;51.165
-4.322;3.417;51.168
-4.342;3.393;51.175
-4.361;3.368;51.182
-4.364;3.36;51.183
-4.387;3.337;51.192
-4.402;3.328;51.197
-4.192;3.571;51.118
-4.244;3.528;51.137
-4.245;3.512;51.138
-4.303;3.452;51.159
-4.3;3.441;51.158
-4.318;3.438;51.165
-4.325;3.41;51.167
-4.337;3.399;51.172
-4.348;3.378;51.176
-4.369;3.367;51.184
-4.371;3.364;51.184
-4.376;3.359;51.186
-4.388;3.347;51.191
-4.401;3.318;51.195
-4.179;3.59;51.112
-4.228;3.529;51.13
-4.309;3.454;51.16
-4.39;3.33;51.19
-4.404;3.31;51.195
-4.172;3.621;51.108
-4.181;3.614;51.111
-4.182;3.587;51.111
-4.195;3.568;51.116
-4.208;3.565;51.121
-4.21;3.557;51.122
-4.22;3.554;51.125
-4.222;3.548;51.126
-4.249;3.518;51.136
-4.262;3.504;51.141
-4.356;3.374;51.175
-4.385;3.356;51.186
-4.397;3.328;51.191
-4.16;3.626;51.102
-4.18;3.61;51.109
-4.179;3.596;51.108
-4.238;3.526;51.13
-4.249;3.525;51.134
-4.265;3.498;51.14
-4.276;3.477;51.144
-4.306;3.455;51.155
-4.329;3.407;51.164
-4.35;3.372;51.171
-4.384;3.339;51.184
-4.169;3.638;51.103
-4.178;3.592;51.106
-4.197;3.559;51.114
-4.223;3.529;51.123
-4.251;3.509;51.134
-4.272;3.487;51.141
-4.287;3.474;51.147
-4.291;3.468;51.148
-4.292;3.46;51.148
-4.301;3.447;51.152
-4.303;3.437;51.153
-4.318;3.434;51.158
-4.321;3.419;51.159
-4.343;3.396;51.167
-4.342;3.388;51.167
-4.341;3.377;51.167
-4.358;3.368;51.173
-4.383;3.345;51.182
-4.401;3.309;51.189
-4.179;3.616;51.105
-4.188;3.58;51.109
-4.19;3.573;51.109
-4.218;3.555;51.12
-4.245;3.527;51.129
-4.332;3.4;51.162
-4.345;3.371;51.167
-4.359;3.358;51.172
-4.372;3.348;51.176
-4.386;3.328;51.182
-4.389;3.322;51.182
-4.4;3.317;51.186
-4.425;3.289;51.196
-4.175;3.609;51.102
-4.18;3.608;51.104
-4.219;3.548;51.118
-4.27;3.494;51.137
-4.324;3.438;51.157
-4.372;3.34;51.175
-4.412;3.301;51.189
-4.177;3.599;51.101
-4.18;3.589;51.102
-4.19;3.576;51.106
-4.192;3.568;51.107
-4.205;3.556;51.112
-4.229;3.535;51.12
-4.258;3.507;51.131
-4.258;3.497;51.131
-4.271;3.487;51.136
-4.296;3.455;51.145
-4.296;3.447;51.145
-4.31;3.435;51.15
-4.339;3.396;51.161
-4.359;3.352;51.168
-4.41;3.301;51.187
-4.274;3.479;51.135
-4.289;3.471;51.141
-4.322;3.425;51.153
-4.329;3.408;51.156
-4.33;3.399;51.156
-4.343;3.378;51.161
-4.345;3.373;51.161
-4.358;3.353;51.166
-4.376;3.349;51.173
-4.403;3.313;51.182
-4.422;3.298;51.19
-4.425;3.292;51.191
-4.445;3.267;51.198
-4.182;3.58;51.1
-4.195;3.559;51.105
-4.208;3.548;51.109
-4.239;3.519;51.121
-4.248;3.512;51.124
-4.289;3.46;51.139
-4.301;3.439;51.144
-4.306;3.432;51.145
-4.331;3.392;51.155
-4.354;3.369;51.163
-4.359;3.358;51.165
-4.371;3.339;51.169
-4.381;3.336;51.173
-4.393;3.32;51.177
-4.433;3.28;51.192
-4.224;3.533;51.114
-4.262;3.49;51.127
-4.298;3.47;51.141
-4.316;3.432;51.147
-4.351;3.387;51.16
-4.196;3.553;51.102
-4.28;3.474;51.133
-4.294;3.473;51.138
-4.293;3.456;51.137
-4.4;3.316;51.177
-4.437;3.274;51.19
-4.453;3.256;51.196
-4.202;3.55;51.103
-4.214;3.544;51.107
-4.232;3.529;51.113
-4.243;3.512;51.117
-4.253;3.507;51.121
-4.307;3.438;51.141
-4.321;3.428;51.146
-4.332;3.414;51.15
-4.335;3.407;51.151
-4.349;3.39;51.156
-4.348;3.374;51.156
-4.359;3.367;51.16
-4.361;3.357;51.16
-4.385;3.325;51.169
-4.428;3.297;51.185
-4.427;3.288;51.185
-4.443;3.268;51.19
-4.468;3.227;51.199
-4.227;3.537;51.11
-4.242;3.518;51.115
-4.257;3.497;51.121
-4.27;3.487;51.125
-4.296;3.471;51.135
-4.297;3.448;51.135
-4.308;3.429;51.14
-4.336;3.392;51.15
-4.356;3.375;51.157
-4.458;3.241;51.194
-4.465;3.236;51.197
-4.218;3.543;51.105
-4.232;3.521;51.11
-4.258;3.492;51.12
-4.272;3.48;51.125
-4.282;3.467;51.128
-4.289;3.468;51.131
-4.324;3.419;51.144
-4.362;3.388;51.157
-4.364;3.351;51.158
-4.377;3.34;51.163
-4.379;3.33;51.164
-4.389;3.317;51.167
-4.415;3.302;51.177
-4.445;3.257;51.188
-4.471;3.22;51.197
-4.271;3.468;51.123
-4.285;3.458;51.128
-4.298;3.44;51.132
-4.355;3.393;51.153
-4.36;3.393;51.155
-4.392;3.312;51.167
-4.276;3.477;51.123
-4.313;3.422;51.136
-4.329;3.415;51.142
-4.358;3.376;51.153
-4.356;3.368;51.152
-4.371;3.347;51.157
-4.412;3.303;51.172
-4.435;3.278;51.181
-4.475;3.216;51.195
-4.486;3.194;51.199
-4.485;3.186;51.199
-4.227;3.539;51.103
-4.219;3.52;51.1
-4.237;3.518;51.107
-4.249;3.508;51.111
-4.25;3.498;51.112
-4.245;3.49;51.11
-4.265;3.488;51.117
-4.294;3.45;51.128
-4.299;3.436;51.13
-4.331;3.408;51.141
-4.342;3.389;51.145
-4.361;3.389;51.152
-4.379;3.333;51.159
-4.382;3.325;51.16
-4.437;3.287;51.18
-4.437;3.265;51.18
-4.449;3.255;51.184
-4.451;3.247;51.185
-4.466;3.227;51.19
-4.477;3.21;51.194
-4.483;3.181;51.197
-4.49;3.177;51.199
-4.226;3.519;51.101
-4.243;3.492;51.108
-4.254;3.492;51.111
-4.277;3.462;51.12
-4.299;3.45;51.128
-4.305;3.429;51.13
-4.321;3.419;51.136
-4.332;3.399;51.14
-4.336;3.391;51.141
-4.351;3.385;51.147
-4.352;3.376;51.147
-4.393;3.317;51.162
-4.398;3.307;51.164
-4.412;3.302;51.169
-4.466;3.238;51.189
-4.494;3.172;51.199
-4.309;3.423;51.13
-4.346;3.371;51.143
-4.361;3.348;51.149
-4.374;3.339;51.153
-4.433;3.284;51.175
-4.453;3.239;51.182
-4.467;3.219;51.187
-4.241;3.512;51.104
-4.268;3.479;51.113
-4.297;3.454;51.124
-4.323;3.415;51.133
-4.352;3.368;51.144
-4.372;3.331;51.151
-4.392;3.317;51.158
-4.469;3.232;51.186
-4.469;3.216;51.186
-4.468;3.212;51.186
-4.247;3.491;51.104
-4.278;3.462;51.115
-4.298;3.437;51.123
-4.403;3.304;51.161
-4.418;3.297;51.166
-4.431;3.277;51.171
-4.432;3.268;51.171
-4.444;3.257;51.175
-4.46;3.237;51.181
-4.469;3.233;51.185
-4.484;3.186;51.19
-4.5;3.169;51.196
-4.248;3.498;51.103
-4.262;3.488;51.108
-4.273;3.467;51.112
-4.286;3.459;51.117
-4.301;3.448;51.122
-4.313;3.417;51.126
-4.339;3.389;51.136
-4.34;3.378;51.136
-4.356;3.359;51.142
-4.358;3.353;51.143
-4.379;3.327;51.15
-4.394;3.307;51.156
-4.44;3.264;51.172
-4.443;3.263;51.173
-4.451;3.239;51.176
-4.467;3.236;51.182
-4.467;3.23;51.182
-4.471;3.207;51.184
-4.474;3.199;51.185
-4.491;3.172;51.191
-4.265;3.483;51.107
-4.33;3.399;51.131
-4.342;3.369;51.135
-4.373;3.333;51.146
-4.384;3.319;51.15
-4.408;3.301;51.159
-4.424;3.289;51.165
-4.464;3.227;51.179
-4.519;3.134;51.199
-4.463;3.219;51.177
-4.504;3.158;51.192
-4.505;3.156;51.192
-4.271;3.472;51.106
-4.284;3.463;51.111
-4.294;3.449;51.115
-4.321;3.413;51.124
-4.329;3.392;51.127
-4.398;3.304;51.152
-4.416;3.296;51.159
-4.427;3.286;51.162
-4.427;3.277;51.163
-4.43;3.267;51.164
-4.465;3.213;51.176
-4.481;3.196;51.182
-4.491;3.174;51.185
-4.509;3.146;51.192
-4.52;3.127;51.196
-4.269;3.477;51.104
-4.281;3.466;51.108
-4.292;3.457;51.112
-4.297;3.439;51.114
-4.307;3.436;51.117
-4.307;3.425;51.117
-4.33;3.399;51.126
-4.361;3.35;51.137
-4.374;3.346;51.142
-4.372;3.34;51.141
-4.389;3.318;51.147
-4.403;3.3;51.152
-4.441;3.258;51.166
-4.442;3.248;51.166
-4.45;3.244;51.169
-4.454;3.238;51.171
-4.468;3.209;51.176
-4.477;3.205;51.179
-4.484;3.187;51.181
-4.483;3.178;51.181
-4.495;3.168;51.185
-4.51;3.137;51.191
-4.522;3.118;51.195
-4.532;3.114;51.199
-4.532;3.107;51.199
-4.304;3.438;51.115
-4.312;3.42;51.118
-4.326;3.409;51.123
-4.336;3.388;51.126
-4.339;3.38;51.127
-4.345;3.376;51.13
-4.349;3.368;51.131
-4.352;3.36;51.132
-4.388;3.326;51.145
-4.391;3.309;51.146
-4.429;3.261;51.16
-4.457;3.228;51.17
-4.459;3.22;51.171
-4.5;3.15;51.185
-4.513;3.131;51.19
-4.538;3.08;51.199
-4.276;3.474;51.103
-4.29;3.466;51.108
-4.298;3.429;51.111
-4.398;3.306;51.147
-4.418;3.29;51.154
-4.425;3.287;51.157
-4.488;3.173;51.179
-4.499;3.158;51.183
-4.33;3.397;51.121
-4.366;3.329;51.134
-4.385;3.326;51.14
-4.405;3.292;51.148
-4.424;3.278;51.154
-4.476;3.198;51.173
-4.485;3.172;51.177
-4.278;3.469;51.1
-4.291;3.458;51.105
-4.345;3.378;51.124
-4.373;3.348;51.135
-4.368;3.326;51.133
-4.393;3.303;51.142
-4.396;3.297;51.143
-4.417;3.28;51.151
-4.449;3.245;51.162
-4.45;3.236;51.162
-4.464;3.216;51.167
-4.476;3.205;51.172
-4.505;3.148;51.182
-4.517;3.127;51.187
-4.53;3.114;51.191
-4.536;3.081;51.193
-4.543;3.076;51.196
-4.552;3.063;51.199
-4.292;3.447;51.104
-4.295;3.43;51.105
-4.304;3.425;51.108
-4.318;3.409;51.113
-4.333;3.388;51.119
-4.349;3.37;51.124
-4.358;3.348;51.127
-4.375;3.337;51.134
-4.393;3.319;51.14
-4.412;3.279;51.147
-4.439;3.25;51.157
-4.477;3.188;51.17
-4.49;3.168;51.175
-4.506;3.137;51.181
-4.534;3.107;51.191
-4.533;3.098;51.19
-4.547;3.068;51.196
-4.293;3.438;51.103
-4.35;3.361;51.123
-4.374;3.322;51.132
-4.391;3.319;51.138
-4.387;3.307;51.136
-4.4;3.289;51.141
-4.404;3.283;51.142
-4.456;3.221;51.161
-4.481;3.171;51.17
-4.495;3.151;51.175
-4.51;3.149;51.18
-4.525;3.125;51.186
-4.552;3.059;51.195
-4.31;3.421;51.107
-4.321;3.402;51.111
-4.336;3.383;51.116
-4.36;3.337;51.125
-4.362;3.331;51.126
-4.472;3.205;51.165
-4.549;3.064;51.193
-4.547;3.057;51.192
-4.547;3.051;51.192
-4.56;3.021;51.197
-4.371;3.323;51.127
-4.377;3.318;51.129
-4.388;3.292;51.133
-4.396;3.291;51.136
-4.404;3.284;51.139
-4.419;3.275;51.144
-4.429;3.264;51.148
-4.444;3.247;51.153
-4.467;3.203;51.162
-4.511;3.136;51.177
-4.527;3.118;51.183
-4.542;3.078;51.188
-4.556;3.039;51.193
-4.301;3.425;51.101
-4.311;3.417;51.104
-4.328;3.399;51.11
-4.352;3.367;51.119
-4.368;3.328;51.124
-4.393;3.3;51.133
-4.446;3.238;51.152
-4.456;3.229;51.156
-4.461;3.22;51.158
-4.473;3.197;51.162
-4.475;3.187;51.163
-4.487;3.168;51.167
-4.497;3.164;51.171
-4.499;3.156;51.171
-4.517;3.128;51.178
-4.529;3.107;51.182
-4.528;3.098;51.182
-4.537;3.094;51.185
-4.538;3.087;51.185
-4.545;3.051;51.188
-4.564;3.029;51.194
-4.567;3.017;51.196
-4.314;3.409;51.104
-4.329;3.388;51.109
-4.331;3.379;51.109
-4.344;3.372;51.114
-4.355;3.348;51.118
-4.365;3.334;51.122
-4.382;3.31;51.128
-4.409;3.281;51.138
-4.423;3.27;51.142
-4.438;3.251;51.148
-4.463;3.208;51.157
-4.516;3.12;51.176
-4.544;3.067;51.186
-4.569;3.01;51.194
-4.318;3.4;51.103
-4.358;3.34;51.117
-4.448;3.23;51.15
-4.493;3.164;51.166
-4.587;2.994;51.199
-4.587;2.986;51.199
-4.358;3.332;51.116
-4.388;3.306;51.127
-4.44;3.246;51.145
-4.466;3.204;51.154
-4.48;3.184;51.159
-4.481;3.177;51.16
-4.505;3.146;51.168
-4.52;3.115;51.174
-4.547;3.077;51.183
-4.561;3.043;51.188
-4.565;3.04;51.19
-4.566;3.01;51.19
-4.321;3.397;51.101
-4.345;3.374;51.109
-4.347;3.368;51.11
-4.359;3.364;51.115
-4.352;3.336;51.112
-4.4;3.297;51.129
-4.402;3.288;51.13
-4.429;3.264;51.14
-4.437;3.263;51.142
-4.457;3.227;51.149
-4.468;3.197;51.153
-4.53;3.105;51.175
-4.526;3.099;51.174
-4.535;3.087;51.177
-4.546;3.068;51.181
-4.55;3.058;51.183
-4.57;3.034;51.19
-4.571;3.031;51.19
-4.565;3.018;51.188
-4.586;3.005;51.195
-4.591;2.978;51.197
-4.336;3.378;51.105
-4.364;3.359;51.115
-4.375;3.334;51.119
-4.377;3.328;51.119
-4.403;3.278;51.129
-4.432;3.257;51.139
-4.444;3.238;51.143
-4.447;3.232;51.144
-4.456;3.217;51.147
-4.47;3.188;51.152
-4.477;3.183;51.155
-4.484;3.168;51.157
-4.5;3.136;51.163
-4.495;3.131;51.161
-4.502;3.12;51.164
-4.509;3.119;51.166
-4.578;3.006;51.191
-4.591;2.966;51.195
-4.326;3.38;51.1
-4.351;3.362;51.108
-4.361;3.351;51.112
-4.362;3.337;51.112
-4.371;3.334;51.115
-4.393;3.301;51.123
-4.397;3.295;51.125
-4.411;3.274;51.13
-4.434;3.252;51.138
-4.46;3.209;51.147
-4.49;3.164;51.158
-4.53;3.104;51.172
-4.342;3.374;51.104
-4.383;3.309;51.118
-4.407;3.27;51.127
-4.461;3.204;51.146
-4.476;3.177;51.151
-4.498;3.149;51.159
-4.569;3.036;51.184
-4.584;3.003;51.189
-4.596;2.957;51.194
-4.343;3.37;51.102
-4.341;3.366;51.101
-4.34;3.362;51.101
-4.358;3.356;51.108
-4.357;3.347;51.107
-4.381;3.315;51.116
-4.392;3.292;51.119
-4.399;3.291;51.122
-4.437;3.247;51.136
-4.464;3.197;51.145
-4.472;3.18;51.148
-4.486;3.162;51.153
-4.491;3.156;51.155
-4.506;3.131;51.16
-4.508;3.119;51.161
-4.518;3.117;51.164
-4.53;3.098;51.168
-4.547;3.068;51.175
-4.553;3.056;51.177
-4.559;3.043;51.179
-4.57;3.028;51.183
-4.585;2.998;51.188
-4.585;2.989;51.188
-4.592;2.978;51.191
-4.601;2.95;51.194
-4.614;2.94;51.198
-4.358;3.338;51.106
-4.4;3.277;51.121
-4.413;3.269;51.125
-4.425;3.265;51.129
-4.428;3.259;51.131
-4.441;3.239;51.135
-4.445;3.233;51.137
-4.471;3.18;51.146
-4.481;3.169;51.149
-4.483;3.161;51.15
-4.506;3.138;51.158
-4.515;3.127;51.162
-4.519;3.107;51.163
-4.532;3.089;51.167
-4.546;3.078;51.172
-4.549;3.059;51.173
-4.573;3.008;51.182
-4.577;3.002;51.184
-4.59;2.968;51.188
-4.345;3.358;51.1
-4.372;3.318;51.109
-4.376;3.302;51.111
-4.387;3.29;51.114
-4.429;3.25;51.13
-4.454;3.218;51.138
-4.455;3.211;51.139
-4.496;3.15;51.153
-4.55;3.048;51.172
-4.35;3.35;51.1
-4.35;3.341;51.1
-4.362;3.33;51.104
-4.378;3.31;51.11
-4.39;3.281;51.114
-4.402;3.272;51.118
-4.42;3.267;51.124
-4.474;3.188;51.143
-4.551;3.046;51.171
-4.567;3.037;51.176
-4.605;2.945;51.19
-4.62;2.937;51.195
-4.631;2.908;51.199
-4.63;2.897;51.199
-4.376;3.308;51.107
-4.393;3.287;51.113
-4.431;3.259;51.127
-4.432;3.246;51.127
-4.443;3.234;51.131
-4.459;3.208;51.137
-4.472;3.194;51.141
-4.472;3.177;51.141
-4.485;3.158;51.146
-4.522;3.124;51.159
-4.525;3.098;51.16
-4.539;3.087;51.165
-4.553;3.057;51.17
-4.578;3.008;51.179
-4.59;2.985;51.183
-4.591;2.978;51.183
-4.592;2.968;51.183
-4.597;2.96;51.185
-4.599;2.95;51.186
-4.607;2.942;51.189
-4.623;2.928;51.194
-4.629;2.912;51.197
-4.366;3.326;51.102
-4.394;3.278;51.112
-4.407;3.267;51.116
-4.415;3.259;51.119
-4.435;3.238;51.126
-4.455;3.213;51.133
-4.484;3.166;51.144
-4.503;3.131;51.15
-4.515;3.128;51.155
-4.522;3.122;51.157
-4.516;3.116;51.155
-4.516;3.113;51.155
-4.525;3.106;51.158
-4.55;3.075;51.167
-4.553;3.068;51.168
-4.569;3.028;51.173
-4.58;3.024;51.177
-4.58;3.019;51.177
-4.584;2.991;51.179
-4.611;2.919;51.189
-4.627;2.911;51.194
-4.636;2.889;51.197
-4.381;3.298;51.106
-4.386;3.292;51.107
-4.399;3.271;51.112
-4.421;3.257;51.12
-4.462;3.199;51.134
-4.488;3.149;51.143
-4.508;3.138;51.15
-4.53;3.092;51.158
-4.547;3.083;51.164
-4.557;3.04;51.168
-4.373;3.312;51.101
-4.41;3.26;51.114
-4.424;3.249;51.119
-4.464;3.192;51.133
-4.478;3.17;51.138
-4.483;3.166;51.14
-4.504;3.138;51.147
-4.545;3.05;51.162
-4.558;3.032;51.166
-4.573;3.025;51.171
-4.642;2.886;51.196
-4.427;3.244;51.119
-4.436;3.231;51.122
-4.509;3.128;51.147
-4.544;3.081;51.16
-4.55;3.079;51.162
-4.553;3.069;51.163
-4.549;3.059;51.162
-4.558;3.035;51.165
-4.575;3.006;51.171
-4.577;2.998;51.171
-4.591;2.986;51.176
-4.615;2.938;51.185
-4.625;2.914;51.188
-4.63;2.909;51.19
-4.388;3.288;51.103
-4.4;3.268;51.107
-4.456;3.208;51.127
-4.469;3.187;51.132
-4.475;3.163;51.134
-4.477;3.16;51.134
-4.487;3.15;51.138
-4.52;3.114;51.15
-4.524;3.11;51.151
-4.526;3.098;51.152
-4.537;3.087;51.156
-4.538;3.078;51.156
-4.543;3.052;51.158
-4.564;3.031;51.165
-4.576;3.019;51.169
-4.594;2.978;51.175
-4.592;2.969;51.175
-4.606;2.948;51.18
-4.616;2.927;51.183
-4.615;2.918;51.183
-4.63;2.898;51.188
-4.646;2.866;51.194
-4.655;2.857;51.197
-4.401;3.276;51.106
-4.431;3.239;51.117
-4.436;3.232;51.118
-4.445;3.228;51.122
-4.499;3.138;51.14
-4.511;3.119;51.145
-4.516;3.115;51.146
-4.53;3.104;51.151
-4.527;3.092;51.15
-4.571;3.019;51.166
-4.58;2.989;51.169
-4.596;2.964;51.174
-4.642;2.861;51.191
-4.66;2.85;51.197
-4.404;3.259;51.105
-4.459;3.2;51.125
-4.473;3.168;51.129
-4.553;3.039;51.158
-4.556;3.035;51.159
-4.572;3.025;51.164
-4.634;2.862;51.186
-4.423;3.253;51.11
-4.424;3.248;51.111
-4.505;3.127;51.139
-4.529;3.101;51.148
-4.531;3.087;51.148
-4.566;3.018;51.16
-4.571;3.007;51.162
-4.565;3.0;51.16
-4.595;2.981;51.171
-4.607;2.947;51.175
-4.631;2.891;51.183
-4.648;2.875;51.189
-4.663;2.845;51.195
-4.449;3.225;51.118
-4.463;3.196;51.123
-4.513;3.113;51.14
-4.518;3.109;51.142
-4.547;3.058;51.152
-4.552;3.033;51.154
-4.572;2.996;51.161
-4.594;2.983;51.169
-4.6;2.958;51.171
-4.606;2.955;51.173
-4.622;2.926;51.178
-4.626;2.917;51.18
-4.627;2.907;51.18
-4.632;2.901;51.182
-4.633;2.897;51.182
-4.64;2.868;51.185
-4.638;2.862;51.184
-4.657;2.852;51.191
-4.666;2.838;51.194
-4.668;2.828;51.194
-4.42;3.242;51.106
-4.425;3.239;51.108
-4.44;3.23;51.113
-4.452;3.218;51.117
-4.454;3.208;51.118
-4.466;3.188;51.122
-4.475;3.178;51.125
-4.48;3.16;51.127
-4.507;3.12;51.136
-4.51;3.11;51.137
-4.525;3.081;51.143
-4.534;3.079;51.146
-4.546;3.068;51.15
-4.55;3.048;51.151
-4.56;3.017;51.155
-4.564;3.001;51.156
-4.576;2.987;51.16
-4.594;2.98;51.167
-4.588;2.969;51.165
-4.606;2.953;51.171
-4.614;2.93;51.174
-4.41;3.254;51.101
-4.446;3.224;51.113
-4.469;3.168;51.121
-4.492;3.157;51.129
-4.495;3.149;51.131
-4.495;3.138;51.13
-4.54;3.074;51.146
-4.564;3.009;51.154
-4.576;2.981;51.159
-4.59;2.962;51.164
-4.657;2.854;51.187
-4.684;2.808;51.197
-4.414;3.248;51.1
-4.417;3.242;51.102
-4.442;3.223;51.11
-4.457;3.201;51.115
-4.473;3.184;51.121
-4.579;2.988;51.158
-4.595;2.957;51.164
-4.621;2.927;51.173
-4.643;2.875;51.18
-4.645;2.867;51.181
-4.66;2.848;51.186
-4.672;2.826;51.19
-4.685;2.815;51.195
-4.687;2.796;51.196
-4.477;3.179;51.121
-4.49;3.159;51.125
-4.5;3.126;51.129
-4.51;3.115;51.132
-4.536;3.072;51.141
-4.555;3.037;51.148
-4.556;3.027;51.148
-4.564;3.006;51.151
-4.579;2.995;51.156
-4.59;2.966;51.16
-4.607;2.946;51.166
-4.607;2.938;51.166
-4.63;2.916;51.174
-4.628;2.902;51.173
-4.637;2.887;51.176
-4.65;2.859;51.181
-4.665;2.831;51.186
-4.675;2.817;51.19
-4.435;3.235;51.105
-4.46;3.208;51.113
-4.46;3.198;51.113
-4.473;3.166;51.118
-4.496;3.153;51.126
-4.516;3.099;51.133
-4.534;3.073;51.139
-4.54;3.071;51.141
-4.557;3.02;51.147
-4.561;3.012;51.148
-4.569;2.998;51.151
-4.581;2.977;51.155
-4.585;2.971;51.157
-4.63;2.915;51.172
-4.638;2.88;51.175
-4.683;2.815;51.191
-4.68;2.802;51.19
-4.439;3.229;51.104
-4.449;3.218;51.107
-4.449;3.211;51.108
-4.464;3.188;51.113
-4.473;3.159;51.116
-4.495;3.15;51.124
-4.492;3.146;51.123
-4.492;3.139;51.123
-4.504;3.119;51.127
-4.52;3.091;51.132
-4.576;2.991;51.152
-4.568;2.981;51.149
-4.597;2.949;51.159
-4.622;2.919;51.168
-4.626;2.908;51.169
-4.627;2.905;51.17
-4.68;2.805;51.188
-4.693;2.784;51.193
-4.709;2.763;51.198
-4.431;3.236;51.1
-4.441;3.233;51.103
-4.438;3.221;51.102
-4.465;3.179;51.111
-4.508;3.115;51.127
-4.569;2.988;51.148
-4.589;2.966;51.155
-4.584;2.959;51.153
-4.6;2.945;51.159
-4.614;2.925;51.163
-4.639;2.886;51.172
-4.64;2.876;51.172
-4.652;2.856;51.177
-4.696;2.777;51.192
-4.458;3.206;51.107
-4.465;3.171;51.11
-4.467;3.166;51.11
-4.477;3.149;51.114
-4.494;3.135;51.12
-4.498;3.131;51.121
-4.527;3.08;51.131
-4.549;3.046;51.139
-4.56;3.016;51.143
-4.565;2.98;51.144
-4.575;2.977;51.148
-4.604;2.938;51.158
-4.631;2.898;51.167
-4.643;2.868;51.172
-4.657;2.848;51.176
-4.662;2.841;51.178
-4.666;2.834;51.179
-4.668;2.828;51.18
-4.683;2.798;51.185
-4.711;2.748;51.195
-4.716;2.732;51.197
-4.443;3.216;51.1
-4.442;3.209;51.1
-4.456;3.198;51.105
-4.479;3.151;51.113
-4.476;3.141;51.112
-4.485;3.138;51.115
-4.505;3.113;51.122
-4.511;3.108;51.124
-4.524;3.089;51.129
-4.537;3.068;51.133
-4.556;3.021;51.14
-4.576;2.995;51.147
-4.584;2.96;51.149
-4.591;2.95;51.152
-4.616;2.918;51.16
-4.632;2.887;51.166
-4.647;2.861;51.171
-4.673;2.816;51.18
-4.673;2.809;51.18
-4.687;2.79;51.185
-4.699;2.768;51.189
-4.699;2.761;51.189
-4.715;2.738;51.195
-4.463;3.169;51.106
-4.478;3.157;51.111
-4.491;3.135;51.116
-4.498;3.119;51.118
-4.521;3.095;51.126
-4.54;3.058;51.132
-4.552;3.037;51.136
-4.553;3.028;51.137
-4.569;3.001;51.142
-4.58;2.969;51.146
-4.609;2.931;51.156
-4.619;2.909;51.16
-4.729;2.718;51.198
-4.458;3.187;51.102
-4.463;3.18;51.104
-4.472;3.159;51.107
-4.478;3.149;51.109
-4.486;3.129;51.112
-4.49;3.125;51.113
-4.505;3.114;51.118
-4.514;3.101;51.122
-4.535;3.077;51.129
-4.542;3.051;51.131
-4.543;3.046;51.132
-4.597;2.945;51.15
-4.612;2.926;51.155
-4.622;2.904;51.159
-4.648;2.866;51.168
-4.666;2.838;51.174
-4.703;2.775;51.187
-4.701;2.769;51.187
-4.705;2.758;51.188
-4.715;2.744;51.191
-4.718;2.729;51.192
-4.732;2.707;51.197
-4.474;3.147;51.106
-4.474;3.14;51.106
-4.501;3.11;51.115
-4.502;3.107;51.116
-4.559;3.019;51.135
-4.569;3.009;51.139
-4.569;2.997;51.139
-4.572;2.987;51.14
-4.577;2.972;51.142
-4.626;2.898;51.159
-4.651;2.857;51.167
-4.68;2.808;51.177
-4.686;2.792;51.179
-4.691;2.786;51.181
-4.694;2.779;51.182
-4.699;2.761;51.184
-4.717;2.739;51.19
-4.463;3.184;51.101
-4.488;3.123;51.109
-4.491;3.117;51.11
-4.52;3.096;51.12
-4.532;3.086;51.124
-4.536;3.079;51.126
-4.527;3.07;51.123
-4.534;3.067;51.125
-4.542;3.055;51.128
-4.554;3.034;51.132
-4.555;3.026;51.132
-4.567;3.014;51.137
-4.589;2.951;51.144
-4.601;2.938;51.148
-4.612;2.918;51.152
-4.614;2.912;51.153
-4.63;2.881;51.158
-4.655;2.847;51.167
-4.665;2.827;51.171
-4.669;2.819;51.172
-4.683;2.797;51.177
-4.735;2.7;51.195
-4.465;3.179;51.1
-4.468;3.161;51.101
-4.527;3.092;51.121
-4.551;3.042;51.129
-4.566;3.015;51.134
-4.567;3.012;51.135
-4.564;3.005;51.134
-4.643;2.868;51.161
-4.644;2.862;51.161
-4.657;2.842;51.166
-4.699;2.775;51.18
-4.724;2.715;51.189
-4.47;3.139;51.1
-4.482;3.129;51.104
-4.486;3.123;51.105
-4.496;3.111;51.109
-4.507;3.1;51.112
-4.514;3.095;51.115
-4.524;3.088;51.118
-4.522;3.08;51.118
-4.528;3.076;51.119
-4.522;3.069;51.118
-4.538;3.06;51.123
-4.535;3.047;51.122
-4.566;2.998;51.133
-4.602;2.929;51.145
-4.605;2.926;51.146
-4.62;2.905;51.151
-4.632;2.895;51.156
-4.711;2.754;51.183
-4.74;2.695;51.193
-4.746;2.682;51.195
-4.538;3.055;51.121
-4.537;3.042;51.121
-4.563;3.0;51.13
-4.581;2.978;51.136
-4.591;2.957;51.14
-4.633;2.888;51.154
-4.648;2.858;51.159
-4.65;2.848;51.16
-4.661;2.839;51.164
-4.662;2.828;51.164
-4.686;2.797;51.172
-4.687;2.787;51.173
-4.712;2.747;51.181
-4.717;2.727;51.183
-4.719;2.722;51.184
-4.754;2.675;51.196
-4.499;3.106;51.106
-4.553;3.038;51.125
-4.554;3.018;51.125
-4.554;3.008;51.125
-4.571;2.983;51.131
-4.603;2.938;51.142
-4.608;2.917;51.144
-4.608;2.907;51.144
-4.64;2.863;51.155
-4.687;2.806;51.171
-4.692;2.781;51.173
-4.704;2.759;51.177
-4.732;2.702;51.186
-4.759;2.671;51.196
-4.485;3.125;51.1
-4.489;3.119;51.101
-4.517;3.088;51.111
-4.515;3.078;51.11
-4.529;3.067;51.115
-4.664;2.819;51.161
-4.678;2.812;51.166
-4.76;2.665;51.194
-4.505;3.092;51.105
-4.517;3.07;51.109
-4.532;3.06;51.114
-4.542;3.04;51.117
-4.556;2.998;51.122
-4.579;2.986;51.13
-4.587;2.953;51.133
-4.599;2.939;51.137
-4.599;2.928;51.137
-4.599;2.921;51.137
-4.61;2.901;51.141
-4.625;2.889;51.146
-4.705;2.753;51.174
-4.737;2.697;51.185
-4.748;2.688;51.188
-4.749;2.678;51.189
-4.769;2.65;51.196
-4.535;3.055;51.113
-4.575;2.986;51.127
-4.585;2.959;51.131
-4.64;2.877;51.15
-4.639;2.866;51.149
-4.669;2.817;51.159
-4.686;2.81;51.165
-4.704;2.752;51.172
-4.709;2.748;51.173
-4.721;2.737;51.177
-4.718;2.727;51.176
-4.723;2.717;51.178
-4.725;2.709;51.179
-4.75;2.669;51.187
-4.775;2.646;51.196
-4.778;2.638;51.197
-4.779;-0.249;51.199
-4.507;3.087;51.102
-4.535;3.048;51.112
-4.549;3.036;51.117
-4.55;3.026;51.117
-4.602;2.937;51.135
-4.605;2.907;51.136
-4.617;2.897;51.14
-4.632;2.885;51.145
-4.645;2.862;51.149
-4.654;2.856;51.153
-4.656;2.846;51.153
-4.658;2.837;51.154
-4.659;2.829;51.154
-4.688;2.797;51.164
-4.675;2.787;51.16
-4.687;2.781;51.164
-4.698;2.768;51.168
-4.717;2.73;51.174
-4.511;3.079;51.102
-4.519;3.074;51.105
-4.522;3.068;51.106
-4.528;3.059;51.108
-4.544;3.027;51.113
-4.554;3.018;51.116
-4.553;3.009;51.116
-4.566;2.988;51.121
-4.601;2.927;51.133
-4.604;2.918;51.134
-4.635;2.877;51.144
-4.672;2.812;51.157
-4.712;2.741;51.171
-4.742;2.682;51.181
-4.795;2.596;51.199
-4.766;-0.248;51.191
-4.538;3.039;51.109
-4.553;3.001;51.115
-4.564;2.995;51.118
-4.584;2.966;51.125
-4.583;2.962;51.125
-4.593;2.939;51.128
-4.689;2.796;51.161
-4.717;2.738;51.171
-4.718;2.727;51.171
-4.731;2.707;51.175
-4.744;2.694;51.18
-4.74;2.686;51.178
-4.745;2.677;51.18
-4.761;2.666;51.185
-4.78;2.631;51.192
-4.785;2.625;51.194
-4.798;2.587;51.198
-4.52;3.075;51.101
-4.518;3.069;51.101
-4.595;2.93;51.127
-4.604;2.902;51.13
-4.623;2.894;51.137
-4.636;2.885;51.141
-4.652;2.855;51.147
-4.664;2.825;51.151
-4.676;2.807;51.155
-4.685;2.783;51.158
-4.693;2.778;51.161
-4.723;2.712;51.171
-4.735;2.699;51.175
-4.766;2.66;51.185
-4.777;2.638;51.189
-4.794;2.599;51.195
-4.802;2.577;51.198
-4.789;2.562;51.193
-4.793;2.561;51.195
-4.799;2.559;51.197
-4.798;-0.248;51.198
-4.533;3.057;51.104
-4.545;3.035;51.108
-4.543;3.027;51.108
-4.57;2.985;51.117
-4.573;2.978;51.118
-4.584;2.958;51.122
-4.587;2.948;51.122
-4.603;2.903;51.128
-4.625;2.888;51.136
-4.638;2.877;51.14
-4.637;2.867;51.14
-4.653;2.848;51.145
-4.662;2.843;51.148
-4.663;2.842;51.149
-4.678;2.796;51.154
-4.682;2.788;51.155
-4.702;2.77;51.162
-4.698;2.761;51.161
-4.703;2.755;51.162
-4.706;2.748;51.163
-4.721;2.718;51.168
-4.737;2.69;51.174
-4.75;2.672;51.178
-4.788;2.609;51.191
-4.788;2.598;51.191
-4.788;2.59;51.191
-4.79;2.567;51.192
-4.785;-0.249;51.192
-4.764;-0.252;51.185
-4.532;3.048;51.102
-4.549;3.009;51.108
-4.57;2.996;51.115
-4.579;2.951;51.118
-4.58;2.949;51.119
-4.587;2.939;51.121
-4.594;2.934;51.123
-4.594;2.932;51.123
-4.6;2.927;51.125
-4.614;2.899;51.13
-4.641;2.86;51.139
-4.66;2.844;51.146
-4.711;2.74;51.163
-4.765;2.664;51.181
-4.766;2.656;51.182
-4.773;-0.251;51.186
-4.535;3.04;51.101
-4.563;2.99;51.111
-4.577;2.969;51.116
-4.636;2.878;51.136
-4.658;2.831;51.143
-4.658;2.827;51.143
-4.654;2.818;51.142
-4.669;2.807;51.147
-4.685;2.785;51.153
-4.701;2.775;51.158
-4.753;2.665;51.176
-4.784;2.629;51.186
-4.79;2.613;51.188
-4.803;2.576;51.193
-4.811;2.562;51.196
-4.82;2.557;51.199
-4.806;-0.251;51.196
-4.769;-0.253;51.183
-4.569;2.996;51.111
-4.594;2.936;51.12
-4.589;2.915;51.118
-4.622;2.888;51.129
-4.63;2.872;51.132
-4.635;2.868;51.134
-4.659;2.838;51.142
-4.675;2.814;51.147
-4.701;2.767;51.156
-4.702;2.758;51.156
-4.715;2.728;51.161
-4.727;2.708;51.165
-4.742;2.686;51.17
-4.756;2.656;51.175
-4.78;2.637;51.183
-4.79;2.607;51.186
-4.782;2.589;51.184
-4.797;2.585;51.189
-4.797;2.567;51.189
-4.823;2.548;51.198
-4.781;-0.251;51.185
-4.54;3.026;51.1
-4.567;2.987;51.109
-4.578;2.965;51.113
-4.581;2.959;51.114
-4.597;2.918;51.119
-4.617;2.904;51.126
-4.62;2.898;51.127
-4.62;2.878;51.127
-4.646;2.856;51.136
-4.642;2.822;51.135
-4.668;2.806;51.143
-4.688;2.778;51.15
-4.719;2.722;51.161
-4.731;2.698;51.165
-4.743;2.678;51.169
-4.746;2.662;51.17
-4.77;2.648;51.178
-4.799;2.578;51.188
-4.795;-0.249;51.188
-4.551;3.015;51.102
-4.555;3.009;51.103
-4.555;2.998;51.103
-4.568;2.978;51.108
-4.581;2.95;51.112
-4.596;2.929;51.117
-4.605;2.918;51.12
-4.615;2.883;51.123
-4.652;2.847;51.136
-4.651;2.817;51.136
-4.697;2.774;51.151
-4.706;2.748;51.154
-4.707;2.741;51.155
-4.734;2.689;51.164
-4.758;2.652;51.172
-4.828;2.543;51.196
-4.774;-0.258;51.179
-4.57;2.969;51.106
-4.6;2.909;51.117
-4.602;2.902;51.117
-4.624;2.869;51.125
-4.638;2.861;51.129
-4.654;2.841;51.135
-4.679;2.789;51.144
-4.709;2.738;51.154
-4.787;2.626;51.18
-4.79;2.618;51.181
-4.792;2.608;51.182
-4.793;2.581;51.182
-4.806;2.57;51.187
-4.843;2.527;51.199
-4.584;2.941;51.11
-4.61;2.899;51.118
-4.611;2.887;51.119
-4.655;2.837;51.134
-4.655;2.83;51.133
-4.667;2.814;51.138
-4.682;2.784;51.143
-4.696;2.766;51.147
-4.724;2.718;51.157
-4.736;2.705;51.161
-4.756;2.653;51.168
-4.763;2.649;51.17
-4.776;2.643;51.175
-4.781;2.639;51.176
-4.805;2.576;51.184
-4.82;2.549;51.19
-4.833;2.539;51.194
-4.846;2.517;51.198
-4.847;2.508;51.199
-4.805;-0.251;51.186
-4.778;-0.253;51.177
-4.775;-0.258;51.176
-4.563;2.987;51.101
-4.576;2.957;51.105
-4.591;2.937;51.11
-4.603;2.924;51.114
-4.618;2.897;51.119
-4.627;2.866;51.122
-4.625;2.862;51.122
-4.645;2.858;51.128
-4.654;2.845;51.131
-4.648;2.826;51.13
-4.648;2.822;51.129
-4.679;2.804;51.14
-4.68;2.795;51.14
-4.688;2.779;51.143
-4.697;2.759;51.146
-4.705;2.743;51.149
-4.712;2.729;51.151
-4.715;2.722;51.152
-4.728;2.71;51.157
-4.738;2.698;51.16
-4.753;2.659;51.165
-4.837;2.534;51.193
-4.854;2.455;51.199
-4.853;2.45;51.199
-4.832;-0.245;51.193
-4.817;-0.25;51.189
-4.792;-0.25;51.18
-4.577;2.966;51.104
-4.572;2.961;51.102
-4.606;2.918;51.113
-4.6;2.907;51.112
-4.619;2.879;51.118
-4.624;2.873;51.119
-4.624;2.861;51.119
-4.63;2.857;51.122
-4.66;2.818;51.132
-4.678;2.805;51.138
-4.677;2.789;51.137
-4.689;2.77;51.141
-4.7;2.748;51.145
-4.743;2.681;51.16
-4.797;2.595;51.178
-4.85;2.504;51.196
-4.768;-0.258;51.17
-4.583;2.941;51.104
-4.593;2.928;51.107
-4.599;2.924;51.109
-4.604;2.899;51.111
-4.61;2.888;51.113
-4.646;2.849;51.125
-4.676;2.802;51.135
-4.744;2.677;51.158
-4.782;2.643;51.171
-4.786;2.617;51.173
-4.817;2.561;51.183
-4.824;2.545;51.185
-4.826;2.536;51.186
-4.842;2.527;51.191
-4.854;2.498;51.196
-4.864;2.478;51.199
-4.854;-0.245;51.197
-4.814;-0.253;51.184
-4.647;2.84;51.124
-4.663;2.814;51.129
-4.678;2.788;51.134
-4.692;2.775;51.139
-4.703;2.744;51.143
-4.719;2.718;51.148
-4.731;2.704;51.152
-4.745;2.668;51.157
-4.75;2.662;51.159
-4.755;2.656;51.16
-4.759;2.648;51.162
-4.773;2.644;51.166
-4.784;2.639;51.17
-4.786;2.629;51.171
-4.79;2.6;51.172
-4.799;2.587;51.175
-4.803;2.579;51.177
-4.806;2.571;51.177
-4.813;2.565;51.18
-4.821;2.555;51.183
-4.843;2.518;51.19
-4.845;2.511;51.191
-4.861;2.484;51.196
-4.787;-0.253;51.173
-4.625;2.878;51.115
-4.634;2.852;51.118
-4.678;2.798;51.133
-4.692;2.768;51.137
-4.697;2.752;51.139
-4.72;2.709;51.147
-4.734;2.697;51.151
-4.733;2.686;51.151
-4.775;2.616;51.165
-4.774;2.612;51.165
-4.787;2.608;51.169
-4.833;2.534;51.185
-4.855;2.488;51.192
-4.84;-0.249;51.189
-4.828;-0.25;51.185
-4.799;-0.252;51.175
-4.775;-0.255;51.167
-4.77;-0.259;51.165
-4.599;2.917;51.104
-4.61;2.896;51.108
-4.613;2.888;51.109
-4.623;2.883;51.112
-4.633;2.853;51.116
-4.639;2.847;51.118
-4.653;2.828;51.122
-4.656;2.822;51.123
-4.668;2.806;51.128
-4.68;2.78;51.131
-4.697;2.758;51.137
-4.71;2.729;51.142
-4.782;2.643;51.166
-4.855;2.482;51.19
-4.876;2.438;51.198
-4.602;2.909;51.104
-4.605;2.903;51.104
-4.63;2.858;51.113
-4.687;2.776;51.132
-4.779;2.63;51.163
-4.777;2.628;51.162
-4.822;2.557;51.177
-4.835;2.528;51.182
-4.844;2.515;51.185
-4.847;2.507;51.186
-4.857;2.498;51.189
-4.863;2.478;51.191
-4.873;2.458;51.195
-4.869;2.45;51.193
-4.875;2.446;51.195
-4.877;2.429;51.196
-4.886;2.407;51.199
-4.854;-0.248;51.19
-4.77;-0.258;51.162
-4.643;2.842;51.115
-4.676;2.805;51.126
-4.713;2.726;51.139
-4.741;2.677;51.149
-4.753;2.668;51.152
-4.753;2.657;51.152
-4.781;2.637;51.162
-4.78;2.617;51.162
-4.794;2.597;51.166
-4.806;2.577;51.17
-4.809;2.568;51.171
-4.822;2.548;51.176
-4.824;2.539;51.176
-4.829;2.531;51.178
-4.854;2.481;51.186
-4.864;2.461;51.19
-4.88;2.421;51.195
-4.876;-0.245;51.195
-4.848;-0.25;51.186
-4.835;-0.251;51.182
-4.822;-0.25;51.177
-4.616;2.871;51.105
-4.659;2.816;51.119
-4.676;2.797;51.125
-4.699;2.754;51.132
-4.703;2.748;51.134
-4.707;2.74;51.135
-4.715;2.717;51.138
-4.723;2.703;51.141
-4.726;2.696;51.142
-4.737;2.683;51.145
-4.756;2.65;51.152
-4.773;2.626;51.157
-4.785;2.61;51.161
-4.797;2.588;51.166
-4.852;2.5;51.184
-4.855;2.497;51.185
-4.862;-0.249;51.189
-4.81;-0.254;51.171
-4.784;-0.253;51.163
-4.607;2.897;51.1
-4.637;2.849;51.11
-4.648;2.838;51.114
-4.662;2.809;51.118
-4.674;2.788;51.122
-4.689;2.769;51.128
-4.69;2.758;51.128
-4.708;2.731;51.134
-4.719;2.709;51.137
-4.729;2.688;51.141
-4.749;2.664;51.148
-4.773;2.62;51.156
-4.814;2.563;51.169
-4.84;2.519;51.178
-4.869;2.455;51.188
-4.884;2.418;51.193
-4.797;-0.255;51.165
-4.615;2.872;51.101
-4.625;2.867;51.104
-4.668;2.791;51.119
-4.677;2.779;51.122
-4.746;2.668;51.145
-4.774;2.634;51.154
-4.799;2.583;51.163
-4.841;2.525;51.177
-4.85;2.49;51.18
-4.87;2.449;51.186
-4.882;2.44;51.19
-4.876;2.43;51.188
-4.894;2.394;51.194
-4.899;2.377;51.196
-4.899;-0.241;51.198
-4.872;-0.247;51.189
-4.77;-0.254;51.154
-4.641;2.842;51.108
-4.729;2.693;51.137
-4.736;2.678;51.14
-4.754;2.651;51.146
-4.777;2.629;51.153
-4.776;2.615;51.153
-4.781;2.611;51.155
-4.818;2.558;51.167
-4.828;2.537;51.17
-4.832;2.529;51.172
-4.838;2.521;51.174
-4.847;2.509;51.177
-4.86;2.479;51.181
-4.862;2.46;51.182
-4.888;2.407;51.19
-4.885;-0.243;51.191
-4.859;-0.25;51.183
-4.819;-0.252;51.169
-4.807;-0.255;51.165
-4.655;2.826;51.111
-4.694;2.754;51.124
-4.724;2.707;51.134
-4.728;2.699;51.135
-4.75;2.656;51.142
-4.767;2.639;51.148
-4.772;2.637;51.15
-4.793;2.599;51.157
-4.796;2.59;51.158
-4.805;2.578;51.161
-4.808;2.568;51.162
-4.822;2.549;51.166
-4.823;2.543;51.167
-4.86;2.468;51.179
-4.879;2.445;51.186
-4.892;2.397;51.19
-4.871;-0.248;51.185
-4.846;-0.251;51.176
-4.835;-0.253;51.173
-4.789;-0.255;51.157
-4.781;-0.256;51.155
-4.63;2.864;51.101
-4.699;2.748;51.124
-4.712;2.728;51.128
-4.714;2.718;51.129
-4.717;2.712;51.13
-4.735;2.688;51.136
-4.838;2.526;51.17
-4.89;2.403;51.187
-4.903;2.375;51.192
-4.906;2.368;51.193
-4.911;2.35;51.195
-4.915;2.343;51.196
-4.916;2.334;51.196
-4.923;2.33;51.199
-4.906;-0.239;51.195
-4.78;-0.259;51.152
-4.637;2.843;51.101
-4.646;2.838;51.104
-4.66;2.819;51.109
-4.66;2.808;51.109
-4.663;2.8;51.11
-4.673;2.789;51.113
-4.677;2.781;51.115
-4.689;2.759;51.119
-4.727;2.67;51.131
-4.743;2.663;51.137
-4.769;2.631;51.145
-4.768;2.617;51.145
-4.811;2.575;51.159
-4.839;2.518;51.169
-4.851;2.505;51.172
-4.852;2.498;51.173
-4.852;2.487;51.173
-4.865;2.457;51.177
-4.871;2.45;51.179
-4.878;2.437;51.182
-4.879;2.426;51.182
-4.882;2.417;51.183
-4.902;2.384;51.19
-4.91;2.358;51.192
-4.921;-0.238;51.198
-4.853;-0.252;51.175
-4.814;-0.256;51.162
-4.808;-0.257;51.16
-4.768;-0.257;51.147
-4.638;2.857;51.1
-4.648;2.831;51.103
-4.702;2.741;51.121
-4.767;2.613;51.143
-4.772;2.612;51.145
-4.787;2.608;51.15
-4.803;2.582;51.155
-4.821;2.555;51.161
-4.824;2.547;51.162
-4.829;2.539;51.164
-4.883;2.408;51.182
-4.895;2.389;51.185
-4.894;-0.241;51.187
-4.882;-0.245;51.183
-4.866;-0.249;51.178
-4.839;-0.253;51.169
-4.68;2.777;51.112
-4.692;2.766;51.116
-4.691;2.755;51.116
-4.733;2.677;51.13
-4.748;2.659;51.135
-4.759;2.655;51.138
-4.761;2.648;51.139
-4.762;2.638;51.139
-4.773;2.628;51.143
-4.799;2.587;51.152
-4.815;2.557;51.157
-4.831;2.528;51.162
-4.843;2.509;51.166
-4.884;2.399;51.18
-4.9;2.384;51.185
-4.925;2.333;51.194
-4.879;-0.249;51.18
-4.827;-0.255;51.163
-4.668;2.8;51.106
-4.679;2.796;51.11
-4.678;2.789;51.11
-4.717;2.714;51.123
-4.719;2.709;51.123
-4.737;2.688;51.129
-4.734;2.668;51.128
-4.845;2.502;51.165
-4.903;2.377;51.185
-4.912;2.355;51.188
-4.92;2.339;51.19
-4.928;2.328;51.193
-4.943;2.306;51.198
-4.94;2.299;51.197
-4.94;2.286;51.197
-4.944;2.278;51.198
-4.916;-0.239;51.19
-4.813;-0.258;51.156
-4.653;2.828;51.1
-4.656;2.818;51.101
-4.696;2.749;51.114
-4.699;2.742;51.115
-4.709;2.727;51.118
-4.71;2.72;51.118
-4.723;2.702;51.123
-4.765;2.632;51.137
-4.816;2.553;51.154
-4.818;2.548;51.155
-4.833;2.535;51.159
-4.862;2.467;51.169
-4.867;2.461;51.171
-4.873;2.455;51.173
-4.875;2.448;51.173
-4.874;2.438;51.173
-4.882;2.421;51.176
-4.884;2.416;51.176
-4.885;2.408;51.177
-4.894;2.382;51.18
-4.908;2.36;51.184
-4.917;2.347;51.187
-4.932;2.319;51.192
-4.943;-0.238;51.198
-4.801;-0.26;51.151
-4.787;-0.259;51.146
-4.779;-0.258;51.143
-4.683;2.772;51.108
-4.688;2.767;51.109
-4.727;2.698;51.123
-4.732;2.672;51.124
-4.772;2.612;51.137
-4.837;2.517;51.159
-4.841;2.5;51.16
-4.846;2.498;51.162
-4.85;2.488;51.163
-4.852;2.479;51.164
-4.878;2.427;51.173
-4.906;2.37;51.182
-4.931;-0.238;51.192
-4.902;-0.24;51.182
-4.888;-0.244;51.178
-4.877;-0.249;51.174
-4.853;-0.253;51.166
-4.837;-0.253;51.161
-4.821;-0.258;51.155
-4.809;-0.259;51.151
-4.684;2.76;51.107
-4.742;2.667;51.126
-4.755;2.656;51.13
-4.761;2.641;51.132
-4.766;2.633;51.134
-4.772;2.619;51.136
-4.798;2.607;51.144
-4.799;2.598;51.144
-4.802;2.59;51.145
-4.815;2.552;51.15
-4.823;2.537;51.152
-4.829;2.533;51.155
-4.84;2.509;51.158
-4.908;2.364;51.181
-4.948;2.276;51.194
-4.961;2.256;51.198
-4.962;2.247;51.198
-4.953;-0.238;51.197
-4.863;-0.251;51.168
-4.675;2.795;51.102
-4.683;2.753;51.104
-4.702;2.738;51.111
-4.712;2.727;51.114
-4.718;2.709;51.116
-4.722;2.702;51.117
-4.733;2.679;51.121
-4.746;2.66;51.125
-4.759;2.647;51.129
-4.771;2.629;51.133
-4.826;2.528;51.152
-4.868;2.466;51.166
-4.909;2.357;51.179
-4.932;2.316;51.187
-4.937;2.308;51.189
-4.942;2.289;51.19
-4.959;2.263;51.196
-4.958;2.239;51.196
-4.966;2.228;51.198
-4.826;-0.256;51.153
-4.797;-0.259;51.144
-4.77;-0.256;51.135
-4.68;2.77;51.102
-4.683;2.756;51.103
-4.693;2.75;51.106
-4.814;2.556;51.146
-4.849;2.49;51.158
-4.857;2.477;51.16
-4.871;2.459;51.165
-4.878;2.423;51.167
-4.884;2.416;51.169
-4.893;2.393;51.172
-4.895;2.386;51.173
-4.901;2.37;51.175
-4.92;2.344;51.181
-4.924;2.338;51.182
-4.931;2.308;51.185
-4.958;2.264;51.194
-4.968;2.219;51.197
-4.963;-0.233;51.197
-4.952;-0.236;51.193
-4.942;-0.236;51.19
-4.926;-0.241;51.185
-4.884;-0.246;51.171
-4.81;-0.256;51.146
-4.782;-0.258;51.137
-4.707;2.731;51.109
-4.777;2.617;51.132
-4.8;2.604;51.14
-4.801;2.597;51.14
-4.802;2.587;51.14
-4.818;2.547;51.145
-4.824;2.533;51.148
-4.833;2.518;51.15
-4.838;2.512;51.152
-4.842;2.506;51.153
-4.875;2.438;51.164
-4.876;2.429;51.165
-4.887;2.398;51.168
-4.9;2.378;51.172
-4.915;2.35;51.178
-4.936;-0.239;51.186
-4.912;-0.241;51.178
-4.898;-0.244;51.173
-4.886;-0.247;51.17
-4.874;-0.249;51.165
-4.86;-0.252;51.161
-4.724;2.698;51.113
-4.751;2.655;51.122
-4.773;2.626;51.129
-4.78;2.612;51.131
-4.794;2.61;51.136
-4.805;2.578;51.139
-4.808;2.57;51.14
-4.821;2.539;51.145
-4.919;2.345;51.177
-4.943;2.286;51.185
-4.958;2.247;51.19
-4.956;2.238;51.189
-4.985;2.208;51.199
-4.98;2.189;51.197
-4.895;-0.248;51.171
-4.845;-0.252;51.154
-4.832;-0.254;51.15
-4.819;-0.257;51.146
-4.804;-0.26;51.141
-4.771;-0.258;51.13
-4.699;2.748;51.102
-4.7;2.738;51.103
-4.721;2.704;51.11
-4.734;2.684;51.114
-4.739;2.676;51.116
-4.741;2.661;51.117
-4.863;2.468;51.157
-4.885;2.411;51.164
-4.921;2.339;51.176
-4.929;2.333;51.178
-4.934;2.318;51.18
-4.932;2.307;51.18
-4.946;2.296;51.184
-4.947;2.277;51.184
-4.96;2.227;51.189
-4.975;2.217;51.194
-4.978;2.19;51.195
-4.991;2.177;51.199
-4.991;2.168;51.199
-4.961;-0.234;51.191
-4.78;-0.26;51.131
-4.771;-0.261;51.128
-4.728;2.689;51.11
-4.743;2.668;51.115
-4.755;2.65;51.119
-4.799;2.606;51.134
-4.878;2.435;51.16
-4.885;2.419;51.162
-4.894;2.397;51.165
-4.896;2.39;51.166
-4.903;2.384;51.168
-4.907;2.367;51.169
-4.934;2.3;51.178
-4.95;2.268;51.184
-4.978;2.197;51.193
-4.973;-0.233;51.193
-4.948;-0.235;51.184
-4.933;-0.24;51.18
-4.897;-0.243;51.168
-4.819;-0.259;51.142
-4.794;-0.261;51.134
-4.703;2.732;51.1
-4.716;2.711;51.105
-4.758;2.645;51.119
-4.8;2.599;51.132
-4.801;2.589;51.133
-4.812;2.566;51.136
-4.815;2.558;51.137
-4.825;2.535;51.141
-4.829;2.529;51.142
-4.842;2.51;51.146
-4.853;2.487;51.15
-4.86;2.462;51.152
-4.868;2.449;51.155
-4.899;2.378;51.165
-4.912;2.359;51.169
-4.926;2.332;51.174
-4.962;2.222;51.186
-4.979;2.21;51.191
-4.908;-0.241;51.17
-4.894;-0.248;51.165
-4.815;-0.26;51.139
-4.732;2.684;51.108
-4.748;2.656;51.113
-4.804;2.578;51.132
-4.807;2.572;51.133
-4.817;2.549;51.136
-4.819;2.54;51.137
-4.869;2.44;51.153
-4.912;2.349;51.167
-4.912;2.346;51.167
-4.977;2.213;51.189
-4.99;2.162;51.193
-4.923;-0.241;51.173
-4.884;-0.249;51.16
-4.868;-0.249;51.154
-4.841;-0.254;51.146
-4.728;2.683;51.105
-4.735;2.678;51.107
-4.739;2.661;51.109
-4.763;2.64;51.117
-4.761;2.627;51.116
-4.775;2.618;51.12
-4.778;2.611;51.121
-4.788;2.606;51.125
-4.793;2.593;51.126
-4.874;2.437;51.153
-4.9;2.386;51.162
-4.905;2.371;51.163
-4.912;2.354;51.165
-4.929;2.329;51.171
-4.935;2.299;51.173
-4.945;2.288;51.176
-4.956;2.257;51.18
-4.958;2.227;51.181
-4.959;2.22;51.181
-4.982;2.188;51.189
-4.992;2.168;51.192
-4.998;2.157;51.194
-4.997;-0.232;51.195
-4.983;-0.233;51.191
-4.971;-0.233;51.187
-4.954;-0.233;51.181
-4.855;-0.253;51.149
-4.827;-0.253;51.139
-4.816;-0.255;51.136
-4.801;-0.257;51.131
-4.723;2.699;51.101
-4.727;2.682;51.103
-4.752;2.651;51.111
-4.748;2.629;51.11
-4.791;2.597;51.124
-4.834;2.527;51.138
-4.849;2.505;51.143
-4.889;2.418;51.156
-4.891;2.407;51.157
-4.898;2.398;51.159
-4.911;2.366;51.163
-4.909;2.359;51.163
-4.91;2.348;51.163
-4.917;2.339;51.165
-4.923;2.332;51.167
-4.95;2.274;51.176
-4.943;2.26;51.174
-4.957;2.246;51.179
-4.958;2.238;51.179
-4.962;2.22;51.18
-4.971;2.218;51.183
-4.987;2.179;51.188
-5.016;2.127;51.198
-5.012;-0.227;51.198
-4.905;-0.245;51.163
-4.899;-0.249;51.161
-4.81;-0.257;51.132
-4.789;-0.262;51.125
-4.773;-0.262;51.12
-4.724;2.69;51.1
-4.811;2.57;51.129
-4.852;2.497;51.142
-4.856;2.472;51.144
-4.864;2.457;51.146
-4.878;2.428;51.151
-4.931;2.317;51.168
-4.989;2.175;51.187
-5.0;2.141;51.191
-5.019;2.098;51.197
-4.944;-0.236;51.174
-4.93;-0.239;51.169
-4.917;-0.243;51.165
-4.891;-0.25;51.157
-4.875;-0.25;51.151
-4.837;-0.255;51.139
-4.822;-0.254;51.134
-4.755;2.645;51.109
-4.76;2.631;51.11
-4.778;2.615;51.116
-4.782;2.609;51.117
-4.793;2.595;51.121
-4.814;2.559;51.128
-4.824;2.538;51.131
-4.839;2.511;51.136
-4.853;2.489;51.141
-4.855;2.478;51.141
-4.868;2.447;51.146
-4.88;2.422;51.15
-4.896;2.406;51.155
-4.977;2.218;51.181
-5.004;2.146;51.19
-5.003;2.137;51.19
-5.013;2.118;51.193
-5.013;2.108;51.193
-5.012;2.102;51.193
-5.03;2.066;51.199
-5.018;-0.228;51.196
-4.865;-0.253;51.146
-4.852;-0.256;51.142
-4.742;2.658;51.103
-4.757;2.64;51.107
-4.773;2.63;51.113
-4.78;2.624;51.115
-4.784;2.602;51.116
-4.799;2.58;51.121
-4.828;2.533;51.131
-4.866;2.443;51.143
-4.896;2.398;51.153
-4.897;2.387;51.153
-4.911;2.368;51.158
-4.929;2.316;51.164
-4.928;2.31;51.163
-4.936;2.304;51.166
-4.938;2.298;51.167
-4.951;2.258;51.171
-4.955;2.25;51.172
-4.96;2.237;51.174
-4.966;2.225;51.176
-4.98;2.207;51.181
-4.982;2.198;51.181
-4.995;2.166;51.185
-4.994;2.159;51.185
-4.996;2.152;51.186
-5.007;2.126;51.189
-5.022;2.089;51.194
-5.035;2.05;51.199
-5.004;-0.229;51.19
-4.952;-0.237;51.173
-4.945;-0.237;51.171
-4.808;-0.255;51.126
-4.799;-0.258;51.123
-4.747;2.652;51.103
-4.753;2.633;51.104
-4.843;2.505;51.134
-4.854;2.484;51.137
-4.855;2.478;51.138
-4.884;2.417;51.147
-4.902;2.381;51.153
-4.91;2.357;51.156
-4.912;2.347;51.156
-4.928;2.328;51.162
-4.94;2.287;51.166
-4.942;2.269;51.166
-4.958;2.231;51.171
-4.972;2.224;51.176
-5.02;-0.227;51.193
-4.993;-0.232;51.184
-4.982;-0.234;51.181
-4.967;-0.235;51.176
-4.895;-0.248;51.153
-4.783;-0.26;51.116
-4.772;-0.26;51.112
-4.778;2.626;51.111
-4.816;2.555;51.123
-4.817;2.548;51.124
-4.83;2.527;51.128
-4.846;2.498;51.133
-4.858;2.469;51.137
-4.866;2.449;51.14
-4.866;2.442;51.139
-4.875;2.429;51.143
-4.912;2.375;51.154
-4.94;2.278;51.164
-4.983;2.18;51.178
-5.028;2.078;51.192
-5.038;2.046;51.196
-4.954;-0.237;51.17
-4.94;-0.236;51.165
-4.935;-0.238;51.163
-4.926;-0.241;51.161
-4.914;-0.245;51.157
-4.901;-0.246;51.152
-4.777;2.618;51.109
-4.776;2.607;51.108
-4.791;2.598;51.113
-4.792;2.588;51.114
-4.802;2.576;51.117
-4.811;2.562;51.12
-4.821;2.539;51.123
-4.834;2.518;51.127
-4.838;2.51;51.129
-4.86;2.458;51.136
-4.888;2.41;51.145
-4.89;2.402;51.145
-4.934;2.317;51.16
-4.952;2.252;51.166
-4.958;2.237;51.168
-4.974;2.218;51.173
-4.982;2.194;51.176
-4.985;2.189;51.177
-4.992;2.162;51.179
-5.006;2.13;51.184
-5.01;2.125;51.185
-5.014;2.108;51.186
-5.021;2.092;51.188
-5.03;2.068;51.191
-5.033;2.06;51.192
-5.042;2.041;51.195
-5.04;-0.222;51.196
-4.887;-0.25;51.146
-4.872;-0.251;51.141
-4.861;-0.253;51.138
-4.755;2.649;51.1
-4.754;2.64;51.1
-4.798;2.582;51.114
-4.85;2.49;51.131
-4.849;2.477;51.13
-4.917;2.343;51.153
-4.934;2.308;51.158
-4.947;2.267;51.162
-4.96;2.248;51.167
-4.977;2.207;51.172
-4.988;2.167;51.175
-5.002;2.148;51.18
-5.015;2.099;51.184
-5.038;2.042;51.192
-5.029;-0.224;51.19
-5.015;-0.229;51.186
-5.003;-0.229;51.182
-4.99;-0.233;51.178
-4.947;-0.236;51.164
-4.848;-0.253;51.132
-4.837;-0.254;51.128
-4.832;-0.258;51.127
-4.819;-0.259;51.122
-4.806;-0.26;51.118
-4.793;-0.262;51.114
-4.766;2.631;51.102
-4.774;2.626;51.104
-4.777;2.603;51.105
-4.854;2.488;51.13
-4.877;2.435;51.138
-4.879;2.427;51.138
-4.908;2.378;51.148
-4.91;2.368;51.148
-4.913;2.349;51.149
-4.92;2.337;51.152
-4.921;2.329;51.152
-4.937;2.299;51.157
-4.945;2.295;51.16
-4.947;2.29;51.16
-4.947;2.258;51.16
-4.954;2.235;51.163
-4.967;2.221;51.167
-4.979;2.2;51.171
-5.007;2.133;51.18
-4.974;-0.236;51.171
-4.935;-0.239;51.158
-4.779;-0.261;51.107
-4.77;2.618;51.101
-4.804;2.57;51.112
-4.839;2.517;51.123
-4.838;2.508;51.123
-4.867;2.448;51.133
-4.87;2.439;51.134
-4.886;2.419;51.139
-4.884;2.408;51.138
-4.888;2.402;51.139
-4.897;2.389;51.142
-4.905;2.383;51.145
-4.911;2.359;51.147
-5.033;2.064;51.187
-5.036;2.058;51.187
-5.04;2.049;51.189
-5.051;2.036;51.193
-5.06;2.008;51.195
-5.062;1.988;51.196
-5.065;1.978;51.197
-5.071;1.951;51.199
-5.026;-0.227;51.186
-4.961;-0.235;51.165
-4.922;-0.242;51.152
-4.894;-0.248;51.143
-4.867;-0.252;51.134
-4.773;2.609;51.1
-4.817;2.558;51.114
-4.818;2.548;51.115
-4.822;2.543;51.116
-4.827;2.537;51.118
-4.844;2.498;51.123
-4.848;2.481;51.125
-4.857;2.468;51.128
-4.897;2.38;51.141
-4.941;2.294;51.155
-4.967;2.217;51.163
-4.991;2.185;51.171
-4.988;2.168;51.17
-4.998;2.159;51.173
-5.002;2.139;51.175
-5.016;2.102;51.179
-5.025;2.079;51.182
-5.028;2.069;51.183
-5.055;2.021;51.192
-5.067;1.968;51.196
-5.068;1.958;51.196
-5.069;1.947;51.196
-5.049;-0.219;51.191
-5.036;-0.223;51.187
-4.948;-0.237;51.159
-4.91;-0.244;51.146
-4.883;-0.251;51.138
-4.855;-0.252;51.128
-4.786;2.604;51.103
-4.792;2.59;51.105
-4.862;2.464;51.127
-4.887;2.42;51.135
-4.9;2.385;51.14
-4.901;2.367;51.14
-4.915;2.354;51.145
-4.916;2.348;51.145
-4.928;2.318;51.149
-4.942;2.278;51.153
-4.959;2.248;51.159
-4.958;2.237;51.158
-4.966;2.226;51.161
-4.972;2.21;51.163
-4.982;2.205;51.166
-4.993;2.183;51.17
-4.986;2.177;51.168
-5.012;2.117;51.176
-5.082;1.866;51.199
-5.071;-0.218;51.197
-5.065;-0.22;51.195
-5.024;-0.229;51.181
-4.997;-0.232;51.173
-4.844;-0.255;51.123
-4.827;-0.258;51.118
-4.816;-0.259;51.114
-4.801;-0.261;51.109
-4.864;2.456;51.126
-4.893;2.378;51.135
-4.898;2.372;51.137
-4.919;2.338;51.144
-4.92;2.331;51.144
-4.934;2.299;51.149
-4.944;2.269;51.152
-4.949;2.251;51.154
-4.961;2.23;51.158
-4.991;2.186;51.167
-5.069;1.964;51.193
-5.07;1.957;51.193
-5.069;1.948;51.193
-5.085;1.877;51.198
-5.012;-0.229;51.176
-4.986;-0.234;51.167
-4.971;-0.233;51.162
-4.946;-0.238;51.154
-4.93;-0.241;51.149
-4.889;-0.251;51.136
-4.832;-0.254;51.117
-4.777;-0.26;51.1
-4.808;2.574;51.106
-4.832;2.521;51.114
-4.847;2.497;51.119
-4.848;2.489;51.119
-4.868;2.441;51.125
-4.876;2.435;51.128
-4.876;2.428;51.128
-4.882;2.411;51.13
-4.89;2.404;51.133
-4.894;2.399;51.134
-4.897;2.389;51.135
-4.895;2.372;51.134
-4.908;2.36;51.138
-4.947;2.258;51.151
-4.992;2.166;51.166
-5.004;2.147;51.17
-5.004;2.139;51.17
-5.045;2.044;51.183
-5.049;2.041;51.184
-5.055;2.035;51.186
-5.057;2.028;51.187
-5.059;2.017;51.188
-5.065;1.971;51.19
-5.072;1.937;51.192
-5.076;1.928;51.193
-5.081;1.914;51.195
-5.081;1.909;51.195
-5.077;1.901;51.194
-5.08;1.894;51.194
-5.087;1.859;51.197
-5.09;1.837;51.198
-5.089;1.826;51.197
-5.091;1.819;51.198
-5.085;-0.213;51.197
-4.956;-0.233;51.156
-4.917;-0.245;51.143
-4.905;-0.245;51.139
-4.79;-0.261;51.102
-4.797;2.59;51.101
-4.812;2.569;51.106
-4.822;2.558;51.109
-4.828;2.529;51.111
-4.831;2.522;51.112
-4.838;2.518;51.114
-4.852;2.468;51.119
-4.856;2.461;51.12
-4.881;2.418;51.128
-4.964;2.228;51.155
-5.01;2.119;51.17
-5.012;2.112;51.171
-5.017;2.107;51.172
-5.021;2.099;51.173
-5.025;2.081;51.175
-5.03;2.075;51.176
-5.061;1.997;51.186
-5.062;1.988;51.187
-5.065;1.978;51.187
-5.076;1.919;51.191
-5.089;1.846;51.196
-5.073;-0.215;51.192
-5.058;-0.22;51.187
-5.047;-0.221;51.183
-5.017;-0.229;51.174
-5.005;-0.229;51.17
-4.863;-0.25;51.124
-4.803;2.58;51.101
-4.821;2.566;51.107
-4.815;2.547;51.105
-4.826;2.54;51.109
-4.847;2.473;51.115
-4.9;2.369;51.132
-4.934;2.303;51.143
-4.935;2.298;51.144
-4.938;2.288;51.145
-4.947;2.273;51.148
-4.947;2.253;51.148
-4.952;2.251;51.149
-4.96;2.245;51.152
-4.961;2.239;51.152
-4.967;2.21;51.154
-4.98;2.206;51.158
-4.988;2.2;51.161
-4.982;2.196;51.159
-4.983;2.178;51.159
-4.995;2.158;51.163
-4.999;2.151;51.164
-5.021;2.088;51.172
-5.033;2.058;51.175
-5.036;2.052;51.176
-5.09;1.849;51.194
-5.104;1.756;51.198
-5.035;-0.225;51.177
-5.031;-0.228;51.176
-5.026;-0.228;51.175
-4.893;-0.243;51.132
-4.88;-0.248;51.128
-4.852;-0.253;51.118
-4.838;-0.254;51.114
-4.827;-0.254;51.11
-4.823;-0.258;51.109
-4.81;-0.259;51.105
-4.797;-0.262;51.101
-4.844;2.497;51.112
-4.861;2.452;51.118
-4.895;2.394;51.129
-4.9;2.386;51.13
-4.9;2.379;51.131
-4.911;2.356;51.134
-4.916;2.35;51.136
-4.924;2.339;51.138
-4.925;2.328;51.139
-4.929;2.318;51.14
-4.93;2.309;51.14
-4.942;2.277;51.144
-4.946;2.258;51.145
-4.985;2.201;51.158
-4.981;2.168;51.157
-5.064;2.0;51.184
-5.078;1.916;51.188
-5.081;1.897;51.189
-5.079;1.877;51.188
-5.084;1.868;51.19
-5.091;1.836;51.192
-5.092;1.826;51.193
-5.104;1.785;51.197
-5.104;1.778;51.196
-5.103;1.767;51.196
-4.995;-0.232;51.163
-4.966;-0.234;51.153
-4.952;-0.237;51.149
-4.939;-0.241;51.145
-4.9;-0.243;51.132
-4.818;2.564;51.102
-4.842;2.512;51.11
-4.847;2.488;51.111
-4.848;2.48;51.112
-4.858;2.457;51.115
-4.871;2.447;51.119
-4.872;2.438;51.12
-4.88;2.424;51.122
-4.888;2.407;51.125
-4.945;2.274;51.143
-4.953;2.237;51.146
-4.954;2.23;51.146
-4.983;2.161;51.155
-5.04;2.046;51.174
-5.049;2.043;51.177
-5.053;2.037;51.178
-5.063;2.014;51.181
-5.065;2.007;51.182
-5.061;1.99;51.181
-5.064;1.985;51.182
-5.067;1.968;51.183
-5.067;1.958;51.183
-5.069;1.948;51.183
-5.073;1.932;51.185
-5.078;1.927;51.186
-5.081;1.887;51.187
-5.084;1.861;51.188
-5.092;1.856;51.191
-5.088;1.847;51.189
-5.096;1.807;51.192
-5.1;1.791;51.193
-5.118;1.736;51.199
-5.108;-0.209;51.197
-5.096;-0.211;51.193
-5.071;-0.217;51.185
-5.066;-0.218;51.184
-5.018;-0.228;51.168
-4.982;-0.234;51.157
-4.925;-0.241;51.138
-4.886;-0.245;51.126
-4.834;2.528;51.106
-4.842;2.514;51.108
-4.839;2.502;51.107
-4.859;2.469;51.114
-4.878;2.43;51.12
-4.883;2.416;51.122
-4.891;2.402;51.124
-4.914;2.374;51.131
-4.924;2.343;51.135
-4.946;2.268;51.142
-4.942;2.248;51.141
-4.974;2.204;51.151
-4.979;2.165;51.152
-4.976;2.16;51.151
-4.998;2.155;51.158
-5.005;2.149;51.161
-5.009;2.141;51.162
-5.006;2.131;51.161
-5.012;2.127;51.163
-5.016;2.107;51.164
-5.022;2.09;51.166
-5.025;2.078;51.167
-5.033;2.059;51.17
-5.035;2.052;51.17
-5.058;2.028;51.178
-5.059;2.019;51.178
-5.113;1.743;51.196
-5.084;-0.216;51.188
-5.056;-0.219;51.178
-5.043;-0.22;51.174
-5.016;-0.222;51.166
-5.007;-0.221;51.163
-4.913;-0.243;51.133
-4.873;-0.25;51.12
-4.821;2.559;51.1
-4.826;2.544;51.101
-4.838;2.507;51.105
-4.858;2.475;51.112
-4.913;2.37;51.129
-4.935;2.298;51.136
-4.946;2.259;51.14
-4.95;2.24;51.141
-4.96;2.227;51.144
-4.963;2.218;51.145
-4.963;2.208;51.145
-4.975;2.188;51.149
-4.986;2.175;51.153
-5.017;2.098;51.163
-5.117;1.728;51.195
-5.126;1.678;51.198
-5.116;-0.206;51.196
-5.028;-0.224;51.168
-5.002;-0.222;51.16
-4.997;-0.227;51.158
-4.886;-0.247;51.122
-4.86;-0.25;51.114
-4.848;-0.254;51.11
-4.834;-0.255;51.105
-4.818;-0.257;51.1
-4.854;2.478;51.109
-4.867;2.448;51.113
-4.891;2.414;51.12
-4.895;2.398;51.122
-4.907;2.377;51.125
-4.912;2.366;51.127
-4.921;2.346;51.13
-4.923;2.328;51.131
-4.935;2.289;51.135
-4.985;2.162;51.15
-4.99;2.159;51.152
-5.033;2.067;51.166
-5.06;2.014;51.175
-5.062;2.006;51.175
-5.072;1.96;51.179
-5.09;1.847;51.185
-5.091;1.837;51.185
-5.095;1.821;51.186
-5.099;1.808;51.187
-5.103;1.776;51.189
-5.106;1.758;51.189
-5.108;1.749;51.19
-5.117;1.737;51.193
-5.12;1.717;51.194
-5.12;1.699;51.194
-5.122;1.69;51.195
-5.128;1.667;51.197
-5.134;1.658;51.199
-5.092;-0.216;51.186
-4.988;-0.229;51.153
-4.976;-0.232;51.149
-4.964;-0.234;51.145
-4.956;-0.238;51.143
-4.948;-0.239;51.14
-4.922;-0.242;51.132
-4.902;-0.247;51.126
-4.892;-0.248;51.122
-4.837;2.526;51.101
-4.84;2.517;51.102
-4.839;2.508;51.102
-4.841;2.498;51.102
-4.844;2.491;51.103
-4.876;2.433;51.114
-4.883;2.428;51.116
-4.892;2.408;51.119
-4.899;2.389;51.121
-4.912;2.36;51.125
-4.923;2.338;51.129
-4.925;2.321;51.129
-4.938;2.278;51.134
-4.939;2.273;51.134
-4.96;2.235;51.141
-4.979;2.182;51.147
-5.008;2.145;51.156
-5.019;2.114;51.16
-5.02;2.094;51.16
-5.023;2.087;51.161
-5.052;2.038;51.17
-5.058;2.03;51.172
-5.064;1.998;51.174
-5.064;1.987;51.174
-5.066;1.978;51.175
-5.069;1.968;51.176
-5.074;1.963;51.177
-5.07;1.957;51.176
-5.07;1.95;51.176
-5.073;1.943;51.177
-5.076;1.918;51.178
-5.08;1.888;51.179
-5.079;1.879;51.179
-5.081;1.866;51.179
-5.08;1.862;51.179
-5.091;1.827;51.183
-5.1;1.815;51.186
-5.131;1.648;51.196
-5.104;-0.213;51.188
-5.079;-0.217;51.18
-4.937;-0.241;51.135
-4.91;-0.244;51.126
-4.849;2.478;51.103
-4.857;2.458;51.106
-4.869;2.438;51.11
-4.887;2.421;51.115
-4.91;2.349;51.123
-4.968;2.217;51.141
-4.982;2.175;51.146
-5.01;2.138;51.155
-5.025;2.081;51.16
-5.032;2.074;51.162
-5.038;2.05;51.164
-5.127;1.688;51.192
-5.139;1.638;51.196
-5.143;1.616;51.198
-5.118;-0.209;51.191
-5.09;-0.217;51.182
-5.062;-0.219;51.173
-5.05;-0.221;51.169
-5.026;-0.229;51.162
-4.898;-0.245;51.121
-4.881;-0.247;51.115
-4.87;-0.248;51.112
-4.853;-0.246;51.106
-4.841;-0.253;51.102
-4.855;2.487;51.103
-4.859;2.469;51.105
-4.861;2.449;51.105
-4.9;2.394;51.118
-4.914;2.368;51.122
-4.913;2.345;51.122
-4.943;2.267;51.132
-4.948;2.249;51.133
-4.972;2.198;51.141
-4.978;2.185;51.143
-4.977;2.179;51.142
-4.994;2.167;51.148
-4.998;2.148;51.149
-5.013;2.118;51.154
-5.015;2.107;51.155
-5.016;2.1;51.155
-5.031;2.075;51.16
-5.029;2.069;51.159
-5.097;1.818;51.181
-5.111;1.757;51.186
-5.122;1.718;51.189
-5.123;1.696;51.189
-5.128;1.668;51.191
-5.14;1.646;51.195
-5.149;1.625;51.198
-5.144;1.608;51.196
-5.148;1.587;51.197
-5.154;1.547;51.199
-5.141;-0.207;51.196
-5.087;-0.218;51.179
-5.08;-0.218;51.177
-5.038;-0.22;51.164
-5.024;-0.221;51.159
-5.016;-0.229;51.157
-4.97;-0.233;51.142
-4.889;-0.247;51.116
-4.875;2.434;51.108
-4.889;2.415;51.112
-4.912;2.362;51.12
-4.93;2.308;51.126
-4.94;2.274;51.129
-4.946;2.259;51.131
-4.962;2.229;51.136
-5.03;2.066;51.157
-5.059;2.018;51.167
-5.07;1.976;51.17
-5.084;1.877;51.175
-5.099;1.807;51.18
-5.099;1.798;51.18
-5.1;1.787;51.18
-5.104;1.779;51.181
-5.106;1.771;51.182
-5.109;1.765;51.183
-5.114;1.738;51.185
-5.112;1.727;51.184
-5.118;1.709;51.186
-5.129;1.659;51.189
-5.128;1.651;51.189
-5.14;1.63;51.193
-5.148;1.619;51.196
-5.146;1.598;51.195
-5.155;1.538;51.198
-5.156;1.529;51.198
-5.127;-0.208;51.19
-5.112;-0.213;51.185
-4.998;-0.228;51.149
-4.985;-0.232;51.145
-4.93;-0.241;51.127
-4.855;-0.247;51.103
-4.859;2.457;51.101
-4.861;2.447;51.102
-4.904;2.387;51.115
-4.906;2.379;51.116
-4.91;2.353;51.117
-4.919;2.34;51.12
-4.924;2.332;51.122
-4.928;2.324;51.123
-4.933;2.298;51.125
-4.933;2.289;51.125
-4.935;2.278;51.125
-4.961;2.216;51.134
-4.987;2.171;51.142
-5.001;2.143;51.146
-5.015;2.105;51.151
-5.016;2.096;51.151
-5.057;2.027;51.164
-5.06;2.008;51.165
-5.064;1.988;51.167
-5.07;1.958;51.168
-5.074;1.938;51.17
-5.075;1.928;51.17
-5.077;1.908;51.171
-5.081;1.887;51.172
-5.092;1.848;51.176
-5.09;1.839;51.175
-5.102;-0.216;51.18
-5.072;-0.218;51.171
-4.958;-0.235;51.134
-4.945;-0.24;51.13
-4.917;-0.243;51.121
-4.881;2.42;51.106
-4.892;2.408;51.11
-4.891;2.397;51.109
-4.907;2.368;51.114
-4.909;2.361;51.115
-4.922;2.329;51.119
-4.933;2.27;51.123
-4.95;2.246;51.128
-4.965;2.22;51.133
-4.975;2.194;51.136
-4.979;2.179;51.138
-4.992;2.168;51.142
-4.993;2.157;51.142
-5.004;2.137;51.146
-5.014;2.092;51.149
-5.033;2.056;51.155
-5.039;2.052;51.157
-5.045;2.045;51.159
-5.046;2.038;51.159
-5.078;1.901;51.169
-5.167;1.512;51.198
-5.163;-0.196;51.198
-5.138;-0.208;51.19
-5.047;-0.221;51.161
-4.904;-0.245;51.115
-4.891;-0.244;51.111
-4.877;-0.247;51.107
-4.866;2.439;51.1
-4.881;2.429;51.104
-4.922;2.336;51.118
-4.93;2.309;51.12
-4.95;2.257;51.126
-4.962;2.235;51.13
-4.96;2.212;51.13
-4.979;2.188;51.136
-4.992;2.148;51.14
-5.007;2.128;51.144
-5.007;2.118;51.145
-5.021;2.078;51.149
-5.104;1.778;51.176
-5.107;1.767;51.177
-5.118;1.706;51.18
-5.123;1.688;51.182
-5.13;1.667;51.184
-5.127;1.659;51.183
-5.148;1.618;51.19
-5.147;1.597;51.189
-5.147;1.588;51.19
-5.148;1.579;51.19
-5.158;1.573;51.193
-5.158;1.568;51.193
-5.154;1.562;51.192
-5.16;1.548;51.194
-5.156;1.541;51.192
-5.155;1.537;51.192
-5.161;1.517;51.194
-5.173;1.506;51.198
-5.173;1.501;51.198
-5.165;1.468;51.195
-5.176;1.437;51.199
-5.156;-0.198;51.194
-5.149;-0.201;51.191
-5.144;-0.208;51.19
-5.135;-0.209;51.187
-5.034;-0.228;51.155
-5.027;-0.228;51.153
-5.021;-0.228;51.15
-4.995;-0.231;51.142
-4.979;-0.232;51.137
-4.953;-0.235;51.129
-4.881;-0.244;51.106
-4.864;-0.25;51.101
-4.89;2.412;51.105
-4.9;2.394;51.109
-4.909;2.378;51.111
-4.908;2.372;51.111
-4.913;2.357;51.113
-4.926;2.318;51.117
-4.933;2.291;51.119
-4.935;2.286;51.12
-4.932;2.273;51.119
-4.939;2.267;51.121
-4.963;2.228;51.129
-4.971;2.202;51.131
-4.986;2.172;51.136
-4.998;2.141;51.14
-5.009;2.108;51.143
-5.011;2.1;51.144
-5.024;2.071;51.148
-5.065;1.994;51.161
-5.068;1.976;51.162
-5.078;1.909;51.166
-5.086;1.863;51.168
-5.094;1.847;51.171
-5.093;1.838;51.17
-5.094;1.827;51.17
-5.096;1.818;51.171
-5.103;1.788;51.174
-5.109;1.757;51.175
-5.109;1.747;51.175
-5.112;1.729;51.176
-5.116;1.718;51.178
-5.125;1.679;51.181
-5.136;1.638;51.184
-5.166;1.487;51.194
-5.166;1.478;51.194
-5.121;-0.209;51.18
-5.111;-0.214;51.177
-5.063;-0.218;51.162
-5.008;-0.23;51.145
-4.969;-0.235;51.132
-4.94;-0.243;51.123
-4.882;2.424;51.101
-4.884;2.418;51.102
-4.895;2.409;51.105
-4.89;2.399;51.104
-4.902;2.389;51.107
-4.906;2.368;51.109
-4.906;2.363;51.109
-4.914;2.348;51.111
-4.929;2.299;51.116
-4.945;2.25;51.121
-4.956;2.241;51.125
-4.959;2.236;51.126
-5.025;2.065;51.147
-5.043;2.049;51.152
-5.059;2.0;51.158
-5.07;1.967;51.161
-5.072;1.951;51.162
-5.08;1.946;51.164
-5.081;1.939;51.165
-5.079;1.896;51.164
-5.084;1.887;51.165
-5.084;1.876;51.165
-5.084;1.869;51.165
-5.097;1.809;51.17
-5.098;1.8;51.17
-5.096;-0.217;51.171
-5.091;-0.217;51.169
-5.084;-0.219;51.167
-5.067;-0.218;51.162
-5.054;-0.22;51.157
-4.913;-0.244;51.113
-4.906;2.384;51.107
-4.906;2.375;51.107
-4.918;2.338;51.111
-4.938;2.271;51.117
-4.975;2.196;51.129
-4.988;2.169;51.133
-4.992;2.15;51.134
-5.006;2.129;51.139
-5.006;2.118;51.139
-5.007;2.102;51.139
-5.013;2.097;51.141
-5.014;2.088;51.141
-5.026;2.079;51.145
-5.022;2.07;51.144
-5.053;2.039;51.154
-5.058;2.027;51.155
-5.058;2.018;51.155
-5.058;2.007;51.155
-5.075;1.96;51.161
-5.072;1.927;51.16
-5.073;1.922;51.16
-5.128;1.667;51.178
-5.139;1.631;51.181
-5.143;1.628;51.182
-5.152;1.568;51.185
-5.166;1.514;51.19
-5.171;1.467;51.191
-5.185;1.399;51.196
-5.192;1.394;51.198
-5.169;-0.193;51.192
-5.137;-0.205;51.182
-5.043;-0.224;51.152
-5.012;-0.228;51.142
-4.952;-0.238;51.123
-4.928;-0.244;51.116
-4.9;-0.242;51.107
-4.893;2.415;51.101
-4.918;2.328;51.109
-4.917;2.323;51.109
-4.956;2.232;51.121
-4.963;2.23;51.123
-4.992;2.159;51.132
-5.033;2.051;51.145
-5.113;1.737;51.171
-5.114;1.726;51.171
-5.116;1.717;51.172
-5.128;1.678;51.176
-5.138;1.646;51.179
-5.145;1.617;51.181
-5.145;1.608;51.181
-5.147;1.599;51.182
-5.15;1.59;51.183
-5.152;1.577;51.184
-5.151;1.57;51.183
-5.156;1.557;51.185
-5.159;1.546;51.186
-5.161;1.528;51.186
-5.162;1.519;51.187
-5.17;1.497;51.189
-5.163;1.477;51.187
-5.173;1.457;51.19
-5.174;1.437;51.191
-5.175;1.428;51.191
-5.185;1.408;51.194
-5.2;1.338;51.199
-5.186;-0.19;51.195
-5.155;-0.198;51.186
-4.976;-0.234;51.129
-4.888;-0.248;51.101
-4.905;2.379;51.103
-4.91;2.369;51.105
-4.908;2.358;51.104
-4.918;2.346;51.107
-4.919;2.341;51.107
-4.918;2.328;51.107
-4.932;2.314;51.112
-4.936;2.308;51.113
-4.936;2.279;51.113
-4.946;2.266;51.116
-4.946;2.259;51.116
-4.963;2.217;51.121
-4.962;2.208;51.121
-4.977;2.189;51.126
-5.045;2.043;51.147
-5.075;1.938;51.157
-5.076;1.918;51.157
-5.089;1.867;51.161
-5.09;1.858;51.162
-5.094;1.838;51.163
-5.094;1.829;51.163
-5.097;1.822;51.164
-5.099;1.817;51.164
-5.098;1.81;51.164
-5.097;1.808;51.164
-5.097;1.802;51.164
-5.102;1.795;51.166
-5.106;1.787;51.167
-5.105;1.778;51.166
-5.112;1.744;51.169
-5.118;1.708;51.171
-5.121;1.699;51.172
-5.129;1.689;51.174
-5.137;1.649;51.177
-5.196;1.351;51.196
-5.195;-0.189;51.196
-5.147;-0.204;51.181
-5.128;-0.204;51.175
-5.117;-0.213;51.172
-5.103;-0.216;51.167
-5.029;-0.224;51.144
-5.014;-0.224;51.139
-5.003;-0.232;51.136
-4.989;-0.233;51.131
-4.963;-0.236;51.123
-4.947;-0.238;51.118
-4.915;2.352;51.104
-4.923;2.321;51.107
-4.949;2.247;51.115
-4.966;2.201;51.12
-5.024;2.078;51.139
-5.033;2.053;51.142
-5.052;2.036;51.148
-5.056;2.018;51.149
-5.057;2.007;51.149
-5.064;1.988;51.152
-5.07;1.953;51.153
-5.08;1.948;51.157
-5.073;1.932;51.155
-5.078;1.907;51.156
-5.082;1.898;51.157
-5.084;1.887;51.158
-5.089;1.879;51.16
-5.095;1.849;51.161
-5.106;1.757;51.165
-5.108;1.748;51.166
-5.122;1.691;51.17
-5.212;1.271;51.199
-5.091;-0.219;51.162
-4.937;-0.241;51.113
-4.952;2.231;51.114
-5.0;2.149;51.129
-5.009;2.138;51.132
-5.009;2.128;51.132
-5.008;2.118;51.132
-5.013;2.108;51.134
-5.024;2.068;51.137
-5.039;2.047;51.142
-5.066;1.977;51.15
-5.071;1.967;51.152
-5.069;1.96;51.151
-5.069;1.925;51.151
-5.068;1.92;51.151
-5.13;1.648;51.171
-5.134;1.642;51.172
-5.14;1.637;51.174
-5.152;1.607;51.178
-5.175;1.482;51.185
-5.17;1.476;51.183
-5.171;1.462;51.184
-5.176;1.456;51.186
-5.177;1.436;51.186
-5.18;1.427;51.187
-5.185;1.401;51.188
-5.194;1.388;51.191
-5.196;1.368;51.192
-5.204;1.346;51.194
-5.202;1.337;51.194
-5.207;1.308;51.195
-5.208;-0.184;51.197
-5.192;-0.19;51.192
-5.08;-0.221;51.156
-5.051;-0.22;51.147
-4.924;-0.243;51.107
-4.913;-0.243;51.103
-4.919;2.327;51.102
-4.929;2.316;51.105
-4.954;2.247;51.113
-4.954;2.238;51.113
-4.958;2.219;51.114
-4.969;2.196;51.118
-4.985;2.169;51.123
-4.994;2.154;51.126
-5.017;2.089;51.133
-5.027;2.061;51.136
-5.055;2.028;51.145
-5.084;1.876;51.154
-5.081;1.872;51.153
-5.096;1.847;51.158
-5.096;1.837;51.158
-5.098;1.818;51.159
-5.098;1.807;51.159
-5.111;1.737;51.163
-5.118;1.711;51.165
-5.127;1.688;51.168
-5.14;1.628;51.172
-5.143;1.619;51.173
-5.152;1.587;51.176
-5.155;1.569;51.177
-5.16;1.564;51.178
-5.157;1.549;51.177
-5.16;1.542;51.178
-5.163;1.536;51.179
-5.169;1.507;51.181
-5.171;1.498;51.182
-5.177;1.487;51.184
-5.178;1.447;51.184
-5.208;1.297;51.194
-5.168;-0.195;51.182
-5.161;-0.199;51.18
-5.155;-0.203;51.178
-5.104;-0.218;51.162
-5.062;-0.221;51.149
-5.038;-0.221;51.141
-5.025;-0.223;51.137
-5.011;-0.228;51.133
-4.998;-0.232;51.129
-4.97;-0.234;51.12
-4.918;2.339;51.1
-4.934;2.311;51.105
-4.951;2.23;51.11
-4.991;2.166;51.123
-4.99;2.16;51.123
-5.041;2.042;51.139
-5.059;2.008;51.144
-5.069;1.957;51.147
-5.072;1.938;51.149
-5.082;1.904;51.152
-5.084;1.897;51.152
-5.085;1.888;51.153
-5.084;1.867;51.152
-5.098;1.828;51.157
-5.107;1.774;51.16
-5.108;1.769;51.16
-5.106;1.76;51.159
-5.112;1.748;51.161
-5.115;1.728;51.162
-5.121;1.706;51.164
-5.13;1.658;51.167
-5.145;1.602;51.172
-5.156;1.557;51.175
-5.228;1.187;51.198
-5.181;-0.194;51.184
-5.142;-0.205;51.172
-5.114;-0.215;51.163
-4.986;-0.235;51.123
-4.962;-0.237;51.115
-4.933;2.298;51.103
-4.946;2.258;51.107
-4.947;2.251;51.107
-4.962;2.201;51.112
-4.974;2.179;51.116
-4.977;2.173;51.116
-4.992;2.157;51.121
-5.004;2.144;51.125
-5.03;2.056;51.134
-5.069;2.004;51.146
-5.061;1.998;51.143
-5.065;1.979;51.144
-5.067;1.973;51.145
-5.067;1.966;51.145
-5.071;1.949;51.146
-5.071;1.929;51.146
-5.07;1.918;51.146
-5.079;1.879;51.149
-5.088;1.858;51.152
-5.09;1.849;51.152
-5.091;1.84;51.153
-5.104;1.789;51.157
-5.103;1.78;51.157
-5.186;1.408;51.183
-5.198;1.364;51.187
-5.199;1.357;51.187
-5.202;1.339;51.188
-5.211;1.285;51.191
-5.213;1.278;51.191
-5.224;1.244;51.195
-5.224;1.242;51.195
-5.225;1.208;51.195
-5.232;1.178;51.197
-5.233;1.167;51.198
-5.233;1.157;51.198
-5.214;-0.181;51.193
-5.128;-0.211;51.166
-5.101;-0.218;51.157
-5.086;-0.219;51.152
-4.944;-0.238;51.108
-4.932;-0.24;51.104
-4.935;2.289;51.102
-4.934;2.28;51.101
-4.952;2.265;51.107
-4.951;2.261;51.107
-4.988;2.15;51.118
-5.009;2.137;51.125
-5.021;2.099;51.129
-5.02;2.088;51.128
-5.022;2.079;51.129
-5.024;2.069;51.13
-5.026;2.062;51.13
-5.035;2.05;51.133
-5.045;2.044;51.136
-5.068;2.005;51.144
-5.075;1.91;51.146
-5.17;1.504;51.176
-5.175;1.497;51.177
-5.179;1.488;51.179
-5.176;1.477;51.178
-5.174;1.468;51.177
-5.174;1.459;51.177
-5.18;1.437;51.179
-5.188;1.417;51.181
-5.19;1.397;51.182
-5.189;1.378;51.182
-5.196;1.366;51.184
-5.203;1.347;51.186
-5.204;1.327;51.186
-5.204;1.318;51.187
-5.207;1.299;51.187
-5.208;1.292;51.188
-5.217;1.268;51.191
-5.22;1.259;51.192
-5.22;1.231;51.192
-5.232;1.151;51.196
-5.228;-0.172;51.195
-5.205;-0.185;51.188
-5.072;-0.219;51.146
-5.06;-0.221;51.142
-4.961;-0.234;51.111
-4.951;-0.237;51.108
-4.936;2.296;51.1
-4.949;2.238;51.104
-4.953;2.229;51.105
-4.958;2.21;51.107
-4.967;2.197;51.11
-4.975;2.188;51.112
-4.987;2.152;51.116
-5.008;2.127;51.123
-5.009;2.11;51.123
-5.066;2.003;51.141
-5.08;1.878;51.146
-5.099;1.829;51.151
-5.107;1.768;51.154
-5.107;1.757;51.154
-5.114;1.732;51.156
-5.124;1.718;51.159
-5.123;1.708;51.159
-5.124;1.692;51.159
-5.133;1.686;51.162
-5.15;1.638;51.168
-5.145;1.627;51.166
-5.147;1.618;51.167
-5.146;1.607;51.166
-5.152;1.589;51.168
-5.154;1.578;51.169
-5.154;1.569;51.169
-5.156;1.562;51.169
-5.157;1.555;51.17
-5.164;1.537;51.172
-5.164;1.528;51.172
-5.165;1.511;51.172
-5.178;1.448;51.176
-5.191;1.387;51.181
-5.191;1.369;51.18
-5.219;1.236;51.19
-5.247;1.134;51.198
-5.19;-0.186;51.181
-5.177;-0.194;51.177
-5.164;-0.2;51.173
-5.148;-0.205;51.168
-5.139;-0.206;51.165
-5.047;-0.223;51.137
-5.035;-0.223;51.133
-5.021;-0.228;51.128
-4.939;-0.239;51.103
-4.941;2.268;51.1
-4.949;2.246;51.102
-4.957;2.219;51.105
-4.98;2.169;51.112
-4.984;2.16;51.113
-4.993;2.145;51.116
-4.998;2.142;51.118
-5.067;1.958;51.139
-5.063;1.952;51.138
-5.08;1.898;51.144
-5.081;1.867;51.144
-5.094;1.847;51.148
-5.095;1.838;51.148
-5.095;1.818;51.148
-5.096;1.798;51.149
-5.103;1.788;51.151
-5.112;1.738;51.154
-5.125;1.699;51.158
-5.134;1.668;51.161
-5.137;1.649;51.162
-5.161;1.519;51.169
-5.181;1.488;51.175
-5.18;1.43;51.175
-5.221;1.247;51.188
-5.249;1.126;51.197
-5.252;-0.163;51.199
-5.24;-0.165;51.195
-5.188;-0.19;51.179
-5.121;-0.212;51.158
-5.022;-0.227;51.127
-5.007;-0.231;51.122
-4.993;-0.233;51.118
-4.965;-0.233;51.109
-4.954;-0.236;51.105
-4.999;2.131;51.116
-5.026;2.075;51.125
-5.039;2.046;51.129
-5.053;2.026;51.133
-5.056;2.017;51.134
-5.068;1.977;51.138
-5.069;1.947;51.138
-5.072;1.938;51.139
-5.071;1.918;51.139
-5.071;1.909;51.139
-5.085;1.887;51.143
-5.088;1.862;51.144
-5.101;1.782;51.148
-5.112;1.748;51.152
-5.181;1.438;51.174
-5.19;1.361;51.176
-5.196;1.356;51.178
-5.207;1.313;51.182
-5.209;1.308;51.182
-5.207;1.297;51.182
-5.214;1.278;51.184
-5.219;1.265;51.186
-5.221;1.256;51.186
-5.219;1.24;51.186
-5.224;1.217;51.187
-5.225;1.208;51.188
-5.225;1.197;51.188
-5.226;1.188;51.188
-5.231;1.182;51.189
-5.235;1.176;51.191
-5.238;1.149;51.191
-5.254;1.118;51.196
-5.252;1.107;51.196
-5.256;1.099;51.197
-5.226;-0.172;51.189
-5.21;-0.183;51.184
-5.133;-0.209;51.16
-5.109;-0.217;51.152
-5.098;-0.22;51.149
-5.079;-0.22;51.143
-5.069;-0.221;51.14
-4.983;-0.234;51.113
-4.974;2.188;51.107
-4.977;2.18;51.107
-5.0;2.138;51.115
-5.014;2.125;51.119
-5.031;2.059;51.124
-5.045;2.039;51.129
-5.058;2.008;51.133
-5.059;1.998;51.133
-5.061;1.992;51.134
-5.1;1.785;51.146
-5.156;1.587;51.164
-5.159;1.557;51.165
-5.16;1.549;51.165
-5.163;1.539;51.166
-5.164;1.521;51.166
-5.169;1.507;51.168
-5.173;1.498;51.169
-5.175;1.449;51.17
-5.182;1.427;51.172
-5.189;1.397;51.174
-5.191;1.388;51.175
-5.189;1.377;51.174
-5.191;1.366;51.175
-5.19;1.361;51.174
-5.201;1.337;51.178
-5.204;1.321;51.179
-5.217;1.272;51.183
-5.262;0.98;51.197
-5.224;-0.179;51.186
-5.195;-0.188;51.177
-5.113;-0.215;51.152
-5.103;-0.219;51.149
-5.045;-0.223;51.13
-5.015;-0.227;51.121
-4.959;2.216;51.1
-4.961;2.207;51.101
-4.981;2.169;51.107
-4.988;2.156;51.109
-4.99;2.149;51.11
-5.002;2.131;51.114
-5.015;2.12;51.118
-5.018;2.097;51.118
-5.018;2.09;51.119
-5.033;2.052;51.123
-5.049;2.036;51.128
-5.101;1.793;51.145
-5.102;1.79;51.145
-5.104;1.777;51.145
-5.131;1.687;51.154
-5.135;1.66;51.155
-5.141;1.647;51.157
-5.144;1.638;51.158
-5.145;1.627;51.158
-5.148;1.618;51.159
-5.151;1.599;51.16
-5.151;1.591;51.16
-5.161;1.577;51.163
-5.164;1.53;51.164
-5.168;1.515;51.166
-5.174;1.488;51.167
-5.175;1.468;51.168
-5.174;1.457;51.167
-5.185;1.417;51.171
-5.188;1.408;51.172
-5.271;1.077;51.198
-5.274;0.989;51.199
-5.265;0.987;51.196
-5.238;-0.168;51.189
-5.199;-0.186;51.177
-5.185;-0.193;51.172
-5.179;-0.198;51.17
-5.172;-0.2;51.168
-5.14;-0.208;51.158
-5.131;-0.209;51.155
-5.06;-0.222;51.133
-5.032;-0.223;51.124
-4.965;2.2;51.1
-4.968;2.181;51.101
-4.982;2.162;51.105
-4.996;2.142;51.11
-5.005;2.109;51.113
-5.021;2.081;51.118
-5.049;2.028;51.126
-5.074;1.935;51.134
-5.078;1.928;51.135
-5.08;1.869;51.136
-5.09;1.857;51.139
-5.091;1.848;51.14
-5.091;1.838;51.139
-5.089;1.828;51.139
-5.089;1.818;51.139
-5.098;1.782;51.142
-5.105;1.757;51.144
-5.115;1.738;51.147
-5.118;1.727;51.148
-5.124;1.702;51.15
-5.134;1.678;51.153
-5.133;1.667;51.153
-5.155;1.613;51.16
-5.204;1.327;51.175
-5.22;1.257;51.18
-5.228;1.185;51.183
-5.248;1.147;51.189
-5.237;1.137;51.186
-5.252;1.103;51.19
-5.263;1.089;51.194
-5.274;1.058;51.197
-5.274;1.027;51.197
-5.279;1.017;51.199
-5.275;1.006;51.198
-5.268;0.99;51.195
-5.275;-0.153;51.198
-5.16;-0.203;51.162
-5.147;-0.205;51.158
-5.12;-0.213;51.15
-5.09;-0.217;51.14
-5.017;-0.228;51.118
-5.003;-0.227;51.114
-4.992;-0.231;51.11
-4.976;-0.234;51.105
-4.961;-0.235;51.1
-5.025;2.075;51.117
-5.059;2.014;51.128
-5.059;2.007;51.128
-5.074;1.984;51.132
-5.076;1.98;51.133
-5.063;1.957;51.129
-5.068;1.949;51.13
-5.071;1.94;51.131
-5.074;1.919;51.132
-5.076;1.908;51.133
-5.077;1.897;51.133
-5.08;1.889;51.134
-5.088;1.866;51.137
-5.093;1.808;51.138
-5.096;1.8;51.139
-5.098;1.787;51.14
-5.107;1.75;51.143
-5.121;1.718;51.147
-5.122;1.709;51.147
-5.125;1.706;51.148
-5.152;1.616;51.157
-5.151;1.609;51.156
-5.181;1.438;51.166
-5.19;1.406;51.169
-5.192;1.387;51.17
-5.202;1.342;51.173
-5.204;1.318;51.173
-5.207;1.308;51.174
-5.209;1.297;51.175
-5.209;1.288;51.175
-5.213;1.281;51.176
-5.219;1.268;51.178
-5.223;1.229;51.179
-5.223;1.218;51.179
-5.224;1.207;51.18
-5.225;1.198;51.18
-5.226;1.19;51.18
-5.234;1.177;51.182
-5.236;1.168;51.183
-5.237;1.158;51.184
-5.25;1.128;51.188
-5.252;1.108;51.188
-5.281;0.927;51.197
-5.277;0.92;51.196
-5.26;-0.159;51.192
-5.232;-0.172;51.183
-5.229;-0.177;51.182
-5.064;-0.222;51.131
-5.031;-0.227;51.12
-4.984;2.175;51.102
-4.983;2.168;51.102
-4.997;2.138;51.106
-4.998;2.131;51.107
-5.012;2.127;51.111
-5.011;2.12;51.111
-5.02;2.09;51.113
-5.037;2.065;51.119
-5.036;2.06;51.119
-5.039;2.039;51.119
-5.053;2.019;51.124
-5.067;1.99;51.128
-5.068;1.968;51.129
-5.11;1.746;51.142
-5.125;1.696;51.146
-5.151;1.598;51.155
-5.154;1.57;51.156
-5.162;1.56;51.158
-5.163;1.547;51.158
-5.166;1.527;51.159
-5.168;1.518;51.16
-5.175;1.489;51.162
-5.173;1.48;51.162
-5.177;1.467;51.163
-5.19;1.416;51.167
-5.193;1.378;51.168
-5.196;1.358;51.169
-5.198;1.35;51.169
-5.203;1.345;51.171
-5.218;1.276;51.176
-5.273;1.03;51.193
-5.272;0.998;51.193
-5.27;0.916;51.192
-5.28;0.91;51.195
-5.25;-0.166;51.187
-5.22;-0.179;51.177
-5.207;-0.181;51.173
-5.194;-0.189;51.169
-5.184;-0.194;51.166
-5.178;-0.198;51.164
-5.105;-0.215;51.142
-5.078;-0.22;51.133
-5.005;2.113;51.107
-5.012;2.105;51.109
-5.015;2.098;51.11
-5.029;2.071;51.114
-5.061;2.015;51.124
-5.114;1.739;51.141
-5.143;1.648;51.15
-5.145;1.608;51.151
-5.155;1.588;51.154
-5.173;1.489;51.16
-5.186;1.41;51.164
-5.199;1.337;51.168
-5.199;1.33;51.168
-5.259;1.099;51.187
-5.268;1.085;51.189
-5.275;1.05;51.191
-5.277;1.044;51.192
-5.275;1.033;51.192
-5.281;1.018;51.194
-5.28;1.008;51.193
-5.289;0.978;51.196
-5.287;0.968;51.196
-5.292;0.957;51.197
-5.291;0.948;51.197
-5.29;0.925;51.196
-5.284;0.915;51.195
-5.295;0.898;51.198
-5.295;0.886;51.198
-5.298;0.878;51.199
-5.298;0.868;51.199
-5.298;0.665;51.199
-5.298;0.648;51.199
-5.295;-0.131;51.199
-5.292;-0.138;51.198
-5.246;-0.169;51.184
-5.167;-0.201;51.159
-5.091;-0.215;51.135
-5.053;-0.223;51.123
-5.037;-0.223;51.119
-5.025;-0.229;51.115
-4.987;2.148;51.1
-5.004;2.117;51.105
-5.017;2.079;51.109
-5.034;2.068;51.114
-5.057;2.008;51.121
-5.06;1.999;51.122
-5.078;1.929;51.128
-5.077;1.887;51.128
-5.078;1.88;51.128
-5.091;1.829;51.132
-5.089;1.818;51.131
-5.1;1.748;51.135
-5.116;1.728;51.14
-5.119;1.712;51.141
-5.129;1.689;51.144
-5.132;1.669;51.145
-5.145;1.637;51.149
-5.144;1.627;51.149
-5.146;1.619;51.149
-5.171;1.508;51.157
-5.229;1.22;51.175
-5.235;1.172;51.177
-5.24;1.157;51.179
-5.252;1.125;51.183
-5.256;1.118;51.184
-5.256;1.108;51.184
-5.272;1.078;51.189
-5.274;1.068;51.189
-5.275;1.059;51.19
-5.282;0.995;51.192
-5.292;0.989;51.195
-5.286;0.659;51.193
-5.29;0.651;51.195
-5.285;-0.144;51.194
-5.281;-0.149;51.192
-5.27;-0.156;51.189
-5.225;-0.179;51.175
-5.156;-0.205;51.153
-5.127;-0.208;51.144
-5.0;-0.231;51.105
-4.987;-0.233;51.101
-5.007;2.129;51.104
-5.004;2.118;51.103
-5.017;2.087;51.107
-5.018;2.08;51.107
-5.014;2.071;51.106
-5.032;2.056;51.112
-5.046;2.028;51.116
-5.069;1.994;51.123
-5.067;1.981;51.123
-5.07;1.969;51.124
-5.065;1.958;51.122
-5.073;1.939;51.125
-5.078;1.919;51.126
-5.084;1.878;51.128
-5.09;1.859;51.13
-5.091;1.848;51.13
-5.105;1.777;51.134
-5.102;1.759;51.134
-5.146;1.64;51.147
-5.163;1.559;51.153
-5.175;1.468;51.156
-5.188;1.408;51.16
-5.189;1.398;51.161
-5.201;1.338;51.165
-5.201;1.327;51.165
-5.204;1.318;51.166
-5.207;1.309;51.166
-5.204;1.3;51.165
-5.211;1.296;51.168
-5.214;1.285;51.169
-5.22;1.279;51.17
-5.218;1.248;51.17
-5.222;1.237;51.171
-5.227;1.228;51.173
-5.223;1.216;51.171
-5.222;1.209;51.171
-5.228;1.189;51.173
-5.231;1.179;51.174
-5.246;1.138;51.179
-5.248;1.132;51.179
-5.293;0.891;51.193
-5.306;0.667;51.198
-5.302;0.649;51.196
-5.311;0.52;51.199
-5.267;-0.158;51.186
-5.257;-0.163;51.183
-5.243;-0.173;51.179
-5.203;-0.189;51.166
-5.141;-0.207;51.147
-5.114;-0.211;51.139
-5.099;-0.212;51.134
-5.088;-0.215;51.131
-5.062;-0.222;51.122
-5.013;-0.23;51.107
-5.008;2.109;51.102
-5.017;2.102;51.105
-5.038;2.039;51.112
-5.047;2.019;51.115
-5.052;2.012;51.116
-5.062;1.988;51.119
-5.076;1.899;51.124
-5.147;1.616;51.146
-5.165;1.568;51.151
-5.163;1.548;51.151
-5.168;1.519;51.152
-5.168;1.497;51.152
-5.179;1.461;51.156
-5.185;1.455;51.158
-5.183;1.448;51.157
-5.187;1.428;51.158
-5.189;1.417;51.159
-5.191;1.388;51.16
-5.194;1.379;51.16
-5.198;1.37;51.162
-5.223;1.276;51.169
-5.218;1.257;51.168
-5.246;1.148;51.177
-5.288;1.015;51.19
-5.304;0.866;51.195
-5.304;0.858;51.195
-5.303;0.798;51.195
-5.304;0.788;51.195
-5.313;0.782;51.198
-5.307;0.688;51.196
-5.31;0.676;51.197
-5.309;0.618;51.197
-5.31;0.61;51.197
-5.315;0.579;51.198
-5.317;0.546;51.199
-5.306;0.519;51.196
-5.315;-0.109;51.199
-5.217;-0.183;51.169
-5.191;-0.194;51.161
-5.076;-0.222;51.125
-5.048;-0.225;51.116
-5.017;2.104;51.103
-5.022;2.066;51.105
-5.099;1.808;51.129
-5.105;1.78;51.131
-5.12;1.716;51.135
-5.124;1.698;51.137
-5.135;1.659;51.14
-5.143;1.632;51.143
-5.151;1.598;51.145
-5.154;1.578;51.146
-5.166;1.529;51.15
-5.169;1.513;51.151
-5.274;1.073;51.183
-5.277;1.058;51.184
-5.278;1.037;51.185
-5.277;1.028;51.185
-5.281;1.007;51.186
-5.28;1.0;51.185
-5.293;0.978;51.189
-5.293;0.958;51.19
-5.294;0.937;51.19
-5.292;0.92;51.189
-5.3;0.91;51.192
-5.3;0.897;51.192
-5.3;0.878;51.192
-5.306;0.829;51.194
-5.307;0.808;51.194
-5.309;0.757;51.194
-5.31;0.749;51.195
-5.31;0.738;51.195
-5.307;0.727;51.194
-5.309;0.717;51.194
-5.309;0.71;51.195
-5.308;0.659;51.194
-5.314;0.631;51.196
-5.309;0.524;51.195
-5.323;-0.106;51.199
-5.31;-0.115;51.196
-5.304;-0.129;51.194
-5.185;-0.198;51.157
-5.177;-0.201;51.154
-5.164;-0.205;51.15
-5.147;-0.208;51.145
-5.085;-0.218;51.126
-5.035;-0.227;51.11
-5.022;-0.229;51.106
-5.013;2.098;51.1
-5.012;2.077;51.1
-5.011;2.071;51.1
-5.069;1.968;51.118
-5.079;1.949;51.121
-5.083;1.926;51.122
-5.078;1.92;51.12
-5.08;1.895;51.121
-5.083;1.888;51.122
-5.102;1.801;51.128
-5.104;1.796;51.129
-5.104;1.793;51.129
-5.101;1.769;51.128
-5.102;1.762;51.128
-5.107;1.748;51.13
-5.126;1.689;51.135
-5.128;1.677;51.136
-5.127;1.671;51.136
-5.138;1.648;51.139
-5.154;1.589;51.144
-5.188;1.393;51.155
-5.195;1.376;51.157
-5.223;1.268;51.166
-5.222;1.246;51.166
-5.223;1.238;51.166
-5.235;1.177;51.169
-5.24;1.158;51.171
-5.243;1.149;51.172
-5.245;1.14;51.172
-5.251;1.128;51.175
-5.259;1.117;51.177
-5.265;1.089;51.179
-5.284;1.018;51.185
-5.315;0.519;51.195
-5.32;0.461;51.196
-5.308;-0.124;51.193
-5.291;-0.141;51.188
-5.28;-0.151;51.184
-5.264;-0.161;51.18
-5.251;-0.169;51.175
-5.152;-0.207;51.145
-5.136;-0.21;51.14
-5.122;-0.211;51.135
-5.098;-0.214;51.128
-5.006;-0.23;51.1
-5.051;2.016;51.11
-5.054;2.008;51.111
-5.07;1.957;51.116
-5.072;1.911;51.117
-5.079;1.904;51.119
-5.084;1.868;51.121
-5.089;1.861;51.122
-5.095;1.847;51.124
-5.095;1.828;51.124
-5.107;1.756;51.128
-5.114;1.728;51.13
-5.114;1.721;51.13
-5.155;1.585;51.142
-5.184;1.458;51.151
-5.186;1.447;51.152
-5.187;1.4;51.153
-5.204;1.327;51.158
-5.213;1.288;51.161
-5.219;1.278;51.162
-5.22;1.262;51.163
-5.217;1.258;51.162
-5.225;1.229;51.164
-5.229;1.208;51.166
-5.23;1.188;51.166
-5.257;1.12;51.174
-5.268;1.079;51.178
-5.27;1.071;51.178
-5.302;0.792;51.188
-5.325;0.536;51.196
-5.325;0.529;51.196
-5.325;0.488;51.196
-5.333;-0.055;51.199
-5.238;-0.175;51.17
-5.225;-0.181;51.165
-5.209;-0.189;51.161
-5.183;-0.199;51.153
-5.112;-0.212;51.131
-5.04;-0.227;51.108
-5.023;2.063;51.1
-5.024;2.061;51.1
-5.042;2.038;51.106
-5.046;2.03;51.107
-5.048;2.021;51.107
-5.073;1.948;51.115
-5.071;1.939;51.115
-5.071;1.93;51.114
-5.077;1.927;51.116
-5.071;1.917;51.115
-5.103;1.797;51.124
-5.154;1.606;51.14
-5.155;1.601;51.141
-5.165;1.53;51.144
-5.167;1.525;51.144
-5.174;1.508;51.147
-5.18;1.498;51.149
-5.175;1.487;51.147
-5.184;1.429;51.15
-5.186;1.418;51.15
-5.194;1.388;51.153
-5.201;1.337;51.155
-5.2;1.319;51.155
-5.214;1.296;51.159
-5.27;1.074;51.177
-5.274;1.067;51.178
-5.278;1.05;51.179
-5.298;0.947;51.185
-5.296;0.94;51.185
-5.291;0.922;51.183
-5.304;0.887;51.187
-5.301;0.878;51.186
-5.304;0.868;51.187
-5.308;0.845;51.188
-5.308;0.809;51.188
-5.303;0.799;51.187
-5.313;0.786;51.19
-5.313;0.777;51.19
-5.312;0.747;51.19
-5.312;0.737;51.19
-5.311;0.707;51.189
-5.314;0.667;51.19
-5.314;0.657;51.19
-5.313;0.648;51.19
-5.313;0.637;51.19
-5.314;0.627;51.19
-5.317;0.608;51.191
-5.316;0.578;51.191
-5.318;0.549;51.192
-5.317;0.526;51.191
-5.324;0.517;51.194
-5.327;0.507;51.194
-5.327;0.498;51.194
-5.327;0.477;51.195
-5.327;0.469;51.195
-5.32;0.464;51.192
-5.317;0.461;51.192
-5.331;0.437;51.196
-5.342;0.407;51.199
-5.343;0.397;51.199
-5.342;0.378;51.199
-5.342;0.356;51.199
-5.341;0.337;51.199
-5.341;0.298;51.199
-5.342;0.287;51.199
-5.341;0.238;51.199
-5.341;0.226;51.199
-5.342;0.197;51.199
-5.342;0.158;51.199
-5.34;-0.053;51.199
-5.332;-0.055;51.196
-5.331;-0.063;51.196
-5.327;-0.101;51.195
-5.313;-0.111;51.191
-5.309;-0.12;51.189
-5.296;-0.139;51.185
-5.215;-0.185;51.16
-5.198;-0.191;51.155
-5.095;-0.217;51.123
-5.083;-0.219;51.12
-5.072;-0.224;51.116
-5.057;-0.223;51.112
-5.034;2.052;51.101
-5.06;1.99;51.109
-5.062;1.985;51.11
-5.073;1.897;51.113
-5.09;1.859;51.119
-5.103;1.808;51.122
-5.104;1.788;51.123
-5.105;1.759;51.123
-5.114;1.753;51.126
-5.13;1.707;51.131
-5.129;1.697;51.131
-5.135;1.66;51.132
-5.139;1.653;51.134
-5.144;1.647;51.135
-5.146;1.628;51.136
-5.146;1.618;51.136
-5.156;1.568;51.139
-5.16;1.548;51.14
-5.161;1.539;51.141
-5.173;1.478;51.144
-5.187;1.437;51.149
-5.23;1.215;51.162
-5.259;1.118;51.171
-5.269;1.098;51.174
-5.271;1.058;51.175
-5.282;1.04;51.178
-5.281;1.035;51.178
-5.285;1.018;51.179
-5.285;1.008;51.179
-5.288;0.999;51.18
-5.29;0.927;51.181
-5.302;0.898;51.184
-5.306;0.856;51.186
-5.305;0.851;51.186
-5.311;0.828;51.187
-5.313;0.767;51.188
-5.313;0.758;51.188
-5.312;0.728;51.188
-5.314;0.718;51.188
-5.314;0.688;51.188
-5.32;0.46;51.191
-5.301;-0.132;51.185
-5.289;-0.144;51.181
-5.185;-0.193;51.149
-5.173;-0.203;51.146
-5.159;-0.205;51.141
-5.03;-0.228;51.102
-5.065;1.968;51.109
-5.076;1.888;51.112
-5.088;1.867;51.116
-5.093;1.85;51.118
-5.1;1.834;51.12
-5.101;1.829;51.12
-5.102;1.816;51.12
-5.101;1.778;51.12
-5.109;1.748;51.123
-5.111;1.739;51.123
-5.115;1.727;51.125
-5.117;1.718;51.125
-5.132;1.668;51.13
-5.151;1.596;51.136
-5.151;1.591;51.136
-5.157;1.558;51.137
-5.178;1.47;51.144
-5.173;1.459;51.143
-5.206;1.336;51.153
-5.204;1.327;51.152
-5.216;1.287;51.156
-5.218;1.278;51.157
-5.22;1.268;51.157
-5.229;1.209;51.16
-5.231;1.196;51.16
-5.231;1.187;51.161
-5.235;1.178;51.162
-5.237;1.168;51.163
-5.248;1.157;51.166
-5.248;1.138;51.166
-5.265;1.109;51.171
-5.267;1.089;51.172
-5.266;1.082;51.171
-5.29;0.987;51.179
-5.29;0.977;51.179
-5.293;0.97;51.18
-5.305;0.7;51.184
-5.348;-0.012;51.198
-5.347;-0.042;51.197
-5.333;-0.072;51.193
-5.332;-0.075;51.192
-5.285;-0.148;51.178
-5.275;-0.153;51.175
-5.271;-0.158;51.174
-5.261;-0.163;51.171
-5.147;-0.208;51.136
-5.132;-0.213;51.131
-5.104;-0.214;51.122
-5.09;-0.218;51.118
-5.045;-0.225;51.104
-5.051;2.018;51.103
-5.059;1.982;51.105
-5.074;1.956;51.11
-5.074;1.949;51.11
-5.07;1.938;51.109
-5.071;1.929;51.109
-5.069;1.92;51.108
-5.073;1.916;51.11
-5.079;1.91;51.111
-5.077;1.901;51.111
-5.079;1.877;51.111
-5.079;1.842;51.112
-5.096;1.837;51.117
-5.099;1.832;51.118
-5.1;1.805;51.118
-5.1;1.798;51.118
-5.116;1.756;51.123
-5.121;1.711;51.124
-5.18;1.497;51.143
-5.174;1.451;51.141
-5.179;1.446;51.143
-5.184;1.419;51.144
-5.186;1.411;51.145
-5.195;1.397;51.147
-5.193;1.379;51.147
-5.197;1.367;51.148
-5.202;1.36;51.15
-5.2;1.351;51.149
-5.201;1.342;51.149
-5.208;1.316;51.151
-5.225;1.25;51.157
-5.225;1.239;51.157
-5.226;1.22;51.157
-5.226;1.205;51.157
-5.252;1.129;51.165
-5.304;0.707;51.182
-5.321;0.548;51.187
-5.326;0.467;51.188
-5.342;0.402;51.193
-5.346;0.388;51.195
-5.345;0.376;51.194
-5.344;0.365;51.194
-5.345;0.349;51.194
-5.344;0.27;51.194
-5.34;0.261;51.193
-5.341;0.238;51.193
-5.344;0.208;51.194
-5.342;0.187;51.193
-5.341;0.181;51.193
-5.345;0.139;51.195
-5.342;0.132;51.194
-5.348;0.089;51.195
-5.351;0.057;51.196
-5.347;-0.051;51.195
-5.333;-0.061;51.191
-5.329;-0.08;51.19
-5.336;-0.086;51.192
-5.335;-0.1;51.191
-5.319;-0.108;51.187
-5.25;-0.171;51.165
-5.235;-0.177;51.161
-5.231;-0.178;51.16
-5.222;-0.183;51.157
-5.208;-0.189;51.152
-5.181;-0.194;51.144
-5.179;-0.198;51.144
-5.119;-0.215;51.125
-5.078;-0.22;51.113
-5.072;1.961;51.107
-5.094;1.829;51.114
-5.096;1.82;51.115
-5.101;1.817;51.116
-5.096;1.797;51.115
-5.097;1.79;51.115
-5.098;1.788;51.115
-5.155;1.579;51.133
-5.162;1.545;51.135
-5.167;1.529;51.137
-5.179;1.491;51.141
-5.172;1.485;51.138
-5.173;1.467;51.139
-5.173;1.46;51.139
-5.182;1.438;51.141
-5.198;1.387;51.146
-5.21;1.308;51.15
-5.211;1.299;51.151
-5.213;1.291;51.151
-5.266;1.077;51.168
-5.273;1.06;51.17
-5.295;0.967;51.177
-5.297;0.957;51.177
-5.297;0.937;51.177
-5.297;0.922;51.177
-5.305;0.916;51.18
-5.304;0.91;51.179
-5.309;0.868;51.181
-5.308;0.859;51.18
-5.31;0.847;51.181
-5.31;0.838;51.181
-5.31;0.808;51.181
-5.308;0.799;51.181
-5.313;0.778;51.182
-5.317;0.77;51.183
-5.313;0.747;51.182
-5.302;0.705;51.179
-5.301;0.702;51.178
-5.319;0.688;51.184
-5.317;0.677;51.183
-5.317;0.669;51.183
-5.315;0.649;51.183
-5.312;0.609;51.182
-5.316;0.601;51.183
-5.322;0.577;51.185
-5.318;0.559;51.184
-5.326;0.497;51.186
-5.326;0.487;51.186
-5.329;0.477;51.187
-5.335;0.457;51.189
-5.335;0.437;51.189
-5.337;0.418;51.19
-5.339;0.41;51.19
-5.342;0.37;51.191
-5.342;0.359;51.191
-5.34;0.336;51.191
-5.339;0.33;51.19
-5.347;0.309;51.193
-5.342;0.297;51.191
-5.345;0.277;51.192
-5.343;0.244;51.192
-5.342;0.227;51.191
-5.345;0.199;51.192
-5.346;0.177;51.193
-5.348;0.116;51.193
-5.351;0.107;51.194
-5.349;0.076;51.194
-5.349;0.039;51.194
-5.348;0.027;51.193
-5.351;0.018;51.194
-5.349;-0.003;51.194
-5.341;-0.022;51.191
-5.341;-0.033;51.191
-5.328;-0.077;51.188
-5.328;-0.079;51.187
-5.324;-0.104;51.186
-5.306;-0.129;51.181
-5.3;-0.135;51.179
-5.195;-0.193;51.147
-5.093;-0.215;51.115
-5.086;-0.217;51.113
-5.065;-0.222;51.107
-5.057;2.0;51.101
-5.072;1.964;51.106
-5.075;1.957;51.106
-5.082;1.869;51.108
-5.085;1.866;51.109
-5.086;1.859;51.11
-5.082;1.846;51.109
-5.098;1.837;51.114
-5.112;1.749;51.118
-5.113;1.738;51.118
-5.115;1.728;51.119
-5.118;1.719;51.12
-5.126;1.707;51.122
-5.128;1.698;51.123
-5.129;1.689;51.123
-5.132;1.673;51.124
-5.137;1.667;51.126
-5.139;1.657;51.126
-5.142;1.649;51.127
-5.15;1.615;51.13
-5.163;1.568;51.134
-5.167;1.518;51.135
-5.168;1.51;51.135
-5.253;1.146;51.161
-5.252;1.126;51.161
-5.262;1.112;51.164
-5.268;1.107;51.166
-5.269;1.097;51.167
-5.269;1.088;51.166
-5.27;1.067;51.167
-5.286;1.048;51.172
-5.284;1.038;51.171
-5.286;1.027;51.172
-5.283;1.009;51.171
-5.293;0.997;51.174
-5.289;0.988;51.173
-5.29;0.982;51.173
-5.296;0.928;51.175
-5.312;0.826;51.18
-5.312;0.787;51.18
-5.312;0.738;51.18
-5.315;0.73;51.181
-5.31;0.71;51.179
-5.314;0.628;51.181
-5.313;0.618;51.18
-5.342;-0.041;51.19
-5.341;-0.092;51.19
-5.313;-0.114;51.181
-5.296;-0.139;51.176
-5.284;-0.15;51.172
-5.152;-0.204;51.132
-5.142;-0.211;51.128
-5.053;-0.224;51.101
-5.06;1.988;51.1
-5.073;1.917;51.104
-5.09;1.8;51.109
-5.104;1.77;51.114
-5.12;1.713;51.118
-5.142;1.638;51.125
-5.147;1.631;51.127
-5.172;1.501;51.135
-5.201;1.357;51.144
-5.201;1.348;51.144
-5.227;1.247;51.151
-5.227;1.237;51.152
-5.229;1.228;51.152
-5.233;1.198;51.154
-5.232;1.187;51.153
-5.234;1.182;51.154
-5.237;1.176;51.155
-5.242;1.167;51.156
-5.254;1.138;51.16
-5.258;1.118;51.161
-5.287;1.018;51.17
-5.316;0.727;51.179
-5.315;0.718;51.179
-5.313;0.69;51.178
-5.327;0.417;51.183
-5.346;0.298;51.189
-5.348;-0.013;51.19
-5.342;-0.045;51.188
-5.343;-0.049;51.188
-5.341;-0.095;51.188
-5.269;-0.16;51.165
-5.187;-0.197;51.14
-5.169;-0.202;51.135
-5.128;-0.213;51.122
-5.112;-0.214;51.117
-5.087;-0.216;51.11
-5.074;1.929;51.102
-5.083;1.905;51.105
-5.076;1.897;51.103
-5.078;1.879;51.104
-5.084;1.876;51.105
-5.09;1.839;51.107
-5.088;1.828;51.107
-5.09;1.808;51.107
-5.12;1.752;51.117
-5.147;1.627;51.125
-5.16;1.577;51.129
-5.156;1.551;51.128
-5.167;1.508;51.131
-5.187;1.435;51.137
-5.187;1.428;51.137
-5.188;1.417;51.138
-5.19;1.408;51.138
-5.202;1.397;51.142
-5.198;1.39;51.141
-5.194;1.375;51.139
-5.203;1.327;51.142
-5.206;1.32;51.143
-5.209;1.307;51.144
-5.204;1.298;51.142
-5.21;1.292;51.144
-5.217;1.287;51.146
-5.22;1.278;51.147
-5.217;1.269;51.147
-5.218;1.259;51.147
-5.229;1.219;51.15
-5.246;1.159;51.155
-5.247;1.15;51.156
-5.314;0.805;51.177
-5.308;0.692;51.175
-5.321;0.546;51.179
-5.334;0.448;51.183
-5.336;0.44;51.184
-5.332;0.42;51.183
-5.338;0.411;51.184
-5.344;0.406;51.186
-5.348;0.398;51.187
-5.35;0.388;51.188
-5.346;0.379;51.187
-5.346;0.348;51.187
-5.347;0.317;51.187
-5.345;0.307;51.187
-5.347;0.287;51.187
-5.347;0.278;51.187
-5.345;0.266;51.186
-5.346;0.249;51.187
-5.346;0.237;51.187
-5.347;0.227;51.187
-5.347;0.208;51.187
-5.345;0.188;51.187
-5.347;0.176;51.187
-5.348;0.168;51.187
-5.348;0.157;51.187
-5.347;0.137;51.187
-5.346;0.13;51.187
-5.348;0.121;51.188
-5.353;0.11;51.189
-5.355;0.068;51.19
-5.356;0.036;51.19
-5.357;0.028;51.19
-5.343;-0.022;51.186
-5.342;-0.031;51.186
-5.331;-0.072;51.182
-5.329;-0.082;51.182
-5.256;-0.168;51.16
-5.246;-0.175;51.157
-5.231;-0.179;51.152
-5.217;-0.185;51.148
-5.212;-0.187;51.146
-5.205;-0.191;51.144
-5.174;-0.198;51.135
-5.155;-0.209;51.129
-5.105;1.74;51.11
-5.135;1.677;51.119
-5.149;1.618;51.124
-5.154;1.589;51.125
-5.163;1.567;51.128
-5.164;1.558;51.128
-5.165;1.538;51.129
-5.168;1.518;51.13
-5.178;1.497;51.133
-5.176;1.488;51.132
-5.175;1.479;51.132
-5.183;1.44;51.134
-5.191;1.368;51.137
-5.288;1.026;51.166
-5.287;1.022;51.166
-5.29;0.987;51.167
-5.293;0.977;51.168
-5.297;0.96;51.169
-5.302;0.946;51.171
-5.302;0.939;51.171
-5.306;0.897;51.172
-5.31;0.878;51.173
-5.309;0.858;51.173
-5.307;0.85;51.172
-5.313;0.837;51.174
-5.315;0.827;51.175
-5.312;0.818;51.174
-5.312;0.812;51.174
-5.317;0.776;51.176
-5.32;0.768;51.176
-5.316;0.759;51.175
-5.317;0.748;51.176
-5.314;0.738;51.175
-5.306;0.719;51.172
-5.317;0.697;51.175
-5.32;0.687;51.177
-5.32;0.677;51.176
-5.32;0.668;51.176
-5.319;0.649;51.176
-5.316;0.638;51.175
-5.317;0.628;51.176
-5.318;0.607;51.176
-5.319;0.597;51.176
-5.323;0.588;51.178
-5.321;0.557;51.177
-5.321;0.538;51.177
-5.323;0.528;51.178
-5.327;0.518;51.179
-5.331;0.487;51.18
-5.333;0.467;51.181
-5.334;0.458;51.181
-5.342;0.339;51.184
-5.35;0.097;51.186
-5.349;0.077;51.186
-5.348;0.058;51.186
-5.349;0.05;51.186
-5.349;0.016;51.186
-5.347;0.009;51.185
-5.355;-0.003;51.188
-5.333;-0.063;51.181
-5.333;-0.093;51.181
-5.332;-0.101;51.181
-5.321;-0.104;51.178
-5.317;-0.11;51.176
-5.304;-0.131;51.172
-5.177;-0.197;51.133
-5.102;-0.215;51.11
-5.073;-0.22;51.102
-5.081;1.906;51.101
-5.093;1.797;51.105
-5.108;1.767;51.109
-5.123;1.718;51.114
-5.133;1.697;51.117
-5.135;1.668;51.117
-5.138;1.659;51.118
-5.156;1.582;51.124
-5.153;1.551;51.123
-5.195;1.391;51.136
-5.194;1.36;51.136
-5.221;1.233;51.144
-5.25;1.145;51.153
-5.264;1.108;51.157
-5.274;1.096;51.16
-5.273;1.092;51.16
-5.267;1.078;51.158
-5.269;1.07;51.159
-5.278;1.058;51.161
-5.292;0.996;51.166
-5.294;0.968;51.166
-5.311;0.867;51.172
-5.32;0.798;51.174
-5.307;0.79;51.171
-5.306;0.728;51.17
-5.316;0.708;51.173
-5.317;0.617;51.174
-5.322;0.569;51.175
-5.337;0.332;51.18
-5.328;0.299;51.177
-5.323;0.296;51.176
-5.32;0.291;51.175
-5.33;0.287;51.178
-5.337;-0.054;51.18
-5.309;-0.124;51.172
-5.293;-0.143;51.167
-5.287;-0.148;51.165
-5.278;-0.153;51.163
-5.268;-0.164;51.159
-5.192;-0.193;51.136
-5.167;-0.203;51.128
-5.161;-0.207;51.127
-5.123;-0.213;51.115
-5.092;1.814;51.102
-5.092;1.807;51.102
-5.1;1.779;51.105
-5.11;1.749;51.108
-5.116;1.731;51.11
-5.119;1.724;51.111
-5.125;1.708;51.112
-5.132;1.696;51.115
-5.127;1.688;51.113
-5.14;1.649;51.117
-5.142;1.638;51.118
-5.142;1.631;51.118
-5.196;1.403;51.134
-5.223;1.267;51.143
-5.223;1.258;51.143
-5.226;1.249;51.144
-5.219;1.231;51.142
-5.234;1.217;51.146
-5.236;1.197;51.147
-5.241;1.169;51.148
-5.245;1.158;51.15
-5.246;1.152;51.15
-5.255;1.128;51.152
-5.256;1.122;51.153
-5.268;1.101;51.156
-5.284;1.05;51.161
-5.309;0.697;51.169
-5.324;0.577;51.174
-5.331;0.511;51.176
-5.35;0.396;51.182
-5.344;0.367;51.18
-5.344;0.33;51.18
-5.342;0.299;51.18
-5.326;0.291;51.175
-5.351;0.216;51.182
-5.352;0.167;51.183
-5.353;0.117;51.183
-5.351;0.076;51.183
-5.35;0.069;51.182
-5.354;0.038;51.184
-5.356;0.026;51.184
-5.357;-0.002;51.184
-5.338;-0.051;51.179
-5.276;-0.161;51.16
-5.253;-0.172;51.153
-5.21;-0.187;51.14
-5.152;-0.211;51.122
-5.137;-0.213;51.118
-5.09;1.822;51.1
-5.115;1.758;51.108
-5.128;1.7;51.111
-5.128;1.683;51.111
-5.185;1.489;51.129
-5.184;1.458;51.129
-5.184;1.438;51.129
-5.186;1.429;51.129
-5.199;1.398;51.133
-5.199;1.378;51.133
-5.197;1.356;51.133
-5.203;1.339;51.134
-5.205;1.33;51.135
-5.212;1.317;51.137
-5.213;1.308;51.138
-5.214;1.29;51.138
-5.226;1.238;51.142
-5.298;0.958;51.164
-5.303;0.929;51.165
-5.318;0.779;51.17
-5.304;0.726;51.166
-5.303;0.721;51.166
-5.316;0.691;51.169
-5.323;0.686;51.171
-5.323;0.568;51.172
-5.33;0.519;51.174
-5.336;0.505;51.176
-5.336;0.499;51.176
-5.333;0.48;51.175
-5.336;0.469;51.176
-5.34;0.437;51.177
-5.341;0.418;51.177
-5.343;0.41;51.178
-5.349;0.405;51.18
-5.351;0.387;51.18
-5.348;0.378;51.179
-5.35;0.37;51.18
-5.35;0.358;51.18
-5.349;0.349;51.18
-5.347;0.338;51.179
-5.349;0.32;51.18
-5.343;0.309;51.178
-5.345;0.285;51.179
-5.348;0.279;51.18
-5.349;0.277;51.18
-5.345;0.27;51.179
-5.351;0.257;51.18
-5.35;0.247;51.18
-5.351;0.238;51.18
-5.352;0.2;51.181
-5.347;0.196;51.179
-5.345;0.178;51.179
-5.352;0.159;51.181
-5.352;0.147;51.181
-5.348;0.137;51.18
-5.351;0.1;51.181
-5.348;0.095;51.18
-5.349;0.087;51.18
-5.348;0.085;51.18
-5.348;0.082;51.18
-5.347;0.068;51.18
-5.353;0.019;51.181
-5.345;-0.025;51.179
-5.344;-0.032;51.178
-5.326;-0.081;51.173
-5.262;-0.169;51.154
-5.239;-0.178;51.147
-5.225;-0.181;51.142
-5.109;-0.213;51.107
-5.099;-0.218;51.104
-5.134;1.668;51.111
-5.145;1.629;51.115
-5.157;1.608;51.119
-5.156;1.599;51.118
-5.158;1.588;51.119
-5.168;1.566;51.122
-5.172;1.528;51.123
-5.171;1.508;51.123
-5.184;1.477;51.127
-5.181;1.468;51.126
-5.187;1.417;51.128
-5.196;1.368;51.131
-5.202;1.348;51.133
-5.225;1.228;51.139
-5.274;1.097;51.154
-5.274;1.065;51.155
-5.28;1.059;51.156
-5.29;1.008;51.159
-5.303;0.947;51.163
-5.301;0.938;51.163
-5.312;0.92;51.166
-5.302;0.908;51.163
-5.308;0.889;51.165
-5.312;0.868;51.166
-5.313;0.849;51.167
-5.316;0.828;51.167
-5.315;0.818;51.167
-5.318;0.809;51.168
-5.319;0.758;51.168
-5.317;0.737;51.168
-5.316;0.717;51.167
-5.316;0.699;51.168
-5.307;0.697;51.165
-5.325;0.677;51.17
-5.326;0.668;51.17
-5.319;0.638;51.169
-5.319;0.627;51.168
-5.319;0.616;51.168
-5.317;0.608;51.168
-5.318;0.599;51.168
-5.319;0.591;51.169
-5.344;0.428;51.176
-5.352;0.289;51.179
-5.354;-0.02;51.18
-5.344;-0.045;51.177
-5.329;-0.073;51.172
-5.327;-0.102;51.172
-5.315;-0.113;51.168
-5.311;-0.121;51.167
-5.309;-0.129;51.166
-5.303;-0.133;51.164
-5.298;-0.139;51.163
-5.216;-0.185;51.138
-5.198;-0.19;51.132
-5.185;-0.198;51.128
-5.118;1.718;51.105
-5.132;1.677;51.109
-5.141;1.667;51.112
-5.141;1.661;51.112
-5.139;1.65;51.111
-5.142;1.647;51.112
-5.14;1.64;51.111
-5.146;1.618;51.113
-5.164;1.541;51.119
-5.175;1.499;51.122
-5.23;1.223;51.139
-5.234;1.217;51.14
-5.235;1.208;51.14
-5.263;1.118;51.149
-5.265;1.103;51.15
-5.274;1.089;51.153
-5.267;1.077;51.15
-5.287;1.018;51.157
-5.287;0.997;51.157
-5.292;0.98;51.158
-5.307;0.9;51.163
-5.315;0.798;51.165
-5.314;0.79;51.165
-5.305;0.786;51.162
-5.317;0.747;51.166
-5.345;0.17;51.175
-5.333;-0.056;51.171
-5.33;-0.063;51.171
-5.288;-0.15;51.158
-5.174;-0.202;51.123
-5.159;-0.209;51.118
-5.118;-0.212;51.106
-5.108;1.739;51.1
-5.121;1.709;51.104
-5.123;1.689;51.104
-5.147;1.56;51.112
-5.177;1.49;51.121
-5.192;1.399;51.125
-5.19;1.393;51.125
-5.193;1.388;51.126
-5.219;1.269;51.134
-5.221;1.258;51.134
-5.243;1.185;51.141
-5.242;1.176;51.141
-5.245;1.167;51.142
-5.248;1.157;51.143
-5.249;1.148;51.143
-5.252;1.139;51.144
-5.254;1.131;51.145
-5.265;1.108;51.148
-5.303;0.782;51.16
-5.311;0.728;51.162
-5.35;0.398;51.174
-5.351;0.377;51.174
-5.35;0.367;51.174
-5.351;0.357;51.174
-5.352;0.297;51.175
-5.353;0.287;51.175
-5.35;0.278;51.174
-5.352;0.217;51.175
-5.353;0.198;51.175
-5.351;0.088;51.175
-5.349;0.077;51.174
-5.349;0.047;51.174
-5.362;0.028;51.178
-5.354;0.016;51.176
-5.354;0.008;51.176
-5.359;-0.003;51.177
-5.358;-0.013;51.177
-5.276;-0.161;51.152
-5.261;-0.17;51.148
-5.245;-0.178;51.143
-5.148;-0.212;51.113
-5.106;-0.215;51.1
-5.104;-0.22;51.1
-5.15;1.61;51.111
-5.19;1.406;51.123
-5.189;1.391;51.123
-5.199;1.368;51.126
-5.209;1.329;51.129
-5.218;1.298;51.132
-5.223;1.277;51.133
-5.222;1.248;51.133
-5.224;1.239;51.133
-5.228;1.222;51.135
-5.236;1.198;51.137
-5.24;1.19;51.138
-5.308;0.897;51.159
-5.309;0.879;51.159
-5.318;0.75;51.162
-5.323;0.709;51.164
-5.322;0.687;51.164
-5.323;0.658;51.164
-5.321;0.647;51.163
-5.322;0.588;51.164
-5.323;0.577;51.164
-5.323;0.567;51.164
-5.326;0.559;51.165
-5.328;0.538;51.165
-5.329;0.53;51.166
-5.332;0.526;51.167
-5.337;0.508;51.168
-5.336;0.467;51.168
-5.339;0.458;51.169
-5.34;0.448;51.169
-5.339;0.438;51.169
-5.346;0.425;51.171
-5.348;0.417;51.172
-5.351;0.388;51.173
-5.351;0.347;51.173
-5.351;0.328;51.173
-5.351;0.318;51.173
-5.354;0.267;51.174
-5.351;0.258;51.173
-5.353;0.238;51.173
-5.353;0.228;51.173
-5.354;0.207;51.174
-5.35;0.178;51.172
-5.353;0.158;51.173
-5.353;0.146;51.173
-5.35;0.137;51.172
-5.352;0.129;51.173
-5.352;0.107;51.173
-5.349;0.068;51.172
-5.35;0.058;51.172
-5.353;0.04;51.174
-5.361;0.02;51.176
-5.35;-0.023;51.173
-5.346;-0.03;51.171
-5.345;-0.037;51.171
-5.335;-0.051;51.168
-5.321;-0.102;51.164
-5.319;-0.108;51.163
-5.251;-0.176;51.143
-5.234;-0.181;51.137
-5.219;-0.185;51.133
-5.207;-0.189;51.129
-5.141;1.659;51.106
-5.141;1.648;51.106
-5.14;1.637;51.106
-5.15;1.608;51.109
-5.149;1.603;51.109
-5.155;1.59;51.11
-5.166;1.58;51.114
-5.171;1.518;51.115
-5.18;1.489;51.118
-5.184;1.438;51.119
-5.182;1.427;51.119
-5.185;1.418;51.12
-5.199;1.378;51.124
-5.197;1.358;51.123
-5.198;1.349;51.124
-5.201;1.342;51.124
-5.214;1.321;51.128
-5.271;1.077;51.146
-5.286;1.058;51.15
-5.286;1.049;51.15
-5.293;1.007;51.153
-5.288;0.989;51.151
-5.296;0.977;51.154
-5.299;0.969;51.154
-5.302;0.939;51.155
-5.302;0.932;51.155
-5.312;0.918;51.158
-5.305;0.911;51.156
-5.303;0.907;51.156
-5.303;0.902;51.156
-5.312;0.888;51.158
-5.313;0.869;51.159
-5.315;0.857;51.159
-5.311;0.846;51.158
-5.315;0.829;51.159
-5.319;0.818;51.16
-5.32;0.806;51.161
-5.309;0.787;51.158
-5.304;0.783;51.156
-5.303;0.782;51.156
-5.31;0.777;51.158
-5.322;0.759;51.161
-5.317;0.746;51.16
-5.319;0.738;51.161
-5.324;0.679;51.162
-5.326;0.667;51.163
-5.324;0.628;51.162
-5.323;0.618;51.162
-5.32;0.607;51.161
-5.324;0.597;51.162
-5.328;0.549;51.164
-5.329;0.516;51.164
-5.342;0.432;51.168
-5.35;0.168;51.17
-5.356;-0.018;51.173
-5.339;-0.044;51.167
-5.329;-0.065;51.164
-5.326;-0.082;51.163
-5.317;-0.101;51.161
-5.318;-0.124;51.161
-5.31;-0.131;51.159
-5.18;-0.2;51.119
-5.124;-0.217;51.102
-5.126;1.699;51.1
-5.146;1.62;51.106
-5.157;1.568;51.109
-5.155;1.559;51.109
-5.161;1.541;51.11
-5.169;1.538;51.113
-5.169;1.528;51.113
-5.173;1.507;51.114
-5.173;1.5;51.114
-5.185;1.449;51.118
-5.187;1.401;51.118
-5.219;1.251;51.128
-5.243;1.178;51.135
-5.258;1.128;51.14
-5.261;1.12;51.141
-5.271;1.097;51.144
-5.279;1.088;51.146
-5.273;1.07;51.144
-5.277;1.062;51.146
-5.286;1.037;51.148
-5.294;0.997;51.151
-5.292;0.988;51.15
-5.3;0.959;51.153
-5.302;0.948;51.153
-5.323;0.79;51.16
-5.314;0.708;51.157
-5.357;0.297;51.17
-5.356;0.037;51.17
-5.355;-0.003;51.17
-5.358;-0.013;51.171
-5.316;-0.113;51.158
-5.297;-0.14;51.153
-5.284;-0.152;51.149
-5.278;-0.158;51.147
-5.271;-0.165;51.145
-5.265;-0.169;51.143
-5.215;-0.187;51.128
-5.196;-0.194;51.122
-5.17;-0.208;51.114
-5.143;-0.213;51.106
-5.13;-0.215;51.102
-5.124;-0.217;51.1
-5.158;1.548;51.107
-5.185;1.408;51.116
-5.217;1.319;51.125
-5.219;1.308;51.126
-5.226;1.271;51.128
-5.221;1.258;51.127
-5.229;1.228;51.129
-5.246;1.161;51.135
-5.258;1.148;51.138
-5.288;1.02;51.147
-5.289;1.01;51.147
-5.308;0.78;51.153
-5.322;0.648;51.158
-5.356;0.357;51.168
-5.35;0.318;51.167
-5.351;0.308;51.167
-5.357;0.287;51.169
-5.354;0.282;51.168
-5.355;0.237;51.168
-5.356;0.227;51.168
-5.358;0.219;51.169
-5.356;0.188;51.168
-5.355;0.157;51.168
-5.354;0.149;51.168
-5.359;0.119;51.169
-5.348;0.078;51.166
-5.36;0.028;51.17
-5.353;-0.002;51.168
-5.33;-0.072;51.161
-5.259;-0.173;51.139
-5.246;-0.179;51.135
-5.23;-0.184;51.13
-5.156;-0.209;51.108
-5.162;1.584;51.107
-5.173;1.535;51.11
-5.173;1.515;51.11
-5.177;1.497;51.111
-5.19;1.397;51.116
-5.192;1.388;51.116
-5.194;1.381;51.117
-5.2;1.375;51.118
-5.203;1.368;51.119
-5.2;1.348;51.118
-5.203;1.339;51.119
-5.205;1.33;51.12
-5.22;1.291;51.124
-5.226;1.278;51.126
-5.229;1.247;51.127
-5.224;1.237;51.126
-5.233;1.198;51.128
-5.236;1.191;51.129
-5.275;1.087;51.141
-5.318;0.85;51.154
-5.309;0.846;51.152
-5.307;0.84;51.151
-5.322;0.799;51.156
-5.321;0.737;51.155
-5.322;0.728;51.156
-5.322;0.72;51.156
-5.328;0.698;51.158
-5.322;0.688;51.156
-5.325;0.68;51.157
-5.327;0.678;51.157
-5.328;0.672;51.157
-5.326;0.664;51.157
-5.323;0.638;51.156
-5.324;0.629;51.156
-5.327;0.621;51.157
-5.323;0.615;51.156
-5.323;0.608;51.156
-5.324;0.598;51.156
-5.325;0.59;51.157
-5.325;0.568;51.157
-5.326;0.562;51.157
-5.328;0.556;51.158
-5.33;0.548;51.158
-5.333;0.538;51.159
-5.334;0.528;51.16
-5.333;0.519;51.159
-5.335;0.499;51.16
-5.341;0.485;51.162
-5.337;0.468;51.161
-5.34;0.462;51.161
-5.344;0.457;51.163
-5.346;0.448;51.163
-5.345;0.438;51.163
-5.348;0.418;51.164
-5.349;0.399;51.164
-5.349;0.387;51.164
-5.348;0.377;51.164
-5.35;0.37;51.165
-5.356;0.33;51.166
-5.352;0.325;51.165
-5.352;0.276;51.165
-5.352;0.27;51.165
-5.356;0.248;51.166
-5.356;0.209;51.166
-5.358;0.177;51.167
-5.352;0.144;51.165
-5.351;0.138;51.165
-5.356;0.109;51.167
-5.352;0.1;51.165
-5.361;0.088;51.168
-5.351;0.067;51.165
-5.348;0.048;51.164
-5.349;0.04;51.164
-5.361;0.017;51.168
-5.359;0.008;51.167
-5.352;-0.004;51.165
-5.35;-0.014;51.165
-5.348;-0.023;51.164
-5.345;-0.033;51.163
-5.341;-0.039;51.162
-5.332;-0.063;51.159
-5.33;-0.08;51.159
-5.317;-0.122;51.155
-5.217;-0.185;51.125
-5.173;-0.207;51.111
-5.149;1.608;51.101
-5.15;1.598;51.101
-5.163;1.578;51.105
-5.161;1.571;51.105
-5.158;1.554;51.104
-5.172;1.529;51.108
-5.176;1.508;51.109
-5.184;1.493;51.112
-5.181;1.478;51.111
-5.182;1.468;51.111
-5.183;1.459;51.111
-5.183;1.442;51.111
-5.19;1.428;51.113
-5.192;1.419;51.114
-5.193;1.408;51.114
-5.2;1.358;51.117
-5.224;1.285;51.124
-5.276;1.077;51.14
-5.285;1.051;51.142
-5.292;1.039;51.144
-5.295;0.998;51.145
-5.304;0.988;51.148
-5.301;0.979;51.147
-5.3;0.972;51.147
-5.299;0.968;51.147
-5.299;0.962;51.147
-5.302;0.956;51.148
-5.304;0.938;51.148
-5.308;0.93;51.149
-5.309;0.898;51.15
-5.311;0.879;51.15
-5.317;0.867;51.152
-5.322;0.817;51.154
-5.322;0.808;51.154
-5.328;0.578;51.156
-5.337;0.477;51.158
-5.347;0.428;51.161
-5.35;0.167;51.163
-5.349;0.162;51.162
-5.351;0.057;51.163
-5.32;-0.092;51.154
-5.318;-0.103;51.153
-5.318;-0.131;51.153
-5.307;-0.136;51.15
-5.203;-0.191;51.118
-5.153;1.59;51.1
-5.156;1.558;51.101
-5.169;1.52;51.105
-5.183;1.495;51.11
-5.179;1.487;51.108
-5.223;1.277;51.122
-5.254;1.158;51.131
-5.264;1.148;51.134
-5.263;1.141;51.134
-5.261;1.126;51.133
-5.269;1.108;51.136
-5.272;1.091;51.137
-5.278;1.066;51.138
-5.283;1.058;51.14
-5.294;1.018;51.143
-5.309;0.918;51.148
-5.315;0.78;51.15
-5.318;0.776;51.151
-5.364;0.113;51.165
-5.294;-0.142;51.144
-5.289;-0.149;51.143
-5.283;-0.155;51.141
-5.278;-0.159;51.139
-5.265;-0.169;51.135
-5.197;-0.197;51.115
-5.189;-0.198;51.112
-5.18;-0.204;51.11
-5.164;-0.209;51.105
-5.15;-0.21;51.101
-5.168;1.54;51.103
-5.203;1.332;51.114
-5.226;1.238;51.121
-5.227;1.229;51.121
-5.232;1.218;51.122
-5.229;1.209;51.122
-5.232;1.201;51.122
-5.243;1.17;51.126
-5.259;1.132;51.131
-5.272;1.1;51.135
-5.298;1.046;51.142
-5.318;0.84;51.149
-5.329;0.797;51.152
-5.331;0.788;51.152
-5.324;0.757;51.15
-5.329;0.568;51.152
-5.342;0.469;51.156
-5.346;0.452;51.157
-5.35;0.442;51.158
-5.347;0.437;51.158
-5.347;0.42;51.158
-5.358;0.358;51.161
-5.358;0.348;51.161
-5.356;0.327;51.16
-5.353;0.318;51.159
-5.354;0.308;51.16
-5.358;0.298;51.161
-5.358;0.286;51.161
-5.358;0.268;51.161
-5.357;0.198;51.161
-5.359;0.178;51.161
-5.356;0.167;51.161
-5.356;0.148;51.16
-5.364;0.116;51.163
-5.356;0.107;51.161
-5.352;0.068;51.159
-5.352;0.06;51.159
-5.357;0.019;51.161
-5.354;-0.002;51.16
-5.351;-0.011;51.159
-5.351;-0.021;51.159
-5.349;-0.032;51.159
-5.325;-0.081;51.151
-5.305;-0.137;51.145
-5.255;-0.175;51.13
-5.249;-0.179;51.129
-5.239;-0.182;51.126
-5.168;1.537;51.101
-5.17;1.528;51.102
-5.181;1.481;51.105
-5.178;1.477;51.104
-5.183;1.468;51.106
-5.185;1.448;51.106
-5.189;1.439;51.107
-5.191;1.419;51.108
-5.199;1.408;51.111
-5.197;1.401;51.11
-5.19;1.392;51.108
-5.2;1.377;51.111
-5.204;1.339;51.112
-5.211;1.326;51.114
-5.214;1.319;51.115
-5.216;1.298;51.116
-5.217;1.289;51.116
-5.226;1.269;51.119
-5.226;1.258;51.119
-5.229;1.247;51.12
-5.301;0.987;51.141
-5.302;0.978;51.142
-5.306;0.938;51.143
-5.31;0.925;51.144
-5.316;0.877;51.146
-5.318;0.869;51.146
-5.322;0.86;51.148
-5.321;0.856;51.147
-5.325;0.822;51.149
-5.325;0.769;51.149
-5.329;0.678;51.15
-5.329;0.668;51.15
-5.328;0.647;51.15
-5.327;0.638;51.149
-5.327;0.629;51.149
-5.329;0.598;51.15
-5.33;0.588;51.15
-5.331;0.558;51.151
-5.33;0.548;51.151
-5.335;0.54;51.152
-5.338;0.538;51.153
-5.337;0.53;51.153
-5.335;0.523;51.152
-5.34;0.497;51.154
-5.342;0.487;51.154
-5.346;0.458;51.155
-5.351;0.445;51.157
-5.353;0.406;51.158
-5.354;0.398;51.158
-5.354;0.387;51.158
-5.352;0.378;51.157
-5.358;0.246;51.159
-5.355;0.237;51.158
-5.357;0.208;51.159
-5.357;0.188;51.159
-5.355;0.157;51.158
-5.356;0.138;51.158
-5.357;0.129;51.159
-5.363;0.116;51.161
-5.362;0.112;51.16
-5.356;0.098;51.159
-5.355;0.079;51.158
-5.348;0.047;51.156
-5.358;0.028;51.159
-5.348;-0.024;51.156
-5.344;-0.043;51.155
-5.34;-0.05;51.154
-5.329;-0.071;51.151
-5.323;-0.087;51.149
-5.227;-0.183;51.12
-5.172;1.518;51.1
-5.172;1.508;51.1
-5.192;1.396;51.106
-5.203;1.368;51.11
-5.258;1.154;51.126
-5.259;1.148;51.127
-5.273;1.097;51.131
-5.291;1.029;51.136
-5.292;1.022;51.137
-5.297;1.016;51.138
-5.298;1.008;51.138
-5.298;0.997;51.139
-5.303;0.967;51.14
-5.304;0.957;51.14
-5.303;0.948;51.14
-5.307;0.929;51.141
-5.312;0.919;51.143
-5.313;0.906;51.143
-5.314;0.898;51.143
-5.321;0.809;51.145
-5.328;0.739;51.148
-5.326;0.728;51.147
-5.327;0.608;51.148
-5.335;0.575;51.15
-5.352;0.389;51.155
-5.358;0.118;51.157
-5.334;-0.054;51.15
-5.331;-0.063;51.149
-5.319;-0.113;51.146
-5.316;-0.121;51.145
-5.319;-0.131;51.146
-5.302;-0.139;51.141
-5.214;-0.188;51.114
-5.201;-0.194;51.11
-5.186;-0.202;51.106
-5.174;-0.208;51.102
-5.177;1.49;51.1
-5.176;1.468;51.1
-5.224;1.239;51.114
-5.246;1.167;51.121
-5.256;1.153;51.124
-5.261;1.138;51.125
-5.263;1.117;51.126
-5.266;1.11;51.127
-5.269;1.103;51.128
-5.276;1.078;51.13
-5.279;1.07;51.131
-5.291;1.049;51.135
-5.335;0.528;51.148
-5.355;0.367;51.154
-5.353;0.298;51.154
-5.36;0.197;51.156
-5.362;0.177;51.156
-5.363;0.009;51.157
-5.349;-0.031;51.153
-5.347;-0.038;51.152
-5.319;-0.092;51.144
-5.321;-0.103;51.144
-5.287;-0.151;51.134
-5.284;-0.158;51.133
-5.276;-0.164;51.131
-5.196;1.428;51.104
-5.193;1.417;51.103
-5.194;1.399;51.103
-5.218;1.307;51.111
-5.219;1.3;51.111
-5.219;1.287;51.111
-5.223;1.278;51.112
-5.232;1.259;51.115
-5.236;1.228;51.116
-5.234;1.208;51.115
-5.238;1.189;51.117
-5.248;1.159;51.12
-5.334;0.618;51.146
-5.332;0.596;51.145
-5.333;0.569;51.146
-5.334;0.559;51.146
-5.342;0.499;51.148
-5.351;0.468;51.151
-5.351;0.447;51.151
-5.351;0.428;51.151
-5.358;0.398;51.153
-5.359;0.388;51.153
-5.359;0.38;51.154
-5.357;0.377;51.153
-5.36;0.37;51.154
-5.355;0.36;51.152
-5.361;0.347;51.154
-5.36;0.337;51.154
-5.36;0.33;51.154
-5.353;0.317;51.152
-5.355;0.307;51.152
-5.357;0.291;51.153
-5.36;0.289;51.154
-5.358;0.282;51.153
-5.36;0.267;51.154
-5.359;0.258;51.153
-5.358;0.229;51.153
-5.358;0.221;51.153
-5.356;0.217;51.153
-5.359;0.207;51.154
-5.364;0.171;51.155
-5.357;0.165;51.153
-5.356;0.147;51.153
-5.356;0.137;51.153
-5.36;0.087;51.154
-5.361;0.069;51.154
-5.354;0.065;51.152
-5.352;0.058;51.152
-5.35;0.048;51.151
-5.351;0.038;51.151
-5.363;0.017;51.155
-5.361;0.002;51.154
-5.354;-0.012;51.152
-5.322;-0.081;51.143
-5.32;-0.104;51.142
-5.318;-0.137;51.141
-5.263;-0.171;51.125
-5.25;-0.181;51.121
-5.198;1.409;51.102
-5.194;1.388;51.101
-5.202;1.353;51.104
-5.207;1.347;51.105
-5.214;1.32;51.107
-5.228;1.27;51.112
-5.24;1.181;51.115
-5.293;1.047;51.131
-5.294;1.037;51.132
-5.296;1.017;51.132
-5.301;0.998;51.134
-5.307;0.947;51.136
-5.309;0.937;51.136
-5.312;0.918;51.137
-5.317;0.899;51.138
-5.322;0.891;51.14
-5.31;0.879;51.136
-5.317;0.873;51.139
-5.323;0.867;51.14
-5.323;0.838;51.14
-5.324;0.818;51.141
-5.327;0.8;51.142
-5.325;0.778;51.141
-5.326;0.748;51.141
-5.328;0.738;51.142
-5.327;0.708;51.142
-5.33;0.7;51.142
-5.333;0.688;51.144
-5.332;0.683;51.143
-5.331;0.66;51.143
-5.332;0.656;51.143
-5.329;0.637;51.142
-5.331;0.63;51.143
-5.331;0.603;51.143
-5.334;0.589;51.144
-5.331;0.546;51.143
-5.339;0.539;51.145
-5.337;0.518;51.145
-5.342;0.508;51.146
-5.347;0.492;51.148
-5.352;0.408;51.149
-5.361;0.247;51.152
-5.362;0.237;51.152
-5.356;0.186;51.151
-5.357;0.182;51.151
-5.356;0.159;51.151
-5.354;0.126;51.15
-5.355;0.108;51.15
-5.339;-0.054;51.146
-5.333;-0.06;51.144
-5.332;-0.068;51.144
-5.319;-0.088;51.14
-5.237;-0.184;51.115
-5.211;-0.194;51.108
-5.194;-0.199;51.102
-5.198;1.369;51.101
-5.199;1.36;51.101
-5.251;1.151;51.117
-5.259;1.13;51.119
-5.277;1.083;51.124
-5.282;1.066;51.126
-5.284;1.06;51.127
-5.294;1.028;51.13
-5.302;1.009;51.132
-5.302;0.988;51.132
-5.301;0.979;51.132
-5.303;0.969;51.132
-5.312;0.886;51.135
-5.33;0.789;51.14
-5.33;0.614;51.141
-5.33;0.611;51.141
-5.327;0.571;51.14
-5.34;0.481;51.144
-5.353;0.1;51.148
-5.324;-0.072;51.139
-5.313;-0.113;51.136
-5.31;-0.14;51.135
-5.299;-0.144;51.132
-5.284;-0.16;51.128
-5.221;-0.187;51.109
-5.244;1.219;51.113
-5.241;1.212;51.112
-5.248;1.16;51.114
-5.249;1.153;51.114
-5.258;1.138;51.117
-5.27;1.118;51.12
-5.273;1.098;51.121
-5.275;1.089;51.122
-5.331;0.786;51.139
-5.33;0.722;51.139
-5.344;0.488;51.143
-5.355;0.425;51.146
-5.36;0.397;51.148
-5.362;0.389;51.148
-5.361;0.358;51.148
-5.363;0.227;51.149
-5.361;0.218;51.148
-5.358;0.168;51.148
-5.358;0.158;51.147
-5.359;0.148;51.148
-5.355;0.129;51.147
-5.359;0.028;51.148
-5.33;-0.068;51.139
-5.315;-0.083;51.135
-5.315;-0.091;51.135
-5.315;-0.101;51.135
-5.325;-0.14;51.138
-5.294;-0.149;51.129
-5.273;-0.165;51.122
-5.269;-0.168;51.121
-5.26;-0.175;51.118
-5.21;1.341;51.1
-5.209;1.326;51.1
-5.209;1.323;51.1
-5.216;1.317;51.102
-5.219;1.289;51.103
-5.221;1.278;51.104
-5.222;1.273;51.104
-5.232;1.258;51.107
-5.231;1.249;51.107
-5.236;1.201;51.108
-5.244;1.179;51.111
-5.27;1.125;51.118
-5.328;0.858;51.136
-5.323;0.849;51.134
-5.329;0.82;51.136
-5.325;0.809;51.135
-5.32;0.791;51.134
-5.322;0.719;51.134
-5.328;0.707;51.136
-5.333;0.697;51.138
-5.333;0.589;51.138
-5.342;0.54;51.14
-5.342;0.515;51.14
-5.343;0.507;51.141
-5.344;0.499;51.141
-5.35;0.46;51.143
-5.353;0.452;51.144
-5.356;0.447;51.145
-5.356;0.441;51.145
-5.354;0.436;51.144
-5.353;0.428;51.144
-5.356;0.42;51.145
-5.362;0.369;51.147
-5.362;0.349;51.147
-5.361;0.338;51.146
-5.362;0.328;51.147
-5.361;0.307;51.146
-5.364;0.297;51.147
-5.361;0.278;51.146
-5.362;0.268;51.147
-5.364;0.248;51.147
-5.364;0.238;51.147
-5.359;0.189;51.146
-5.359;0.177;51.146
-5.356;0.119;51.145
-5.358;0.069;51.146
-5.355;0.06;51.145
-5.353;0.054;51.144
-5.359;0.018;51.146
-5.36;0.007;51.146
-5.359;-0.002;51.146
-5.357;-0.01;51.145
-5.35;-0.022;51.143
-5.347;-0.033;51.142
-5.344;-0.04;51.141
-5.317;-0.08;51.133
-5.313;-0.121;51.132
-5.257;-0.178;51.116
-5.244;-0.182;51.112
-5.234;1.23;51.106
-5.263;1.135;51.115
-5.284;1.063;51.121
-5.293;1.057;51.123
-5.295;1.038;51.124
-5.297;1.029;51.125
-5.304;1.008;51.127
-5.306;0.998;51.127
-5.305;0.987;51.127
-5.309;0.948;51.128
-5.312;0.93;51.129
-5.317;0.917;51.131
-5.32;0.907;51.132
-5.322;0.898;51.132
-5.329;0.841;51.134
-5.325;0.83;51.133
-5.328;0.807;51.134
-5.328;0.801;51.134
-5.322;0.796;51.132
-5.314;0.79;51.13
-5.328;0.78;51.134
-5.326;0.768;51.133
-5.325;0.758;51.133
-5.326;0.75;51.134
-5.333;0.729;51.136
-5.324;0.713;51.133
-5.333;0.678;51.136
-5.332;0.649;51.135
-5.333;0.617;51.136
-5.332;0.608;51.135
-5.334;0.598;51.136
-5.332;0.577;51.135
-5.334;0.567;51.136
-5.338;0.548;51.137
-5.337;0.529;51.137
-5.339;0.488;51.138
-5.346;0.477;51.14
-5.352;0.041;51.142
-5.342;-0.048;51.139
-5.335;-0.062;51.137
-5.317;-0.092;51.132
-5.318;-0.102;51.132
-5.32;-0.111;51.133
-5.319;-0.133;51.132
-5.308;-0.144;51.129
-5.234;-0.184;51.107
-5.218;-0.193;51.102
-5.267;1.129;51.114
-5.27;1.099;51.115
-5.28;1.087;51.118
-5.28;1.078;51.118
-5.28;1.069;51.118
-5.298;1.019;51.123
-5.321;0.869;51.13
-5.351;0.411;51.139
-5.365;0.077;51.144
-5.322;-0.073;51.131
-5.313;-0.082;51.128
-5.313;-0.123;51.128
-5.33;-0.14;51.134
-5.32;-0.144;51.131
-5.294;-0.152;51.123
-5.23;-0.187;51.104
-5.226;1.288;51.1
-5.236;1.238;51.103
-5.235;1.226;51.102
-5.239;1.218;51.103
-5.248;1.166;51.106
-5.251;1.157;51.107
-5.254;1.149;51.108
-5.258;1.14;51.109
-5.272;1.108;51.113
-5.308;0.79;51.124
-5.309;0.782;51.125
-5.33;0.708;51.131
-5.353;0.466;51.138
-5.355;0.418;51.139
-5.343;0.408;51.135
-5.358;0.402;51.139
-5.366;0.379;51.142
-5.365;0.358;51.142
-5.361;0.351;51.14
-5.365;0.307;51.142
-5.367;0.21;51.142
-5.358;0.198;51.14
-5.36;0.19;51.14
-5.353;0.139;51.138
-5.357;0.118;51.14
-5.359;0.1;51.14
-5.364;0.095;51.142
-5.358;0.067;51.14
-5.354;0.008;51.139
-5.325;-0.113;51.13
-5.309;-0.148;51.125
-5.281;-0.162;51.117
-5.267;-0.172;51.113
-5.237;1.266;51.101
-5.236;1.262;51.101
-5.242;1.188;51.103
-5.246;1.172;51.104
-5.327;0.889;51.128
-5.325;0.883;51.127
-5.328;0.859;51.128
-5.33;0.847;51.129
-5.328;0.828;51.128
-5.327;0.808;51.128
-5.318;0.777;51.125
-5.331;0.749;51.129
-5.337;0.733;51.131
-5.329;0.7;51.129
-5.337;0.687;51.131
-5.337;0.682;51.131
-5.333;0.669;51.13
-5.339;0.659;51.132
-5.332;0.639;51.129
-5.335;0.633;51.13
-5.337;0.627;51.131
-5.337;0.621;51.131
-5.335;0.614;51.13
-5.334;0.61;51.13
-5.334;0.587;51.13
-5.333;0.578;51.13
-5.335;0.553;51.13
-5.339;0.548;51.132
-5.339;0.539;51.132
-5.338;0.528;51.132
-5.346;0.507;51.134
-5.346;0.498;51.134
-5.343;0.488;51.133
-5.354;0.458;51.136
-5.354;0.448;51.136
-5.355;0.429;51.137
-5.345;0.417;51.134
-5.367;0.396;51.14
-5.365;0.367;51.14
-5.37;0.337;51.141
-5.367;0.318;51.14
-5.366;0.299;51.14
-5.369;0.269;51.141
-5.368;0.248;51.141
-5.367;0.237;51.14
-5.37;0.218;51.141
-5.365;0.178;51.14
-5.365;0.173;51.14
-5.357;0.167;51.137
-5.356;0.157;51.137
-5.355;0.108;51.137
-5.365;0.088;51.14
-5.364;0.073;51.139
-5.357;0.058;51.138
-5.355;0.049;51.137
-5.357;0.029;51.137
-5.357;0.019;51.137
-5.354;-0.022;51.137
-5.352;-0.029;51.136
-5.341;-0.05;51.133
-5.325;-0.07;51.128
-5.254;-0.181;51.107
-5.239;-0.182;51.103
-5.299;1.029;51.118
-5.3;1.018;51.118
-5.304;0.969;51.119
-5.318;0.947;51.123
-5.316;0.938;51.123
-5.319;0.919;51.123
-5.32;0.91;51.124
-5.322;0.898;51.124
-5.322;0.877;51.124
-5.329;0.798;51.127
-5.306;0.787;51.12
-5.329;0.758;51.127
-5.333;0.741;51.128
-5.331;0.69;51.127
-5.339;0.6;51.13
-5.332;0.566;51.128
-5.328;0.559;51.127
-5.335;0.53;51.129
-5.334;0.518;51.128
-5.346;0.48;51.132
-5.35;0.418;51.133
-5.367;0.289;51.138
-5.368;0.277;51.139
-5.357;0.147;51.135
-5.364;0.088;51.138
-5.362;0.071;51.137
-5.346;-0.042;51.132
-5.33;-0.063;51.128
-5.316;-0.081;51.123
-5.314;-0.122;51.123
-5.317;-0.129;51.124
-5.339;-0.145;51.13
-5.317;-0.149;51.124
-5.247;1.178;51.1
-5.261;1.139;51.104
-5.272;1.123;51.108
-5.273;1.118;51.108
-5.277;1.108;51.109
-5.277;1.09;51.109
-5.284;1.076;51.111
-5.282;1.071;51.111
-5.287;1.067;51.112
-5.293;1.059;51.114
-5.295;1.048;51.114
-5.305;1.008;51.117
-5.306;0.987;51.118
-5.304;0.978;51.117
-5.325;0.794;51.123
-5.309;0.787;51.119
-5.306;0.781;51.118
-5.31;0.779;51.119
-5.338;0.517;51.128
-5.346;0.468;51.13
-5.362;0.188;51.135
-5.358;0.089;51.134
-5.364;0.078;51.136
-5.335;-0.055;51.127
-5.316;-0.091;51.121
-5.318;-0.102;51.122
-5.304;-0.151;51.118
-5.289;-0.159;51.114
-5.276;-0.17;51.11
-5.264;1.129;51.103
-5.27;1.12;51.105
-5.335;0.628;51.125
-5.338;0.491;51.126
-5.333;0.488;51.124
-5.351;0.477;51.129
-5.355;0.457;51.131
-5.353;0.428;51.13
-5.367;0.378;51.134
-5.365;0.369;51.134
-5.366;0.359;51.134
-5.365;0.349;51.134
-5.371;0.327;51.135
-5.369;0.288;51.135
-5.37;0.28;51.135
-5.371;0.272;51.136
-5.374;0.268;51.136
-5.371;0.257;51.135
-5.37;0.239;51.135
-5.371;0.225;51.136
-5.373;0.219;51.136
-5.365;0.207;51.134
-5.36;0.198;51.132
-5.357;0.156;51.131
-5.356;0.147;51.131
-5.354;0.13;51.131
-5.36;0.112;51.132
-5.36;-0.002;51.132
-5.351;-0.032;51.13
-5.335;-0.142;51.125
-5.345;-0.151;51.128
-5.265;1.117;51.102
-5.281;1.081;51.106
-5.308;0.96;51.115
-5.311;0.949;51.115
-5.325;0.869;51.12
-5.333;0.827;51.122
-5.333;0.821;51.122
-5.333;0.798;51.122
-5.334;0.793;51.122
-5.329;0.778;51.121
-5.33;0.772;51.121
-5.334;0.747;51.122
-5.338;0.718;51.123
-5.34;0.688;51.124
-5.336;0.679;51.123
-5.338;0.658;51.124
-5.337;0.637;51.123
-5.339;0.589;51.124
-5.34;0.578;51.124
-5.339;0.568;51.124
-5.339;0.538;51.124
-5.344;0.512;51.126
-5.351;0.498;51.128
-5.342;0.468;51.125
-5.344;0.462;51.126
-5.363;0.417;51.131
-5.365;0.409;51.132
-5.368;0.398;51.133
-5.368;0.34;51.133
-5.369;0.317;51.133
-5.369;0.298;51.133
-5.37;0.249;51.133
-5.363;0.17;51.131
-5.361;0.163;51.131
-5.36;0.151;51.13
-5.364;0.117;51.132
-5.35;0.069;51.128
-5.356;0.06;51.129
-5.355;0.048;51.129
-5.355;0.038;51.129
-5.356;0.028;51.129
-5.354;0.009;51.129
-5.356;0.002;51.129
-5.354;-0.023;51.129
-5.347;-0.039;51.127
-5.324;-0.154;51.12
-5.264;-0.178;51.102
-5.298;1.056;51.109
-5.3;1.038;51.11
-5.307;0.99;51.112
-5.304;0.981;51.111
-5.31;0.968;51.113
-5.316;0.932;51.115
-5.324;0.897;51.117
-5.324;0.879;51.117
-5.327;0.858;51.118
-5.329;0.814;51.119
-5.329;0.81;51.119
-5.339;0.698;51.122
-5.338;0.557;51.122
-5.34;0.547;51.122
-5.353;0.098;51.126
-5.353;0.088;51.127
-5.354;0.078;51.127
-5.341;-0.053;51.123
-5.335;-0.059;51.121
-5.325;-0.072;51.118
-5.316;-0.091;51.116
-5.313;-0.112;51.115
-5.323;-0.133;51.118
-5.34;-0.156;51.123
-5.274;1.098;51.1
-5.278;1.088;51.102
-5.285;1.069;51.104
-5.302;1.009;51.109
-5.372;0.337;51.13
-5.373;0.257;51.13
-5.373;0.218;51.13
-5.359;0.057;51.126
-5.317;-0.103;51.114
-5.314;-0.122;51.113
-5.315;-0.128;51.114
-5.327;-0.139;51.117
-5.296;-0.158;51.108
-5.286;-0.165;51.105
-5.271;-0.173;51.101
-5.289;1.062;51.103
-5.303;0.955;51.107
-5.301;0.95;51.107
-5.299;0.94;51.106
-5.331;0.849;51.116
-5.337;0.677;51.117
-5.35;0.509;51.122
-5.349;0.477;51.121
-5.346;0.47;51.12
-5.361;0.457;51.125
-5.36;0.448;51.124
-5.359;0.438;51.124
-5.361;0.429;51.125
-5.363;0.418;51.125
-5.366;0.41;51.126
-5.372;0.397;51.128
-5.374;0.39;51.129
-5.373;0.378;51.128
-5.369;0.369;51.127
-5.371;0.348;51.128
-5.372;0.318;51.128
-5.37;0.309;51.127
-5.369;0.297;51.127
-5.372;0.287;51.128
-5.373;0.279;51.128
-5.374;0.267;51.129
-5.374;0.238;51.129
-5.376;0.228;51.129
-5.366;0.206;51.126
-5.361;0.198;51.125
-5.369;0.169;51.127
-5.361;0.159;51.125
-5.362;0.139;51.125
-5.36;0.128;51.125
-5.359;0.11;51.124
-5.351;0.088;51.122
-5.351;0.069;51.122
-5.357;0.038;51.124
-5.359;0.019;51.124
-5.359;-0.002;51.125
-5.358;-0.022;51.124
-5.346;-0.043;51.121
-5.343;-0.047;51.12
-5.343;-0.157;51.12
-5.342;-0.159;51.12
-5.328;-0.159;51.115
-5.283;-0.168;51.102
-5.305;0.96;51.106
-5.307;0.937;51.107
-5.322;0.927;51.111
-5.323;0.919;51.111
-5.326;0.911;51.112
-5.332;0.9;51.114
-5.326;0.878;51.112
-5.329;0.858;51.113
-5.334;0.839;51.114
-5.334;0.828;51.115
-5.333;0.818;51.114
-5.332;0.807;51.114
-5.335;0.798;51.115
-5.332;0.789;51.114
-5.333;0.768;51.114
-5.337;0.758;51.115
-5.338;0.748;51.116
-5.337;0.739;51.115
-5.34;0.729;51.116
-5.34;0.72;51.116
-5.339;0.708;51.116
-5.34;0.699;51.116
-5.344;0.689;51.117
-5.344;0.681;51.117
-5.34;0.67;51.116
-5.342;0.659;51.117
-5.344;0.649;51.118
-5.341;0.644;51.117
-5.341;0.638;51.117
-5.337;0.62;51.115
-5.339;0.612;51.116
-5.342;0.606;51.117
-5.344;0.598;51.118
-5.343;0.59;51.117
-5.341;0.566;51.117
-5.342;0.56;51.117
-5.341;0.551;51.117
-5.34;0.541;51.117
-5.345;0.517;51.118
-5.351;0.499;51.12
-5.352;0.487;51.12
-5.36;0.188;51.123
-5.363;0.18;51.124
-5.363;0.117;51.123
-5.354;0.103;51.121
-5.353;0.096;51.121
-5.352;0.076;51.121
-5.354;0.062;51.121
-5.352;0.015;51.121
-5.353;0.011;51.121
-5.35;-0.034;51.12
-5.336;-0.064;51.116
-5.317;-0.09;51.11
-5.318;-0.101;51.111
-5.334;-0.145;51.115
-5.311;-0.158;51.109
-5.304;1.017;51.104
-5.309;0.998;51.105
-5.309;0.987;51.105
-5.307;0.978;51.105
-5.311;0.968;51.106
-5.326;0.888;51.11
-5.333;0.779;51.112
-5.338;0.558;51.114
-5.346;0.528;51.116
-5.354;-0.027;51.119
-5.319;-0.081;51.109
-5.324;-0.132;51.11
-5.327;-0.137;51.111
-5.332;-0.161;51.113
-5.321;-0.159;51.109
-5.308;-0.162;51.106
-5.295;-0.164;51.102
-5.298;1.053;51.1
-5.306;0.948;51.102
-5.297;0.94;51.1
-5.328;0.567;51.109
-5.327;0.56;51.109
-5.358;0.469;51.118
-5.381;0.386;51.125
-5.38;0.382;51.124
-5.355;-0.022;51.117
-5.332;-0.069;51.111
-5.313;-0.104;51.105
-5.31;-0.111;51.104
-5.313;-0.119;51.105
-5.317;0.947;51.103
-5.307;0.933;51.101
-5.334;0.789;51.109
-5.343;0.728;51.111
-5.342;0.698;51.111
-5.344;0.688;51.112
-5.345;0.678;51.112
-5.342;0.639;51.111
-5.332;0.578;51.108
-5.324;0.56;51.106
-5.348;0.522;51.113
-5.355;0.478;51.115
-5.361;0.439;51.117
-5.362;0.429;51.117
-5.369;0.418;51.119
-5.374;0.4;51.121
-5.371;0.377;51.12
-5.371;0.368;51.12
-5.37;0.348;51.12
-5.37;0.339;51.12
-5.374;0.328;51.121
-5.372;0.288;51.12
-5.373;0.268;51.121
-5.374;0.248;51.121
-5.375;0.243;51.121
-5.378;0.232;51.122
-5.369;0.209;51.119
-5.365;0.192;51.118
-5.366;0.168;51.119
-5.362;0.157;51.117
-5.365;0.141;51.118
-5.365;0.119;51.118
-5.356;0.108;51.116
-5.364;0.083;51.118
-5.354;0.059;51.115
-5.354;0.047;51.115
-5.364;0.029;51.118
-5.364;0.023;51.118
-5.355;0.017;51.116
-5.353;0.008;51.115
-5.359;-0.001;51.117
-5.355;-0.012;51.115
-5.341;-0.052;51.111
-5.338;-0.059;51.111
-5.344;-0.162;51.112
-5.318;0.93;51.102
-5.332;0.896;51.106
-5.326;0.888;51.104
-5.33;0.878;51.105
-5.329;0.869;51.105
-5.333;0.849;51.106
-5.329;0.839;51.105
-5.323;0.828;51.103
-5.334;0.81;51.107
-5.339;0.798;51.108
-5.34;0.783;51.108
-5.336;0.777;51.107
-5.336;0.772;51.107
-5.338;0.766;51.108
-5.343;0.748;51.109
-5.341;0.718;51.109
-5.343;0.709;51.109
-5.343;0.669;51.109
-5.346;0.659;51.11
-5.344;0.648;51.11
-5.342;0.627;51.109
-5.342;0.618;51.109
-5.344;0.608;51.11
-5.346;0.598;51.11
-5.345;0.549;51.11
-5.345;0.539;51.11
-5.348;0.531;51.111
-5.356;0.509;51.113
-5.356;0.499;51.113
-5.36;0.458;51.115
-5.37;0.408;51.118
-5.374;0.278;51.119
-5.373;0.258;51.119
-5.368;0.199;51.117
-5.362;0.187;51.115
-5.362;0.181;51.115
-5.367;0.16;51.117
-5.367;0.148;51.117
-5.359;0.136;51.115
-5.36;0.131;51.115
-5.363;0.126;51.116
-5.359;0.117;51.114
-5.363;0.082;51.116
-5.36;0.038;51.115
-5.344;-0.043;51.11
-5.314;-0.1;51.101
-5.312;-0.124;51.101
-5.327;-0.142;51.105
-5.31;-0.167;51.1
-5.317;0.959;51.1
-5.346;0.569;51.108
-5.345;0.558;51.108
-5.348;0.452;51.109
-5.352;0.449;51.11
-5.375;0.238;51.117
-5.363;0.123;51.114
-5.331;-0.072;51.105
-5.324;-0.078;51.103
-5.32;-0.093;51.101
-5.314;-0.133;51.1
-5.342;0.59;51.105
-5.355;0.481;51.109
-5.347;0.458;51.107
-5.368;0.429;51.113
-5.375;0.397;51.115
-5.378;0.389;51.116
-5.375;0.335;51.115
-5.378;0.329;51.116
-5.375;0.271;51.115
-5.376;0.247;51.116
-5.376;0.228;51.116
-5.374;0.219;51.115
-5.373;0.213;51.115
-5.37;0.208;51.114
-5.32;-0.139;51.1
-5.33;-0.149;51.102
-5.334;0.904;51.101
-5.335;0.901;51.101
-5.334;0.848;51.101
-5.337;0.806;51.102
-5.338;0.769;51.102
-5.342;0.761;51.103
-5.348;0.749;51.105
-5.347;0.739;51.105
-5.342;0.691;51.103
-5.347;0.686;51.105
-5.349;0.678;51.105
-5.344;0.63;51.104
-5.344;0.616;51.104
-5.347;0.601;51.105
-5.347;0.568;51.105
-5.344;0.546;51.104
-5.351;0.528;51.106
-5.353;0.52;51.107
-5.359;0.505;51.109
-5.356;0.488;51.108
-5.365;0.458;51.11
-5.377;0.381;51.114
-5.371;0.349;51.112
-5.371;0.343;51.112
-5.377;0.317;51.114
-5.374;0.302;51.113
-5.374;0.288;51.113
-5.37;0.266;51.112
-5.373;0.255;51.113
-5.365;0.189;51.111
-5.366;0.169;51.111
-5.363;0.14;51.11
-5.361;0.09;51.109
-5.36;0.07;51.109
-5.353;0.058;51.107
-5.356;0.052;51.108
-5.363;0.038;51.11
-5.366;0.022;51.111
-5.355;0.008;51.108
-5.361;-0.001;51.11
-5.337;-0.06;51.102
-5.331;-0.17;51.101
-5.348;0.756;51.103
-5.343;0.728;51.102
-5.344;0.718;51.102
-5.343;0.707;51.102
-5.34;0.7;51.101
-5.347;0.671;51.103
-5.349;0.651;51.103
-5.347;0.621;51.103
-5.343;0.611;51.102
-5.345;0.603;51.102
-5.351;0.579;51.104
-5.344;0.563;51.102
-5.348;0.556;51.103
-5.349;0.553;51.103
-5.345;0.54;51.102
-5.355;0.512;51.105
-5.365;0.477;51.108
-5.37;0.262;51.11
-5.371;0.152;51.11
-5.358;0.128;51.106
-5.356;0.108;51.106
-5.358;0.1;51.106
-5.352;-0.013;51.105
-5.348;-0.02;51.104
-5.345;-0.031;51.103
-5.347;-0.039;51.103
-5.341;-0.052;51.102
-5.334;-0.07;51.1
-5.335;-0.151;51.1
-5.353;-0.162;51.105
-5.34;-0.169;51.101
-5.366;0.392;51.107
-5.371;0.257;51.108
-5.356;0.086;51.104
-5.354;0.079;51.103
-5.357;0.068;51.104
-5.353;-0.167;51.103
-5.351;0.533;51.1
-5.357;0.507;51.102
-5.375;0.417;51.107
-5.374;0.408;51.107
-5.364;0.396;51.104
-5.362;0.393;51.104
-5.371;0.349;51.106
-5.374;0.338;51.107
-5.374;0.298;51.107
-5.375;0.288;51.107
-5.375;0.278;51.107
-5.373;0.269;51.107
-5.374;0.249;51.107
-5.374;0.218;51.107
-5.373;0.208;51.107
-5.374;0.198;51.107
-5.371;0.179;51.106
-5.372;0.158;51.106
-5.358;0.047;51.103
-5.361;0.038;51.103
-5.356;0.518;51.1
-5.36;0.489;51.101
-5.364;0.48;51.102
-5.366;0.459;51.103
-5.37;0.447;51.104
-5.371;0.439;51.104
-5.375;0.428;51.105
-5.377;0.387;51.106
-5.377;0.378;51.106
-5.372;0.369;51.104
-5.379;0.327;51.107
-5.376;0.318;51.106
-5.378;0.308;51.106
-5.377;0.238;51.106
-5.375;0.229;51.106
-5.372;0.192;51.105
-5.361;0.128;51.102
-5.358;0.117;51.101
-5.36;0.089;51.101
-5.361;0.008;51.102
-5.36;-0.012;51.101
-5.358;-0.165;51.101
-5.366;0.178;51.101
-5.366;0.17;51.101
-5.366;0.147;51.101
-5.379;0.414;51.103
-5.373;0.4;51.101
-5.368;0.168;51.1
-5.378;0.41;51.1
-5.377;0.391;51.1
-5.378;0.337;51.101
-5.379;0.329;51.101
-5.376;0.316;51.1
-5.377;0.296;51.1
-5.379;0.28;51.101
-5.38;0.228;51.101
-5.377;0.222;51.1
-5.378;0.199;51.101
5.446;0.023;51.102
5.435;0.033;51.1
5.446;0.025;51.104
5.444;0.023;51.107
5.437;0.0;51.104
5.436;-0.01;51.104
5.43;-0.021;51.102
5.428;-0.032;51.101
5.424;-0.052;51.1
5.423;-0.062;51.1
5.444;0.026;51.108
5.438;0.008;51.106
5.432;-0.013;51.104
5.414;0.096;51.1
5.426;0.087;51.104
5.427;0.078;51.104
5.424;0.068;51.104
5.426;0.059;51.104
5.426;0.05;51.104
5.441;0.03;51.109
5.44;0.019;51.109
5.408;0.123;51.1
5.412;0.107;51.101
5.413;0.102;51.102
5.421;0.091;51.104
5.408;-0.085;51.1
5.416;0.099;51.104
5.422;-0.037;51.106
5.403;0.125;51.102
5.418;0.117;51.107
5.418;0.108;51.107
5.429;0.091;51.11
5.419;-0.042;51.107
5.418;-0.082;51.107
5.425;0.099;51.111
5.426;0.079;51.111
5.434;0.028;51.114
5.426;-0.011;51.111
5.425;-0.023;51.111
5.424;-0.032;51.11
5.416;-0.071;51.108
5.405;-0.087;51.104
5.388;0.133;51.1
5.436;0.086;51.116
5.431;0.048;51.115
5.435;0.008;51.116
5.431;0.002;51.115
5.417;-0.012;51.11
5.414;-0.019;51.109
5.42;-0.04;51.111
5.42;-0.084;51.111
5.423;0.107;51.114
5.435;0.098;51.118
5.43;0.082;51.116
5.441;0.036;51.12
5.438;0.033;51.119
5.412;-0.087;51.11
5.385;0.147;51.103
5.388;0.14;51.104
5.396;0.132;51.107
5.416;0.122;51.113
5.422;0.117;51.115
5.441;0.097;51.121
5.441;0.09;51.121
5.418;-0.014;51.114
5.417;-0.018;51.114
5.376;-0.104;51.1
5.384;0.168;51.104
5.385;0.159;51.104
5.426;0.111;51.118
5.427;0.052;51.119
5.401;-0.087;51.11
5.389;-0.098;51.106
5.384;-0.1;51.104
5.37;0.224;51.101
5.37;0.222;51.101
5.367;0.217;51.1
5.37;0.194;51.101
5.37;0.191;51.101
5.381;0.175;51.105
5.393;0.137;51.109
5.401;0.13;51.112
5.424;0.118;51.119
5.431;0.113;51.122
5.415;-0.053;51.117
5.414;-0.072;51.116
5.404;-0.085;51.113
5.367;0.217;51.102
5.364;0.207;51.101
5.365;0.2;51.101
5.389;0.148;51.109
5.428;0.116;51.122
5.441;0.109;51.127
5.422;0.068;51.12
5.421;0.059;51.12
5.433;0.049;51.124
5.432;0.028;51.124
5.424;-0.004;51.121
5.424;-0.011;51.121
5.418;-0.042;51.119
5.366;0.23;51.103
5.411;0.126;51.118
5.443;0.096;51.129
5.437;0.09;51.127
5.437;0.038;51.127
5.435;0.032;51.127
5.43;0.019;51.125
5.43;0.008;51.125
5.427;-0.0;51.124
5.423;-0.022;51.122
5.417;-0.049;51.121
5.417;-0.062;51.121
5.352;0.266;51.1
5.36;0.248;51.103
5.364;0.239;51.104
5.37;0.188;51.107
5.388;0.156;51.113
5.384;0.149;51.111
5.435;0.117;51.128
5.445;0.1;51.132
5.427;0.069;51.126
5.414;-0.044;51.121
5.401;-0.049;51.117
5.415;-0.075;51.122
5.417;-0.081;51.122
5.362;-0.109;51.104
5.353;-0.112;51.101
5.349;0.584;51.101
5.371;0.227;51.109
5.369;0.219;51.108
5.369;0.209;51.108
5.366;0.199;51.107
5.374;0.181;51.11
5.39;0.14;51.115
5.417;0.124;51.124
5.449;0.107;51.135
5.433;0.038;51.129
5.412;-0.044;51.122
5.413;-0.059;51.123
5.389;-0.097;51.115
5.379;-0.101;51.112
5.37;-0.107;51.109
5.347;0.6;51.102
5.349;0.579;51.103
5.347;0.346;51.102
5.344;0.272;51.101
5.357;0.265;51.106
5.357;0.257;51.106
5.372;0.246;51.111
5.37;0.24;51.11
5.379;0.176;51.113
5.381;0.169;51.114
5.382;0.159;51.114
5.419;0.123;51.127
5.423;-0.008;51.128
5.4;-0.086;51.12
5.343;0.59;51.103
5.335;0.48;51.1
5.343;0.458;51.103
5.343;0.448;51.103
5.342;0.439;51.102
5.343;0.398;51.103
5.342;0.338;51.102
5.341;0.333;51.102
5.339;0.296;51.102
5.351;0.286;51.105
5.344;0.286;51.103
5.336;0.274;51.101
5.352;0.268;51.106
5.387;0.15;51.117
5.396;0.136;51.121
5.4;0.132;51.122
5.43;0.053;51.132
5.415;-0.082;51.127
5.333;-0.123;51.1
5.336;0.646;51.102
5.343;0.618;51.104
5.343;0.608;51.104
5.345;0.574;51.105
5.345;0.569;51.105
5.341;0.558;51.104
5.334;0.498;51.101
5.34;0.469;51.103
5.338;0.419;51.103
5.34;0.41;51.103
5.341;0.389;51.104
5.329;0.368;51.1
5.331;0.36;51.1
5.337;0.357;51.102
5.35;0.34;51.107
5.338;0.31;51.103
5.332;0.305;51.101
5.36;0.286;51.11
5.36;0.267;51.11
5.362;0.261;51.111
5.405;0.128;51.125
5.431;0.01;51.134
5.423;-0.0;51.131
5.419;-0.012;51.13
5.417;-0.042;51.129
5.409;-0.072;51.127
5.324;0.678;51.1
5.326;0.668;51.1
5.333;0.65;51.102
5.341;0.539;51.105
5.339;0.529;51.105
5.34;0.508;51.105
5.337;0.5;51.104
5.34;0.378;51.105
5.338;0.35;51.104
5.347;0.344;51.107
5.349;0.327;51.108
5.346;0.31;51.107
5.352;0.279;51.109
5.392;0.143;51.123
5.424;0.121;51.133
5.427;0.088;51.134
5.425;0.069;51.134
5.431;0.013;51.136
5.426;0.007;51.134
5.419;-0.003;51.132
5.408;-0.09;51.128
5.351;-0.116;51.109
5.339;-0.119;51.105
5.346;0.598;51.109
5.346;0.588;51.109
5.346;0.578;51.109
5.344;0.568;51.108
5.338;0.518;51.106
5.336;0.488;51.106
5.339;0.479;51.106
5.349;0.458;51.11
5.348;0.448;51.109
5.347;0.438;51.109
5.34;0.369;51.107
5.331;0.326;51.104
5.335;0.317;51.105
5.36;0.297;51.114
5.362;0.281;51.114
5.37;0.248;51.117
5.368;0.238;51.116
5.369;0.208;51.117
5.399;0.132;51.127
5.419;0.121;51.133
5.433;0.116;51.138
5.445;0.107;51.142
5.443;0.099;51.141
5.434;0.091;51.139
5.414;-0.089;51.132
5.365;-0.108;51.116
5.357;-0.111;51.113
5.347;-0.117;51.11
5.314;0.694;51.1
5.324;0.672;51.103
5.334;0.655;51.106
5.347;0.619;51.111
5.346;0.608;51.11
5.345;0.562;51.11
5.344;0.547;51.11
5.346;0.507;51.111
5.348;0.468;51.111
5.346;0.419;51.111
5.346;0.407;51.111
5.348;0.389;51.111
5.347;0.379;51.111
5.36;0.337;51.115
5.36;0.326;51.115
5.344;0.323;51.11
5.33;0.323;51.105
5.36;0.311;51.115
5.367;0.288;51.118
5.369;0.269;51.118
5.366;0.259;51.117
5.368;0.229;51.118
5.366;0.219;51.118
5.366;0.198;51.117
5.369;0.19;51.118
5.382;0.155;51.123
5.429;0.054;51.139
5.397;-0.094;51.128
5.387;-0.096;51.125
5.377;-0.102;51.122
5.372;-0.107;51.12
5.312;0.73;51.101
5.32;0.687;51.103
5.323;0.68;51.104
5.332;0.661;51.107
5.331;0.65;51.107
5.345;0.634;51.112
5.356;0.614;51.115
5.344;0.543;51.111
5.344;0.526;51.112
5.344;0.522;51.111
5.34;0.516;51.11
5.344;0.481;51.112
5.34;0.477;51.11
5.353;0.435;51.115
5.352;0.432;51.114
5.345;0.428;51.112
5.361;0.334;51.118
5.362;0.33;51.118
5.358;0.319;51.116
5.366;0.306;51.119
5.367;0.298;51.119
5.367;0.278;51.119
5.373;0.177;51.122
5.373;0.169;51.122
5.379;0.158;51.124
5.388;0.149;51.126
5.396;0.138;51.129
5.414;0.123;51.135
5.407;-0.074;51.133
5.404;-0.091;51.132
5.307;0.779;51.101
5.306;0.769;51.1
5.308;0.739;51.101
5.32;0.708;51.105
5.326;0.669;51.107
5.355;0.61;51.117
5.342;0.536;51.112
5.34;0.533;51.112
5.348;0.509;51.115
5.337;0.498;51.111
5.337;0.491;51.111
5.35;0.46;51.115
5.347;0.427;51.115
5.347;0.417;51.115
5.349;0.389;51.115
5.348;0.376;51.115
5.339;0.352;51.112
5.363;0.316;51.12
5.371;0.186;51.123
5.376;0.152;51.124
5.403;0.129;51.134
5.418;0.121;51.139
5.433;0.115;51.143
5.447;0.106;51.148
5.427;0.083;51.141
5.408;-0.08;51.135
5.384;-0.098;51.127
5.324;-0.128;51.107
5.319;-0.13;51.105
5.307;-0.131;51.101
5.3;0.898;51.1
5.306;0.858;51.102
5.304;0.851;51.101
5.304;0.826;51.101
5.304;0.82;51.101
5.303;0.767;51.101
5.301;0.762;51.1
5.304;0.75;51.102
5.317;0.718;51.106
5.338;0.641;51.113
5.348;0.592;51.116
5.347;0.548;51.116
5.348;0.478;51.116
5.348;0.468;51.116
5.348;0.447;51.116
5.346;0.441;51.116
5.348;0.409;51.117
5.34;0.366;51.114
5.338;0.358;51.113
5.354;0.337;51.119
5.368;0.251;51.123
5.37;0.245;51.124
5.372;0.239;51.125
5.371;0.229;51.124
5.368;0.213;51.123
5.371;0.207;51.124
5.368;0.198;51.123
5.369;0.189;51.124
5.411;0.127;51.138
5.421;0.079;51.141
5.423;0.058;51.142
5.413;-0.012;51.139
5.414;-0.021;51.139
5.416;-0.031;51.14
5.417;-0.039;51.14
5.415;-0.042;51.139
5.413;-0.052;51.139
5.411;-0.062;51.138
5.409;-0.071;51.137
5.409;-0.083;51.137
5.411;-0.091;51.138
5.392;-0.098;51.132
5.335;-0.12;51.113
5.327;-0.124;51.11
5.295;0.925;51.1
5.302;0.899;51.102
5.305;0.797;51.104
5.314;0.724;51.107
5.327;0.689;51.111
5.326;0.679;51.111
5.335;0.657;51.114
5.337;0.65;51.114
5.347;0.627;51.118
5.35;0.621;51.119
5.347;0.608;51.118
5.345;0.598;51.117
5.347;0.578;51.118
5.346;0.569;51.117
5.346;0.529;51.118
5.357;0.398;51.121
5.357;0.379;51.121
5.356;0.328;51.121
5.358;0.322;51.122
5.368;0.28;51.125
5.366;0.268;51.124
5.367;0.224;51.125
5.367;0.219;51.125
5.393;0.146;51.134
5.403;0.138;51.137
5.41;0.134;51.139
5.441;0.117;51.15
5.42;0.067;51.143
5.427;0.04;51.145
5.425;0.036;51.145
5.422;0.008;51.143
5.417;-0.036;51.142
5.344;-0.118;51.117
5.29;0.946;51.1
5.3;0.902;51.103
5.301;0.814;51.104
5.3;0.809;51.103
5.301;0.764;51.104
5.321;0.696;51.111
5.334;0.667;51.115
5.344;0.637;51.118
5.348;0.618;51.12
5.344;0.539;51.118
5.344;0.498;51.119
5.345;0.487;51.119
5.353;0.457;51.122
5.355;0.427;51.122
5.353;0.388;51.122
5.343;0.368;51.118
5.345;0.348;51.119
5.365;0.29;51.126
5.366;0.259;51.126
5.373;0.168;51.129
5.373;0.161;51.129
5.381;0.155;51.131
5.387;0.152;51.133
5.392;0.149;51.135
5.439;0.097;51.151
5.435;0.093;51.15
5.419;-0.001;51.144
5.403;-0.097;51.139
5.355;-0.113;51.123
5.294;0.925;51.103
5.299;0.845;51.105
5.301;0.763;51.106
5.329;0.686;51.115
5.335;0.68;51.117
5.34;0.645;51.119
5.351;0.581;51.123
5.354;0.558;51.124
5.352;0.507;51.123
5.353;0.478;51.124
5.353;0.468;51.123
5.35;0.45;51.122
5.351;0.437;51.123
5.352;0.418;51.123
5.353;0.408;51.123
5.353;0.37;51.123
5.364;0.337;51.127
5.365;0.317;51.127
5.363;0.309;51.127
5.364;0.298;51.127
5.371;0.248;51.13
5.372;0.237;51.13
5.372;0.208;51.13
5.401;0.14;51.14
5.446;0.109;51.155
5.425;0.081;51.148
5.373;-0.102;51.131
5.362;-0.109;51.127
5.287;-0.139;51.102
5.283;0.977;51.101
5.288;0.928;51.103
5.293;0.92;51.105
5.29;0.912;51.104
5.297;0.838;51.106
5.307;0.8;51.109
5.339;0.675;51.12
5.348;0.635;51.123
5.349;0.607;51.124
5.357;0.587;51.127
5.35;0.567;51.124
5.352;0.549;51.125
5.35;0.519;51.124
5.353;0.501;51.125
5.358;0.399;51.127
5.361;0.378;51.128
5.361;0.371;51.128
5.342;0.36;51.121
5.354;0.345;51.126
5.364;0.327;51.129
5.369;0.286;51.13
5.371;0.277;51.131
5.37;0.269;51.131
5.368;0.229;51.131
5.372;0.198;51.132
5.37;0.188;51.131
5.371;0.179;51.131
5.381;0.168;51.135
5.399;0.146;51.141
5.427;0.129;51.15
5.441;0.124;51.155
5.449;0.116;51.158
5.406;-0.071;51.144
5.389;-0.098;51.138
5.379;-0.099;51.134
5.32;-0.127;51.114
5.305;-0.133;51.109
5.292;0.965;51.106
5.293;0.949;51.106
5.293;0.941;51.106
5.3;0.903;51.108
5.302;0.898;51.109
5.301;0.892;51.109
5.297;0.887;51.107
5.296;0.869;51.107
5.296;0.862;51.107
5.303;0.857;51.11
5.304;0.85;51.11
5.304;0.828;51.11
5.306;0.818;51.111
5.31;0.791;51.112
5.305;0.768;51.11
5.305;0.748;51.111
5.306;0.74;51.111
5.316;0.728;51.114
5.314;0.71;51.114
5.338;0.673;51.122
5.358;0.629;51.128
5.346;0.619;51.125
5.346;0.574;51.125
5.347;0.572;51.125
5.352;0.537;51.127
5.346;0.531;51.125
5.358;0.508;51.128
5.347;0.495;51.125
5.357;0.485;51.128
5.357;0.478;51.128
5.361;0.468;51.13
5.357;0.457;51.128
5.357;0.452;51.128
5.357;0.433;51.128
5.358;0.43;51.128
5.357;0.387;51.128
5.344;0.359;51.124
5.369;0.258;51.132
5.376;0.24;51.135
5.367;0.218;51.132
5.4;0.159;51.143
5.407;0.146;51.145
5.424;0.129;51.151
5.414;-0.007;51.148
5.406;-0.043;51.145
5.403;-0.082;51.144
5.403;-0.089;51.144
5.4;-0.099;51.143
5.348;-0.117;51.126
5.313;-0.129;51.114
5.292;-0.137;51.107
5.28;0.985;51.104
5.319;0.698;51.117
5.337;0.675;51.123
5.345;0.611;51.126
5.354;0.493;51.129
5.352;0.447;51.128
5.354;0.424;51.129
5.356;0.389;51.13
5.362;0.369;51.132
5.35;0.353;51.128
5.365;0.332;51.133
5.367;0.319;51.133
5.363;0.315;51.132
5.363;0.31;51.132
5.377;0.246;51.137
5.376;0.176;51.136
5.406;0.156;51.147
5.434;0.14;51.156
5.431;0.137;51.155
5.421;0.034;51.152
5.411;-0.011;51.149
5.409;-0.022;51.148
5.409;-0.032;51.148
5.405;-0.093;51.147
5.405;-0.098;51.147
5.364;-0.107;51.133
5.339;-0.119;51.124
5.268;1.006;51.101
5.269;1.003;51.101
5.287;0.927;51.108
5.286;0.919;51.107
5.288;0.911;51.108
5.299;0.837;51.112
5.309;0.76;51.115
5.318;0.706;51.118
5.33;0.677;51.123
5.331;0.668;51.123
5.333;0.66;51.123
5.335;0.651;51.124
5.354;0.59;51.131
5.353;0.548;51.13
5.349;0.528;51.129
5.353;0.44;51.131
5.352;0.42;51.13
5.361;0.409;51.133
5.361;0.397;51.133
5.358;0.389;51.132
5.363;0.378;51.134
5.362;0.357;51.134
5.351;0.356;51.13
5.361;0.345;51.133
5.362;0.298;51.133
5.363;0.291;51.134
5.373;0.252;51.137
5.379;0.205;51.139
5.372;0.196;51.137
5.371;0.19;51.137
5.379;0.181;51.139
5.384;0.178;51.141
5.387;0.17;51.142
5.416;0.154;51.152
5.43;0.148;51.157
5.432;0.1;51.157
5.428;0.077;51.156
5.427;0.069;51.156
5.424;0.048;51.155
5.423;0.039;51.154
5.416;0.029;51.152
5.418;0.009;51.153
5.403;-0.05;51.148
5.351;-0.115;51.13
5.332;-0.122;51.124
5.313;-0.127;51.117
5.302;-0.137;51.113
5.259;1.058;51.1
5.264;1.049;51.102
5.27;1.028;51.104
5.308;0.765;51.117
5.307;0.744;51.116
5.318;0.727;51.12
5.317;0.722;51.12
5.316;0.684;51.119
5.316;0.682;51.119
5.347;0.635;51.13
5.358;0.627;51.134
5.348;0.608;51.13
5.352;0.577;51.132
5.352;0.519;51.132
5.352;0.499;51.132
5.357;0.487;51.133
5.366;0.463;51.136
5.361;0.457;51.135
5.361;0.426;51.135
5.361;0.338;51.135
5.372;0.259;51.139
5.373;0.235;51.139
5.383;0.181;51.143
5.392;0.177;51.146
5.402;0.173;51.149
5.407;0.17;51.151
5.397;0.169;51.147
5.44;0.147;51.162
5.448;0.136;51.165
5.447;0.128;51.164
5.445;0.118;51.163
5.441;0.111;51.162
5.437;0.105;51.161
5.429;0.097;51.158
5.423;0.057;51.156
5.402;-0.066;51.149
5.368;-0.106;51.138
5.359;-0.112;51.135
5.34;-0.115;51.128
5.275;-0.143;51.106
5.27;1.018;51.105
5.271;1.008;51.106
5.276;0.99;51.107
5.296;0.9;51.114
5.295;0.887;51.114
5.296;0.869;51.114
5.305;0.752;51.117
5.315;0.712;51.121
5.321;0.679;51.123
5.336;0.655;51.128
5.348;0.619;51.132
5.354;0.599;51.134
5.356;0.587;51.135
5.355;0.582;51.135
5.354;0.541;51.134
5.352;0.537;51.133
5.357;0.508;51.135
5.359;0.477;51.136
5.358;0.469;51.136
5.36;0.448;51.136
5.359;0.438;51.136
5.359;0.419;51.136
5.367;0.388;51.139
5.37;0.368;51.14
5.362;0.33;51.137
5.366;0.326;51.138
5.369;0.308;51.14
5.369;0.297;51.14
5.368;0.287;51.139
5.37;0.278;51.14
5.372;0.267;51.14
5.37;0.219;51.14
5.377;0.208;51.142
5.378;0.197;51.143
5.376;0.189;51.142
5.413;0.169;51.154
5.39;0.168;51.147
5.423;0.156;51.158
5.293;-0.136;51.114
5.281;-0.141;51.11
5.262;-0.149;51.103
5.257;1.06;51.102
5.266;1.032;51.106
5.282;0.978;51.111
5.28;0.97;51.11
5.283;0.961;51.112
5.291;0.957;51.114
5.293;0.949;51.115
5.294;0.877;51.115
5.294;0.859;51.115
5.305;0.77;51.119
5.305;0.758;51.119
5.311;0.74;51.121
5.314;0.718;51.122
5.352;0.628;51.135
5.369;0.429;51.141
5.365;0.407;51.14
5.366;0.4;51.14
5.368;0.377;51.141
5.37;0.358;51.141
5.367;0.318;51.141
5.376;0.248;51.144
5.373;0.238;51.143
5.369;0.227;51.141
5.418;0.169;51.158
5.404;0.166;51.153
5.404;0.162;51.153
5.444;0.148;51.167
5.45;0.143;51.169
5.43;0.091;51.162
5.409;-0.007;51.155
5.402;-0.06;51.153
5.387;-0.101;51.148
5.377;-0.105;51.144
5.372;-0.107;51.143
5.366;-0.109;51.14
5.32;-0.123;51.125
5.303;-0.134;51.119
5.248;1.109;51.101
5.277;1.005;51.111
5.298;0.927;51.118
5.297;0.921;51.118
5.291;0.916;51.116
5.291;0.908;51.116
5.297;0.897;51.118
5.303;0.827;51.12
5.302;0.807;51.12
5.302;0.789;51.12
5.311;0.749;51.123
5.321;0.688;51.126
5.33;0.68;51.129
5.331;0.669;51.13
5.333;0.661;51.13
5.353;0.608;51.137
5.363;0.547;51.141
5.356;0.501;51.138
5.364;0.458;51.141
5.364;0.451;51.141
5.367;0.436;51.142
5.379;0.388;51.146
5.376;0.381;51.145
5.366;0.347;51.142
5.372;0.304;51.144
5.377;0.298;51.146
5.373;0.257;51.144
5.372;0.233;51.144
5.373;0.215;51.144
5.384;0.2;51.148
5.384;0.189;51.148
5.423;0.169;51.161
5.437;0.16;51.166
5.394;0.166;51.152
5.428;0.154;51.163
5.451;0.139;51.171
5.448;0.132;51.17
5.406;-0.023;51.156
5.405;-0.032;51.155
5.394;-0.073;51.152
5.395;-0.081;51.152
5.401;-0.086;51.154
5.396;-0.101;51.152
5.339;-0.116;51.133
5.329;-0.124;51.13
5.308;-0.131;51.123
5.301;-0.138;51.12
5.291;-0.138;51.117
5.254;1.082;51.105
5.256;1.066;51.106
5.276;1.003;51.113
5.286;0.974;51.116
5.287;0.973;51.116
5.296;0.889;51.12
5.296;0.868;51.12
5.301;0.839;51.121
5.317;0.738;51.127
5.317;0.728;51.127
5.319;0.709;51.127
5.319;0.699;51.127
5.336;0.651;51.133
5.341;0.637;51.135
5.359;0.493;51.141
5.366;0.488;51.143
5.364;0.48;51.143
5.372;0.433;51.146
5.373;0.426;51.146
5.365;0.416;51.143
5.372;0.394;51.145
5.372;0.368;51.146
5.364;0.34;51.143
5.36;0.334;51.142
5.36;0.333;51.142
5.382;0.294;51.149
5.374;0.291;51.146
5.371;0.276;51.145
5.372;0.269;51.146
5.385;0.206;51.15
5.432;0.17;51.166
5.431;0.159;51.166
5.418;0.156;51.161
5.413;0.028;51.16
5.413;0.009;51.16
5.395;-0.063;51.154
5.4;-0.092;51.156
5.401;-0.1;51.156
5.317;-0.127;51.127
5.236;1.14;51.101
5.255;1.062;51.107
5.265;1.04;51.11
5.265;1.031;51.11
5.284;0.937;51.117
5.306;0.811;51.124
5.302;0.8;51.123
5.304;0.786;51.124
5.304;0.779;51.124
5.356;0.608;51.142
5.35;0.57;51.14
5.358;0.468;51.143
5.36;0.462;51.143
5.368;0.318;51.146
5.381;0.292;51.151
5.369;0.281;51.147
5.381;0.25;51.151
5.395;0.189;51.155
5.408;0.184;51.16
5.444;0.157;51.172
5.437;0.11;51.17
5.428;0.088;51.167
5.426;0.078;51.166
5.428;0.057;51.167
5.419;0.051;51.164
5.416;0.018;51.163
5.41;-0.002;51.161
5.409;-0.009;51.16
5.336;-0.122;51.136
5.26;-0.146;51.11
5.241;-0.154;51.103
5.237;-0.158;51.102
5.242;1.129;51.104
5.248;1.119;51.106
5.252;1.089;51.108
5.257;1.058;51.109
5.263;1.049;51.111
5.295;0.928;51.122
5.292;0.903;51.122
5.327;0.688;51.134
5.337;0.677;51.137
5.334;0.657;51.136
5.343;0.639;51.139
5.347;0.621;51.14
5.353;0.617;51.142
5.355;0.596;51.143
5.357;0.509;51.144
5.358;0.498;51.144
5.364;0.447;51.146
5.366;0.416;51.147
5.365;0.408;51.147
5.366;0.401;51.147
5.368;0.359;51.148
5.367;0.347;51.147
5.364;0.339;51.146
5.366;0.33;51.147
5.368;0.312;51.148
5.377;0.301;51.151
5.374;0.284;51.15
5.366;0.22;51.147
5.385;0.208;51.154
5.386;0.203;51.154
5.392;0.194;51.156
5.408;0.185;51.162
5.426;0.178;51.168
5.441;0.173;51.173
5.441;0.15;51.173
5.446;0.131;51.175
5.425;0.068;51.167
5.418;0.038;51.165
5.395;-0.027;51.157
5.354;-0.112;51.143
5.349;-0.116;51.142
5.328;-0.127;51.135
5.25;-0.15;51.108
5.244;1.123;51.107
5.262;1.078;51.113
5.259;1.068;51.112
5.266;1.028;51.114
5.273;1.011;51.117
5.272;0.992;51.116
5.302;0.825;51.127
5.301;0.803;51.126
5.301;0.798;51.126
5.302;0.785;51.127
5.3;0.78;51.126
5.312;0.767;51.13
5.31;0.749;51.129
5.325;0.695;51.134
5.333;0.668;51.137
5.354;0.568;51.145
5.354;0.558;51.145
5.353;0.548;51.144
5.353;0.538;51.144
5.383;0.287;51.155
5.373;0.277;51.151
5.372;0.267;51.151
5.375;0.259;51.152
5.374;0.247;51.152
5.371;0.239;51.151
5.365;0.228;51.149
5.372;0.216;51.151
5.392;0.193;51.158
5.392;0.192;51.158
5.416;0.182;51.166
5.431;0.176;51.171
5.443;0.171;51.175
5.449;0.166;51.178
5.447;0.147;51.177
5.448;0.138;51.177
5.442;0.125;51.175
5.438;0.119;51.174
5.427;0.081;51.17
5.417;0.027;51.167
5.395;-0.026;51.159
5.364;-0.109;51.149
5.344;-0.119;51.142
5.279;-0.144;51.12
5.257;-0.148;51.112
5.264;1.046;51.115
5.27;1.018;51.117
5.275;1.007;51.119
5.275;0.986;51.119
5.279;0.967;51.12
5.279;0.958;51.12
5.279;0.948;51.121
5.28;0.94;51.121
5.287;0.929;51.123
5.29;0.909;51.124
5.302;0.863;51.128
5.299;0.85;51.127
5.301;0.816;51.128
5.309;0.758;51.131
5.32;0.7;51.135
5.33;0.683;51.138
5.366;0.61;51.15
5.362;0.598;51.149
5.359;0.575;51.148
5.365;0.489;51.15
5.364;0.479;51.15
5.363;0.468;51.149
5.363;0.458;51.15
5.365;0.439;51.15
5.368;0.433;51.151
5.374;0.397;51.153
5.376;0.388;51.154
5.375;0.378;51.154
5.372;0.368;51.153
5.37;0.319;51.152
5.373;0.307;51.153
5.383;0.298;51.157
5.381;0.248;51.156
5.378;0.214;51.155
5.391;0.207;51.159
5.403;0.199;51.163
5.397;0.189;51.161
5.448;0.159;51.179
5.403;-0.015;51.164
5.395;-0.029;51.161
5.397;-0.048;51.162
5.382;-0.102;51.156
5.371;-0.104;51.153
5.286;-0.14;51.124
5.274;-0.149;51.119
5.224;1.152;51.103
5.281;0.932;51.123
5.288;0.918;51.125
5.293;0.898;51.127
5.295;0.888;51.128
5.295;0.879;51.128
5.296;0.859;51.128
5.297;0.838;51.129
5.305;0.787;51.131
5.319;0.709;51.136
5.349;0.636;51.146
5.36;0.615;51.15
5.369;0.607;51.153
5.358;0.571;51.149
5.361;0.499;51.151
5.371;0.449;51.154
5.372;0.428;51.154
5.37;0.418;51.154
5.373;0.41;51.155
5.37;0.359;51.154
5.374;0.348;51.155
5.373;0.336;51.155
5.371;0.328;51.154
5.383;0.278;51.158
5.382;0.266;51.158
5.381;0.254;51.158
5.372;0.23;51.154
5.412;0.187;51.168
5.427;0.178;51.174
5.414;0.035;51.169
5.414;0.026;51.169
5.402;-0.023;51.165
5.394;-0.053;51.162
5.392;-0.061;51.162
5.391;-0.083;51.161
5.394;-0.089;51.162
5.392;-0.103;51.162
5.306;-0.133;51.132
5.295;-0.137;51.129
5.294;-0.138;51.128
5.268;-0.149;51.119
5.211;1.208;51.1
5.211;1.198;51.101
5.222;1.168;51.104
5.224;1.158;51.105
5.23;1.14;51.107
5.302;0.87;51.132
5.305;0.828;51.133
5.303;0.818;51.132
5.303;0.808;51.132
5.303;0.798;51.132
5.303;0.778;51.132
5.315;0.728;51.136
5.325;0.698;51.14
5.326;0.689;51.14
5.336;0.667;51.144
5.353;0.621;51.149
5.369;0.603;51.155
5.359;0.528;51.151
5.359;0.519;51.152
5.368;0.475;51.155
5.367;0.471;51.154
5.368;0.454;51.155
5.378;0.398;51.158
5.377;0.38;51.158
5.377;0.34;51.158
5.377;0.315;51.158
5.388;0.294;51.162
5.388;0.29;51.162
5.38;0.238;51.159
5.379;0.229;51.159
5.392;0.219;51.163
5.399;0.207;51.165
5.441;0.179;51.18
5.421;0.077;51.173
5.412;0.008;51.17
5.4;-0.032;51.166
5.397;-0.1;51.165
5.314;-0.131;51.137
5.236;-0.159;51.11
5.227;-0.16;51.107
5.218;-0.162;51.104
5.204;1.225;51.1
5.224;1.164;51.107
5.227;1.148;51.108
5.249;1.098;51.115
5.27;1.013;51.123
5.282;0.947;51.127
5.29;0.917;51.129
5.301;0.847;51.133
5.309;0.773;51.136
5.31;0.76;51.136
5.323;0.707;51.141
5.338;0.675;51.146
5.354;0.594;51.152
5.356;0.589;51.152
5.356;0.533;51.152
5.366;0.44;51.156
5.378;0.406;51.16
5.375;0.39;51.159
5.375;0.355;51.159
5.375;0.35;51.159
5.378;0.307;51.16
5.393;0.276;51.165
5.388;0.268;51.163
5.391;0.257;51.165
5.388;0.249;51.163
5.391;0.226;51.165
5.395;0.216;51.166
5.407;0.207;51.17
5.427;0.19;51.177
5.418;0.048;51.174
5.415;0.038;51.173
5.413;0.028;51.172
5.412;0.018;51.172
5.405;-0.011;51.17
5.341;-0.119;51.148
5.332;-0.124;51.145
5.321;-0.129;51.141
5.3;-0.138;51.134
5.245;-0.153;51.115
5.213;-0.167;51.104
5.213;1.207;51.105
5.2;1.191;51.1
5.246;1.109;51.116
5.249;1.089;51.117
5.25;1.081;51.117
5.257;1.069;51.12
5.258;1.059;51.12
5.26;1.051;51.121
5.278;0.952;51.127
5.288;0.908;51.13
5.3;0.877;51.135
5.299;0.837;51.134
5.309;0.795;51.138
5.31;0.789;51.138
5.319;0.718;51.141
5.334;0.679;51.146
5.34;0.647;51.149
5.345;0.641;51.15
5.367;0.605;51.158
5.366;0.602;51.158
5.355;0.565;51.154
5.353;0.558;51.153
5.351;0.549;51.152
5.354;0.538;51.154
5.362;0.461;51.156
5.373;0.412;51.16
5.373;0.374;51.16
5.373;0.362;51.16
5.374;0.334;51.161
5.373;0.322;51.16
5.382;0.299;51.163
5.394;0.256;51.167
5.39;0.238;51.166
5.408;0.198;51.172
5.413;0.195;51.174
5.438;0.185;51.183
5.444;0.148;51.184
5.442;0.131;51.184
5.44;0.126;51.183
5.428;0.108;51.179
5.425;0.098;51.178
5.412;0.015;51.174
5.404;-0.02;51.171
5.253;-0.15;51.119
5.261;1.048;51.123
5.263;1.038;51.123
5.271;1.008;51.126
5.286;0.922;51.132
5.297;0.883;51.135
5.3;0.848;51.136
5.308;0.825;51.139
5.308;0.822;51.139
5.306;0.784;51.138
5.318;0.725;51.143
5.329;0.697;51.146
5.337;0.668;51.149
5.349;0.636;51.153
5.351;0.629;51.154
5.355;0.577;51.155
5.362;0.518;51.158
5.358;0.498;51.157
5.365;0.478;51.159
5.372;0.418;51.161
5.373;0.368;51.162
5.372;0.328;51.161
5.38;0.309;51.164
5.393;0.227;51.169
5.422;0.194;51.179
5.445;0.157;51.187
5.443;0.138;51.186
5.435;0.117;51.183
5.367;-0.107;51.16
5.329;-0.128;51.147
5.283;-0.142;51.131
5.275;-0.142;51.128
5.267;-0.144;51.126
5.264;-0.148;51.125
5.194;1.249;51.101
5.221;1.173;51.111
5.22;1.159;51.111
5.25;1.098;51.121
5.25;1.088;51.121
5.267;1.018;51.127
5.269;0.992;51.127
5.275;0.968;51.129
5.277;0.96;51.13
5.284;0.937;51.133
5.283;0.928;51.132
5.315;0.738;51.143
5.315;0.731;51.143
5.335;0.66;51.15
5.361;0.617;51.159
5.362;0.609;51.16
5.36;0.599;51.159
5.356;0.588;51.158
5.353;0.578;51.157
5.355;0.567;51.157
5.359;0.527;51.159
5.353;0.501;51.157
5.365;0.49;51.161
5.369;0.457;51.162
5.368;0.438;51.162
5.377;0.407;51.165
5.375;0.397;51.164
5.376;0.388;51.164
5.377;0.359;51.165
5.38;0.347;51.166
5.377;0.338;51.165
5.387;0.308;51.168
5.385;0.297;51.168
5.39;0.289;51.169
5.392;0.278;51.17
5.391;0.268;51.17
5.391;0.247;51.17
5.391;0.238;51.17
5.409;0.202;51.176
5.446;0.184;51.189
5.446;0.177;51.189
5.445;0.168;51.189
5.422;0.069;51.181
5.403;-0.01;51.174
5.369;-0.106;51.162
5.358;-0.112;51.159
5.347;-0.117;51.155
5.293;-0.141;51.136
5.207;-0.17;51.107
5.194;1.237;51.103
5.197;1.229;51.104
5.207;1.219;51.108
5.258;1.037;51.125
5.283;0.948;51.134
5.289;0.907;51.136
5.292;0.899;51.137
5.294;0.888;51.138
5.297;0.883;51.139
5.304;0.779;51.141
5.333;0.658;51.151
5.356;0.625;51.159
5.355;0.559;51.159
5.357;0.546;51.16
5.353;0.503;51.158
5.376;0.378;51.166
5.377;0.329;51.167
5.379;0.318;51.167
5.397;0.258;51.174
5.401;0.215;51.175
5.431;0.193;51.186
5.411;0.02;51.179
5.399;-0.032;51.175
5.392;-0.074;51.172
5.385;-0.104;51.17
5.377;-0.105;51.167
5.304;-0.136;51.142
5.237;-0.157;51.119
5.197;-0.17;51.105
5.191;1.25;51.104
5.213;1.199;51.111
5.213;1.187;51.111
5.217;1.179;51.113
5.235;1.121;51.119
5.279;0.957;51.134
5.298;0.877;51.141
5.293;0.848;51.139
5.293;0.84;51.139
5.302;0.83;51.142
5.303;0.8;51.143
5.309;0.768;51.145
5.315;0.75;51.147
5.353;0.633;51.16
5.364;0.592;51.164
5.366;0.517;51.164
5.365;0.51;51.164
5.363;0.495;51.163
5.395;0.298;51.175
5.395;0.287;51.175
5.392;0.267;51.174
5.392;0.237;51.174
5.393;0.228;51.174
5.393;0.219;51.174
5.412;0.202;51.181
5.434;0.193;51.188
5.412;0.028;51.181
5.405;0.008;51.178
5.403;-0.024;51.178
5.395;-0.043;51.175
5.389;-0.092;51.173
5.393;-0.102;51.174
5.311;-0.134;51.146
5.3;-0.139;51.142
5.223;-0.162;51.116
5.215;-0.165;51.113
5.211;1.216;51.112
5.222;1.175;51.116
5.223;1.157;51.117
5.228;1.149;51.118
5.23;1.137;51.119
5.235;1.129;51.121
5.257;1.039;51.128
5.267;1.012;51.132
5.277;0.99;51.135
5.276;0.97;51.135
5.296;0.857;51.142
5.306;0.818;51.145
5.308;0.787;51.146
5.309;0.759;51.146
5.316;0.746;51.149
5.319;0.739;51.15
5.319;0.717;51.15
5.319;0.709;51.15
5.328;0.697;51.153
5.33;0.68;51.154
5.339;0.648;51.157
5.358;0.506;51.164
5.359;0.486;51.164
5.371;0.453;51.168
5.371;0.448;51.168
5.372;0.439;51.169
5.372;0.426;51.168
5.383;0.354;51.172
5.386;0.346;51.173
5.384;0.338;51.173
5.383;0.328;51.172
5.384;0.314;51.173
5.397;0.307;51.177
5.396;0.278;51.177
5.392;0.249;51.176
5.404;0.207;51.18
5.426;0.106;51.187
5.415;0.057;51.183
5.413;0.048;51.183
5.411;0.038;51.182
5.408;0.017;51.181
5.402;-0.002;51.179
5.397;-0.012;51.178
5.392;-0.052;51.176
5.391;-0.062;51.175
5.331;-0.125;51.155
5.326;-0.129;51.153
5.317;-0.131;51.15
5.244;-0.155;51.125
5.232;-0.161;51.121
5.211;-0.168;51.114
5.173;-0.178;51.1
5.171;1.272;51.1
5.178;1.262;51.103
5.242;1.108;51.125
5.245;1.101;51.126
5.253;1.068;51.129
5.258;1.056;51.131
5.276;0.989;51.137
5.284;0.931;51.139
5.305;0.809;51.147
5.321;0.701;51.152
5.329;0.688;51.155
5.336;0.668;51.158
5.337;0.658;51.158
5.36;0.619;51.166
5.362;0.601;51.167
5.36;0.47;51.166
5.366;0.462;51.168
5.391;0.348;51.177
5.379;0.319;51.173
5.446;0.187;51.196
5.441;0.147;51.194
5.435;0.127;51.192
5.433;0.117;51.192
5.425;0.098;51.189
5.427;0.088;51.19
5.42;0.078;51.187
5.418;0.062;51.186
5.399;-0.033;51.18
5.345;-0.119;51.161
5.337;-0.122;51.159
5.306;-0.137;51.148
5.166;-0.18;51.1
5.227;1.141;51.121
5.237;1.126;51.125
5.241;1.118;51.126
5.247;1.096;51.128
5.258;1.038;51.132
5.26;1.028;51.133
5.265;1.016;51.135
5.266;1.008;51.135
5.275;0.976;51.138
5.293;0.881;51.144
5.293;0.846;51.144
5.292;0.841;51.144
5.313;0.775;51.151
5.316;0.77;51.152
5.347;0.639;51.163
5.356;0.629;51.166
5.358;0.588;51.167
5.355;0.559;51.166
5.36;0.545;51.168
5.358;0.538;51.167
5.377;0.427;51.174
5.377;0.408;51.174
5.377;0.38;51.174
5.377;0.366;51.174
5.399;0.284;51.181
5.399;0.256;51.182
5.424;0.197;51.19
5.442;0.168;51.197
5.439;0.158;51.195
5.438;0.139;51.195
5.435;0.134;51.194
5.431;0.108;51.193
5.347;-0.117;51.164
5.304;-0.137;51.149
5.268;-0.145;51.137
5.262;-0.147;51.135
5.258;-0.149;51.133
5.251;-0.152;51.131
5.239;-0.159;51.126
5.174;-0.174;51.104
5.171;1.279;51.104
5.175;1.267;51.105
5.263;1.02;51.135
5.269;0.998;51.138
5.271;0.979;51.138
5.273;0.962;51.139
5.279;0.958;51.141
5.282;0.948;51.142
5.281;0.94;51.142
5.292;0.899;51.146
5.302;0.798;51.149
5.34;0.655;51.163
5.342;0.648;51.163
5.352;0.634;51.167
5.361;0.609;51.17
5.357;0.598;51.169
5.365;0.547;51.171
5.364;0.518;51.171
5.365;0.497;51.171
5.366;0.468;51.172
5.373;0.399;51.174
5.376;0.388;51.175
5.377;0.36;51.175
5.382;0.317;51.177
5.394;0.239;51.182
5.395;0.228;51.182
5.395;0.219;51.182
5.405;0.208;51.185
5.438;0.193;51.197
5.445;0.186;51.199
5.443;0.177;51.199
5.371;-0.109;51.174
5.364;-0.111;51.171
5.277;-0.144;51.141
5.193;-0.171;51.112
5.183;-0.173;51.109
5.162;1.298;51.102
5.169;1.28;51.105
5.183;1.259;51.11
5.202;1.226;51.116
5.256;1.066;51.135
5.288;0.919;51.146
5.301;0.791;51.151
5.319;0.703;51.157
5.329;0.683;51.161
5.361;0.625;51.171
5.363;0.618;51.172
5.359;0.586;51.171
5.365;0.508;51.173
5.364;0.488;51.173
5.36;0.48;51.171
5.371;0.464;51.175
5.373;0.457;51.176
5.372;0.438;51.176
5.376;0.418;51.177
5.378;0.415;51.178
5.382;0.377;51.179
5.385;0.338;51.18
5.384;0.328;51.18
5.396;0.259;51.184
5.408;0.207;51.188
5.416;0.201;51.191
5.435;0.111;51.198
5.409;0.039;51.189
5.406;0.026;51.188
5.396;-0.014;51.184
5.397;-0.022;51.185
5.39;-0.052;51.182
5.385;-0.072;51.18
5.386;-0.082;51.181
5.39;-0.101;51.182
5.383;-0.104;51.18
5.297;-0.138;51.15
5.289;-0.141;51.147
5.216;-0.167;51.122
5.211;-0.169;51.12
5.161;1.303;51.103
5.179;1.264;51.11
5.19;1.254;51.114
5.193;1.238;51.114
5.206;1.22;51.119
5.207;1.208;51.12
5.21;1.199;51.121
5.212;1.181;51.121
5.225;1.139;51.126
5.273;0.967;51.143
5.283;0.955;51.146
5.287;0.928;51.148
5.296;0.877;51.15
5.296;0.869;51.151
5.296;0.859;51.151
5.298;0.839;51.151
5.299;0.829;51.152
5.301;0.81;51.152
5.309;0.765;51.155
5.308;0.759;51.155
5.318;0.727;51.159
5.317;0.717;51.158
5.339;0.657;51.166
5.359;0.579;51.173
5.36;0.568;51.173
5.361;0.556;51.173
5.38;0.37;51.18
5.378;0.358;51.18
5.39;0.347;51.184
5.396;0.305;51.186
5.39;0.298;51.184
5.394;0.288;51.185
5.393;0.268;51.185
5.415;0.215;51.192
5.43;0.209;51.198
5.426;0.2;51.196
5.402;0.008;51.188
5.397;-0.032;51.186
5.391;-0.043;51.184
5.387;-0.062;51.183
5.386;-0.066;51.182
5.389;-0.093;51.184
5.319;-0.127;51.159
5.316;-0.131;51.158
5.307;-0.135;51.155
5.273;-0.148;51.143
5.263;-0.148;51.14
5.22;-0.164;51.125
5.199;-0.169;51.118
5.147;1.338;51.1
5.147;1.332;51.1
5.206;1.216;51.121
5.205;1.208;51.121
5.218;1.176;51.125
5.219;1.159;51.125
5.225;1.153;51.127
5.224;1.147;51.127
5.241;1.102;51.133
5.283;0.951;51.148
5.283;0.936;51.148
5.292;0.897;51.151
5.294;0.887;51.152
5.301;0.808;51.154
5.308;0.78;51.156
5.311;0.77;51.158
5.316;0.747;51.159
5.318;0.738;51.16
5.316;0.709;51.16
5.329;0.69;51.164
5.335;0.679;51.166
5.348;0.639;51.17
5.357;0.604;51.174
5.357;0.577;51.174
5.356;0.534;51.174
5.356;0.533;51.173
5.367;0.501;51.177
5.377;0.427;51.181
5.378;0.408;51.181
5.378;0.387;51.181
5.386;0.354;51.184
5.386;0.337;51.184
5.389;0.319;51.185
5.398;0.257;51.188
5.414;0.058;51.194
5.414;0.056;51.194
5.405;0.022;51.191
5.404;0.017;51.191
5.398;-0.002;51.188
5.397;-0.011;51.188
5.386;-0.084;51.184
5.344;-0.117;51.17
5.324;-0.124;51.163
5.272;-0.148;51.145
5.229;-0.162;51.13
5.143;-0.183;51.1
5.167;1.27;51.109
5.195;1.252;51.119
5.194;1.223;51.118
5.224;1.15;51.129
5.234;1.125;51.132
5.238;1.118;51.134
5.239;1.108;51.134
5.248;1.08;51.137
5.252;1.057;51.139
5.26;1.02;51.141
5.29;0.903;51.152
5.303;0.85;51.157
5.319;0.735;51.162
5.334;0.668;51.167
5.355;0.631;51.175
5.354;0.592;51.174
5.366;0.489;51.179
5.363;0.477;51.178
5.373;0.438;51.181
5.374;0.418;51.182
5.378;0.397;51.183
5.386;0.374;51.186
5.386;0.329;51.186
5.396;0.308;51.189
5.396;0.25;51.189
5.399;0.237;51.19
5.397;0.227;51.19
5.398;0.219;51.19
5.422;0.098;51.199
5.416;0.069;51.196
5.385;-0.071;51.186
5.254;-0.15;51.14
5.246;-0.153;51.138
5.238;-0.159;51.135
5.162;-0.179;51.108
5.152;-0.181;51.105
5.14;1.358;51.101
5.145;1.348;51.103
5.152;1.318;51.106
5.154;1.31;51.106
5.163;1.289;51.109
5.166;1.279;51.11
5.166;1.263;51.11
5.194;1.238;51.12
5.246;1.097;51.138
5.255;1.048;51.141
5.257;1.037;51.142
5.302;0.855;51.158
5.299;0.833;51.157
5.298;0.818;51.157
5.318;0.746;51.164
5.32;0.729;51.164
5.321;0.718;51.164
5.322;0.705;51.165
5.33;0.687;51.168
5.36;0.568;51.178
5.364;0.549;51.18
5.363;0.537;51.179
5.363;0.52;51.179
5.373;0.458;51.183
5.373;0.447;51.183
5.381;0.388;51.186
5.383;0.36;51.186
5.397;0.314;51.191
5.392;0.299;51.19
5.395;0.263;51.191
5.393;-0.015;51.19
5.361;-0.111;51.179
5.352;-0.114;51.176
5.342;-0.12;51.172
5.32;-0.129;51.165
5.18;-0.174;51.116
5.173;-0.175;51.114
5.147;1.338;51.105
5.159;1.306;51.11
5.162;1.298;51.11
5.17;1.259;51.113
5.204;1.216;51.125
5.245;1.106;51.139
5.264;1.016;51.146
5.264;1.008;51.146
5.268;0.988;51.148
5.269;0.98;51.148
5.28;0.964;51.152
5.279;0.944;51.152
5.288;0.918;51.155
5.289;0.905;51.155
5.298;0.846;51.158
5.297;0.818;51.158
5.337;0.676;51.172
5.348;0.646;51.176
5.359;0.608;51.18
5.36;0.586;51.18
5.36;0.577;51.18
5.383;0.38;51.188
5.382;0.366;51.188
5.391;0.319;51.191
5.392;0.273;51.191
5.391;0.27;51.191
5.397;0.22;51.193
5.412;0.047;51.199
5.385;-0.084;51.189
5.369;-0.11;51.184
5.349;-0.118;51.177
5.266;-0.147;51.148
5.265;-0.148;51.147
5.17;-0.179;51.115
5.137;-0.187;51.103
5.169;1.269;51.115
5.187;1.228;51.121
5.19;1.221;51.122
5.254;1.076;51.144
5.271;0.975;51.15
5.276;0.968;51.152
5.278;0.941;51.153
5.297;0.84;51.16
5.298;0.813;51.16
5.305;0.788;51.162
5.305;0.778;51.163
5.329;0.705;51.171
5.326;0.7;51.17
5.327;0.696;51.17
5.367;0.516;51.184
5.368;0.508;51.185
5.367;0.487;51.184
5.369;0.48;51.185
5.376;0.428;51.187
5.377;0.408;51.188
5.387;0.338;51.191
5.398;0.258;51.195
5.397;0.248;51.195
5.4;0.238;51.196
5.397;0.228;51.195
5.401;0.036;51.196
5.401;0.032;51.197
5.391;-0.034;51.193
5.386;-0.052;51.191
5.385;-0.062;51.191
5.378;-0.109;51.189
5.293;-0.136;51.159
5.289;-0.138;51.158
5.284;-0.142;51.156
5.273;-0.144;51.152
5.204;-0.167;51.128
5.198;-0.17;51.126
5.187;-0.172;51.122
5.121;1.548;51.1
5.121;1.439;51.1
5.123;1.42;51.1
5.135;1.367;51.105
5.145;1.342;51.108
5.164;1.285;51.115
5.18;1.261;51.12
5.191;1.257;51.124
5.195;1.249;51.126
5.2;1.21;51.127
5.198;1.2;51.127
5.211;1.188;51.131
5.21;1.18;51.131
5.26;1.037;51.148
5.28;0.948;51.156
5.279;0.936;51.155
5.282;0.928;51.156
5.287;0.899;51.158
5.292;0.877;51.16
5.293;0.869;51.16
5.295;0.86;51.161
5.3;0.828;51.162
5.302;0.807;51.163
5.303;0.799;51.164
5.355;0.633;51.182
5.359;0.598;51.183
5.365;0.538;51.185
5.38;0.436;51.191
5.376;0.418;51.189
5.385;0.376;51.193
5.385;0.368;51.192
5.388;0.357;51.194
5.387;0.347;51.193
5.394;0.278;51.196
5.398;0.008;51.197
5.394;-0.022;51.196
5.381;-0.081;51.191
5.385;-0.093;51.193
5.385;-0.102;51.193
5.32;-0.129;51.17
5.303;-0.136;51.164
5.206;-0.166;51.131
5.12;-0.191;51.101
5.118;1.59;51.1
5.12;1.449;51.101
5.122;1.428;51.102
5.132;1.389;51.105
5.194;1.254;51.127
5.196;1.238;51.127
5.194;1.23;51.127
5.202;1.205;51.13
5.215;1.168;51.134
5.217;1.158;51.135
5.219;1.151;51.136
5.268;0.989;51.153
5.289;0.918;51.16
5.3;0.848;51.164
5.299;0.818;51.164
5.311;0.758;51.168
5.311;0.748;51.168
5.315;0.739;51.169
5.321;0.718;51.172
5.323;0.71;51.172
5.341;0.653;51.179
5.364;0.593;51.187
5.365;0.588;51.187
5.366;0.567;51.187
5.364;0.559;51.187
5.365;0.528;51.187
5.375;0.476;51.191
5.374;0.468;51.19
5.374;0.457;51.19
5.375;0.447;51.191
5.385;0.387;51.194
5.395;0.317;51.198
5.396;0.298;51.198
5.394;0.288;51.198
5.396;0.266;51.198
5.391;-0.031;51.197
5.381;-0.077;51.193
5.383;-0.108;51.194
5.325;-0.128;51.174
5.31;-0.132;51.169
5.225;-0.165;51.139
5.137;-0.188;51.108
5.112;1.658;51.1
5.112;1.648;51.1
5.117;1.596;51.101
5.122;1.558;51.103
5.123;1.539;51.103
5.118;1.498;51.102
5.119;1.458;51.102
5.129;1.408;51.106
5.13;1.398;51.106
5.131;1.381;51.106
5.14;1.358;51.11
5.222;1.147;51.139
5.227;1.139;51.14
5.227;1.128;51.14
5.233;1.116;51.142
5.258;1.039;51.151
5.266;0.981;51.154
5.31;0.776;51.169
5.316;0.736;51.171
5.32;0.728;51.173
5.336;0.668;51.179
5.351;0.642;51.184
5.36;0.6;51.187
5.361;0.583;51.187
5.358;0.571;51.187
5.371;0.481;51.191
5.382;0.395;51.195
5.393;0.328;51.199
5.329;-0.124;51.177
5.239;-0.157;51.145
5.234;-0.159;51.144
5.214;-0.167;51.137
5.141;-0.184;51.111
5.129;-0.189;51.107
5.108;1.707;51.1
5.117;1.687;51.103
5.117;1.679;51.103
5.117;1.627;51.103
5.12;1.608;51.104
5.127;1.55;51.107
5.115;1.532;51.102
5.117;1.508;51.103
5.115;1.489;51.103
5.116;1.477;51.103
5.135;1.369;51.11
5.141;1.349;51.112
5.144;1.345;51.113
5.148;1.338;51.114
5.148;1.329;51.114
5.148;1.317;51.114
5.159;1.298;51.118
5.161;1.29;51.119
5.194;1.189;51.13
5.227;1.121;51.142
5.238;1.11;51.146
5.238;1.107;51.146
5.237;1.102;51.145
5.242;1.097;51.147
5.244;1.08;51.148
5.253;1.029;51.151
5.266;0.972;51.156
5.285;0.902;51.162
5.305;0.803;51.169
5.306;0.788;51.17
5.325;0.707;51.176
5.329;0.679;51.178
5.337;0.659;51.181
5.346;0.648;51.184
5.358;0.617;51.188
5.355;0.607;51.187
5.358;0.576;51.188
5.351;0.573;51.186
5.367;0.499;51.191
5.369;0.488;51.192
5.379;0.401;51.196
5.39;0.349;51.199
5.349;-0.117;51.186
5.346;-0.119;51.184
5.337;-0.122;51.181
5.253;-0.152;51.152
5.242;-0.154;51.148
5.166;-0.174;51.122
5.163;-0.177;51.12
5.146;-0.18;51.115
5.104;1.723;51.1
5.11;1.633;51.102
5.125;1.624;51.108
5.125;1.613;51.107
5.125;1.556;51.108
5.125;1.543;51.108
5.124;1.464;51.107
5.124;1.461;51.107
5.124;1.429;51.107
5.165;1.278;51.122
5.17;1.27;51.124
5.244;1.088;51.15
5.25;1.058;51.152
5.253;1.022;51.153
5.262;1.008;51.156
5.263;0.998;51.156
5.266;0.991;51.157
5.278;0.955;51.162
5.294;0.857;51.167
5.301;0.812;51.17
5.314;0.765;51.174
5.315;0.761;51.175
5.324;0.716;51.178
5.356;0.637;51.189
5.359;0.628;51.19
5.371;0.59;51.195
5.365;0.518;51.193
5.368;0.508;51.193
5.379;0.417;51.197
5.376;0.408;51.196
5.377;-0.081;51.197
5.355;-0.114;51.19
5.311;-0.127;51.174
5.28;-0.142;51.163
5.271;-0.146;51.16
5.26;-0.15;51.156
5.158;-0.179;51.12
5.099;1.729;51.1
5.111;1.645;51.104
5.11;1.638;51.104
5.126;1.618;51.11
5.112;1.6;51.105
5.111;1.577;51.104
5.113;1.523;51.105
5.123;1.442;51.109
5.133;1.396;51.112
5.133;1.387;51.112
5.172;1.266;51.126
5.176;1.259;51.127
5.187;1.251;51.131
5.188;1.19;51.132
5.217;1.157;51.142
5.217;1.152;51.142
5.254;1.037;51.155
5.269;0.988;51.16
5.267;0.977;51.159
5.27;0.967;51.161
5.281;0.921;51.164
5.284;0.906;51.165
5.291;0.877;51.168
5.291;0.869;51.168
5.3;0.819;51.171
5.311;0.742;51.175
5.366;0.587;51.194
5.364;0.577;51.194
5.364;0.558;51.194
5.365;0.547;51.194
5.364;0.527;51.194
5.374;0.477;51.197
5.375;0.467;51.198
5.376;0.438;51.198
5.376;0.428;51.198
5.378;-0.095;51.199
5.373;-0.112;51.198
5.366;-0.113;51.195
5.267;-0.148;51.16
5.174;-0.173;51.128
5.1;1.767;51.102
5.103;1.756;51.103
5.098;1.748;51.101
5.099;1.739;51.102
5.112;1.711;51.106
5.111;1.698;51.106
5.11;1.659;51.106
5.119;1.632;51.109
5.12;1.605;51.109
5.107;1.568;51.105
5.11;1.562;51.106
5.112;1.527;51.106
5.112;1.488;51.106
5.117;1.478;51.108
5.13;1.418;51.113
5.236;1.102;51.15
5.245;1.07;51.153
5.272;0.96;51.163
5.285;0.91;51.168
5.287;0.897;51.168
5.289;0.888;51.169
5.298;0.837;51.172
5.307;0.788;51.175
5.321;0.722;51.18
5.32;0.69;51.18
5.36;0.625;51.194
5.361;0.618;51.195
5.363;0.607;51.195
5.371;0.487;51.198
5.307;-0.134;51.176
5.287;-0.142;51.169
5.276;-0.147;51.165
5.195;-0.17;51.137
5.183;-0.172;51.133
5.108;-0.195;51.106
5.096;-0.198;51.102
5.118;1.669;51.11
5.12;1.56;51.111
5.12;1.536;51.111
5.117;1.528;51.11
5.116;1.508;51.11
5.119;1.468;51.11
5.121;1.457;51.111
5.119;1.449;51.111
5.137;1.349;51.117
5.14;1.341;51.118
5.15;1.315;51.121
5.195;1.229;51.137
5.195;1.211;51.138
5.202;1.207;51.14
5.204;1.199;51.141
5.208;1.194;51.142
5.203;1.184;51.14
5.213;1.168;51.144
5.253;1.028;51.158
5.272;0.951;51.165
5.295;0.857;51.173
5.297;0.847;51.174
5.31;0.778;51.178
5.312;0.766;51.179
5.31;0.755;51.178
5.316;0.729;51.18
5.327;0.687;51.184
5.328;0.68;51.185
5.336;0.668;51.188
5.338;0.651;51.188
5.368;0.532;51.199
5.326;-0.125;51.184
5.295;-0.139;51.174
5.218;-0.168;51.147
5.2;-0.168;51.14
5.125;-0.19;51.114
5.085;1.814;51.1
5.095;1.778;51.104
5.103;1.758;51.106
5.105;1.728;51.107
5.113;1.718;51.11
5.114;1.707;51.111
5.114;1.688;51.11
5.117;1.659;51.112
5.126;1.628;51.115
5.129;1.618;51.116
5.116;1.59;51.111
5.117;1.578;51.112
5.122;1.54;51.113
5.113;1.49;51.11
5.124;1.437;51.114
5.127;1.43;51.115
5.127;1.407;51.115
5.139;1.358;51.119
5.158;1.292;51.126
5.198;1.218;51.14
5.208;1.189;51.144
5.218;1.147;51.147
5.224;1.131;51.149
5.253;1.021;51.16
5.262;0.992;51.163
5.275;0.973;51.167
5.275;0.968;51.168
5.292;0.883;51.174
5.294;0.878;51.174
5.295;0.868;51.175
5.312;0.777;51.181
5.312;0.759;51.181
5.316;0.737;51.182
5.325;0.698;51.185
5.317;0.696;51.183
5.338;0.657;51.19
5.348;0.642;51.193
5.344;-0.117;51.193
5.334;-0.123;51.189
5.318;-0.127;51.184
5.315;-0.13;51.182
5.239;-0.157;51.156
5.229;-0.16;51.152
5.222;-0.166;51.15
5.212;-0.169;51.146
5.136;-0.186;51.12
5.129;-0.187;51.117
5.085;1.79;51.102
5.094;1.786;51.105
5.102;1.766;51.108
5.102;1.748;51.108
5.113;1.725;51.112
5.114;1.698;51.112
5.115;1.638;51.113
5.123;1.608;51.115
5.124;1.597;51.116
5.115;1.567;51.113
5.126;1.559;51.116
5.122;1.447;51.115
5.132;1.412;51.118
5.128;1.4;51.117
5.132;1.396;51.119
5.135;1.388;51.12
5.135;1.378;51.12
5.137;1.368;51.12
5.146;1.33;51.124
5.176;1.262;51.134
5.215;1.165;51.148
5.217;1.158;51.149
5.223;1.138;51.151
5.227;1.117;51.152
5.23;1.11;51.153
5.235;1.105;51.155
5.244;1.085;51.158
5.246;1.057;51.159
5.279;0.929;51.171
5.292;0.894;51.175
5.302;0.818;51.179
5.314;0.746;51.183
5.333;0.678;51.19
5.34;0.673;51.192
5.342;0.648;51.193
5.352;-0.117;51.197
5.265;-0.148;51.167
5.247;-0.155;51.16
5.154;-0.18;51.128
5.143;-0.183;51.124
5.08;1.821;51.102
5.081;1.8;51.102
5.1;1.74;51.109
5.123;1.666;51.117
5.124;1.649;51.117
5.121;1.581;51.116
5.12;1.478;51.116
5.121;1.468;51.116
5.143;1.349;51.124
5.143;1.338;51.124
5.149;1.326;51.126
5.151;1.318;51.127
5.153;1.309;51.128
5.155;1.299;51.128
5.237;1.098;51.158
5.24;1.089;51.159
5.242;1.079;51.159
5.244;1.078;51.16
5.248;1.048;51.161
5.256;1.008;51.164
5.258;0.998;51.165
5.277;0.938;51.172
5.289;0.889;51.176
5.303;0.841;51.181
5.302;0.824;51.181
5.32;0.728;51.187
5.33;0.688;51.191
5.344;0.667;51.195
5.34;0.659;51.194
5.354;0.63;51.199
5.341;-0.12;51.195
5.256;-0.15;51.165
5.238;-0.158;51.159
5.172;-0.175;51.136
5.168;-0.177;51.134
5.16;-0.178;51.132
5.076;-0.201;51.102
5.075;1.828;51.102
5.1;1.777;51.11
5.099;1.771;51.11
5.109;1.714;51.114
5.12;1.701;51.118
5.117;1.678;51.116
5.12;1.674;51.118
5.12;1.66;51.118
5.119;1.64;51.117
5.128;1.625;51.121
5.129;1.622;51.121
5.122;1.585;51.118
5.119;1.564;51.117
5.117;1.536;51.116
5.119;1.529;51.117
5.115;1.509;51.116
5.115;1.499;51.116
5.117;1.491;51.117
5.122;1.485;51.118
5.117;1.455;51.117
5.14;1.358;51.125
5.159;1.289;51.131
5.162;1.279;51.133
5.167;1.274;51.134
5.178;1.257;51.138
5.188;1.244;51.142
5.24;1.071;51.16
5.255;1.029;51.166
5.254;1.017;51.165
5.265;0.987;51.169
5.276;0.948;51.173
5.295;0.831;51.18
5.307;0.768;51.184
5.318;0.743;51.188
5.32;0.737;51.189
5.285;-0.142;51.177
5.266;-0.147;51.17
5.188;-0.171;51.143
5.18;-0.171;51.14
5.107;-0.195;51.114
5.067;1.857;51.1
5.082;1.809;51.106
5.085;1.8;51.107
5.104;1.76;51.114
5.109;1.732;51.115
5.107;1.711;51.115
5.117;1.691;51.118
5.124;1.639;51.121
5.125;1.629;51.121
5.128;1.58;51.122
5.118;1.574;51.119
5.118;1.532;51.119
5.117;1.518;51.118
5.117;1.451;51.119
5.127;1.423;51.122
5.138;1.364;51.126
5.17;1.269;51.137
5.175;1.264;51.139
5.193;1.239;51.145
5.193;1.228;51.145
5.267;0.98;51.172
5.285;0.928;51.178
5.285;0.918;51.178
5.282;0.907;51.177
5.286;0.9;51.179
5.293;0.878;51.181
5.295;0.849;51.182
5.295;0.834;51.182
5.31;0.757;51.187
5.324;0.708;51.192
5.298;-0.138;51.183
5.294;-0.14;51.182
5.274;-0.145;51.175
5.092;-0.198;51.111
5.073;1.848;51.104
5.087;1.818;51.109
5.103;1.738;51.115
5.125;1.651;51.123
5.126;1.614;51.123
5.117;1.59;51.12
5.114;1.568;51.119
5.125;1.479;51.123
5.127;1.441;51.124
5.126;1.405;51.123
5.127;1.401;51.124
5.181;1.248;51.143
5.194;1.218;51.148
5.19;1.209;51.146
5.203;1.195;51.151
5.204;1.187;51.151
5.206;1.177;51.152
5.211;1.17;51.153
5.24;1.081;51.164
5.239;1.073;51.163
5.268;0.972;51.174
5.282;0.937;51.179
5.289;0.887;51.181
5.293;0.868;51.183
5.294;0.858;51.183
5.298;0.844;51.184
5.305;0.792;51.187
5.324;0.7;51.194
5.312;-0.131;51.19
5.302;-0.134;51.187
5.234;-0.157;51.162
5.208;-0.168;51.153
5.198;-0.172;51.15
5.123;-0.191;51.124
5.111;-0.194;51.119
5.061;-0.207;51.102
5.085;1.828;51.11
5.078;1.805;51.108
5.094;1.795;51.113
5.099;1.786;51.115
5.1;1.767;51.115
5.112;1.728;51.12
5.123;1.659;51.124
5.123;1.608;51.124
5.123;1.597;51.124
5.125;1.548;51.124
5.12;1.498;51.123
5.123;1.468;51.124
5.134;1.37;51.128
5.144;1.328;51.131
5.182;1.242;51.145
5.2;1.199;51.151
5.214;1.166;51.156
5.215;1.158;51.156
5.217;1.148;51.157
5.301;0.827;51.187
5.303;0.817;51.188
5.309;0.786;51.19
5.311;0.778;51.191
5.32;0.738;51.194
5.323;0.719;51.195
5.331;0.679;51.198
5.329;-0.125;51.198
5.321;-0.127;51.195
5.319;-0.128;51.194
5.241;-0.158;51.167
5.214;-0.162;51.157
5.129;-0.189;51.127
5.102;-0.197;51.118
5.082;1.836;51.111
5.088;1.822;51.113
5.109;1.757;51.12
5.109;1.749;51.12
5.119;1.718;51.124
5.113;1.708;51.122
5.12;1.699;51.124
5.119;1.689;51.124
5.123;1.678;51.126
5.123;1.668;51.126
5.13;1.648;51.128
5.128;1.618;51.127
5.122;1.58;51.125
5.123;1.559;51.125
5.121;1.538;51.125
5.119;1.518;51.124
5.123;1.508;51.125
5.119;1.459;51.124
5.122;1.448;51.125
5.125;1.438;51.126
5.13;1.408;51.128
5.127;1.397;51.127
5.131;1.387;51.128
5.138;1.359;51.131
5.142;1.339;51.132
5.144;1.322;51.133
5.153;1.309;51.136
5.191;1.203;51.15
5.218;1.138;51.159
5.228;1.118;51.163
5.228;1.11;51.163
5.234;1.098;51.165
5.236;1.09;51.166
5.253;1.008;51.172
5.256;0.998;51.173
5.267;0.972;51.177
5.33;0.708;51.199
5.258;-0.148;51.175
5.252;-0.151;51.172
5.225;-0.158;51.163
5.213;-0.168;51.159
5.139;-0.182;51.132
5.106;-0.197;51.121
5.053;1.867;51.102
5.064;1.851;51.106
5.107;1.74;51.121
5.132;1.638;51.13
5.13;1.628;51.13
5.117;1.569;51.125
5.126;1.55;51.128
5.125;1.483;51.128
5.128;1.477;51.129
5.127;1.471;51.129
5.132;1.418;51.13
5.14;1.348;51.133
5.148;1.317;51.136
5.181;1.243;51.148
5.218;1.132;51.161
5.239;1.085;51.169
5.24;1.077;51.169
5.244;1.067;51.17
5.245;1.057;51.171
5.245;1.047;51.171
5.245;1.039;51.171
5.252;1.027;51.173
5.285;0.898;51.185
5.293;0.849;51.188
5.305;0.809;51.192
5.316;0.758;51.196
5.315;0.748;51.196
5.324;0.714;51.199
5.261;-0.146;51.177
5.243;-0.156;51.171
5.234;-0.157;51.168
5.147;-0.181;51.137
5.063;-0.204;51.107
5.055;-0.208;51.104
5.044;-0.209;51.101
5.041;1.907;51.1
5.047;1.871;51.102
5.056;1.862;51.105
5.063;1.858;51.107
5.086;1.822;51.116
5.082;1.807;51.114
5.081;1.801;51.114
5.094;1.791;51.119
5.105;1.77;51.122
5.127;1.608;51.13
5.128;1.597;51.13
5.126;1.529;51.13
5.136;1.367;51.133
5.147;1.327;51.137
5.154;1.307;51.14
5.156;1.298;51.141
5.158;1.288;51.141
5.178;1.25;51.149
5.19;1.229;51.153
5.251;1.017;51.175
5.261;0.988;51.178
5.265;0.978;51.18
5.27;0.967;51.182
5.273;0.957;51.183
5.274;0.949;51.183
5.283;0.916;51.186
5.284;0.908;51.186
5.293;0.859;51.19
5.316;0.764;51.198
5.269;-0.144;51.182
5.167;-0.176;51.146
5.156;-0.18;51.142
5.054;-0.205;51.106
5.073;1.841;51.112
5.124;1.679;51.131
5.123;1.676;51.13
5.133;1.643;51.134
5.134;1.642;51.134
5.134;1.376;51.135
5.145;1.336;51.138
5.168;1.271;51.147
5.173;1.266;51.149
5.175;1.258;51.149
5.188;1.238;51.154
5.258;0.997;51.179
5.277;0.945;51.186
5.284;0.937;51.188
5.284;0.929;51.188
5.284;0.892;51.188
5.299;-0.135;51.194
5.293;-0.136;51.192
5.288;-0.14;51.19
5.28;-0.143;51.188
5.165;-0.179;51.147
5.089;-0.198;51.12
5.081;-0.197;51.117
5.038;1.899;51.102
5.07;1.848;51.113
5.078;1.836;51.116
5.087;1.818;51.119
5.101;1.778;51.124
5.122;1.557;51.132
5.121;1.539;51.132
5.122;1.525;51.132
5.12;1.507;51.131
5.121;1.498;51.132
5.121;1.458;51.131
5.123;1.447;51.132
5.123;1.439;51.132
5.131;1.39;51.135
5.132;1.382;51.136
5.14;1.342;51.138
5.19;1.228;51.156
5.192;1.218;51.157
5.195;1.208;51.158
5.193;1.199;51.157
5.217;1.139;51.166
5.217;1.131;51.166
5.258;1.007;51.181
5.266;0.985;51.184
5.284;0.926;51.19
5.285;0.898;51.19
5.291;0.868;51.192
5.301;0.805;51.196
5.297;0.8;51.195
5.308;0.787;51.198
5.31;0.769;51.199
5.224;-0.157;51.169
5.204;-0.167;51.162
5.195;-0.172;51.159
5.184;-0.172;51.155
5.108;-0.194;51.128
5.099;-0.199;51.125
5.034;1.911;51.102
5.089;1.808;51.122
5.097;1.788;51.124
5.104;1.758;51.127
5.108;1.747;51.129
5.108;1.738;51.128
5.109;1.728;51.129
5.112;1.722;51.13
5.118;1.689;51.132
5.121;1.667;51.133
5.121;1.627;51.133
5.119;1.621;51.133
5.119;1.588;51.133
5.12;1.57;51.133
5.12;1.518;51.133
5.121;1.483;51.133
5.137;1.359;51.139
5.14;1.349;51.14
5.181;1.247;51.155
5.188;1.2;51.157
5.203;1.188;51.163
5.203;1.178;51.163
5.204;1.17;51.163
5.244;1.056;51.177
5.243;1.048;51.177
5.245;1.042;51.178
5.274;0.958;51.188
5.285;0.918;51.192
5.287;0.907;51.193
5.295;0.846;51.196
5.296;0.838;51.196
5.298;0.828;51.197
5.298;0.818;51.197
5.303;0.809;51.199
5.295;-0.139;51.196
5.231;-0.155;51.174
5.22;-0.162;51.17
5.201;-0.17;51.163
5.17;-0.177;51.152
5.116;-0.192;51.133
5.106;-0.197;51.129
5.032;-0.213;51.103
5.052;1.873;51.11
5.064;1.858;51.114
5.086;1.826;51.122
5.115;1.717;51.133
5.117;1.708;51.133
5.117;1.698;51.133
5.121;1.659;51.135
5.127;1.648;51.137
5.128;1.638;51.137
5.128;1.618;51.137
5.128;1.608;51.137
5.119;1.578;51.134
5.123;1.528;51.136
5.124;1.459;51.136
5.124;1.429;51.136
5.127;1.417;51.137
5.129;1.409;51.138
5.137;1.379;51.141
5.156;1.28;51.148
5.179;1.255;51.156
5.211;1.158;51.167
5.212;1.148;51.168
5.22;1.128;51.17
5.223;1.118;51.171
5.227;1.108;51.173
5.232;1.088;51.175
5.243;1.069;51.179
5.272;0.95;51.189
5.208;-0.168;51.167
5.128;-0.186;51.139
5.125;-0.189;51.138
5.018;1.949;51.1
5.042;1.88;51.108
5.102;1.758;51.129
5.125;1.687;51.138
5.124;1.677;51.137
5.122;1.658;51.137
5.123;1.537;51.137
5.125;1.518;51.138
5.126;1.479;51.139
5.124;1.469;51.138
5.124;1.448;51.138
5.124;1.437;51.138
5.133;1.388;51.141
5.147;1.338;51.146
5.149;1.327;51.147
5.147;1.319;51.146
5.167;1.272;51.153
5.197;1.203;51.164
5.234;1.081;51.177
5.252;1.018;51.184
5.25;-0.154;51.184
5.228;-0.159;51.176
5.153;-0.182;51.149
5.145;-0.183;51.146
5.135;-0.185;51.143
5.047;-0.208;51.112
5.04;-0.21;51.109
5.016;-0.217;51.101
5.019;1.956;51.102
5.03;1.928;51.106
5.03;1.917;51.105
5.041;1.908;51.109
5.048;1.877;51.112
5.069;1.849;51.12
5.072;1.84;51.12
5.121;1.697;51.138
5.13;1.605;51.141
5.123;1.589;51.139
5.122;1.567;51.139
5.121;1.55;51.138
5.125;1.488;51.14
5.131;1.403;51.142
5.133;1.397;51.143
5.143;1.347;51.146
5.155;1.309;51.15
5.153;1.298;51.15
5.156;1.289;51.151
5.221;1.101;51.174
5.234;1.085;51.179
5.245;1.058;51.183
5.246;1.048;51.183
5.247;1.028;51.184
5.253;1.023;51.186
5.257;0.998;51.187
5.26;0.989;51.188
5.267;0.977;51.191
5.271;0.959;51.192
5.279;0.92;51.195
5.29;0.879;51.199
5.267;-0.146;51.192
5.255;-0.148;51.187
5.243;-0.158;51.183
5.162;-0.18;51.154
5.067;-0.204;51.12
5.044;1.903;51.112
5.044;1.902;51.112
5.059;1.87;51.117
5.065;1.866;51.12
5.08;1.832;51.125
5.09;1.809;51.129
5.11;1.731;51.136
5.132;1.686;51.144
5.132;1.683;51.144
5.132;1.638;51.144
5.131;1.63;51.143
5.122;1.581;51.14
5.13;1.517;51.143
5.129;1.487;51.143
5.132;1.457;51.144
5.133;1.449;51.144
5.14;1.368;51.147
5.149;1.328;51.15
5.15;1.316;51.151
5.162;1.278;51.155
5.174;1.259;51.159
5.181;1.248;51.161
5.184;1.238;51.163
5.185;1.232;51.163
5.252;1.016;51.187
5.263;0.985;51.191
5.268;0.968;51.193
5.277;0.947;51.196
5.28;0.937;51.197
5.279;0.927;51.197
5.275;-0.144;51.196
5.236;-0.158;51.182
5.169;-0.173;51.158
5.129;-0.187;51.144
5.075;-0.2;51.125
5.014;1.961;51.103
5.029;1.936;51.109
5.036;1.926;51.111
5.035;1.919;51.111
5.057;1.875;51.118
5.066;1.857;51.122
5.087;1.829;51.129
5.087;1.818;51.129
5.1;1.765;51.134
5.099;1.759;51.134
5.105;1.749;51.136
5.119;1.656;51.141
5.128;1.609;51.144
5.126;1.507;51.143
5.115;1.493;51.139
5.125;1.463;51.143
5.127;1.437;51.144
5.126;1.417;51.144
5.126;1.41;51.144
5.158;1.287;51.155
5.169;1.267;51.159
5.178;1.255;51.162
5.186;1.228;51.165
5.189;1.218;51.166
5.192;1.208;51.167
5.222;1.109;51.178
5.221;1.099;51.177
5.231;1.09;51.181
5.242;1.073;51.185
5.271;0.955;51.196
5.204;-0.168;51.173
5.191;-0.173;51.168
5.181;-0.173;51.165
5.169;-0.179;51.16
5.113;-0.193;51.14
5.094;-0.199;51.133
5.085;-0.199;51.13
5.064;-0.207;51.123
5.02;-0.216;51.107
5.0;-0.223;51.1
5.001;1.998;51.1
5.012;1.97;51.104
5.021;1.949;51.107
5.022;1.941;51.108
5.033;1.915;51.112
5.073;1.847;51.126
5.094;1.797;51.133
5.095;1.788;51.134
5.102;1.768;51.136
5.118;1.697;51.142
5.122;1.597;51.144
5.126;1.589;51.145
5.123;1.576;51.144
5.124;1.569;51.144
5.124;1.546;51.144
5.127;1.499;51.145
5.125;1.489;51.145
5.125;1.469;51.145
5.127;1.426;51.145
5.145;1.32;51.152
5.166;1.273;51.16
5.202;1.187;51.173
5.2;1.168;51.172
5.204;1.165;51.173
5.208;1.158;51.175
5.216;-0.166;51.179
5.207;-0.166;51.175
5.197;-0.17;51.172
5.102;-0.194;51.138
5.058;-0.208;51.122
5.01;-0.22;51.105
4.997;2.017;51.1
4.999;2.007;51.101
5.038;1.889;51.115
5.039;1.883;51.115
5.093;1.807;51.135
5.11;1.74;51.141
5.112;1.727;51.142
5.113;1.71;51.142
5.129;1.685;51.148
5.125;1.677;51.146
5.124;1.667;51.146
5.125;1.651;51.146
5.125;1.618;51.146
5.124;1.537;51.146
5.125;1.529;51.146
5.135;1.39;51.15
5.144;1.33;51.153
5.154;1.291;51.157
5.162;1.279;51.16
5.185;1.235;51.168
5.193;1.204;51.171
5.21;1.148;51.177
5.215;1.128;51.179
5.219;1.12;51.18
5.222;1.115;51.181
5.225;1.096;51.183
5.249;1.021;51.191
5.226;-0.162;51.184
5.169;-0.177;51.164
5.121;-0.19;51.146
5.098;-0.198;51.138
5.017;-0.22;51.109
5.009;1.987;51.106
5.017;1.96;51.109
5.047;1.881;51.12
5.09;1.826;51.135
5.089;1.816;51.135
5.099;1.776;51.139
5.112;1.747;51.143
5.107;1.718;51.142
5.123;1.699;51.147
5.123;1.658;51.147
5.133;1.638;51.151
5.131;1.607;51.15
5.133;1.579;51.151
5.127;1.518;51.149
5.129;1.478;51.15
5.129;1.458;51.15
5.132;1.448;51.151
5.129;1.418;51.15
5.132;1.399;51.151
5.139;1.378;51.153
5.2;1.16;51.175
5.226;1.108;51.185
5.233;1.086;51.187
5.235;1.078;51.188
5.241;1.066;51.19
5.257;0.991;51.196
5.259;-0.148;51.198
5.253;-0.15;51.195
5.245;-0.154;51.192
5.233;-0.159;51.188
5.147;-0.183;51.157
5.129;-0.189;51.151
5.053;-0.208;51.124
5.044;-0.21;51.12
5.037;-0.214;51.118
5.028;-0.216;51.115
5.024;-0.217;51.113
5.005;1.995;51.106
5.014;1.966;51.11
5.025;1.949;51.114
5.026;1.938;51.114
5.029;1.93;51.115
5.032;1.926;51.116
5.034;1.918;51.117
5.038;1.909;51.118
5.035;1.899;51.117
5.046;1.888;51.121
5.059;1.871;51.126
5.098;1.786;51.14
5.121;1.705;51.148
5.131;1.646;51.152
5.128;1.63;51.151
5.132;1.587;51.152
5.133;1.568;51.153
5.128;1.558;51.151
5.127;1.525;51.15
5.128;1.509;51.151
5.127;1.498;51.151
5.128;1.428;51.151
5.139;1.367;51.155
5.139;1.358;51.155
5.149;1.318;51.158
5.156;1.297;51.161
5.172;1.261;51.167
5.182;1.226;51.17
5.202;1.175;51.178
5.242;1.037;51.192
5.246;1.029;51.194
5.25;1.017;51.195
5.254;0.998;51.197
5.159;-0.181;51.163
5.141;-0.189;51.157
5.014;1.979;51.111
5.025;1.955;51.115
5.055;1.877;51.126
5.063;1.867;51.129
5.095;1.792;51.141
5.096;1.779;51.141
5.104;1.769;51.144
5.105;1.759;51.144
5.11;1.755;51.146
5.116;1.749;51.148
5.117;1.73;51.148
5.106;1.718;51.144
5.128;1.678;51.153
5.126;1.67;51.152
5.127;1.617;51.152
5.135;1.578;51.155
5.128;1.549;51.153
5.125;1.541;51.152
5.128;1.468;51.153
5.139;1.388;51.156
5.146;1.327;51.159
5.157;1.287;51.163
5.168;1.269;51.167
5.209;1.142;51.182
5.23;1.103;51.189
5.231;1.097;51.19
5.176;-0.179;51.171
5.167;-0.179;51.168
5.145;-0.187;51.16
5.073;-0.203;51.134
5.062;-0.206;51.13
5.058;-0.208;51.129
4.979;-0.229;51.1
4.989;2.029;51.104
5.0;2.002;51.108
5.008;1.992;51.111
5.043;1.895;51.123
5.051;1.887;51.126
5.075;1.839;51.135
5.083;1.83;51.138
5.094;1.805;51.142
5.114;1.742;51.149
5.113;1.724;51.149
5.113;1.711;51.149
5.125;1.659;51.153
5.135;1.641;51.157
5.135;1.61;51.157
5.138;1.596;51.158
5.135;1.591;51.157
5.144;1.336;51.16
5.165;1.278;51.168
5.175;1.258;51.172
5.177;1.248;51.172
5.18;1.242;51.173
5.183;1.237;51.174
5.188;1.209;51.176
5.19;1.203;51.177
5.199;1.179;51.18
5.199;1.17;51.18
5.217;1.118;51.186
5.237;1.069;51.194
5.194;-0.17;51.179
5.187;-0.175;51.177
5.182;-0.178;51.175
4.973;2.09;51.1
4.978;2.069;51.102
4.98;2.059;51.102
4.99;2.039;51.106
4.998;2.009;51.109
5.06;1.875;51.131
5.065;1.858;51.133
5.087;1.825;51.141
5.091;1.819;51.142
5.093;1.799;51.143
5.112;1.76;51.15
5.113;1.746;51.151
5.119;1.729;51.153
5.123;1.694;51.154
5.131;1.588;51.157
5.132;1.567;51.157
5.131;1.548;51.157
5.122;1.533;51.154
5.122;1.532;51.154
5.133;1.398;51.158
5.142;1.345;51.161
5.163;1.284;51.169
5.195;1.199;51.18
5.197;1.187;51.181
5.207;1.148;51.185
5.215;-0.167;51.189
5.203;-0.168;51.184
5.127;-0.19;51.157
5.117;-0.19;51.153
5.097;-0.199;51.146
5.09;-0.201;51.143
5.079;-0.201;51.14
4.995;-0.225;51.109
4.984;-0.228;51.105
4.971;2.072;51.101
5.017;1.968;51.117
5.026;1.938;51.121
5.027;1.931;51.121
5.079;1.837;51.14
5.097;1.787;51.146
5.098;1.779;51.147
5.118;1.717;51.154
5.118;1.707;51.154
5.131;1.679;51.159
5.128;1.668;51.158
5.132;1.416;51.159
5.132;1.408;51.159
5.141;1.351;51.163
5.172;1.265;51.174
5.211;1.137;51.188
5.214;1.129;51.189
5.222;-0.165;51.193
5.11;-0.192;51.152
5.024;-0.216;51.121
5.015;-0.216;51.118
5.011;-0.218;51.117
5.006;-0.221;51.115
4.994;2.026;51.111
5.015;1.979;51.118
5.016;1.958;51.119
5.036;1.908;51.126
5.055;1.882;51.133
5.095;1.817;51.147
5.096;1.809;51.148
5.095;1.796;51.147
5.106;1.769;51.151
5.113;1.748;51.154
5.118;1.737;51.156
5.129;1.634;51.16
5.127;1.628;51.159
5.128;1.618;51.159
5.131;1.612;51.161
5.138;1.577;51.163
5.126;1.537;51.158
5.127;1.509;51.159
5.128;1.488;51.159
5.129;1.477;51.16
5.13;1.448;51.16
5.129;1.438;51.16
5.137;1.397;51.163
5.141;1.389;51.164
5.138;1.378;51.163
5.139;1.359;51.164
5.15;1.307;51.168
5.149;1.299;51.167
5.179;1.247;51.178
5.221;1.116;51.193
5.225;1.111;51.195
5.229;1.106;51.196
5.229;1.087;51.196
5.234;1.078;51.198
5.237;1.057;51.199
5.229;-0.161;51.197
5.21;-0.168;51.19
5.141;-0.187;51.165
5.137;-0.189;51.164
5.058;-0.207;51.135
5.03;-0.213;51.125
4.992;-0.227;51.112
4.97;2.081;51.104
4.981;2.055;51.107
5.001;2.006;51.115
5.024;1.95;51.123
5.03;1.928;51.125
5.039;1.897;51.129
5.053;1.89;51.134
5.063;1.86;51.137
5.071;1.851;51.14
5.106;1.776;51.153
5.113;1.757;51.156
5.125;1.697;51.16
5.126;1.657;51.16
5.126;1.649;51.16
5.134;1.608;51.163
5.137;1.588;51.164
5.126;1.527;51.16
5.127;1.498;51.161
5.139;1.368;51.165
5.145;1.337;51.167
5.149;1.318;51.169
5.168;1.272;51.176
5.197;1.185;51.186
5.208;1.147;51.19
5.216;1.126;51.193
5.234;1.069;51.199
5.154;-0.182;51.172
5.049;-0.209;51.134
5.041;-0.211;51.131
4.96;2.11;51.101
4.969;2.072;51.105
4.999;2.02;51.116
5.017;1.953;51.122
5.029;1.948;51.127
5.031;1.918;51.127
5.036;1.914;51.129
5.033;1.899;51.128
5.06;1.869;51.138
5.114;1.763;51.158
5.123;1.729;51.161
5.124;1.717;51.161
5.124;1.706;51.161
5.134;1.677;51.165
5.134;1.667;51.165
5.141;1.603;51.167
5.145;1.597;51.169
5.134;1.547;51.165
5.134;1.418;51.165
5.141;1.348;51.168
5.155;1.292;51.173
5.166;1.278;51.176
5.185;1.218;51.184
5.186;1.21;51.184
5.221;1.091;51.197
5.181;-0.174;51.183
5.161;-0.182;51.176
5.061;-0.205;51.14
5.024;-0.218;51.126
4.963;-0.23;51.104
4.954;-0.23;51.101
4.958;2.13;51.102
4.965;2.089;51.105
4.974;2.079;51.108
4.997;2.013;51.117
5.017;1.968;51.124
5.029;1.939;51.128
5.04;1.909;51.132
5.03;1.892;51.129
5.036;1.891;51.131
5.059;1.877;51.139
5.081;1.83;51.147
5.091;1.801;51.151
5.096;1.789;51.153
5.101;1.782;51.154
5.133;1.662;51.166
5.118;1.62;51.161
5.141;1.58;51.169
5.133;1.558;51.166
5.134;1.539;51.167
5.135;1.507;51.167
5.133;1.502;51.166
5.13;1.486;51.165
5.131;1.48;51.166
5.13;1.435;51.165
5.142;1.397;51.169
5.142;1.387;51.169
5.14;1.378;51.169
5.143;1.357;51.17
5.15;1.309;51.172
5.152;1.296;51.173
5.161;1.286;51.177
5.169;1.268;51.18
5.175;1.258;51.181
5.175;1.25;51.182
5.192;1.198;51.188
5.194;1.191;51.189
5.173;-0.176;51.182
5.172;-0.181;51.182
5.068;-0.201;51.144
5.048;-0.206;51.137
4.991;-0.227;51.116
4.973;-0.231;51.11
4.946;-0.235;51.1
4.953;2.168;51.102
4.964;2.108;51.106
4.975;2.061;51.11
4.986;2.039;51.114
4.996;2.02;51.118
5.025;1.893;51.129
5.057;1.886;51.14
5.064;1.857;51.143
5.076;1.837;51.147
5.108;1.768;51.159
5.13;1.714;51.167
5.131;1.712;51.167
5.14;1.639;51.17
5.139;1.588;51.17
5.127;1.533;51.166
5.128;1.528;51.166
5.128;1.519;51.166
5.127;1.512;51.166
5.129;1.487;51.166
5.128;1.474;51.166
5.129;1.462;51.166
5.127;1.446;51.166
5.128;1.443;51.166
5.139;1.404;51.17
5.149;1.316;51.174
5.177;1.246;51.184
5.184;1.228;51.187
5.203;1.16;51.194
5.199;-0.17;51.193
5.19;-0.172;51.19
5.104;-0.192;51.159
5.098;-0.195;51.156
5.087;-0.2;51.153
5.076;-0.2;51.149
4.982;-0.228;51.114
4.96;2.126;51.106
4.981;2.057;51.114
4.985;2.048;51.115
4.992;2.028;51.118
5.047;1.907;51.138
5.025;1.892;51.13
5.09;1.809;51.154
5.094;1.797;51.155
5.115;1.749;51.163
5.119;1.731;51.164
5.126;1.657;51.167
5.114;1.628;51.162
5.124;1.617;51.166
5.136;1.562;51.171
5.136;1.546;51.171
5.134;1.538;51.17
5.138;1.509;51.171
5.127;1.469;51.167
5.147;1.322;51.175
5.189;1.217;51.19
5.198;1.186;51.193
5.198;1.177;51.193
5.211;-0.169;51.199
5.112;-0.192;51.163
5.094;-0.198;51.157
5.011;-0.219;51.127
5.0;-0.22;51.123
4.937;2.236;51.1
4.937;2.21;51.1
4.969;2.085;51.112
4.992;2.037;51.12
5.0;2.007;51.123
5.003;2.0;51.124
5.007;1.987;51.125
5.032;1.918;51.134
5.032;1.911;51.134
5.037;1.893;51.136
5.062;1.865;51.145
5.072;1.853;51.149
5.114;1.777;51.164
5.114;1.769;51.164
5.115;1.758;51.165
5.115;1.737;51.165
5.125;1.719;51.168
5.116;1.672;51.165
5.122;1.668;51.167
5.125;1.65;51.168
5.124;1.631;51.168
5.106;1.626;51.161
5.108;1.623;51.162
5.115;1.621;51.165
5.126;1.61;51.169
5.135;1.568;51.172
5.133;1.526;51.171
5.132;1.497;51.171
5.131;1.467;51.171
5.135;1.418;51.172
5.145;1.328;51.176
5.164;1.279;51.183
5.204;1.156;51.197
5.139;-0.183;51.175
5.132;-0.191;51.172
5.122;-0.193;51.169
5.02;-0.214;51.132
5.018;-0.219;51.131
4.934;2.227;51.1
4.937;2.218;51.101
4.945;2.188;51.104
4.956;2.132;51.108
4.978;2.079;51.116
5.018;1.958;51.131
5.02;1.952;51.132
5.031;1.94;51.136
5.061;1.869;51.147
5.08;1.834;51.154
5.102;1.795;51.162
5.105;1.787;51.163
5.122;1.727;51.169
5.125;1.705;51.17
5.124;1.697;51.17
5.122;1.679;51.169
5.14;1.639;51.175
5.134;1.6;51.173
5.131;1.519;51.172
5.131;1.487;51.172
5.131;1.479;51.172
5.131;1.439;51.172
5.135;1.409;51.174
5.144;1.337;51.177
5.152;1.3;51.18
5.174;1.251;51.188
5.045;-0.204;51.143
5.042;-0.208;51.141
5.036;-0.211;51.139
5.029;-0.212;51.137
4.937;2.252;51.103
4.945;2.179;51.106
4.973;2.071;51.116
4.985;2.061;51.121
4.985;2.049;51.121
4.995;2.028;51.124
5.014;1.975;51.131
5.028;1.947;51.136
5.037;1.91;51.14
5.087;1.819;51.158
5.087;1.811;51.158
5.118;1.764;51.169
5.122;1.737;51.17
5.127;1.715;51.173
5.128;1.71;51.173
5.124;1.688;51.171
5.116;1.678;51.168
5.136;1.669;51.176
5.131;1.659;51.174
5.13;1.646;51.173
5.133;1.636;51.175
5.132;1.615;51.174
5.139;1.596;51.177
5.148;1.593;51.18
5.147;1.59;51.18
5.142;1.578;51.178
5.139;1.548;51.177
5.138;1.508;51.177
5.14;1.398;51.177
5.141;1.388;51.178
5.139;1.379;51.177
5.14;1.358;51.177
5.142;1.348;51.178
5.149;1.308;51.181
5.171;1.261;51.189
5.167;-0.179;51.188
5.151;-0.181;51.183
4.978;-0.228;51.12
4.97;-0.228;51.117
4.951;-0.234;51.11
4.939;-0.237;51.105
4.932;-0.238;51.103
4.933;2.269;51.103
4.933;2.259;51.103
4.941;2.199;51.106
4.953;2.14;51.111
4.963;2.098;51.114
4.963;2.092;51.114
5.035;1.937;51.141
5.036;1.929;51.141
5.038;1.918;51.142
5.051;1.905;51.146
5.056;1.888;51.148
5.076;1.849;51.155
5.077;1.841;51.156
5.118;1.759;51.171
5.119;1.747;51.171
5.131;1.631;51.176
5.14;1.538;51.179
5.141;1.527;51.179
5.136;1.514;51.178
5.136;1.498;51.177
5.138;1.467;51.178
5.141;1.457;51.179
5.139;1.449;51.179
5.137;1.419;51.178
5.145;1.327;51.181
5.148;1.318;51.182
5.161;1.288;51.187
5.165;1.277;51.188
5.182;1.222;51.194
5.186;-0.171;51.197
5.179;-0.174;51.194
5.172;-0.178;51.192
5.16;-0.181;51.188
5.098;-0.198;51.165
5.063;-0.201;51.152
4.93;2.275;51.104
4.941;2.239;51.108
4.952;2.169;51.112
4.962;2.118;51.115
4.973;2.082;51.119
4.983;2.043;51.123
5.001;2.009;51.13
5.001;2.003;51.13
5.008;1.991;51.132
5.013;1.985;51.134
5.021;1.97;51.137
5.053;1.898;51.149
5.063;1.867;51.152
5.066;1.858;51.153
5.064;1.85;51.153
5.084;1.829;51.16
5.116;1.774;51.172
5.127;1.698;51.176
5.139;1.63;51.18
5.146;1.626;51.183
5.138;1.619;51.18
5.145;1.566;51.182
5.147;1.557;51.183
5.146;1.55;51.183
5.136;1.486;51.179
5.138;1.478;51.18
5.137;1.435;51.18
5.145;1.346;51.183
5.156;1.297;51.187
5.165;1.268;51.19
5.175;1.247;51.194
5.179;1.237;51.195
5.181;1.229;51.196
5.186;1.208;51.198
5.191;1.199;51.199
5.09;-0.199;51.164
4.959;-0.229;51.116
4.915;2.313;51.1
4.946;2.228;51.111
4.939;2.218;51.109
4.95;2.189;51.113
4.947;2.176;51.112
4.957;2.138;51.115
4.967;2.108;51.119
4.968;2.088;51.119
4.977;2.078;51.123
4.98;2.069;51.124
5.011;1.979;51.135
5.08;1.837;51.16
5.093;1.809;51.165
5.101;1.797;51.168
5.103;1.788;51.169
5.124;1.655;51.176
5.122;1.65;51.176
5.131;1.646;51.179
5.145;1.622;51.184
5.139;1.611;51.182
5.143;1.542;51.184
5.133;1.52;51.18
5.133;1.403;51.18
5.163;1.284;51.191
5.182;1.225;51.198
5.184;1.217;51.198
5.099;-0.194;51.169
5.091;-0.195;51.166
5.081;-0.2;51.162
5.024;-0.218;51.141
4.996;-0.221;51.131
4.988;-0.223;51.128
4.98;-0.227;51.125
4.969;-0.226;51.121
4.913;2.318;51.101
4.924;2.284;51.105
4.924;2.281;51.105
4.933;2.251;51.108
4.946;2.208;51.113
4.948;2.195;51.113
4.957;2.159;51.117
4.965;2.115;51.12
4.966;2.098;51.12
4.983;2.064;51.126
4.991;2.031;51.129
4.993;2.028;51.13
4.996;2.019;51.131
5.019;1.971;51.14
5.018;1.957;51.139
5.018;1.95;51.139
5.036;1.929;51.146
5.06;1.885;51.154
5.052;1.848;51.152
5.089;1.818;51.165
5.108;1.778;51.172
5.116;1.766;51.175
5.121;1.729;51.177
5.131;1.669;51.181
5.137;1.645;51.183
5.141;1.641;51.184
5.152;1.626;51.188
5.138;1.616;51.183
5.141;1.597;51.184
5.14;1.586;51.184
5.141;1.577;51.184
5.141;1.568;51.184
5.149;1.559;51.187
5.139;1.476;51.184
5.141;1.388;51.184
5.14;1.359;51.184
5.142;1.351;51.185
5.126;-0.189;51.18
5.118;-0.192;51.178
5.109;-0.194;51.174
5.015;-0.22;51.14
5.006;-0.22;51.136
4.91;-0.248;51.102
4.924;2.3;51.107
4.944;2.212;51.114
4.943;2.202;51.113
4.956;2.15;51.118
5.015;1.989;51.14
5.028;1.94;51.145
5.069;1.857;51.16
5.054;1.848;51.154
5.047;1.844;51.152
5.066;1.841;51.159
5.088;1.827;51.167
5.097;1.805;51.17
5.092;1.799;51.168
5.104;1.782;51.172
5.116;1.757;51.177
5.115;1.748;51.176
5.119;1.737;51.178
5.126;1.707;51.181
5.129;1.677;51.182
5.13;1.659;51.182
5.139;1.607;51.185
5.15;1.546;51.189
5.14;1.535;51.186
5.137;1.517;51.185
5.139;1.468;51.185
5.14;1.456;51.186
5.138;1.439;51.185
5.14;1.428;51.186
5.138;1.416;51.185
5.14;1.367;51.186
5.15;1.309;51.19
5.023;-0.214;51.144
4.921;-0.242;51.107
4.901;2.356;51.1
4.908;2.338;51.102
4.911;2.328;51.103
4.943;2.219;51.115
4.962;2.121;51.122
5.021;1.958;51.144
5.024;1.948;51.145
5.037;1.917;51.149
5.037;1.91;51.149
5.049;1.897;51.154
5.063;1.87;51.159
5.049;1.842;51.154
5.058;1.841;51.157
5.07;1.841;51.162
5.085;1.834;51.167
5.105;1.788;51.174
5.124;1.726;51.182
5.122;1.693;51.181
5.122;1.69;51.181
5.146;1.617;51.19
5.139;1.507;51.187
5.139;1.499;51.187
5.138;1.448;51.187
5.139;1.398;51.187
5.144;1.347;51.189
5.148;1.318;51.19
5.169;1.256;51.198
5.162;-0.178;51.197
5.147;-0.182;51.191
5.03;-0.211;51.149
4.94;-0.235;51.116
4.928;-0.239;51.111
4.911;-0.243;51.105
4.915;2.324;51.106
4.918;2.318;51.107
4.92;2.308;51.108
4.925;2.297;51.11
4.926;2.288;51.111
4.932;2.269;51.112
4.929;2.259;51.112
4.961;2.131;51.123
5.012;1.996;51.142
5.018;1.985;51.144
5.021;1.968;51.145
5.051;1.888;51.157
5.061;1.887;51.16
5.091;1.798;51.171
5.111;1.762;51.178
5.133;1.717;51.186
5.134;1.658;51.187
5.147;1.647;51.192
5.147;1.638;51.192
5.154;1.627;51.194
5.148;1.596;51.192
5.143;1.588;51.19
5.152;1.556;51.194
5.144;1.538;51.191
5.145;1.478;51.191
5.141;1.404;51.189
5.142;1.386;51.19
5.141;1.369;51.19
5.142;1.358;51.19
5.145;1.337;51.191
5.147;1.327;51.192
5.154;1.297;51.194
5.16;1.287;51.197
5.164;1.277;51.198
5.166;1.269;51.199
5.154;-0.18;51.196
5.062;-0.204;51.162
5.05;-0.203;51.158
5.041;-0.208;51.154
4.974;-0.228;51.13
4.948;-0.233;51.12
4.906;2.347;51.105
4.927;2.278;51.112
4.936;2.248;51.116
4.937;2.239;51.116
4.945;2.228;51.119
4.947;2.197;51.12
4.956;2.139;51.123
4.968;2.09;51.128
4.998;2.012;51.139
5.018;1.977;51.146
5.029;1.958;51.15
5.028;1.946;51.15
5.043;1.899;51.155
5.024;1.888;51.148
5.062;1.877;51.162
5.092;1.811;51.173
5.102;1.791;51.177
5.125;1.735;51.185
5.133;1.725;51.188
5.133;1.667;51.188
5.145;1.656;51.193
5.151;1.634;51.195
5.152;1.618;51.195
5.153;1.597;51.196
5.144;1.578;51.192
5.151;1.549;51.195
5.144;1.528;51.192
5.141;1.51;51.191
5.149;1.482;51.194
5.143;1.467;51.192
5.145;1.458;51.193
5.143;1.437;51.192
5.141;1.427;51.191
5.141;1.378;51.191
5.151;1.307;51.195
5.158;1.291;51.198
5.088;-0.2;51.173
5.07;-0.202;51.167
4.957;-0.231;51.125
4.934;-0.238;51.117
4.892;2.362;51.101
4.903;2.352;51.105
4.935;2.256;51.117
4.944;2.235;51.12
4.943;2.218;51.12
4.951;2.189;51.123
4.955;2.158;51.124
4.957;2.148;51.125
4.964;2.117;51.127
4.965;2.108;51.128
4.967;2.099;51.129
4.978;2.069;51.133
4.988;2.031;51.136
4.996;2.018;51.14
5.038;1.935;51.155
5.03;1.888;51.152
5.065;1.885;51.165
5.068;1.858;51.166
5.081;1.839;51.171
5.089;1.819;51.174
5.108;1.769;51.181
5.127;1.698;51.188
5.127;1.679;51.188
5.151;1.645;51.196
5.151;1.589;51.197
5.14;1.494;51.193
5.149;1.483;51.196
5.14;1.446;51.193
5.149;1.315;51.196
5.078;-0.201;51.171
5.008;-0.217;51.145
4.964;-0.229;51.129
4.924;2.305;51.114
4.962;2.128;51.129
4.971;2.087;51.132
4.976;2.079;51.134
4.982;2.058;51.136
4.984;2.047;51.137
4.991;2.028;51.139
5.005;2.001;51.145
5.063;1.881;51.166
5.076;1.846;51.171
5.086;1.827;51.174
5.097;1.807;51.178
5.096;1.798;51.178
5.108;1.78;51.182
5.123;1.686;51.188
5.149;1.609;51.198
5.147;1.607;51.197
5.146;1.57;51.197
5.138;1.503;51.194
5.138;1.5;51.193
5.138;1.397;51.194
5.148;1.322;51.197
5.12;-0.188;51.188
5.104;-0.191;51.182
5.095;-0.193;51.179
5.092;-0.197;51.178
5.0;-0.217;51.144
4.993;-0.22;51.142
4.975;-0.223;51.135
4.904;-0.247;51.109
4.886;2.379;51.102
4.889;2.369;51.103
4.911;2.332;51.111
4.916;2.319;51.113
5.003;2.008;51.145
5.013;1.989;51.149
5.034;1.917;51.157
5.104;1.787;51.183
5.116;1.74;51.187
5.127;1.708;51.191
5.131;1.678;51.193
5.146;1.578;51.198
5.146;1.469;51.198
5.146;1.36;51.198
5.146;1.347;51.198
5.145;1.336;51.198
5.146;1.326;51.198
5.134;-0.183;51.195
5.122;-0.186;51.191
5.114;-0.189;51.188
5.021;-0.213;51.154
5.001;-0.217;51.146
4.916;-0.242;51.115
4.895;-0.25;51.108
4.883;2.387;51.103
4.898;2.359;51.108
4.906;2.337;51.111
4.919;2.31;51.116
4.927;2.278;51.119
4.929;2.269;51.119
4.948;2.176;51.127
4.958;2.145;51.131
4.968;2.106;51.134
4.969;2.099;51.134
5.0;2.019;51.146
5.012;1.998;51.15
5.071;1.854;51.172
5.101;1.799;51.183
5.11;1.766;51.187
5.115;1.758;51.189
5.123;1.736;51.191
5.129;1.717;51.194
5.141;1.507;51.198
5.139;1.497;51.198
5.144;1.457;51.199
5.143;1.448;51.199
5.142;1.398;51.199
5.143;1.369;51.199
5.038;-0.208;51.162
5.028;-0.21;51.158
5.01;-0.215;51.151
4.907;-0.244;51.113
4.895;2.365;51.109
4.905;2.349;51.112
4.914;2.328;51.116
4.921;2.307;51.118
4.937;2.24;51.124
4.938;2.225;51.125
4.938;2.22;51.125
4.947;2.197;51.128
4.946;2.17;51.127
4.955;2.158;51.131
4.999;2.026;51.147
5.015;1.986;51.153
5.026;1.963;51.157
5.028;1.947;51.158
5.032;1.94;51.159
5.036;1.928;51.161
5.039;1.911;51.162
5.05;1.898;51.166
5.048;1.889;51.165
5.058;1.878;51.169
5.111;1.777;51.189
5.127;1.728;51.194
5.133;1.697;51.197
5.129;1.687;51.195
5.14;1.668;51.199
5.14;1.658;51.199
5.14;1.407;51.199
5.046;-0.203;51.166
4.943;-0.235;51.128
4.933;-0.238;51.124
4.923;-0.239;51.121
4.901;2.354;51.112
4.898;2.339;51.112
4.921;2.319;51.12
4.924;2.299;51.121
4.924;2.288;51.121
4.935;2.258;51.125
4.94;2.237;51.127
4.939;2.229;51.127
4.947;2.191;51.129
4.955;2.15;51.133
4.965;2.112;51.136
4.97;2.091;51.138
4.983;2.05;51.143
5.022;1.957;51.157
5.032;1.944;51.161
5.035;1.917;51.162
5.037;1.881;51.163
5.065;1.858;51.173
5.078;1.839;51.178
5.086;1.828;51.181
5.126;1.721;51.196
5.082;-0.198;51.181
5.074;-0.2;51.178
5.056;-0.202;51.172
4.996;-0.217;51.149
4.969;-0.225;51.14
4.952;-0.232;51.133
4.87;2.403;51.103
4.889;2.372;51.11
4.92;2.324;51.121
4.93;2.278;51.125
4.931;2.267;51.125
4.939;2.248;51.128
4.95;2.2;51.132
4.95;2.187;51.132
4.953;2.178;51.133
4.965;2.141;51.138
4.963;2.128;51.137
4.971;2.108;51.14
5.014;1.994;51.156
5.045;1.908;51.168
5.03;1.881;51.162
5.047;1.878;51.168
5.059;1.869;51.173
5.087;1.823;51.183
5.097;1.801;51.187
5.065;-0.202;51.176
4.987;-0.217;51.148
4.966;-0.227;51.14
4.96;-0.228;51.138
4.901;-0.247;51.116
4.863;-0.257;51.102
4.858;-0.26;51.1
4.859;2.439;51.1
4.88;2.393;51.108
4.898;2.351;51.114
4.929;2.295;51.126
4.951;2.167;51.134
4.962;2.118;51.139
4.974;2.075;51.143
4.974;2.071;51.143
4.98;2.058;51.145
5.002;2.018;51.153
5.002;2.012;51.153
5.021;1.961;51.16
5.05;1.905;51.171
5.051;1.897;51.171
5.054;1.853;51.172
5.056;1.85;51.173
5.065;1.848;51.177
5.072;1.845;51.179
5.082;1.836;51.183
5.106;1.754;51.192
5.124;1.721;51.199
5.102;-0.194;51.192
5.093;-0.196;51.188
4.998;-0.213;51.153
4.988;-0.216;51.15
4.978;-0.221;51.146
4.894;-0.25;51.115
4.866;-0.255;51.105
4.863;2.428;51.103
4.865;2.419;51.104
4.867;2.408;51.105
4.875;2.398;51.108
4.897;2.359;51.116
4.907;2.333;51.12
4.924;2.288;51.126
4.928;2.285;51.127
4.957;2.166;51.138
4.961;2.158;51.139
4.961;2.147;51.14
4.978;2.079;51.146
5.039;1.922;51.169
5.042;1.916;51.17
5.059;1.877;51.176
5.1;1.797;51.191
5.107;1.785;51.194
5.111;1.758;51.195
5.112;1.752;51.196
5.109;-0.19;51.196
5.023;-0.209;51.164
4.874;-0.253;51.109
4.861;2.435;51.104
4.882;2.387;51.112
4.884;2.379;51.113
4.895;2.371;51.117
4.886;2.337;51.114
4.947;2.216;51.136
4.966;2.129;51.143
4.964;2.115;51.143
4.974;2.107;51.146
4.984;2.056;51.15
4.995;2.035;51.154
4.998;2.029;51.155
5.005;2.008;51.158
5.018;1.969;51.163
5.077;1.843;51.184
5.088;1.828;51.188
5.103;1.789;51.194
5.11;1.767;51.197
5.089;-0.198;51.19
5.042;-0.202;51.173
5.005;-0.212;51.159
4.91;-0.242;51.124
4.903;-0.243;51.122
4.882;-0.25;51.114
4.871;2.405;51.11
4.89;2.374;51.117
4.904;2.349;51.122
4.892;2.339;51.117
4.912;2.33;51.125
4.934;2.26;51.133
4.934;2.251;51.133
4.982;2.09;51.151
5.005;2.018;51.159
5.017;1.977;51.164
5.026;1.959;51.167
5.034;1.938;51.17
5.036;1.929;51.171
5.044;1.909;51.174
5.033;-0.205;51.171
5.031;-0.208;51.17
5.014;-0.211;51.164
4.939;-0.235;51.137
4.926;-0.239;51.132
4.921;-0.242;51.13
4.892;-0.245;51.119
4.849;2.449;51.103
4.871;2.418;51.111
4.878;2.395;51.114
4.899;2.366;51.121
4.9;2.357;51.122
4.901;2.334;51.122
4.919;2.326;51.129
4.919;2.317;51.129
4.926;2.313;51.131
4.921;2.308;51.13
4.923;2.3;51.13
4.942;2.23;51.137
4.942;2.22;51.138
4.951;2.171;51.141
4.982;2.075;51.152
4.982;2.069;51.152
5.003;2.026;51.16
5.02;1.965;51.167
5.042;1.918;51.175
5.054;1.889;51.179
5.052;-0.202;51.18
4.947;-0.232;51.141
4.93;-0.236;51.135
4.859;-0.258;51.109
4.854;-0.258;51.107
4.836;2.48;51.1
4.867;2.41;51.111
4.926;2.311;51.133
4.925;2.297;51.133
4.929;2.288;51.134
4.932;2.279;51.135
4.935;2.269;51.136
4.935;2.248;51.136
4.939;2.238;51.138
4.95;2.178;51.142
4.961;2.15;51.146
4.971;2.101;51.15
4.976;2.061;51.152
4.989;2.041;51.157
5.014;2.007;51.166
5.029;1.956;51.172
5.03;1.946;51.172
5.039;1.927;51.175
5.052;1.898;51.18
5.06;1.868;51.183
5.074;1.847;51.188
5.093;1.81;51.195
5.102;1.789;51.199
5.078;-0.198;51.191
5.07;-0.201;51.188
5.061;-0.201;51.185
4.975;-0.221;51.153
4.965;-0.224;51.149
4.954;-0.228;51.145
4.843;-0.26;51.104
4.835;-0.266;51.101
4.842;2.468;51.104
4.844;2.459;51.104
4.849;2.454;51.106
4.857;2.431;51.109
4.884;2.378;51.119
4.906;2.345;51.128
4.908;2.337;51.128
4.944;2.207;51.142
4.945;2.198;51.142
4.955;2.168;51.146
4.967;2.119;51.15
4.97;2.109;51.151
4.998;2.03;51.162
5.048;1.906;51.18
5.058;1.885;51.184
5.081;1.838;51.193
5.089;-0.196;51.197
4.831;2.486;51.101
4.84;2.475;51.104
4.852;2.448;51.109
4.853;2.439;51.109
4.872;2.399;51.116
4.942;2.225;51.143
4.946;2.218;51.144
4.964;2.128;51.151
4.975;2.098;51.155
4.985;2.049;51.159
5.004;2.01;51.166
5.036;1.936;51.177
5.046;1.925;51.181
5.075;1.854;51.192
5.076;1.847;51.193
5.087;1.827;51.197
5.088;-0.2;51.198
5.003;-0.213;51.167
4.982;-0.218;51.159
4.861;-0.255;51.114
4.851;-0.256;51.11
4.861;2.429;51.114
4.865;2.422;51.115
4.87;2.407;51.117
4.891;2.372;51.125
4.903;2.35;51.129
4.922;2.309;51.137
4.921;2.301;51.136
4.952;2.177;51.148
4.961;2.147;51.151
4.979;2.095;51.158
4.976;2.088;51.157
4.977;2.082;51.157
4.984;2.078;51.16
4.982;2.068;51.159
4.984;2.059;51.16
4.992;2.04;51.163
5.002;2.017;51.166
5.013;1.998;51.171
5.014;1.978;51.171
5.016;1.97;51.172
5.024;1.96;51.175
5.033;1.942;51.178
5.05;1.917;51.185
5.02;-0.21;51.175
4.896;-0.244;51.129
4.889;-0.244;51.126
4.886;-0.25;51.125
4.87;2.418;51.119
4.882;2.389;51.123
4.909;2.338;51.133
4.91;2.329;51.134
4.951;2.185;51.149
4.97;2.115;51.156
5.002;2.028;51.168
5.012;2.007;51.172
5.013;1.988;51.172
5.042;1.93;51.183
5.039;-0.205;51.184
5.034;-0.208;51.182
5.025;-0.209;51.179
5.011;-0.211;51.173
4.917;-0.24;51.138
4.907;-0.243;51.135
4.817;2.511;51.1
4.858;2.435;51.116
4.868;2.428;51.12
4.876;2.395;51.123
4.885;2.384;51.126
4.885;2.378;51.126
4.896;2.368;51.13
4.897;2.359;51.131
4.908;2.348;51.135
4.918;2.319;51.138
4.93;2.278;51.143
4.939;2.231;51.146
4.988;2.046;51.164
4.999;2.035;51.169
5.021;1.968;51.177
5.054;1.914;51.189
5.05;1.89;51.188
5.061;1.872;51.192
5.057;-0.204;51.192
4.811;-0.27;51.1
4.813;2.519;51.101
4.825;2.498;51.105
4.835;2.48;51.109
4.854;2.448;51.116
4.853;2.442;51.116
4.903;2.355;51.135
4.924;2.299;51.142
4.926;2.288;51.143
4.943;2.198;51.149
4.945;2.189;51.15
4.987;2.057;51.166
5.007;2.026;51.173
5.016;1.997;51.177
5.017;1.984;51.177
5.026;1.965;51.18
5.029;1.948;51.182
5.037;1.938;51.185
5.052;1.911;51.19
5.05;1.907;51.189
5.059;1.878;51.193
5.044;-0.204;51.189
4.951;-0.229;51.154
4.934;-0.231;51.148
4.924;-0.234;51.144
4.831;-0.262;51.11
4.827;-0.267;51.108
4.821;-0.27;51.106
4.821;2.508;51.105
4.822;2.491;51.106
4.83;2.487;51.109
4.843;2.459;51.114
4.863;2.433;51.121
4.873;2.402;51.125
4.892;2.373;51.132
4.913;2.325;51.14
4.924;2.308;51.144
4.932;2.267;51.147
4.935;2.258;51.148
4.935;2.249;51.148
4.942;2.226;51.15
4.945;2.217;51.152
4.946;2.208;51.152
4.953;2.168;51.155
4.99;2.041;51.169
5.014;2.006;51.178
5.024;1.976;51.181
5.045;1.928;51.189
5.049;1.918;51.191
5.048;1.898;51.19
5.056;1.886;51.193
5.065;1.868;51.197
5.069;1.858;51.198
5.065;-0.201;51.198
4.859;-0.256;51.121
4.841;-0.256;51.115
4.836;-0.257;51.113
4.809;2.526;51.102
4.815;2.49;51.105
4.843;2.472;51.115
4.91;2.339;51.14
4.92;2.317;51.144
4.938;2.243;51.151
4.937;2.237;51.15
4.95;2.186;51.155
4.951;2.178;51.156
4.962;2.148;51.16
4.962;2.139;51.16
4.965;2.12;51.161
4.974;2.099;51.164
4.971;2.086;51.163
5.013;1.989;51.179
5.011;1.967;51.178
4.986;-0.217;51.171
4.979;-0.22;51.168
4.969;-0.224;51.164
4.96;-0.225;51.161
4.867;-0.254;51.126
4.853;-0.257;51.121
4.847;-0.256;51.119
4.825;2.506;51.11
4.826;2.5;51.11
4.837;2.477;51.114
4.845;2.466;51.117
4.853;2.448;51.12
4.857;2.438;51.122
4.864;2.428;51.125
4.861;2.42;51.123
4.871;2.411;51.127
4.889;2.372;51.134
4.899;2.358;51.138
4.909;2.336;51.141
4.929;2.285;51.149
4.948;2.198;51.156
4.971;2.108;51.165
4.976;2.097;51.167
4.978;2.075;51.167
4.98;2.068;51.168
4.983;2.06;51.169
4.987;2.056;51.171
4.989;2.048;51.172
5.001;2.029;51.176
5.021;1.981;51.184
5.015;1.968;51.181
5.06;1.884;51.198
5.061;1.878;51.199
5.009;-0.21;51.181
4.997;-0.211;51.176
4.988;-0.214;51.173
4.885;-0.243;51.135
4.876;-0.252;51.131
4.835;2.485;51.115
4.846;2.457;51.119
4.861;2.434;51.125
4.867;2.416;51.127
4.875;2.397;51.13
4.882;2.383;51.133
4.886;2.379;51.134
4.895;2.368;51.138
4.937;2.256;51.154
4.947;2.204;51.157
4.956;2.167;51.161
4.957;2.157;51.161
5.001;2.039;51.178
5.017;1.998;51.184
5.018;1.987;51.184
5.029;1.958;51.188
5.029;1.947;51.188
4.947;-0.227;51.159
4.903;-0.24;51.143
4.882;-0.249;51.135
4.826;-0.267;51.114
4.794;2.553;51.101
4.852;2.453;51.123
4.872;2.407;51.131
4.878;2.39;51.133
4.902;2.358;51.142
4.936;2.238;51.155
4.966;2.125;51.166
4.973;2.09;51.169
4.987;2.068;51.174
4.996;2.046;51.177
5.005;2.026;51.181
5.026;1.969;51.189
5.048;1.899;51.197
5.041;-0.205;51.196
5.033;-0.205;51.193
5.027;-0.207;51.191
5.025;-0.208;51.19
5.015;-0.21;51.186
4.921;-0.232;51.151
4.913;-0.234;51.148
4.912;-0.239;51.148
4.893;-0.242;51.141
4.818;-0.268;51.113
4.808;-0.267;51.109
4.799;-0.269;51.105
4.788;-0.271;51.101
4.785;2.577;51.1
4.789;2.569;51.101
4.791;2.56;51.102
4.803;2.533;51.106
4.82;2.49;51.113
4.906;2.348;51.145
4.908;2.345;51.146
4.909;2.339;51.146
4.912;2.328;51.147
4.923;2.308;51.152
4.934;2.261;51.156
4.933;2.25;51.156
4.943;2.209;51.159
4.994;2.059;51.178
5.022;1.996;51.189
5.024;1.977;51.19
5.036;1.939;51.194
5.04;1.935;51.196
5.047;1.91;51.198
4.941;-0.228;51.16
4.929;-0.229;51.156
4.837;-0.256;51.121
4.8;-0.267;51.107
4.781;2.608;51.1
4.797;2.548;51.106
4.802;2.538;51.108
4.807;2.528;51.11
4.822;2.513;51.115
4.864;2.413;51.131
4.892;2.376;51.142
4.901;2.366;51.145
4.909;2.359;51.148
4.923;2.3;51.153
4.928;2.296;51.155
4.93;2.289;51.156
4.932;2.268;51.157
4.94;2.238;51.16
4.942;2.22;51.16
4.969;2.109;51.171
4.972;2.101;51.172
4.98;2.072;51.175
4.992;2.066;51.18
4.989;2.053;51.178
5.0;2.036;51.182
5.03;1.957;51.194
5.042;1.928;51.198
5.045;1.917;51.199
5.029;-0.208;51.195
4.975;-0.219;51.175
4.939;-0.227;51.161
4.847;-0.257;51.126
4.819;2.518;51.116
4.824;2.509;51.118
4.826;2.498;51.118
4.825;2.489;51.118
4.861;2.435;51.132
4.876;2.393;51.137
4.93;2.279;51.158
4.935;2.258;51.159
4.947;2.198;51.164
4.952;2.188;51.166
4.955;2.166;51.167
4.96;2.148;51.169
4.958;2.129;51.168
4.969;2.118;51.172
4.975;2.098;51.175
4.98;2.088;51.176
4.977;2.078;51.175
4.987;2.072;51.179
4.996;2.041;51.183
5.029;1.966;51.195
5.031;1.947;51.196
4.984;-0.218;51.18
4.965;-0.22;51.173
4.957;-0.222;51.17
4.949;-0.226;51.166
4.855;-0.256;51.131
4.833;-0.259;51.123
4.794;2.556;51.108
4.813;2.526;51.115
4.836;2.478;51.124
4.837;2.47;51.124
4.841;2.465;51.126
4.846;2.461;51.127
4.862;2.419;51.134
4.871;2.399;51.137
4.944;2.206;51.165
4.951;2.178;51.167
4.951;2.171;51.167
4.959;2.158;51.17
4.966;2.126;51.173
5.006;2.018;51.188
5.008;2.012;51.189
5.029;1.975;51.197
4.994;-0.214;51.185
4.986;-0.216;51.182
4.905;-0.238;51.151
4.88;-0.249;51.142
4.79;2.561;51.108
4.832;2.486;51.124
4.851;2.457;51.131
4.853;2.448;51.132
4.855;2.439;51.133
4.862;2.428;51.135
4.904;2.344;51.151
4.904;2.342;51.151
4.933;2.275;51.162
4.944;2.236;51.166
4.942;2.233;51.165
4.943;2.217;51.166
4.953;2.188;51.169
4.978;2.107;51.179
4.993;2.049;51.185
5.006;2.027;51.19
5.019;-0.21;51.196
5.012;-0.212;51.194
5.003;-0.212;51.19
4.973;-0.217;51.179
4.888;-0.241;51.147
4.871;-0.25;51.14
4.861;-0.251;51.137
4.849;-0.258;51.132
4.843;-0.259;51.13
4.766;-0.273;51.101
4.77;2.642;51.102
4.78;2.589;51.106
4.79;2.568;51.11
4.871;2.409;51.14
4.882;2.388;51.144
4.883;2.382;51.145
4.932;2.265;51.163
4.932;2.262;51.163
4.98;2.098;51.182
4.981;2.088;51.182
4.992;2.068;51.186
4.992;2.058;51.186
5.001;2.037;51.19
4.908;-0.233;51.156
4.898;-0.238;51.152
4.779;-0.271;51.108
4.775;2.628;51.105
4.777;2.618;51.106
4.779;2.609;51.107
4.779;2.6;51.107
4.799;2.55;51.115
4.855;2.432;51.136
4.881;2.398;51.146
4.898;2.376;51.152
4.901;2.368;51.153
4.903;2.361;51.154
4.909;2.339;51.156
4.919;2.3;51.16
4.929;2.288;51.164
4.93;2.28;51.164
4.94;2.241;51.168
4.938;2.226;51.167
4.959;2.154;51.175
4.96;2.138;51.175
4.981;2.077;51.184
4.999;2.046;51.19
5.01;2.017;51.194
5.014;2.008;51.196
5.015;2.0;51.196
5.019;1.996;51.198
5.021;1.987;51.198
5.02;1.979;51.198
4.989;-0.218;51.188
4.933;-0.228;51.167
4.926;-0.229;51.164
4.917;-0.229;51.161
4.796;-0.268;51.116
4.784;-0.267;51.111
4.758;-0.277;51.101
4.766;2.659;51.103
4.788;2.579;51.112
4.796;2.559;51.115
4.837;2.472;51.13
4.866;2.425;51.141
4.869;2.417;51.142
4.877;2.405;51.146
4.889;2.381;51.15
4.904;2.357;51.156
4.905;2.347;51.156
4.912;2.33;51.159
4.925;2.298;51.164
4.936;2.249;51.168
4.949;2.177;51.173
4.949;2.172;51.173
4.966;2.137;51.179
4.966;2.129;51.179
4.978;2.104;51.184
4.899;-0.235;51.156
4.822;-0.259;51.127
4.813;-0.264;51.124
4.805;-0.264;51.12
4.801;-0.268;51.119
4.765;2.666;51.105
4.781;2.614;51.111
4.791;2.569;51.114
4.802;2.548;51.119
4.803;2.539;51.119
4.806;2.53;51.12
4.814;2.521;51.123
4.826;2.493;51.128
4.835;2.479;51.132
4.842;2.46;51.134
4.853;2.433;51.138
4.884;2.386;51.15
4.902;2.364;51.157
4.913;2.336;51.161
4.917;2.319;51.162
4.932;2.277;51.168
4.931;2.268;51.168
4.936;2.258;51.17
4.944;2.208;51.173
4.95;2.187;51.175
5.006;2.044;51.196
5.007;2.038;51.197
5.006;2.029;51.196
4.954;-0.222;51.178
4.945;-0.224;51.175
4.936;-0.226;51.171
4.851;-0.255;51.139
4.831;-0.26;51.132
4.78;2.609;51.112
4.781;2.595;51.112
4.819;2.517;51.127
4.822;2.508;51.128
4.831;2.488;51.132
4.861;2.432;51.143
4.911;2.355;51.162
4.921;2.308;51.166
4.933;2.288;51.17
4.943;2.238;51.174
4.941;2.228;51.173
4.946;2.19;51.175
4.949;2.178;51.176
4.956;2.16;51.179
4.964;2.15;51.182
4.973;2.11;51.186
4.973;-0.216;51.187
4.968;-0.218;51.185
4.961;-0.221;51.182
4.858;-0.252;51.144
4.839;-0.259;51.137
4.752;2.705;51.103
4.839;2.468;51.136
4.848;2.456;51.14
4.852;2.438;51.141
4.87;2.42;51.148
4.871;2.409;51.148
4.891;2.382;51.156
4.9;2.37;51.159
4.9;2.362;51.159
4.911;2.351;51.163
4.931;2.296;51.171
4.942;2.248;51.175
4.935;2.169;51.172
4.96;2.154;51.182
4.972;2.128;51.187
4.972;2.118;51.187
4.982;2.098;51.19
4.981;2.086;51.19
4.981;2.078;51.19
4.992;2.058;51.194
4.993;2.05;51.195
4.996;-0.213;51.198
4.987;-0.213;51.194
4.98;-0.214;51.191
4.872;-0.248;51.151
4.868;-0.251;51.149
4.848;-0.259;51.141
4.763;-0.273;51.109
4.741;2.737;51.101
4.753;2.697;51.105
4.757;2.67;51.107
4.767;2.651;51.11
4.796;2.561;51.121
4.835;2.484;51.136
4.835;2.477;51.136
4.85;2.447;51.142
4.881;2.393;51.154
4.908;2.341;51.164
4.938;2.262;51.175
4.935;2.178;51.174
4.967;2.146;51.187
4.971;2.139;51.188
4.977;2.106;51.19
4.991;2.067;51.195
4.886;-0.243;51.158
4.877;-0.246;51.154
4.853;-0.257;51.145
4.744;-0.274;51.104
4.735;2.748;51.1
4.737;2.74;51.101
4.747;2.719;51.104
4.757;2.68;51.108
4.775;2.618;51.115
4.866;2.428;51.149
4.873;2.415;51.152
4.873;2.408;51.152
4.88;2.398;51.155
4.881;2.393;51.155
4.884;2.388;51.157
4.908;2.35;51.166
4.949;2.215;51.181
4.947;2.208;51.18
4.946;2.201;51.18
4.956;2.17;51.184
4.976;2.124;51.191
4.974;2.118;51.191
4.985;2.075;51.195
4.996;2.047;51.199
4.977;-0.218;51.194
4.913;-0.23;51.169
4.903;-0.231;51.166
4.895;-0.233;51.162
4.892;-0.237;51.161
4.773;-0.275;51.116
4.735;-0.278;51.102
4.742;2.724;51.104
4.761;2.677;51.111
4.765;2.659;51.113
4.771;2.648;51.115
4.779;2.607;51.118
4.784;2.588;51.12
4.785;2.581;51.12
4.792;2.568;51.123
4.803;2.538;51.127
4.804;2.53;51.127
4.844;2.464;51.143
4.858;2.436;51.148
4.862;2.433;51.15
4.894;2.377;51.162
4.903;2.358;51.165
4.909;2.355;51.167
4.916;2.321;51.17
4.944;2.238;51.181
4.953;2.181;51.184
4.954;2.165;51.185
4.954;2.162;51.185
4.923;-0.229;51.175
4.789;-0.268;51.124
4.782;-0.272;51.121
4.747;2.701;51.107
4.782;2.598;51.121
4.803;2.55;51.129
4.81;2.522;51.132
4.822;2.5;51.136
4.89;2.385;51.162
4.9;2.368;51.166
4.909;2.348;51.169
4.911;2.337;51.17
4.911;2.328;51.17
4.921;2.308;51.174
4.928;2.295;51.176
4.925;2.281;51.175
4.936;2.263;51.18
4.942;2.22;51.182
4.962;2.15;51.19
4.984;2.089;51.198
4.939;-0.225;51.183
4.929;-0.225;51.179
4.926;-0.227;51.178
4.897;-0.237;51.167
4.807;-0.259;51.132
4.799;-0.263;51.129
4.748;2.715;51.109
4.777;2.635;51.121
4.777;2.628;51.121
4.789;2.578;51.125
4.799;2.558;51.129
4.819;2.508;51.137
4.925;2.303;51.177
4.925;2.298;51.177
4.929;2.288;51.178
4.925;2.284;51.177
4.932;2.278;51.18
4.931;2.268;51.179
4.936;2.258;51.181
4.935;2.253;51.181
4.935;2.251;51.181
4.939;2.247;51.182
4.95;2.199;51.187
4.971;2.109;51.195
4.967;-0.217;51.195
4.965;-0.218;51.194
4.958;-0.221;51.191
4.948;-0.222;51.188
4.869;-0.248;51.157
4.845;-0.259;51.148
4.837;-0.262;51.145
4.826;-0.262;51.141
4.817;-0.26;51.138
4.795;-0.268;51.129
4.722;-0.278;51.101
4.754;2.683;51.113
4.775;2.644;51.121
4.774;2.611;51.121
4.785;2.589;51.125
4.795;2.564;51.129
4.829;2.489;51.142
4.829;2.481;51.142
4.846;2.451;51.149
4.857;2.439;51.153
4.875;2.395;51.16
4.897;2.373;51.168
4.945;2.236;51.186
4.943;2.211;51.186
4.946;2.207;51.187
4.954;2.195;51.19
4.956;2.188;51.191
4.956;2.177;51.19
4.957;2.167;51.191
4.959;2.158;51.192
4.861;-0.249;51.156
4.714;-0.279;51.1
4.774;2.611;51.122
4.785;2.595;51.127
4.803;2.546;51.134
4.805;2.538;51.134
4.81;2.51;51.136
4.824;2.497;51.142
4.834;2.476;51.146
4.837;2.469;51.147
4.841;2.465;51.148
4.837;2.458;51.147
4.853;2.449;51.153
4.875;2.409;51.161
4.875;2.389;51.161
4.882;2.385;51.164
4.944;2.228;51.188
4.966;2.146;51.196
4.967;2.129;51.196
4.872;-0.245;51.162
4.759;-0.275;51.119
4.74;-0.274;51.112
4.733;-0.279;51.109
4.723;2.768;51.105
4.729;2.764;51.107
4.737;2.75;51.11
4.735;2.748;51.109
4.739;2.729;51.111
4.744;2.706;51.113
4.753;2.69;51.116
4.763;2.658;51.12
4.762;2.651;51.12
4.783;2.624;51.128
4.812;2.535;51.139
4.813;2.527;51.139
4.843;2.455;51.151
4.864;2.427;51.159
4.867;2.421;51.16
4.871;2.416;51.161
4.923;2.29;51.181
4.963;2.155;51.196
4.908;-0.229;51.177
4.898;-0.23;51.173
4.889;-0.239;51.17
4.881;-0.243;51.167
4.748;-0.273;51.116
4.724;2.763;51.107
4.735;2.733;51.111
4.743;2.701;51.114
4.76;2.669;51.12
4.78;2.599;51.128
4.789;2.581;51.131
4.81;2.513;51.14
4.81;2.512;51.14
4.815;2.51;51.141
4.861;2.437;51.159
4.879;2.398;51.166
4.891;2.378;51.171
4.898;2.367;51.173
4.903;2.359;51.175
4.904;2.349;51.175
4.922;2.307;51.182
4.923;2.298;51.183
4.891;-0.234;51.173
4.798;-0.266;51.137
4.786;-0.27;51.132
4.778;-0.272;51.129
4.739;-0.278;51.114
4.703;-0.277;51.101
4.746;2.716;51.116
4.767;2.647;51.125
4.772;2.641;51.127
4.786;2.589;51.132
4.86;2.446;51.16
4.877;2.407;51.167
4.889;2.389;51.171
4.874;2.379;51.166
4.878;2.377;51.167
4.907;2.348;51.178
4.909;2.337;51.179
4.911;2.33;51.18
4.919;2.319;51.183
4.931;2.269;51.188
4.909;-0.226;51.181
4.793;-0.268;51.137
4.769;-0.274;51.128
4.755;2.686;51.121
4.764;2.666;51.125
4.775;2.617;51.129
4.794;2.568;51.136
4.796;2.558;51.137
4.798;2.551;51.138
4.825;2.489;51.149
4.875;2.414;51.168
4.887;2.394;51.172
4.895;2.374;51.175
4.929;2.279;51.188
4.938;2.241;51.192
4.948;2.2;51.196
4.957;2.178;51.199
4.957;2.16;51.199
4.953;-0.219;51.199
4.945;-0.221;51.196
4.84;-0.26;51.156
4.821;-0.26;51.149
4.804;-0.262;51.142
4.695;2.831;51.1
4.713;2.787;51.107
4.733;2.733;51.114
4.793;2.577;51.138
4.802;2.548;51.141
4.804;2.538;51.142
4.81;2.534;51.144
4.814;2.52;51.146
4.823;2.498;51.149
4.876;2.376;51.17
4.903;2.354;51.18
4.922;2.307;51.187
4.934;2.248;51.192
4.946;2.237;51.197
4.943;2.218;51.195
4.946;2.207;51.197
4.952;2.188;51.199
4.886;-0.238;51.175
4.857;-0.249;51.164
4.833;-0.262;51.155
4.811;-0.259;51.147
4.691;-0.275;51.101
4.691;2.838;51.1
4.698;2.827;51.103
4.702;2.811;51.104
4.713;2.781;51.109
4.731;2.739;51.116
4.742;2.704;51.12
4.784;2.605;51.136
4.792;2.587;51.139
4.819;2.514;51.15
4.82;2.508;51.15
4.833;2.48;51.155
4.842;2.46;51.158
4.923;2.317;51.189
4.931;2.276;51.192
4.932;2.266;51.193
4.94;2.258;51.196
4.85;-0.252;51.163
4.738;-0.279;51.12
4.73;-0.279;51.117
4.72;-0.279;51.113
4.709;-0.278;51.109
4.686;2.854;51.1
4.706;2.806;51.107
4.709;2.8;51.109
4.715;2.795;51.111
4.72;2.77;51.113
4.731;2.749;51.117
4.749;2.702;51.124
4.759;2.67;51.128
4.779;2.598;51.136
4.83;2.486;51.155
4.837;2.475;51.158
4.839;2.468;51.159
4.853;2.452;51.164
4.86;2.438;51.167
4.862;2.429;51.168
4.868;2.42;51.17
4.889;2.38;51.178
4.901;2.362;51.182
4.909;2.332;51.186
4.92;2.323;51.19
4.88;-0.237;51.176
4.876;-0.239;51.175
4.867;-0.245;51.172
4.746;-0.273;51.125
4.715;2.788;51.113
4.728;2.758;51.117
4.739;2.728;51.122
4.74;2.722;51.122
4.796;2.559;51.144
4.827;2.494;51.156
4.85;2.458;51.164
4.859;2.447;51.168
4.886;2.395;51.178
4.894;2.393;51.181
4.897;2.37;51.183
4.905;2.348;51.186
4.934;2.25;51.197
4.939;2.245;51.199
4.887;-0.234;51.181
4.853;-0.247;51.167
4.764;-0.274;51.133
4.725;2.767;51.118
4.732;2.745;51.121
4.736;2.739;51.122
4.745;2.717;51.125
4.753;2.698;51.129
4.757;2.688;51.13
4.759;2.679;51.131
4.774;2.628;51.137
4.778;2.611;51.138
4.786;2.591;51.141
4.804;2.539;51.148
4.864;2.446;51.171
4.873;2.416;51.175
4.877;2.399;51.177
4.894;2.387;51.183
4.896;2.376;51.184
4.905;2.357;51.187
4.904;2.338;51.187
4.924;2.287;51.195
4.922;-0.224;51.196
4.915;-0.227;51.193
4.904;-0.231;51.189
4.835;-0.258;51.162
4.79;-0.269;51.145
4.782;-0.269;51.142
4.772;-0.27;51.138
4.753;-0.273;51.131
4.742;-0.277;51.127
4.684;2.852;51.104
4.761;2.666;51.134
4.765;2.658;51.135
4.768;2.649;51.136
4.773;2.639;51.138
4.774;2.617;51.138
4.782;2.608;51.141
4.781;2.599;51.141
4.813;2.517;51.154
4.913;2.328;51.192
4.923;2.298;51.196
4.926;2.281;51.197
4.91;-0.229;51.193
4.8;-0.262;51.151
4.792;-0.266;51.148
4.673;2.869;51.101
4.701;2.811;51.112
4.721;2.775;51.12
4.731;2.757;51.123
4.758;2.69;51.134
4.793;2.579;51.147
4.795;2.569;51.148
4.799;2.557;51.149
4.801;2.548;51.15
4.81;2.528;51.154
4.823;2.5;51.159
4.902;2.367;51.189
4.912;2.348;51.193
4.909;2.335;51.192
4.919;2.326;51.196
4.922;2.308;51.197
4.882;-0.238;51.183
4.82;-0.262;51.16
4.81;-0.262;51.156
4.677;-0.282;51.105
4.679;2.859;51.105
4.729;2.749;51.124
4.758;2.698;51.135
4.766;2.643;51.138
4.778;2.637;51.143
4.782;2.63;51.145
4.82;2.51;51.159
4.832;2.487;51.164
4.838;2.47;51.166
4.846;2.457;51.169
4.849;2.452;51.171
4.867;2.421;51.177
4.911;2.357;51.195
4.835;-0.251;51.167
4.828;-0.256;51.165
4.824;-0.259;51.163
4.704;-0.278;51.117
4.696;-0.278;51.114
4.685;-0.28;51.11
4.666;2.89;51.101
4.688;2.84;51.11
4.695;2.835;51.112
4.696;2.818;51.113
4.736;2.729;51.128
4.807;2.538;51.156
4.815;2.518;51.159
4.826;2.497;51.163
4.831;2.48;51.165
4.834;2.476;51.166
4.867;2.43;51.179
4.877;2.407;51.183
4.876;2.399;51.183
4.917;2.349;51.199
4.854;-0.242;51.176
4.844;-0.249;51.172
4.739;-0.277;51.132
4.732;-0.278;51.129
4.722;-0.279;51.125
4.714;-0.279;51.122
4.661;2.86;51.101
4.667;2.859;51.103
4.683;2.855;51.109
4.704;2.8;51.118
4.711;2.795;51.12
4.714;2.788;51.121
4.721;2.775;51.124
4.747;2.701;51.134
4.765;2.645;51.141
4.805;2.546;51.157
4.815;2.526;51.161
4.833;2.488;51.167
4.853;2.45;51.175
4.875;2.418;51.184
4.881;2.396;51.186
4.885;2.39;51.188
4.905;2.361;51.196
4.905;-0.229;51.198
4.873;-0.237;51.185
4.87;-0.238;51.184
4.863;-0.24;51.181
4.851;-0.247;51.177
4.742;-0.274;51.134
4.732;-0.277;51.13
4.722;-0.276;51.127
4.666;-0.287;51.105
4.664;2.895;51.104
4.662;2.864;51.103
4.659;2.86;51.102
4.73;2.758;51.129
4.745;2.709;51.135
4.782;2.602;51.15
4.792;2.581;51.154
4.833;2.494;51.169
4.86;2.447;51.18
4.865;2.438;51.181
4.894;2.378;51.193
4.9;-0.231;51.197
4.891;-0.234;51.194
4.882;-0.236;51.19
4.777;-0.269;51.15
4.76;-0.27;51.143
4.751;-0.273;51.14
4.651;2.901;51.1
4.658;2.879;51.103
4.7;2.826;51.119
4.702;2.817;51.12
4.726;2.763;51.129
4.738;2.727;51.134
4.75;2.7;51.139
4.757;2.697;51.141
4.758;2.679;51.142
4.759;2.668;51.142
4.77;2.639;51.146
4.791;2.569;51.155
4.8;2.552;51.158
4.852;2.466;51.178
4.871;2.426;51.186
4.878;2.407;51.188
4.899;2.369;51.197
4.787;-0.267;51.155
4.647;-0.285;51.101
4.649;2.91;51.101
4.718;2.785;51.128
4.716;2.772;51.127
4.735;2.717;51.134
4.766;2.658;51.147
4.769;2.648;51.148
4.778;2.628;51.151
4.779;2.617;51.151
4.78;2.608;51.152
4.827;2.481;51.17
4.879;2.418;51.19
4.814;-0.263;51.167
4.796;-0.266;51.16
4.783;-0.268;51.155
4.657;-0.286;51.106
4.648;2.92;51.102
4.656;2.9;51.105
4.667;2.879;51.109
4.676;2.861;51.113
4.735;2.747;51.136
4.736;2.735;51.136
4.764;2.665;51.147
4.785;2.598;51.155
4.788;2.589;51.157
4.793;2.578;51.159
4.825;2.51;51.171
4.827;2.485;51.172
4.847;2.472;51.179
4.888;2.397;51.195
4.896;2.375;51.199
4.824;-0.255;51.173
4.821;-0.259;51.172
4.806;-0.265;51.166
4.7;-0.279;51.124
4.682;-0.28;51.118
4.665;-0.285;51.111
4.644;2.926;51.102
4.664;2.888;51.11
4.675;2.868;51.114
4.683;2.856;51.117
4.685;2.838;51.118
4.692;2.833;51.121
4.703;2.799;51.125
4.706;2.792;51.126
4.714;2.777;51.13
4.733;2.742;51.137
4.783;2.605;51.156
4.791;2.585;51.159
4.794;2.567;51.16
4.806;2.54;51.165
4.815;2.528;51.169
4.873;2.422;51.191
4.85;-0.244;51.184
4.833;-0.253;51.178
4.71;-0.28;51.13
4.693;-0.28;51.123
4.673;-0.284;51.115
4.652;-0.287;51.108
4.652;2.908;51.107
4.671;2.876;51.114
4.684;2.848;51.119
4.702;2.811;51.126
4.724;2.762;51.135
4.731;2.72;51.138
4.751;2.702;51.145
4.772;2.649;51.154
4.781;2.626;51.157
4.803;2.557;51.166
4.818;2.512;51.171
4.833;2.498;51.177
4.831;2.479;51.177
4.865;-0.239;51.192
4.84;-0.25;51.182
4.72;-0.28;51.135
4.691;2.835;51.124
4.698;2.828;51.126
4.695;2.815;51.125
4.714;2.789;51.132
4.714;2.772;51.133
4.719;2.767;51.134
4.734;2.745;51.14
4.76;2.67;51.15
4.801;2.565;51.166
4.83;2.487;51.178
4.842;2.477;51.182
4.848;2.467;51.185
4.852;2.462;51.187
4.858;2.459;51.189
4.858;2.438;51.189
4.869;2.429;51.193
4.877;-0.233;51.198
4.87;-0.236;51.195
4.858;-0.242;51.191
4.747;-0.274;51.147
4.738;-0.278;51.144
4.728;-0.279;51.14
4.638;2.921;51.104
4.707;2.798;51.131
4.715;2.786;51.134
4.715;2.778;51.134
4.727;2.757;51.139
4.731;2.749;51.141
4.738;2.739;51.143
4.736;2.729;51.143
4.739;2.718;51.144
4.742;2.714;51.145
4.757;2.679;51.151
4.777;2.61;51.159
4.788;2.591;51.163
4.845;2.473;51.185
4.866;2.435;51.193
4.879;2.418;51.198
4.764;-0.271;51.156
4.756;-0.275;51.153
4.652;-0.286;51.112
4.625;2.941;51.101
4.644;2.919;51.108
4.646;2.91;51.109
4.685;2.858;51.124
4.706;2.807;51.132
4.746;2.708;51.148
4.754;2.698;51.151
4.76;2.661;51.154
4.765;2.656;51.156
4.768;2.649;51.157
4.776;2.631;51.16
4.797;2.571;51.168
4.804;2.54;51.171
4.877;2.426;51.199
4.793;-0.265;51.169
4.782;-0.266;51.164
4.773;-0.269;51.161
4.658;-0.287;51.116
4.642;-0.288;51.11
4.632;-0.289;51.106
4.623;-0.289;51.103
4.631;2.937;51.105
4.636;2.931;51.107
4.674;2.863;51.122
4.723;2.765;51.141
4.772;2.638;51.16
4.788;2.604;51.166
4.787;2.597;51.166
4.813;2.527;51.176
4.812;2.518;51.176
4.814;2.513;51.176
4.831;2.482;51.183
4.862;2.459;51.195
4.81;-0.26;51.177
4.802;-0.264;51.174
4.779;-0.269;51.165
4.671;-0.283;51.123
4.653;2.903;51.115
4.664;2.881;51.119
4.751;2.704;51.153
4.76;2.677;51.157
4.779;2.626;51.164
4.778;2.62;51.164
4.78;2.608;51.165
4.79;2.588;51.169
4.804;2.558;51.174
4.842;2.471;51.189
4.836;-0.249;51.189
4.817;-0.259;51.181
4.688;-0.28;51.131
4.679;-0.281;51.127
4.659;-0.283;51.12
4.65;-0.288;51.116
4.621;2.947;51.104
4.649;2.908;51.115
4.666;2.877;51.122
4.669;2.868;51.123
4.681;2.861;51.127
4.684;2.857;51.129
4.683;2.85;51.128
4.683;2.842;51.128
4.692;2.832;51.132
4.693;2.815;51.132
4.728;2.75;51.146
4.73;2.742;51.147
4.801;2.569;51.175
4.81;2.538;51.178
4.82;2.512;51.182
4.826;2.499;51.184
4.828;2.488;51.185
4.846;2.469;51.192
4.852;-0.239;51.196
4.845;-0.241;51.194
4.827;-0.253;51.187
4.705;-0.279;51.139
4.697;-0.28;51.136
4.627;2.944;51.108
4.647;2.926;51.116
4.649;2.918;51.116
4.681;2.847;51.129
4.689;2.839;51.132
4.719;2.772;51.144
4.739;2.713;51.152
4.767;2.668;51.163
4.808;2.548;51.179
4.819;2.527;51.183
4.829;2.508;51.187
4.821;2.494;51.184
4.819;2.49;51.183
4.837;2.477;51.19
4.855;2.457;51.197
4.855;2.448;51.197
4.855;-0.236;51.199
4.837;-0.246;51.192
4.735;-0.275;51.152
4.726;-0.279;51.149
4.715;-0.279;51.145
4.624;2.951;51.108
4.698;2.813;51.137
4.716;2.777;51.144
4.725;2.758;51.148
4.737;2.718;51.153
4.816;2.535;51.184
4.817;2.516;51.184
4.838;2.487;51.192
4.852;2.466;51.198
4.813;-0.258;51.185
4.749;-0.27;51.159
4.744;-0.274;51.157
4.73;-0.277;51.152
4.613;-0.29;51.106
4.606;-0.29;51.104
4.605;2.97;51.102
4.607;2.963;51.103
4.612;2.96;51.105
4.663;2.885;51.125
4.691;2.834;51.136
4.724;2.768;51.149
4.734;2.739;51.153
4.733;2.728;51.152
4.754;2.688;51.161
4.755;2.68;51.161
4.783;2.607;51.172
4.78;2.598;51.171
4.823;2.53;51.188
4.844;2.474;51.196
4.769;-0.27;51.169
4.649;-0.286;51.122
4.638;-0.286;51.118
4.631;2.932;51.114
4.709;2.795;51.145
4.708;2.792;51.145
4.731;2.747;51.153
4.74;2.699;51.157
4.75;2.696;51.161
4.766;2.667;51.167
4.763;2.657;51.166
4.772;2.631;51.17
4.781;2.619;51.173
4.82;2.524;51.189
4.818;2.517;51.188
4.832;2.494;51.193
4.796;-0.261;51.181
4.787;-0.263;51.177
4.778;-0.264;51.174
4.656;-0.284;51.126
4.629;-0.288;51.116
4.62;-0.289;51.112
4.6;2.978;51.103
4.607;2.966;51.106
4.62;2.958;51.111
4.63;2.939;51.115
4.64;2.931;51.119
4.644;2.918;51.121
4.637;2.91;51.118
4.651;2.9;51.123
4.727;2.754;51.153
4.738;2.727;51.158
4.758;2.677;51.166
4.763;2.67;51.168
4.766;2.647;51.169
4.777;2.627;51.173
4.79;2.589;51.178
4.799;2.567;51.182
4.8;2.558;51.182
4.81;2.542;51.186
4.817;-0.255;51.191
4.807;-0.256;51.187
4.805;-0.259;51.186
4.727;-0.279;51.156
4.637;-0.287;51.12
4.626;2.955;51.115
4.627;2.947;51.115
4.644;2.927;51.122
4.633;2.911;51.118
4.665;2.869;51.131
4.696;2.817;51.143
4.698;2.813;51.144
4.706;2.792;51.147
4.762;2.649;51.169
4.786;2.608;51.178
4.796;2.577;51.182
4.807;2.548;51.186
4.824;2.499;51.193
4.835;2.497;51.197
4.838;2.491;51.199
4.83;-0.244;51.198
4.827;-0.246;51.196
4.822;-0.249;51.195
4.775;-0.268;51.176
4.721;-0.279;51.155
4.704;-0.28;51.148
4.682;-0.282;51.14
4.673;-0.283;51.136
4.664;-0.284;51.132
4.646;-0.288;51.125
4.637;2.92;51.121
4.646;2.907;51.124
4.657;2.891;51.129
4.665;2.888;51.132
4.666;2.878;51.132
4.678;2.849;51.137
4.707;2.799;51.149
4.752;2.657;51.167
4.786;2.617;51.18
4.795;2.586;51.183
4.814;2.537;51.191
4.82;2.534;51.193
4.823;2.528;51.194
4.826;2.518;51.196
4.826;2.508;51.196
4.71;-0.28;51.152
4.653;-0.287;51.13
4.669;2.873;51.135
4.671;2.866;51.136
4.678;2.843;51.139
4.684;2.838;51.141
4.689;2.835;51.143
4.692;2.828;51.144
4.722;2.76;51.156
4.751;2.657;51.168
4.759;2.653;51.171
4.792;2.607;51.184
4.81;2.544;51.191
4.728;-0.275;51.161
4.692;-0.28;51.147
4.701;2.808;51.15
4.71;2.788;51.153
4.714;2.779;51.155
4.714;2.772;51.155
4.741;2.71;51.165
4.761;2.668;51.173
4.757;2.658;51.172
4.767;2.641;51.176
4.79;2.602;51.185
4.787;2.596;51.183
4.787;2.59;51.183
4.813;2.556;51.194
4.772;-0.268;51.18
4.757;-0.269;51.174
4.746;-0.27;51.169
4.738;-0.271;51.166
4.645;-0.287;51.13
4.617;-0.289;51.119
4.607;-0.288;51.115
4.58;3.008;51.103
4.587;2.998;51.106
4.589;2.989;51.107
4.602;2.973;51.112
4.608;2.962;51.114
4.63;2.932;51.123
4.718;2.767;51.158
4.732;2.74;51.163
4.738;2.737;51.166
4.775;2.639;51.18
4.79;-0.258;51.188
4.712;-0.276;51.157
4.655;-0.288;51.135
4.633;-0.287;51.127
4.592;2.982;51.11
4.599;2.978;51.112
4.607;2.968;51.115
4.624;2.949;51.122
4.638;2.922;51.128
4.724;2.757;51.162
4.743;2.734;51.169
4.745;2.706;51.17
4.749;2.699;51.172
4.758;2.687;51.175
4.757;2.678;51.175
4.765;2.657;51.178
4.767;2.648;51.179
4.775;2.627;51.182
4.778;2.621;51.183
4.784;2.616;51.185
4.795;2.578;51.19
4.804;-0.258;51.195
4.783;-0.262;51.187
4.775;-0.266;51.184
4.766;-0.269;51.18
4.705;-0.278;51.156
4.658;-0.288;51.138
4.624;-0.289;51.124
4.576;3.025;51.105
4.582;3.002;51.107
4.615;2.958;51.12
4.625;2.939;51.124
4.636;2.928;51.128
4.666;2.873;51.14
4.743;2.73;51.171
4.753;2.695;51.175
4.762;2.667;51.178
4.794;2.599;51.191
4.793;2.586;51.191
4.813;2.541;51.198
4.79;-0.257;51.192
4.663;-0.286;51.141
4.639;2.917;51.131
4.643;2.91;51.133
4.653;2.889;51.137
4.664;2.879;51.141
4.674;2.85;51.145
4.695;2.825;51.154
4.731;2.75;51.168
4.741;2.713;51.172
4.761;2.674;51.18
4.779;2.643;51.187
4.79;2.608;51.191
4.802;2.568;51.196
4.803;2.56;51.196
4.808;2.555;51.198
4.81;2.548;51.199
4.708;-0.276;51.161
4.679;-0.283;51.149
4.67;-0.284;51.146
4.65;-0.286;51.138
4.633;-0.286;51.131
4.562;3.038;51.102
4.571;3.016;51.106
4.616;2.948;51.124
4.63;2.935;51.129
4.65;2.905;51.137
4.662;2.887;51.142
4.67;2.867;51.145
4.702;2.803;51.158
4.71;2.788;51.161
4.721;2.762;51.165
4.729;2.741;51.168
4.771;2.643;51.185
4.799;2.597;51.196
4.8;2.576;51.197
4.807;2.573;51.199
4.805;2.571;51.199
4.761;-0.268;51.183
4.753;-0.268;51.18
4.698;-0.276;51.158
4.69;-0.281;51.155
4.608;-0.289;51.123
4.56;3.029;51.103
4.58;3.002;51.111
4.589;2.991;51.114
4.61;2.974;51.123
4.61;2.971;51.123
4.638;2.926;51.134
4.666;2.875;51.145
4.678;2.838;51.15
4.681;2.831;51.151
4.699;2.808;51.158
4.709;2.778;51.162
4.709;2.771;51.162
4.73;2.746;51.17
4.738;2.716;51.174
4.747;2.701;51.177
4.764;2.665;51.184
4.765;2.659;51.185
4.778;2.627;51.19
4.8;2.587;51.198
4.717;-0.275;51.167
4.694;-0.279;51.158
4.621;-0.287;51.129
4.611;-0.288;51.125
4.548;3.05;51.1
4.584;2.998;51.114
4.674;2.854;51.15
4.706;2.798;51.162
4.716;2.768;51.166
4.726;2.758;51.171
4.743;2.708;51.177
4.756;2.687;51.182
4.756;2.681;51.182
4.766;2.649;51.186
4.742;-0.269;51.179
4.734;-0.274;51.176
4.723;-0.274;51.171
4.555;3.046;51.104
4.562;3.045;51.107
4.572;3.025;51.111
4.576;3.009;51.112
4.595;2.979;51.12
4.615;2.951;51.128
4.623;2.94;51.131
4.645;2.912;51.14
4.645;2.885;51.14
4.689;2.82;51.157
4.722;2.765;51.171
4.734;2.738;51.175
4.782;2.621;51.195
4.788;-0.257;51.199
4.77;-0.263;51.192
4.761;-0.265;51.188
4.635;-0.288;51.138
4.631;-0.288;51.136
4.566;3.028;51.11
4.592;2.989;51.12
4.612;2.958;51.128
4.711;2.788;51.168
4.73;2.754;51.175
4.736;2.73;51.178
4.752;2.697;51.184
4.76;2.678;51.187
4.769;2.668;51.191
4.778;-0.261;51.197
4.658;-0.285;51.149
4.644;-0.287;51.143
4.619;-0.286;51.133
4.613;-0.286;51.131
4.541;3.054;51.102
4.61;2.968;51.129
4.62;2.948;51.133
4.652;2.899;51.146
4.689;2.822;51.161
4.713;2.777;51.17
4.746;2.723;51.183
4.749;2.718;51.184
4.75;2.707;51.185
4.767;2.658;51.191
4.769;2.647;51.192
4.772;2.638;51.194
4.666;-0.284;51.153
4.647;-0.285;51.146
4.629;-0.285;51.139
4.591;2.997;51.123
4.605;2.97;51.128
4.632;2.93;51.139
4.638;2.918;51.142
4.649;2.908;51.146
4.66;2.881;51.151
4.67;2.86;51.155
4.756;2.687;51.189
4.767;2.675;51.193
4.683;-0.28;51.162
4.638;-0.286;51.144
4.598;2.985;51.127
4.645;2.916;51.146
4.657;2.888;51.151
4.668;2.867;51.155
4.677;2.849;51.159
4.677;2.84;51.159
4.685;2.83;51.162
4.696;2.809;51.166
4.703;-0.275;51.171
4.526;3.079;51.1
4.537;3.061;51.105
4.558;3.032;51.113
4.578;3.003;51.121
4.614;2.966;51.135
4.614;2.957;51.135
4.626;2.945;51.14
4.651;2.896;51.15
4.665;2.877;51.155
4.671;2.857;51.158
4.693;2.818;51.167
4.704;2.799;51.171
4.721;2.767;51.178
4.732;2.731;51.182
4.753;2.692;51.191
4.748;-0.264;51.191
4.729;-0.272;51.183
4.719;-0.273;51.18
4.698;-0.278;51.171
4.692;-0.279;51.169
4.534;3.068;51.105
4.546;3.052;51.11
4.552;3.046;51.112
4.556;3.04;51.113
4.57;3.018;51.119
4.575;3.009;51.121
4.595;2.994;51.129
4.632;2.937;51.144
4.691;2.827;51.167
4.699;2.804;51.171
4.71;2.788;51.175
4.715;2.772;51.177
4.768;2.638;51.199
4.738;-0.269;51.188
4.53;3.075;51.105
4.562;3.028;51.117
4.602;2.971;51.134
4.679;2.847;51.164
4.707;2.795;51.175
4.729;2.748;51.184
4.729;2.738;51.184
4.736;2.726;51.187
4.739;2.719;51.188
4.744;2.714;51.19
4.748;2.707;51.192
4.75;2.698;51.193
4.755;-0.262;51.197
4.745;-0.268;51.193
4.633;-0.288;51.148
4.619;-0.287;51.143
4.557;3.037;51.117
4.564;3.022;51.12
4.586;3.004;51.129
4.589;2.998;51.13
4.597;2.988;51.133
4.6;2.978;51.134
4.657;2.887;51.157
4.677;2.843;51.165
4.724;2.768;51.184
4.723;2.752;51.184
4.756;2.688;51.197
4.759;2.679;51.198
4.547;3.056;51.115
4.612;2.966;51.141
4.611;2.963;51.14
4.614;2.957;51.142
4.618;2.949;51.143
4.624;2.945;51.146
4.629;2.932;51.147
4.649;2.902;51.155
4.652;2.897;51.157
4.663;2.868;51.161
4.734;2.734;51.19
4.752;2.693;51.197
4.654;-0.285;51.16
4.633;-0.287;51.151
4.625;-0.288;51.148
4.535;3.063;51.111
4.554;3.042;51.119
4.578;3.017;51.129
4.59;2.991;51.133
4.608;2.968;51.14
4.629;2.938;51.149
4.635;2.927;51.151
4.636;2.921;51.152
4.644;2.917;51.155
4.646;2.908;51.156
4.663;2.879;51.162
4.666;2.859;51.164
4.722;2.759;51.186
4.699;-0.274;51.179
4.689;-0.279;51.175
4.68;-0.28;51.172
4.662;-0.282;51.164
4.642;-0.286;51.157
4.609;-0.287;51.143
4.514;3.088;51.105
4.517;3.083;51.105
4.534;3.069;51.112
4.563;3.022;51.124
4.671;2.851;51.168
4.684;2.831;51.173
4.693;2.812;51.176
4.71;2.779;51.183
4.738;2.721;51.195
4.745;-0.268;51.199
4.687;-0.273;51.176
4.669;-0.281;51.169
4.608;-0.287;51.144
4.509;3.105;51.104
4.512;3.098;51.105
4.522;3.079;51.109
4.531;3.078;51.113
4.552;3.049;51.121
4.66;2.895;51.164
4.658;2.887;51.164
4.67;2.869;51.168
4.677;2.846;51.171
4.682;2.838;51.173
4.692;2.819;51.177
4.698;2.806;51.18
4.701;2.801;51.181
4.733;-0.269;51.196
4.725;-0.271;51.193
4.716;-0.272;51.189
4.706;-0.275;51.185
4.608;-0.287;51.146
4.499;3.116;51.101
4.539;3.062;51.118
4.56;3.03;51.126
4.567;3.021;51.129
4.619;2.955;51.149
4.638;2.929;51.157
4.727;2.748;51.193
4.729;2.741;51.194
4.736;2.729;51.197
4.622;-0.288;51.153
4.537;3.078;51.118
4.548;3.059;51.123
4.557;3.038;51.126
4.581;3.018;51.136
4.589;2.991;51.139
4.606;2.971;51.146
4.626;2.94;51.154
4.627;2.932;51.154
4.646;2.902;51.162
4.701;2.792;51.184
4.716;2.776;51.19
4.719;2.771;51.191
4.722;2.767;51.193
4.722;2.757;51.193
4.73;2.736;51.196
4.733;-0.266;51.199
4.638;-0.281;51.161
4.613;-0.287;51.151
4.517;3.096;51.112
4.585;2.997;51.139
4.595;2.98;51.143
4.622;2.948;51.154
4.635;2.921;51.159
4.644;2.911;51.163
4.664;2.897;51.171
4.672;2.851;51.174
4.631;-0.284;51.16
4.522;3.083;51.115
4.582;3.005;51.139
4.602;2.976;51.147
4.612;2.966;51.151
4.616;2.958;51.153
4.614;2.951;51.152
4.632;2.932;51.16
4.728;2.746;51.199
4.676;-0.276;51.18
4.666;-0.277;51.176
4.621;-0.285;51.158
4.612;-0.288;51.154
4.481;3.131;51.1
4.491;3.13;51.104
4.552;3.054;51.129
4.563;3.049;51.133
4.574;3.024;51.137
4.637;2.928;51.163
4.649;2.899;51.168
4.659;2.88;51.172
4.666;2.857;51.175
4.69;2.82;51.184
4.697;2.8;51.187
4.686;-0.276;51.185
4.664;-0.279;51.176
4.647;-0.28;51.169
4.481;3.138;51.101
4.499;3.118;51.109
4.501;3.109;51.11
4.51;3.102;51.114
4.519;3.102;51.117
4.54;3.062;51.125
4.558;3.052;51.133
4.559;3.033;51.133
4.609;2.974;51.154
4.626;2.945;51.16
4.627;2.937;51.161
4.646;2.907;51.168
4.658;2.897;51.173
4.655;2.888;51.172
4.667;2.868;51.177
4.67;2.842;51.178
4.697;2.807;51.189
4.712;-0.274;51.197
4.705;-0.274;51.194
4.692;-0.274;51.189
4.481;3.149;51.103
4.528;3.081;51.122
4.577;3.012;51.142
4.594;2.983;51.149
4.665;2.876;51.178
4.676;2.839;51.182
4.685;2.835;51.186
4.687;2.828;51.187
4.704;2.788;51.193
4.719;2.767;51.199
4.672;-0.279;51.183
4.488;3.137;51.107
4.505;3.105;51.115
4.526;3.099;51.123
4.534;3.077;51.126
4.538;3.068;51.128
4.544;3.058;51.13
4.557;3.039;51.135
4.611;2.95;51.157
4.644;2.915;51.171
4.672;2.864;51.182
4.671;2.857;51.182
4.689;2.833;51.189
4.692;2.816;51.19
4.715;2.78;51.199
4.616;-0.285;51.162
4.613;-0.287;51.16
4.611;-0.289;51.159
4.485;3.147;51.108
4.496;3.136;51.112
4.57;3.023;51.142
4.573;3.02;51.144
4.583;2.99;51.147
4.599;2.98;51.154
4.64;2.921;51.17
4.688;2.829;51.19
4.627;-0.286;51.168
4.523;3.088;51.125
4.542;3.066;51.132
4.552;3.056;51.137
4.56;3.055;51.14
4.56;3.049;51.14
4.56;3.036;51.14
4.564;3.03;51.141
4.576;3.015;51.146
4.58;3.008;51.148
4.581;2.998;51.148
4.597;2.984;51.155
4.611;2.959;51.16
4.629;2.94;51.168
4.698;2.815;51.196
4.697;2.807;51.195
4.662;-0.281;51.183
4.635;-0.285;51.172
4.461;3.169;51.101
4.483;3.154;51.11
4.59;2.987;51.153
4.607;2.978;51.16
4.609;2.968;51.161
4.647;2.9;51.177
4.658;2.888;51.181
4.657;2.881;51.181
4.644;-0.284;51.178
4.616;-0.289;51.166
4.468;3.159;51.105
4.477;3.155;51.109
4.488;3.14;51.114
4.507;3.103;51.121
4.547;3.064;51.137
4.613;2.957;51.164
4.625;2.946;51.169
4.636;2.932;51.173
4.642;2.926;51.176
4.645;2.917;51.177
4.645;2.908;51.177
4.662;2.869;51.184
4.671;-0.276;51.19
4.654;-0.282;51.183
4.624;-0.288;51.171
4.454;3.196;51.101
4.457;3.176;51.102
4.465;3.166;51.106
4.486;3.149;51.114
4.499;3.12;51.119
4.504;3.109;51.122
4.536;3.071;51.135
4.563;3.03;51.146
4.653;2.897;51.182
4.672;2.847;51.19
4.675;2.842;51.191
4.682;-0.274;51.196
4.446;3.205;51.1
4.468;3.152;51.109
4.495;3.137;51.119
4.525;3.09;51.132
4.57;3.019;51.15
4.581;2.996;51.154
4.67;2.867;51.191
4.683;2.831;51.196
4.688;2.827;51.198
4.691;2.82;51.199
4.501;3.117;51.123
4.513;3.101;51.128
4.524;3.099;51.133
4.533;3.078;51.136
4.561;3.039;51.148
4.581;3.008;51.156
4.629;2.944;51.175
4.648;2.904;51.183
4.657;2.894;51.187
4.446;3.206;51.102
4.491;3.145;51.121
4.51;3.108;51.129
4.531;3.087;51.137
4.542;3.059;51.142
4.549;3.056;51.144
4.553;3.051;51.146
4.555;3.047;51.147
4.565;3.028;51.151
4.587;2.99;51.16
4.622;-0.282;51.177
4.45;3.181;51.105
4.46;3.17;51.11
4.507;3.114;51.129
4.576;3.017;51.157
4.599;2.977;51.166
4.613;2.958;51.172
4.614;2.951;51.173
4.645;2.908;51.185
4.659;-0.28;51.193
4.649;-0.282;51.189
4.631;-0.282;51.182
4.613;-0.285;51.174
4.612;-0.289;51.174
4.467;3.16;51.114
4.474;3.15;51.117
4.563;3.036;51.153
4.578;3.027;51.159
4.583;2.998;51.161
4.595;2.987;51.166
4.623;2.947;51.178
4.625;2.942;51.179
4.632;2.93;51.182
4.651;2.898;51.189
4.668;-0.276;51.199
4.662;-0.277;51.196
4.502;3.121;51.13
4.511;3.102;51.133
4.581;3.015;51.162
4.61;2.963;51.174
4.629;2.938;51.182
4.643;2.919;51.188
4.651;2.889;51.191
4.661;2.878;51.195
4.639;-0.28;51.188
4.439;3.2;51.105
4.454;3.179;51.112
4.461;3.175;51.114
4.463;3.169;51.115
4.49;3.136;51.126
4.519;3.1;51.138
4.53;3.077;51.143
4.589;2.993;51.167
4.6;2.985;51.171
4.648;2.907;51.191
4.658;2.885;51.195
4.666;2.868;51.199
4.452;3.186;51.112
4.471;3.159;51.12
4.479;3.156;51.123
4.482;3.147;51.125
4.484;3.14;51.126
4.492;3.131;51.129
4.499;3.127;51.132
4.51;3.109;51.136
4.532;3.073;51.145
4.539;3.07;51.148
4.539;3.06;51.148
4.55;3.053;51.153
4.619;2.954;51.181
4.663;2.875;51.199
4.431;3.214;51.105
4.469;3.166;51.121
4.507;3.117;51.136
4.528;3.092;51.145
4.556;3.048;51.156
4.565;3.039;51.16
4.586;3.004;51.169
4.595;2.989;51.173
4.637;2.935;51.19
4.653;2.906;51.196
4.654;2.898;51.197
4.545;3.056;51.154
4.567;3.031;51.162
4.575;3.021;51.166
4.618;2.952;51.184
4.632;-0.277;51.191
4.628;-0.283;51.19
4.611;-0.288;51.183
4.446;3.193;51.114
4.503;3.124;51.138
4.534;3.077;51.15
4.581;3.016;51.17
4.611;2.958;51.182
4.636;-0.277;51.195
4.618;-0.285;51.188
4.416;3.23;51.103
4.454;3.181;51.119
4.552;3.055;51.159
4.57;3.038;51.167
4.588;3.009;51.174
4.599;2.987;51.179
4.601;2.97;51.18
4.607;2.966;51.182
4.403;3.258;51.1
4.413;3.248;51.104
4.416;3.239;51.105
4.424;3.228;51.108
4.425;3.219;51.109
4.452;3.189;51.12
4.47;3.161;51.127
4.481;3.14;51.132
4.491;3.13;51.136
4.52;3.102;51.148
4.558;3.053;51.163
4.577;3.027;51.171
4.618;2.956;51.188
4.623;2.955;51.19
4.624;2.947;51.191
4.626;2.939;51.192
4.636;2.937;51.195
4.638;2.928;51.196
4.642;2.917;51.198
4.634;-0.281;51.197
4.433;3.213;51.114
4.442;3.199;51.117
4.46;3.178;51.125
4.463;3.173;51.126
4.467;3.168;51.127
4.479;3.148;51.132
4.537;3.071;51.156
4.569;3.046;51.169
4.575;3.044;51.172
4.576;3.039;51.172
4.595;2.993;51.18
4.603;2.986;51.184
4.616;2.967;51.189
4.622;2.966;51.191
4.639;2.917;51.199
4.418;3.249;51.109
4.475;3.158;51.132
4.484;3.137;51.136
4.496;3.129;51.141
4.513;3.107;51.148
4.525;3.093;51.153
4.405;3.251;51.105
4.448;3.196;51.123
4.454;3.184;51.125
4.493;3.136;51.141
4.523;3.098;51.154
4.535;3.079;51.159
4.558;3.055;51.168
4.58;3.011;51.177
4.395;3.282;51.102
4.425;3.222;51.115
4.484;3.148;51.139
4.503;3.127;51.147
4.508;3.113;51.149
4.531;3.088;51.158
4.551;3.059;51.167
4.574;3.037;51.176
4.59;3.0;51.183
4.599;2.988;51.187
4.6;2.971;51.187
4.421;3.23;51.114
4.452;3.189;51.127
4.473;3.164;51.136
4.499;3.134;51.147
4.519;3.107;51.155
4.537;3.076;51.163
4.561;3.05;51.172
4.577;3.028;51.179
4.577;3.017;51.179
4.586;3.007;51.183
4.62;2.964;51.197
4.62;2.957;51.197
4.613;-0.286;51.196
4.398;3.268;51.106
4.4;3.259;51.108
4.43;3.211;51.12
4.441;3.2;51.124
4.458;3.18;51.132
4.467;3.169;51.135
4.488;3.142;51.144
4.535;3.086;51.163
4.541;3.059;51.166
4.617;2.951;51.197
4.619;2.947;51.198
4.4;3.286;51.109
4.398;3.278;51.108
4.412;3.25;51.114
4.418;3.238;51.116
4.428;3.228;51.12
4.429;3.219;51.121
4.437;3.208;51.124
4.457;3.171;51.133
4.487;3.15;51.145
4.571;3.04;51.18
4.599;2.987;51.191
4.605;2.969;51.194
4.615;2.958;51.198
4.379;3.309;51.102
4.407;3.257;51.113
4.456;3.188;51.133
4.475;3.159;51.141
4.569;3.031;51.18
4.585;3.016;51.187
4.589;3.014;51.189
4.378;3.315;51.103
4.425;3.234;51.122
4.451;3.194;51.133
4.463;3.178;51.138
4.473;3.168;51.142
4.493;3.137;51.15
4.495;3.132;51.151
4.522;3.097;51.162
4.541;3.069;51.17
4.541;3.06;51.17
4.578;3.021;51.185
4.59;3.006;51.191
4.607;2.962;51.198
4.373;3.293;51.102
4.482;3.158;51.147
4.489;3.148;51.15
4.498;3.127;51.154
4.503;3.12;51.156
4.524;3.114;51.165
4.531;3.092;51.168
4.537;3.079;51.17
4.548;3.059;51.175
4.373;3.296;51.104
4.43;3.223;51.127
4.441;3.205;51.132
4.458;3.186;51.139
4.487;3.156;51.151
4.519;3.115;51.164
4.526;3.108;51.167
4.535;3.088;51.171
4.558;3.048;51.18
4.56;3.046;51.181
4.587;3.016;51.193
4.36;3.32;51.1
4.38;3.292;51.108
4.417;3.242;51.123
4.476;3.163;51.148
4.543;3.068;51.176
4.553;3.057;51.18
4.562;3.038;51.183
4.565;3.031;51.185
4.573;3.029;51.188
4.584;3.011;51.193
4.378;3.318;51.109
4.382;3.308;51.11
4.377;3.299;51.108
4.388;3.29;51.113
4.398;3.278;51.117
4.395;3.267;51.116
4.397;3.26;51.116
4.428;3.23;51.129
4.457;3.183;51.141
4.542;3.076;51.177
4.557;3.04;51.183
4.584;3.018;51.194
4.59;3.006;51.197
4.594;2.997;51.199
4.594;2.989;51.199
4.354;3.321;51.1
4.396;3.289;51.117
4.405;3.257;51.121
4.426;3.239;51.13
4.441;3.207;51.136
4.449;3.196;51.14
4.561;3.054;51.186
4.42;3.244;51.129
4.431;3.218;51.134
4.433;3.211;51.135
4.451;3.188;51.142
4.459;3.179;51.145
4.478;3.159;51.153
4.5;3.12;51.162
4.551;3.06;51.184
4.352;3.321;51.102
4.411;3.245;51.127
4.429;3.227;51.134
4.443;3.201;51.14
4.467;3.175;51.15
4.468;3.168;51.151
4.476;3.165;51.154
4.49;3.138;51.16
4.497;3.13;51.163
4.528;3.092;51.176
4.537;3.08;51.18
4.556;3.05;51.187
4.343;3.342;51.1
4.409;3.256;51.127
4.435;3.203;51.138
4.456;3.185;51.147
4.505;3.118;51.168
4.536;3.088;51.181
4.562;3.032;51.191
4.374;3.316;51.114
4.373;3.307;51.114
4.37;3.303;51.113
4.391;3.287;51.122
4.505;3.127;51.169
4.511;3.114;51.172
4.515;3.111;51.174
4.523;3.107;51.177
4.543;3.068;51.185
4.57;3.031;51.196
4.339;3.349;51.101
4.347;3.338;51.104
4.358;3.32;51.109
4.484;3.164;51.162
4.532;3.097;51.182
4.541;3.077;51.186
4.536;3.064;51.184
4.537;3.062;51.184
4.557;3.038;51.193
4.343;3.345;51.104
4.356;3.33;51.11
4.375;3.298;51.118
4.377;3.291;51.119
4.395;3.268;51.126
4.49;3.163;51.166
4.537;3.086;51.185
4.56;3.065;51.195
4.563;3.064;51.197
4.567;3.035;51.198
4.35;3.333;51.109
4.367;3.308;51.116
4.382;3.288;51.122
4.386;3.28;51.124
4.392;3.276;51.126
4.408;3.256;51.133
4.411;3.248;51.134
4.441;3.2;51.147
4.53;3.062;51.184
4.565;3.055;51.199
4.565;3.052;51.199
4.402;3.26;51.132
4.422;3.23;51.141
4.427;3.219;51.143
4.466;3.168;51.159
4.487;3.151;51.168
4.531;3.064;51.186
4.531;3.061;51.186
4.539;3.062;51.19
4.438;3.207;51.149
4.453;3.185;51.155
4.463;3.178;51.159
4.514;3.112;51.181
4.541;3.079;51.192
4.348;3.331;51.112
4.403;3.251;51.135
4.427;3.212;51.146
4.457;3.181;51.158
4.482;3.165;51.169
4.489;3.164;51.171
4.485;3.156;51.17
4.489;3.146;51.172
4.493;3.138;51.173
4.499;3.134;51.176
4.503;3.12;51.177
4.511;3.118;51.181
4.487;3.159;51.172
4.519;3.108;51.186
4.526;3.103;51.189
4.529;3.099;51.19
4.54;3.087;51.195
4.315;3.388;51.101
4.318;3.379;51.103
4.324;3.367;51.105
4.329;3.362;51.107
4.332;3.358;51.108
4.342;3.348;51.113
4.347;3.34;51.115
4.355;3.32;51.118
4.374;3.3;51.126
4.374;3.291;51.126
4.42;3.212;51.146
4.424;3.211;51.147
4.535;3.094;51.194
4.311;3.395;51.101
4.337;3.351;51.112
4.355;3.33;51.12
4.369;3.307;51.125
4.4;3.252;51.139
4.438;3.201;51.155
4.447;3.19;51.159
4.513;3.116;51.186
4.35;3.336;51.119
4.36;3.315;51.123
4.365;3.313;51.125
4.38;3.289;51.132
4.384;3.284;51.133
4.388;3.278;51.135
4.397;3.268;51.139
4.398;3.258;51.139
4.415;3.239;51.147
4.419;3.229;51.148
4.417;3.218;51.147
4.453;3.181;51.163
4.501;3.122;51.183
4.508;3.121;51.186
4.54;3.084;51.199
4.374;3.298;51.131
4.407;3.248;51.145
4.436;3.209;51.157
4.49;3.14;51.18
4.337;3.354;51.116
4.393;3.275;51.14
4.412;3.243;51.148
4.424;3.218;51.153
4.44;3.197;51.16
4.452;3.188;51.165
4.47;3.168;51.173
4.48;3.15;51.177
4.306;3.401;51.105
4.381;3.281;51.137
4.401;3.255;51.145
4.421;3.228;51.153
4.431;3.214;51.158
4.448;3.194;51.165
4.476;3.164;51.177
4.486;3.146;51.181
4.499;3.128;51.187
4.516;3.11;51.194
4.525;3.099;51.198
4.295;3.421;51.102
4.37;3.301;51.133
4.436;3.206;51.161
4.455;3.184;51.169
4.462;3.17;51.172
4.514;3.125;51.194
4.289;3.434;51.1
4.298;3.417;51.104
4.302;3.41;51.106
4.312;3.389;51.11
4.316;3.384;51.112
4.323;3.369;51.115
4.341;3.341;51.123
4.361;3.311;51.131
4.379;3.289;51.139
4.417;3.235;51.155
4.493;3.145;51.187
4.504;3.126;51.192
4.52;3.106;51.198
4.318;3.378;51.114
4.326;3.366;51.118
4.33;3.36;51.12
4.335;3.356;51.122
4.34;3.348;51.124
4.347;3.337;51.127
4.351;3.329;51.128
4.351;3.322;51.128
4.358;3.321;51.131
4.424;3.22;51.159
4.434;3.213;51.163
4.442;3.2;51.167
4.483;3.156;51.184
4.5;3.139;51.192
4.307;3.405;51.111
4.361;3.317;51.134
4.366;3.31;51.136
4.423;3.229;51.161
4.439;3.208;51.167
4.487;3.152;51.187
4.495;3.148;51.191
4.297;3.425;51.108
4.295;3.4;51.108
4.314;3.382;51.116
4.372;3.305;51.14
4.374;3.297;51.141
4.393;3.268;51.149
4.402;3.248;51.153
4.451;3.192;51.174
4.454;3.187;51.175
4.458;3.177;51.177
4.459;3.17;51.177
4.294;3.398;51.108
4.386;3.271;51.148
4.396;3.261;51.152
4.4;3.258;51.153
4.42;3.245;51.162
4.446;3.198;51.173
4.321;3.372;51.121
4.424;3.227;51.165
4.427;3.216;51.167
4.438;3.217;51.171
4.445;3.207;51.174
4.464;3.169;51.182
4.474;3.166;51.187
4.476;3.161;51.188
4.483;3.158;51.191
4.496;3.139;51.196
4.296;3.426;51.112
4.297;3.401;51.113
4.312;3.382;51.119
4.447;3.216;51.177
4.465;3.188;51.184
4.491;3.157;51.196
4.499;3.147;51.199
4.5;3.128;51.199
4.269;3.466;51.102
4.278;3.456;51.106
4.28;3.448;51.107
4.281;3.44;51.108
4.31;3.389;51.12
4.327;3.359;51.127
4.337;3.332;51.131
4.423;3.241;51.168
4.45;3.214;51.18
4.452;3.212;51.18
4.462;3.178;51.185
4.272;3.46;51.105
4.287;3.437;51.112
4.289;3.429;51.112
4.296;3.418;51.115
4.307;3.398;51.12
4.316;3.378;51.124
4.323;3.368;51.127
4.339;3.345;51.134
4.339;3.337;51.134
4.384;3.27;51.153
4.45;3.214;51.181
4.291;3.423;51.115
4.302;3.413;51.119
4.331;3.356;51.131
4.335;3.348;51.134
4.345;3.332;51.138
4.352;3.329;51.141
4.359;3.317;51.144
4.364;3.31;51.146
4.367;3.305;51.147
4.37;3.298;51.148
4.315;3.386;51.126
4.321;3.375;51.129
4.339;3.338;51.137
4.376;3.295;51.152
4.381;3.29;51.155
4.388;3.266;51.157
4.393;3.259;51.16
4.394;3.257;51.16
4.399;3.251;51.162
4.416;3.245;51.169
4.449;3.211;51.183
4.364;3.303;51.149
4.391;3.252;51.16
4.407;3.248;51.167
4.414;3.231;51.17
4.425;3.226;51.175
4.434;3.217;51.179
4.445;3.198;51.183
4.447;3.193;51.184
4.328;3.369;51.135
4.355;3.312;51.146
4.444;3.208;51.184
4.46;3.176;51.191
4.472;3.167;51.197
4.473;3.161;51.197
4.261;3.471;51.108
4.326;3.362;51.135
4.335;3.342;51.139
4.426;3.22;51.178
4.452;3.191;51.189
4.462;3.172;51.194
4.24;3.499;51.1
4.249;3.489;51.104
4.253;3.483;51.105
4.257;3.478;51.107
4.265;3.466;51.111
4.268;3.459;51.112
4.287;3.429;51.12
4.307;3.393;51.129
4.334;3.351;51.141
4.343;3.33;51.144
4.349;3.317;51.147
4.364;3.305;51.153
4.381;3.28;51.161
4.277;3.442;51.118
4.283;3.436;51.12
4.287;3.42;51.121
4.295;3.41;51.125
4.312;3.392;51.133
4.325;3.37;51.138
4.339;3.338;51.144
4.351;3.311;51.149
4.379;3.289;51.161
4.445;3.201;51.189
4.299;3.406;51.128
4.328;3.357;51.141
4.347;3.328;51.149
4.394;3.256;51.169
4.405;3.248;51.174
4.407;3.23;51.175
4.424;3.218;51.182
4.269;3.451;51.117
4.289;3.427;51.125
4.318;3.386;51.138
4.326;3.367;51.141
4.336;3.347;51.146
4.358;3.325;51.155
4.359;3.3;51.156
4.366;3.298;51.159
4.376;3.296;51.163
4.382;3.288;51.165
4.381;3.278;51.165
4.385;3.268;51.167
4.437;3.213;51.189
4.343;3.337;51.15
4.357;3.316;51.156
4.386;3.26;51.169
4.41;3.227;51.179
4.42;3.225;51.183
4.43;3.217;51.188
4.44;3.208;51.192
4.258;3.471;51.115
4.289;3.434;51.129
4.296;3.402;51.131
4.324;3.38;51.143
4.361;3.325;51.159
4.36;3.321;51.159
4.402;3.258;51.177
4.433;3.211;51.19
4.445;3.204;51.196
4.449;3.199;51.197
4.451;3.192;51.198
4.454;3.186;51.199
4.221;3.532;51.101
4.23;3.512;51.104
4.294;3.409;51.132
4.304;3.393;51.136
4.373;3.268;51.166
4.406;3.246;51.18
4.404;3.239;51.18
4.218;3.539;51.101
4.223;3.536;51.103
4.226;3.528;51.104
4.228;3.519;51.105
4.233;3.507;51.107
4.237;3.499;51.109
4.251;3.484;51.115
4.271;3.447;51.123
4.289;3.428;51.131
4.358;3.302;51.161
4.396;3.263;51.178
4.406;3.254;51.182
4.423;3.223;51.189
4.243;3.489;51.113
4.253;3.479;51.117
4.261;3.469;51.121
4.263;3.458;51.122
4.265;3.451;51.122
4.274;3.439;51.126
4.29;3.419;51.133
4.299;3.398;51.137
4.323;3.366;51.147
4.36;3.325;51.163
4.377;3.293;51.171
4.378;3.288;51.171
4.376;3.275;51.17
4.366;3.266;51.166
4.404;3.238;51.182
4.419;3.23;51.189
4.258;3.474;51.121
4.283;3.43;51.132
4.305;3.393;51.141
4.307;3.39;51.142
4.317;3.386;51.146
4.318;3.378;51.147
4.319;3.369;51.147
4.33;3.352;51.152
4.335;3.348;51.154
4.343;3.337;51.158
4.345;3.328;51.159
4.359;3.32;51.165
4.381;3.267;51.174
4.404;3.263;51.184
4.41;3.232;51.186
4.295;3.415;51.138
4.295;3.408;51.138
4.354;3.308;51.164
4.363;3.301;51.168
4.37;3.296;51.171
4.43;3.219;51.197
4.338;3.342;51.158
4.359;3.303;51.167
4.374;3.288;51.174
4.378;3.278;51.176
4.399;3.263;51.185
4.406;3.237;51.188
4.426;3.227;51.196
4.206;3.548;51.103
4.206;3.54;51.103
4.273;3.442;51.132
4.389;3.267;51.182
4.405;3.247;51.189
4.417;3.236;51.194
4.262;3.451;51.128
4.327;3.353;51.157
4.422;3.234;51.198
4.205;3.559;51.105
4.215;3.529;51.109
4.227;3.518;51.115
4.232;3.509;51.117
4.238;3.497;51.119
4.242;3.489;51.121
4.259;3.459;51.128
4.291;3.413;51.142
4.362;3.301;51.173
4.372;3.291;51.178
4.385;3.276;51.183
4.201;3.568;51.105
4.21;3.549;51.109
4.217;3.523;51.112
4.221;3.521;51.113
4.234;3.503;51.119
4.25;3.478;51.126
4.268;3.448;51.134
4.278;3.439;51.138
4.278;3.431;51.138
4.299;3.392;51.147
4.408;3.242;51.195
4.251;3.471;51.128
4.287;3.418;51.143
4.295;3.398;51.147
4.303;3.388;51.151
4.308;3.382;51.153
4.312;3.377;51.154
4.315;3.371;51.156
4.332;3.349;51.163
4.344;3.331;51.168
4.351;3.31;51.171
4.404;3.251;51.194
4.207;3.555;51.11
4.273;3.446;51.139
4.319;3.366;51.159
4.323;3.361;51.161
4.329;3.356;51.163
4.337;3.345;51.167
4.342;3.338;51.169
4.349;3.326;51.172
4.351;3.317;51.173
4.367;3.299;51.18
4.376;3.287;51.184
4.383;3.274;51.187
4.394;3.258;51.192
4.398;3.252;51.193
4.265;3.458;51.137
4.28;3.436;51.143
4.356;3.307;51.177
4.377;3.279;51.186
4.387;3.269;51.19
4.178;3.593;51.1
4.251;3.473;51.132
4.262;3.464;51.137
4.376;3.296;51.187
4.391;3.266;51.193
4.199;3.566;51.111
4.223;3.513;51.121
4.231;3.502;51.125
4.304;3.382;51.157
4.4;3.257;51.199
4.174;3.599;51.102
4.181;3.588;51.105
4.207;3.558;51.116
4.208;3.537;51.117
4.211;3.53;51.118
4.24;3.491;51.13
4.314;3.371;51.163
4.35;3.313;51.179
4.378;3.3;51.191
4.379;3.29;51.191
4.398;3.264;51.199
4.177;3.595;51.104
4.189;3.575;51.109
4.191;3.569;51.111
4.202;3.562;51.115
4.21;3.55;51.119
4.218;3.518;51.122
4.228;3.508;51.126
4.247;3.479;51.135
4.255;3.468;51.138
4.269;3.454;51.144
4.269;3.448;51.145
4.275;3.43;51.147
4.33;3.351;51.171
4.349;3.317;51.18
4.363;3.301;51.186
4.169;3.607;51.102
4.265;3.459;51.144
4.284;3.421;51.153
4.295;3.399;51.157
4.301;3.389;51.16
4.31;3.379;51.164
4.32;3.36;51.168
4.336;3.341;51.176
4.375;3.292;51.192
4.23;3.506;51.131
4.25;3.475;51.139
4.29;3.409;51.156
4.296;3.405;51.159
4.296;3.396;51.159
4.318;3.367;51.169
4.325;3.356;51.172
4.346;3.338;51.181
4.35;3.328;51.183
4.355;3.309;51.185
4.373;3.304;51.193
4.382;3.271;51.197
4.165;3.612;51.103
4.305;3.384;51.165
4.313;3.375;51.168
4.333;3.347;51.177
4.377;3.298;51.196
4.378;3.289;51.197
4.375;3.276;51.196
4.182;3.582;51.112
4.209;3.53;51.124
4.24;3.496;51.138
4.264;3.449;51.148
4.351;3.318;51.186
4.361;3.304;51.191
4.377;3.303;51.198
4.154;3.629;51.102
4.181;3.589;51.113
4.217;3.52;51.129
4.331;3.354;51.179
4.348;3.335;51.186
4.347;3.329;51.186
4.151;3.638;51.101
4.16;3.618;51.105
4.166;3.609;51.108
4.171;3.603;51.11
4.178;3.599;51.113
4.204;3.558;51.125
4.208;3.539;51.127
4.238;3.504;51.14
4.147;3.647;51.101
4.186;3.578;51.118
4.189;3.57;51.12
4.198;3.56;51.124
4.206;3.549;51.127
4.225;3.51;51.135
4.255;3.465;51.149
4.271;3.431;51.156
4.346;3.336;51.189
4.176;3.604;51.115
4.193;3.565;51.123
4.213;3.528;51.132
4.223;3.518;51.136
4.231;3.506;51.139
4.235;3.5;51.141
4.238;3.497;51.143
4.24;3.488;51.143
4.244;3.48;51.145
4.248;3.474;51.147
4.261;3.45;51.153
4.264;3.445;51.154
4.3;3.393;51.17
4.308;3.38;51.173
4.318;3.361;51.178
4.335;3.341;51.185
4.345;3.317;51.19
4.18;3.588;51.119
4.209;3.537;51.131
4.251;3.469;51.15
4.275;3.427;51.16
4.277;3.419;51.161
4.283;3.417;51.164
4.287;3.409;51.166
4.296;3.405;51.17
4.302;3.387;51.172
4.317;3.368;51.179
4.333;3.348;51.186
4.351;3.309;51.194
4.143;3.654;51.104
4.198;3.551;51.128
4.3;3.399;51.173
4.33;3.356;51.186
4.34;3.336;51.19
4.344;3.332;51.192
4.348;3.327;51.194
4.358;3.302;51.198
4.225;3.514;51.141
4.274;3.435;51.163
4.298;3.404;51.174
4.309;3.385;51.178
4.335;3.355;51.19
4.134;3.666;51.104
4.138;3.66;51.106
4.218;3.526;51.141
4.298;3.403;51.177
4.125;3.676;51.101
4.143;3.655;51.109
4.144;3.649;51.11
4.147;3.639;51.111
4.153;3.627;51.114
4.165;3.601;51.119
4.17;3.597;51.121
4.185;3.571;51.128
4.19;3.567;51.13
4.195;3.552;51.132
4.232;3.492;51.149
4.238;3.481;51.151
4.313;3.37;51.184
4.342;3.331;51.197
4.156;3.621;51.116
4.163;3.617;51.12
4.164;3.608;51.12
4.173;3.59;51.124
4.182;3.588;51.128
4.181;3.578;51.128
4.193;3.558;51.133
4.2;3.548;51.136
4.21;3.539;51.14
4.211;3.528;51.141
4.22;3.518;51.145
4.247;3.469;51.157
4.255;3.457;51.16
4.258;3.452;51.162
4.265;3.439;51.165
4.274;3.428;51.169
4.275;3.418;51.169
4.284;3.41;51.173
4.306;3.385;51.183
4.122;3.687;51.103
4.207;3.546;51.141
4.225;3.507;51.148
4.229;3.498;51.15
4.235;3.488;51.153
4.242;3.477;51.156
4.334;3.345;51.197
4.221;3.511;51.148
4.251;3.465;51.162
4.263;3.45;51.167
4.273;3.437;51.171
4.279;3.427;51.174
4.29;3.404;51.179
4.297;3.395;51.182
4.301;3.389;51.184
4.318;3.368;51.191
4.321;3.361;51.192
4.326;3.355;51.195
4.33;3.349;51.196
4.337;3.339;51.199
4.211;3.523;51.145
4.303;3.381;51.186
4.165;3.601;51.126
4.27;3.444;51.173
4.126;3.67;51.11
4.245;3.472;51.163
4.107;3.708;51.103
4.108;3.701;51.104
4.112;3.696;51.105
4.125;3.679;51.111
4.133;3.658;51.115
4.145;3.638;51.12
4.162;3.608;51.128
4.182;3.571;51.136
4.198;3.55;51.144
4.209;3.522;51.149
4.102;3.718;51.103
4.116;3.692;51.109
4.12;3.687;51.11
4.139;3.649;51.119
4.151;3.629;51.124
4.154;3.62;51.125
4.157;3.616;51.127
4.166;3.597;51.131
4.169;3.589;51.132
4.178;3.578;51.136
4.196;3.558;51.144
4.206;3.538;51.149
4.213;3.517;51.152
4.229;3.497;51.159
4.233;3.491;51.161
4.26;3.44;51.173
4.275;3.428;51.179
4.13;3.668;51.116
4.166;3.607;51.132
4.184;3.567;51.14
4.188;3.561;51.142
4.203;3.546;51.149
4.225;3.499;51.159
4.244;3.479;51.167
4.25;3.467;51.17
4.252;3.457;51.171
4.253;3.451;51.171
4.271;3.439;51.179
4.276;3.417;51.182
4.281;3.409;51.183
4.287;3.408;51.186
4.295;3.397;51.19
4.298;3.39;51.191
4.212;3.529;51.154
4.217;3.512;51.157
4.272;3.428;51.181
4.271;3.421;51.181
4.309;3.381;51.197
4.108;3.71;51.109
4.246;3.475;51.171
4.302;3.385;51.196
4.142;3.643;51.126
4.218;3.531;51.16
4.291;3.404;51.193
4.151;3.622;51.131
4.161;3.603;51.136
4.093;3.729;51.107
4.095;3.722;51.108
4.099;3.718;51.109
4.132;3.66;51.124
4.213;3.52;51.161
4.223;3.501;51.165
4.075;3.739;51.1
4.082;3.731;51.103
4.102;3.709;51.112
4.105;3.7;51.113
4.109;3.696;51.116
4.113;3.69;51.117
4.116;3.685;51.119
4.12;3.68;51.12
4.127;3.676;51.123
4.137;3.649;51.128
4.144;3.638;51.131
4.156;3.618;51.136
4.165;3.598;51.141
4.168;3.592;51.142
4.197;3.552;51.155
4.296;3.391;51.199
4.129;3.668;51.126
4.134;3.658;51.128
4.172;3.588;51.145
4.176;3.57;51.147
4.185;3.559;51.151
4.19;3.555;51.153
4.2;3.549;51.158
4.203;3.539;51.159
4.211;3.528;51.163
4.22;3.508;51.167
4.232;3.492;51.172
4.243;3.476;51.177
4.249;3.46;51.18
4.266;3.447;51.187
4.274;3.417;51.191
4.276;3.409;51.192
4.153;3.624;51.138
4.16;3.608;51.141
4.215;3.516;51.166
4.227;3.498;51.171
4.236;3.487;51.175
4.239;3.481;51.177
4.245;3.468;51.179
4.256;3.45;51.184
4.266;3.439;51.189
4.27;3.436;51.19
4.273;3.428;51.192
4.159;3.615;51.142
4.205;3.534;51.163
4.254;3.457;51.185
4.141;3.653;51.135
4.215;3.525;51.169
4.224;3.504;51.173
4.278;3.425;51.197
4.277;3.415;51.198
4.056;3.758;51.1
4.147;3.623;51.141
4.229;3.492;51.178
4.247;3.459;51.186
4.256;3.442;51.19
4.061;3.75;51.104
4.074;3.733;51.109
4.094;3.718;51.119
4.102;3.705;51.122
4.106;3.699;51.124
4.108;3.688;51.125
4.117;3.68;51.129
4.121;3.676;51.131
4.14;3.653;51.139
4.053;3.77;51.101
4.067;3.747;51.108
4.079;3.731;51.113
4.086;3.727;51.116
4.098;3.709;51.122
4.123;3.668;51.133
4.124;3.659;51.134
4.132;3.655;51.137
4.14;3.648;51.141
4.14;3.638;51.141
4.144;3.628;51.142
4.151;3.618;51.146
4.158;3.615;51.149
4.18;3.559;51.159
4.19;3.55;51.163
4.213;3.528;51.174
4.223;3.505;51.178
4.057;3.766;51.105
4.056;3.757;51.104
4.099;3.702;51.124
4.148;3.626;51.146
4.159;3.608;51.151
4.162;3.598;51.152
4.167;3.588;51.155
4.17;3.578;51.156
4.172;3.566;51.157
4.185;3.555;51.163
4.196;3.538;51.168
4.212;3.517;51.175
4.215;3.509;51.176
4.223;3.498;51.18
4.233;3.487;51.184
4.234;3.478;51.185
4.239;3.474;51.187
4.243;3.469;51.189
4.253;3.452;51.193
4.263;3.438;51.198
4.134;3.652;51.141
4.163;3.592;51.154
4.206;3.532;51.174
4.247;3.464;51.192
4.249;3.456;51.193
4.26;3.446;51.198
4.088;3.72;51.122
4.117;3.672;51.135
4.207;3.518;51.175
4.037;3.795;51.1
4.053;3.763;51.107
4.095;3.701;51.128
4.141;3.632;51.149
4.178;3.56;51.165
4.189;3.546;51.17
4.03;3.795;51.1
4.037;3.787;51.103
4.05;3.758;51.109
4.078;3.732;51.121
4.124;3.66;51.142
4.174;3.567;51.165
4.198;3.532;51.175
4.206;3.518;51.179
4.214;3.511;51.183
4.226;3.507;51.188
4.039;3.772;51.105
4.047;3.768;51.108
4.056;3.752;51.113
4.094;3.709;51.13
4.107;3.694;51.136
4.113;3.679;51.138
4.155;3.606;51.157
4.167;3.582;51.163
4.233;3.48;51.193
4.066;3.749;51.119
4.069;3.742;51.12
4.072;3.738;51.121
4.081;3.728;51.125
4.084;3.72;51.127
4.089;3.716;51.129
4.101;3.698;51.134
4.112;3.689;51.139
4.12;3.667;51.143
4.135;3.648;51.15
4.138;3.637;51.151
4.146;3.629;51.155
4.149;3.619;51.156
4.158;3.599;51.16
4.163;3.587;51.163
4.174;3.578;51.168
4.195;3.538;51.177
4.202;3.529;51.181
4.227;3.495;51.192
4.24;3.469;51.198
4.117;3.676;51.143
4.13;3.651;51.149
4.143;3.634;51.155
4.15;3.61;51.158
4.164;3.596;51.164
4.182;3.576;51.173
4.185;3.568;51.174
4.184;3.559;51.174
4.19;3.554;51.176
4.192;3.548;51.177
4.208;3.518;51.185
4.223;3.507;51.191
4.222;3.499;51.191
4.23;3.488;51.194
4.235;3.476;51.197
4.03;3.782;51.105
4.123;3.664;51.147
4.197;3.534;51.181
4.206;3.526;51.185
4.218;3.514;51.19
4.096;3.704;51.137
4.104;3.692;51.14
4.016;3.791;51.101
4.148;3.611;51.162
4.186;3.567;51.179
4.009;3.8;51.1
4.054;3.752;51.12
4.22;3.5;51.196
4.024;3.787;51.108
4.063;3.74;51.126
4.076;3.735;51.132
4.179;3.574;51.179
4.186;3.568;51.182
4.015;3.8;51.105
4.027;3.779;51.111
4.046;3.762;51.119
4.05;3.757;51.121
4.061;3.748;51.126
4.071;3.738;51.131
4.111;3.682;51.149
4.115;3.678;51.151
4.118;3.668;51.152
4.121;3.656;51.154
4.139;3.635;51.162
4.141;3.627;51.163
4.144;3.619;51.164
4.163;3.597;51.173
4.165;3.589;51.173
4.192;3.541;51.186
4.2;3.531;51.19
4.024;3.798;51.11
4.025;3.772;51.111
4.034;3.773;51.115
4.057;3.755;51.126
4.071;3.728;51.132
4.073;3.723;51.133
4.098;3.706;51.144
4.1;3.699;51.145
4.1;3.69;51.145
4.107;3.687;51.148
4.119;3.661;51.154
4.126;3.651;51.157
4.134;3.639;51.161
4.15;3.607;51.168
4.154;3.6;51.17
4.165;3.593;51.175
4.166;3.586;51.175
4.179;3.569;51.181
4.181;3.558;51.182
4.188;3.546;51.186
4.206;3.527;51.194
4.207;3.518;51.194
4.004;3.814;51.103
4.147;3.614;51.168
4.173;3.57;51.18
4.182;3.552;51.184
4.197;3.537;51.191
4.011;3.805;51.108
4.081;3.71;51.14
4.137;3.633;51.165
4.193;3.543;51.191
4.027;3.773;51.116
4.029;3.773;51.117
4.056;3.754;51.129
4.007;3.805;51.108
4.081;3.711;51.142
4.006;3.802;51.109
4.047;3.756;51.128
4.061;3.739;51.135
4.117;3.661;51.16
4.171;3.572;51.185
4.179;3.551;51.189
3.986;3.83;51.101
3.992;3.827;51.104
3.996;3.822;51.106
4.002;3.815;51.109
4.027;3.79;51.12
4.03;3.775;51.122
4.069;3.73;51.14
4.112;3.668;51.16
4.125;3.651;51.165
4.021;3.778;51.119
4.041;3.776;51.128
4.056;3.749;51.135
4.063;3.746;51.138
4.082;3.707;51.147
4.096;3.699;51.153
4.096;3.691;51.154
4.108;3.676;51.159
4.119;3.657;51.164
4.127;3.647;51.168
4.13;3.637;51.169
4.132;3.63;51.17
4.142;3.621;51.175
4.149;3.608;51.178
4.15;3.599;51.178
4.164;3.586;51.185
4.168;3.579;51.186
4.174;3.567;51.189
4.177;3.559;51.191
4.184;3.546;51.194
4.188;3.542;51.196
4.193;3.538;51.198
3.981;3.838;51.102
4.009;3.814;51.115
4.023;3.791;51.121
4.043;3.77;51.131
4.04;3.753;51.129
4.074;3.728;51.145
4.088;3.702;51.151
4.104;3.68;51.159
4.136;3.625;51.173
4.157;3.589;51.183
4.17;3.575;51.189
3.973;3.856;51.1
4.012;3.791;51.117
4.18;3.557;51.195
4.039;3.783;51.131
4.041;3.783;51.133
4.06;3.745;51.144
3.962;3.865;51.1
3.993;3.821;51.115
4.011;3.791;51.123
4.037;3.779;51.135
4.085;3.703;51.157
4.175;3.561;51.198
3.972;3.86;51.106
3.976;3.849;51.108
3.99;3.829;51.115
4.006;3.809;51.122
4.017;3.787;51.127
4.025;3.779;51.131
4.038;3.759;51.136
4.045;3.751;51.14
4.061;3.73;51.147
4.078;3.725;51.155
4.092;3.692;51.162
4.1;3.68;51.165
4.109;3.668;51.17
4.116;3.659;51.172
4.127;3.63;51.178
4.139;3.618;51.183
3.963;3.86;51.103
3.98;3.839;51.111
3.997;3.818;51.119
4.005;3.816;51.123
4.02;3.781;51.13
4.041;3.777;51.14
4.041;3.756;51.14
4.052;3.748;51.144
4.052;3.729;51.144
4.07;3.729;51.153
4.078;3.718;51.157
4.089;3.698;51.162
4.097;3.687;51.165
4.111;3.663;51.172
4.119;3.65;51.175
4.134;3.626;51.182
4.138;3.611;51.184
4.143;3.607;51.186
4.152;3.604;51.191
4.162;3.578;51.195
4.167;3.575;51.198
4.171;3.568;51.199
3.977;3.858;51.111
4.038;3.766;51.139
4.047;3.733;51.144
4.047;3.731;51.144
4.085;3.704;51.161
4.104;3.675;51.17
4.155;3.582;51.194
4.014;3.806;51.13
4.019;3.798;51.132
3.994;3.826;51.122
4.022;3.799;51.135
4.018;3.783;51.134
4.151;3.603;51.196
3.974;3.857;51.115
3.998;3.822;51.127
4.05;3.731;51.151
4.017;3.802;51.137
4.044;3.753;51.149
4.048;3.737;51.151
4.06;3.73;51.157
4.09;3.691;51.17
4.097;3.682;51.174
4.115;3.65;51.182
3.942;3.882;51.103
3.947;3.876;51.105
3.973;3.847;51.117
3.982;3.835;51.122
3.993;3.825;51.127
4.019;3.799;51.139
4.015;3.788;51.137
4.022;3.779;51.14
4.041;3.759;51.149
4.047;3.748;51.152
4.068;3.73;51.162
4.075;3.718;51.165
4.082;3.705;51.168
4.085;3.698;51.17
4.101;3.678;51.177
4.103;3.667;51.178
4.126;3.634;51.189
4.131;3.628;51.191
4.134;3.619;51.193
4.137;3.605;51.194
3.95;3.87;51.108
3.958;3.868;51.112
3.963;3.865;51.114
3.971;3.843;51.118
3.986;3.831;51.125
4.003;3.82;51.133
4.012;3.808;51.137
4.039;3.766;51.15
4.044;3.756;51.152
4.072;3.726;51.165
4.076;3.708;51.167
4.092;3.686;51.174
4.106;3.659;51.181
4.122;3.638;51.189
4.136;3.618;51.195
3.938;3.887;51.104
3.969;3.849;51.118
3.979;3.832;51.123
4.055;3.745;51.159
4.057;3.738;51.159
4.134;3.625;51.195
4.14;3.598;51.198
3.998;3.825;51.133
4.132;3.61;51.196
4.061;3.735;51.164
3.968;3.84;51.122
4.077;3.702;51.173
3.998;3.817;51.137
4.066;3.731;51.169
4.094;3.671;51.183
3.965;3.86;51.123
4.112;3.652;51.192
4.123;3.634;51.198
3.919;3.9;51.103
3.927;3.889;51.107
3.943;3.874;51.115
3.966;3.85;51.125
3.971;3.84;51.128
3.981;3.829;51.133
4.01;3.79;51.146
4.025;3.776;51.153
4.028;3.769;51.155
4.038;3.759;51.159
4.039;3.753;51.16
4.058;3.744;51.168
4.061;3.737;51.17
4.07;3.728;51.174
4.069;3.717;51.174
4.067;3.709;51.173
4.082;3.7;51.18
4.091;3.678;51.184
4.114;3.647;51.195
3.914;3.907;51.102
3.924;3.896;51.107
3.935;3.888;51.112
3.937;3.88;51.113
3.953;3.869;51.121
3.96;3.867;51.124
3.969;3.845;51.128
3.979;3.837;51.133
3.989;3.826;51.138
4.0;3.809;51.143
4.016;3.787;51.15
4.023;3.787;51.153
4.034;3.767;51.159
4.044;3.749;51.164
4.053;3.745;51.168
4.098;3.67;51.189
4.105;3.665;51.192
4.108;3.657;51.193
4.118;3.638;51.198
3.908;3.918;51.101
3.947;3.872;51.119
4.078;3.705;51.181
4.109;3.642;51.195
3.966;3.857;51.13
3.991;3.81;51.141
4.001;3.798;51.146
4.067;3.733;51.177
4.063;3.719;51.175
4.015;3.794;51.154
4.047;3.743;51.169
4.054;3.74;51.172
4.092;3.683;51.19
4.108;3.651;51.199
3.943;3.872;51.123
3.991;3.812;51.145
3.998;3.801;51.149
4.019;3.794;51.158
4.026;3.771;51.162
4.059;3.734;51.177
4.022;3.779;51.162
4.066;3.73;51.182
3.916;3.899;51.113
3.934;3.881;51.121
3.977;3.838;51.142
3.983;3.828;51.145
3.986;3.817;51.146
3.995;3.809;51.15
4.032;3.77;51.167
4.042;3.747;51.172
4.046;3.745;51.174
4.049;3.738;51.175
4.059;3.717;51.18
4.066;3.715;51.184
4.076;3.708;51.188
4.086;3.688;51.193
4.093;3.677;51.196
4.095;3.668;51.197
3.886;3.938;51.1
3.894;3.927;51.104
3.899;3.923;51.106
3.905;3.921;51.109
3.912;3.908;51.112
3.919;3.896;51.116
3.924;3.891;51.118
3.939;3.875;51.125
3.957;3.867;51.134
3.98;3.826;51.144
4.012;3.794;51.16
4.051;3.73;51.178
4.058;3.729;51.181
4.068;3.71;51.186
4.091;3.684;51.197
3.908;3.912;51.112
3.968;3.842;51.14
3.981;3.834;51.147
3.979;3.822;51.145
4.0;3.805;51.155
4.014;3.79;51.162
4.034;3.759;51.171
4.078;3.698;51.192
3.96;3.851;51.138
3.991;3.814;51.153
4.005;3.792;51.159
4.028;3.778;51.17
4.033;3.752;51.172
4.025;3.783;51.17
4.042;3.741;51.178
4.058;3.72;51.186
4.078;3.692;51.195
3.887;3.933;51.106
3.959;3.852;51.14
4.031;3.759;51.174
3.895;3.922;51.111
3.94;3.872;51.132
3.995;3.811;51.158
4.067;3.71;51.192
3.877;3.943;51.104
3.913;3.903;51.121
3.913;3.891;51.121
3.977;3.829;51.151
3.984;3.82;51.154
4.018;3.786;51.171
3.883;3.939;51.108
3.891;3.929;51.112
3.9;3.918;51.116
3.91;3.91;51.121
3.916;3.899;51.124
3.929;3.882;51.13
3.955;3.86;51.142
3.973;3.839;51.151
4.039;3.751;51.182
4.043;3.746;51.184
4.046;3.738;51.185
4.053;3.728;51.189
4.063;3.718;51.194
4.07;3.706;51.197
4.073;3.699;51.198
3.865;3.96;51.101
3.866;3.952;51.101
3.873;3.948;51.105
3.937;3.879;51.135
3.946;3.871;51.139
3.96;3.857;51.146
3.962;3.848;51.147
3.968;3.845;51.15
3.989;3.818;51.16
4.003;3.799;51.166
4.008;3.79;51.169
4.024;3.777;51.176
4.032;3.764;51.18
4.035;3.757;51.182
3.901;3.912;51.12
3.997;3.807;51.165
4.06;3.725;51.195
4.066;3.713;51.198
3.895;3.926;51.118
3.965;3.842;51.151
3.986;3.826;51.161
3.994;3.815;51.165
3.921;3.895;51.132
4.0;3.8;51.171
3.937;3.872;51.142
4.035;3.749;51.189
3.855;3.97;51.104
3.864;3.951;51.109
3.917;3.9;51.134
3.964;3.842;51.156
3.968;3.84;51.158
3.991;3.812;51.169
4.006;3.79;51.176
4.024;3.769;51.185
4.031;3.757;51.188
4.042;3.74;51.194
3.843;3.98;51.1
3.925;3.888;51.139
3.926;3.882;51.14
3.931;3.878;51.142
3.957;3.848;51.154
3.977;3.837;51.164
3.98;3.828;51.165
3.981;3.821;51.166
4.02;3.786;51.184
4.05;3.729;51.199
3.84;3.988;51.1
3.868;3.948;51.113
3.879;3.94;51.118
3.884;3.935;51.121
3.887;3.93;51.122
3.894;3.926;51.126
3.898;3.912;51.127
3.904;3.911;51.13
3.913;3.909;51.135
3.937;3.873;51.146
3.941;3.869;51.148
3.949;3.866;51.152
3.953;3.852;51.154
3.986;3.817;51.169
3.993;3.807;51.173
4.003;3.797;51.178
4.013;3.787;51.183
4.048;3.736;51.199
3.848;3.977;51.105
3.858;3.969;51.11
3.922;3.897;51.14
4.025;3.761;51.19
4.038;3.755;51.196
3.865;3.957;51.114
4.027;3.774;51.192
3.926;3.894;51.145
3.966;3.844;51.164
3.981;3.835;51.171
4.007;3.792;51.184
3.844;3.984;51.107
3.978;3.842;51.171
3.932;3.881;51.151
3.996;3.802;51.181
4.023;3.763;51.194
4.023;3.762;51.194
3.823;4.0;51.1
3.845;3.985;51.11
3.895;3.911;51.134
3.938;3.87;51.155
3.954;3.854;51.162
3.984;3.819;51.177
3.992;3.809;51.181
4.011;3.788;51.19
4.018;3.776;51.194
4.026;3.774;51.197
3.829;3.991;51.104
3.886;3.933;51.131
3.902;3.91;51.139
3.925;3.895;51.15
3.933;3.883;51.154
3.948;3.869;51.161
3.948;3.857;51.161
3.981;3.828;51.177
3.986;3.812;51.18
4.0;3.799;51.186
4.011;3.78;51.191
4.025;3.767;51.198
4.027;3.76;51.199
3.838;3.988;51.11
3.848;3.98;51.114
3.864;3.958;51.122
3.866;3.95;51.123
3.875;3.94;51.128
3.892;3.928;51.136
3.894;3.919;51.137
3.909;3.907;51.144
3.912;3.9;51.145
3.92;3.899;51.149
3.928;3.887;51.153
3.933;3.877;51.155
3.954;3.85;51.165
3.964;3.85;51.17
3.972;3.845;51.174
3.98;3.838;51.178
3.997;3.806;51.186
3.817;4.008;51.101
3.853;3.977;51.118
3.861;3.967;51.122
3.871;3.946;51.127
3.881;3.936;51.132
3.977;3.843;51.178
3.839;3.981;51.113
3.857;3.971;51.122
3.943;3.873;51.163
3.949;3.869;51.166
3.947;3.85;51.165
3.812;4.013;51.101
3.833;3.994;51.111
3.92;3.892;51.153
3.822;4.006;51.108
3.927;3.873;51.159
3.827;3.993;51.113
3.945;3.851;51.169
3.951;3.85;51.172
3.995;3.806;51.194
3.997;3.798;51.195
4.004;3.794;51.198
3.837;3.981;51.118
3.901;3.912;51.15
3.908;3.902;51.153
3.914;3.897;51.156
3.922;3.887;51.16
3.924;3.878;51.161
3.943;3.875;51.17
3.949;3.869;51.173
3.976;3.837;51.186
3.976;3.825;51.186
3.819;4.003;51.111
3.859;3.967;51.13
3.86;3.958;51.131
3.866;3.943;51.134
3.879;3.938;51.14
3.886;3.928;51.144
3.89;3.92;51.145
3.895;3.915;51.148
3.932;3.875;51.166
3.958;3.846;51.178
3.97;3.83;51.184
3.979;3.822;51.189
3.989;3.809;51.194
3.799;4.021;51.103
3.808;4.012;51.107
3.815;4.008;51.11
3.822;3.998;51.114
3.831;3.995;51.118
3.833;3.988;51.119
3.852;3.971;51.129
3.863;3.949;51.134
3.877;3.945;51.141
3.883;3.934;51.144
3.904;3.914;51.154
3.918;3.891;51.16
3.942;3.87;51.172
3.968;3.841;51.185
3.991;3.814;51.196
3.803;4.017;51.106
3.842;3.979;51.125
3.948;3.858;51.176
3.933;3.872;51.171
3.844;3.971;51.129
3.961;3.842;51.186
3.969;3.832;51.19
3.978;3.822;51.194
3.985;3.808;51.197
3.862;3.951;51.139
3.949;3.86;51.181
3.957;3.847;51.185
3.807;4.013;51.113
3.816;4.003;51.118
3.843;3.972;51.131
3.885;3.92;51.152
3.927;3.875;51.172
3.957;3.859;51.186
3.825;3.992;51.123
3.897;3.912;51.158
3.914;3.888;51.167
3.92;3.878;51.17
3.945;3.864;51.182
3.965;3.84;51.192
3.969;3.836;51.194
3.973;3.828;51.196
3.784;4.033;51.105
3.839;3.98;51.132
3.856;3.958;51.14
3.865;3.948;51.144
3.872;3.944;51.148
3.875;3.938;51.149
3.878;3.932;51.151
3.883;3.928;51.153
3.908;3.906;51.165
3.91;3.897;51.166
3.929;3.871;51.175
3.939;3.869;51.18
3.777;4.04;51.103
3.82;3.999;51.124
3.828;3.987;51.128
3.846;3.967;51.136
3.891;3.918;51.158
3.913;3.88;51.169
3.954;3.864;51.189
3.772;4.047;51.102
3.782;4.035;51.107
3.799;4.027;51.115
3.802;4.019;51.117
3.807;4.014;51.119
3.81;4.009;51.12
3.825;3.996;51.128
3.851;3.966;51.14
3.896;3.915;51.162
3.96;3.857;51.193
3.791;4.035;51.112
3.794;4.032;51.114
3.83;3.982;51.132
3.842;3.977;51.137
3.859;3.954;51.146
3.887;3.925;51.159
3.913;3.893;51.172
3.768;4.052;51.102
3.924;3.871;51.178
3.857;3.952;51.147
3.908;3.869;51.172
3.963;3.841;51.199
3.793;4.032;51.117
3.886;3.934;51.163
3.917;3.889;51.178
3.912;3.868;51.176
3.855;3.96;51.149
3.863;3.951;51.153
3.891;3.92;51.167
3.897;3.909;51.17
3.908;3.899;51.175
3.905;3.88;51.174
3.938;3.875;51.19
3.937;3.869;51.189
3.956;3.863;51.199
3.775;4.043;51.111
3.809;4.011;51.128
3.82;3.987;51.133
3.871;3.939;51.158
3.886;3.926;51.166
3.904;3.905;51.174
3.915;3.878;51.18
3.941;3.867;51.192
3.952;3.865;51.198
3.752;4.069;51.101
3.818;4.001;51.134
3.842;3.968;51.145
3.85;3.964;51.149
3.867;3.946;51.157
3.88;3.931;51.164
3.894;3.917;51.171
3.924;3.879;51.186
3.748;4.075;51.101
3.756;4.062;51.105
3.778;4.038;51.115
3.789;4.038;51.12
3.794;4.028;51.123
3.835;3.983;51.143
3.84;3.978;51.146
3.859;3.957;51.155
3.743;4.079;51.1
3.761;4.058;51.108
3.764;4.053;51.11
3.803;4.014;51.129
3.907;3.9;51.181
3.851;3.962;51.155
3.915;3.882;51.187
3.925;3.872;51.192
3.737;4.084;51.1
3.744;4.072;51.104
3.773;4.053;51.118
3.861;3.951;51.162
3.872;3.944;51.167
3.922;3.879;51.191
3.877;3.929;51.171
3.903;3.906;51.183
3.913;3.889;51.188
3.76;4.052;51.114
3.858;3.958;51.163
3.907;3.903;51.187
3.911;3.899;51.189
3.926;3.877;51.196
3.928;3.87;51.197
3.733;4.081;51.103
3.742;4.072;51.107
3.81;4.006;51.14
3.813;3.999;51.142
3.823;3.991;51.147
3.835;3.977;51.153
3.847;3.967;51.159
3.853;3.964;51.162
3.866;3.948;51.168
3.882;3.926;51.176
3.885;3.921;51.177
3.893;3.918;51.181
3.731;4.089;51.103
3.757;4.058;51.116
3.775;4.04;51.124
3.789;4.035;51.131
3.791;4.028;51.132
3.799;4.016;51.136
3.804;4.009;51.139
3.819;3.996;51.146
3.829;3.981;51.151
3.838;3.97;51.156
3.861;3.955;51.167
3.918;3.884;51.195
3.924;3.883;51.198
3.738;4.077;51.108
3.747;4.071;51.112
3.757;4.069;51.117
3.766;4.049;51.121
3.77;4.043;51.123
3.783;4.037;51.13
3.793;4.021;51.135
3.866;3.939;51.171
3.726;4.094;51.103
3.754;4.073;51.117
3.735;4.088;51.108
3.784;4.032;51.134
3.836;3.972;51.162
3.863;3.939;51.175
3.875;3.932;51.181
3.891;3.908;51.189
3.909;3.89;51.197
3.792;4.022;51.141
3.819;3.991;51.154
3.83;3.979;51.16
3.881;3.929;51.185
3.882;3.919;51.186
3.904;3.896;51.197
3.802;4.011;51.147
3.83;3.987;51.161
3.843;3.968;51.168
3.853;3.962;51.173
3.857;3.957;51.175
3.871;3.938;51.181
3.888;3.917;51.19
3.895;3.906;51.194
3.738;4.082;51.117
3.751;4.075;51.123
3.763;4.05;51.129
3.78;4.032;51.138
3.809;4.0;51.152
3.813;3.996;51.154
3.708;4.111;51.103
3.761;4.057;51.13
3.772;4.041;51.135
3.776;4.037;51.137
3.786;4.027;51.142
3.826;3.987;51.162
3.894;3.916;51.196
3.718;4.1;51.109
3.741;4.077;51.121
3.754;4.061;51.128
3.769;4.046;51.135
3.714;4.109;51.109
3.727;4.091;51.115
3.745;4.073;51.124
3.793;4.023;51.148
3.705;4.116;51.106
3.695;4.127;51.102
3.808;4.0;51.158
3.744;4.071;51.128
3.762;4.052;51.137
3.857;3.949;51.184
3.872;3.936;51.192
3.875;3.927;51.193
3.771;4.041;51.143
3.83;3.978;51.172
3.841;3.969;51.177
3.849;3.959;51.182
3.85;3.953;51.182
3.864;3.946;51.189
3.867;3.94;51.19
3.883;3.92;51.198
3.779;4.031;51.148
3.797;4.013;51.157
3.811;3.997;51.164
3.821;3.989;51.169
3.824;3.98;51.17
3.876;3.921;51.196
3.725;4.093;51.122
3.732;4.081;51.126
3.749;4.067;51.134
3.752;4.061;51.136
3.756;4.056;51.138
3.766;4.048;51.143
3.773;4.037;51.146
3.803;4.01;51.161
3.836;3.975;51.178
3.844;3.965;51.182
3.865;3.93;51.192
3.694;4.119;51.108
3.72;4.096;51.121
3.808;4.005;51.165
3.676;4.139;51.1
3.691;4.126;51.108
3.709;4.107;51.117
3.713;4.1;51.119
3.728;4.088;51.126
3.739;4.079;51.132
3.745;4.074;51.135
3.674;4.147;51.1
3.683;4.135;51.105
3.688;4.131;51.107
3.706;4.112;51.117
3.762;4.053;51.145
3.779;4.033;51.153
3.821;3.981;51.176
3.86;3.945;51.195
3.82;3.988;51.177
3.731;4.082;51.133
3.832;3.975;51.184
3.838;3.97;51.187
3.844;3.959;51.19
3.862;3.937;51.199
3.72;4.093;51.129
3.774;4.032;51.156
3.793;4.012;51.166
3.799;4.011;51.169
3.808;3.998;51.173
3.816;3.995;51.177
3.827;3.979;51.183
3.851;3.957;51.195
3.852;3.949;51.196
3.703;4.111;51.122
3.757;4.052;51.149
3.762;4.048;51.152
3.767;4.044;51.154
3.789;4.018;51.165
3.806;4.007;51.174
3.84;3.965;51.191
3.728;4.09;51.136
3.736;4.078;51.14
3.741;4.075;51.142
3.755;4.058;51.149
3.771;4.038;51.157
3.778;4.023;51.161
3.821;3.987;51.183
3.682;4.132;51.114
3.697;4.117;51.121
3.716;4.098;51.131
3.744;4.069;51.145
3.751;4.065;51.148
3.82;3.993;51.184
3.663;4.149;51.105
3.67;4.146;51.109
3.672;4.141;51.11
3.679;4.136;51.114
3.69;4.128;51.119
3.694;4.125;51.121
3.694;4.121;51.121
3.706;4.108;51.127
3.711;4.102;51.13
3.731;4.085;51.14
3.703;4.114;51.127
3.722;4.094;51.137
3.825;3.979;51.189
3.656;4.153;51.105
3.789;4.012;51.173
3.754;4.059;51.157
3.803;3.999;51.182
3.813;3.997;51.187
3.831;3.97;51.196
3.836;3.965;51.199
3.754;4.052;51.158
3.77;4.041;51.166
3.775;4.029;51.169
3.774;4.021;51.168
3.785;4.019;51.174
3.792;4.008;51.177
3.82;3.986;51.191
3.741;4.068;51.153
3.749;4.064;51.157
3.757;4.047;51.161
3.764;4.044;51.165
3.813;3.992;51.19
3.826;3.983;51.196
3.695;4.115;51.131
3.712;4.098;51.14
3.72;4.094;51.144
3.725;4.09;51.146
3.727;4.085;51.147
3.732;4.078;51.15
3.671;4.142;51.12
3.675;4.136;51.122
3.687;4.119;51.128
3.703;4.107;51.136
3.706;4.1;51.138
3.733;4.072;51.151
3.769;4.019;51.17
3.634;4.172;51.103
3.651;4.159;51.111
3.655;4.155;51.113
3.659;4.149;51.115
3.666;4.146;51.119
3.679;4.132;51.126
3.752;4.063;51.162
3.796;4.0;51.185
3.63;4.176;51.102
3.639;4.169;51.106
3.646;4.164;51.11
3.732;4.072;51.155
3.687;4.113;51.133
3.692;4.112;51.136
3.799;3.999;51.19
3.816;3.987;51.199
3.69;4.112;51.136
3.762;4.045;51.173
3.773;4.029;51.178
3.783;4.021;51.183
3.792;4.008;51.188
3.806;3.995;51.195
3.81;3.989;51.197
3.685;4.111;51.135
3.721;4.09;51.154
3.73;4.079;51.158
3.755;4.049;51.171
3.765;4.041;51.176
3.772;4.037;51.179
3.765;4.019;51.176
3.771;4.019;51.179
3.669;4.144;51.128
3.737;4.07;51.163
3.745;4.066;51.167
3.75;4.057;51.17
3.793;4.006;51.192
3.676;4.132;51.133
3.685;4.119;51.138
3.7;4.108;51.145
3.702;4.101;51.146
3.708;4.097;51.149
3.719;4.097;51.155
3.725;4.087;51.158
3.649;4.161;51.12
3.658;4.151;51.125
3.671;4.137;51.132
3.681;4.129;51.137
3.747;4.06;51.171
3.622;4.182;51.108
3.638;4.17;51.116
3.645;4.167;51.12
3.653;4.158;51.124
3.662;4.147;51.129
3.691;4.117;51.143
3.612;4.193;51.104
3.618;4.187;51.107
3.625;4.179;51.111
3.634;4.176;51.116
3.772;4.029;51.186
3.606;4.198;51.102
3.665;4.141;51.133
3.728;4.083;51.165
3.746;4.052;51.174
3.779;4.02;51.192
3.787;4.011;51.197
3.596;4.204;51.1
3.7;4.102;51.153
3.735;4.07;51.171
3.751;4.051;51.179
3.759;4.04;51.184
3.774;4.026;51.191
3.731;4.078;51.17
3.739;4.066;51.174
3.766;4.036;51.188
3.624;4.181;51.117
3.672;4.132;51.142
3.693;4.115;51.152
3.714;4.096;51.163
3.718;4.094;51.165
3.722;4.088;51.167
3.727;4.084;51.17
3.772;4.033;51.193
3.68;4.123;51.147
3.696;4.109;51.155
3.704;4.099;51.159
3.598;4.201;51.106
3.608;4.192;51.111
3.64;4.165;51.128
3.651;4.15;51.133
3.657;4.147;51.137
3.661;4.14;51.138
3.668;4.139;51.142
3.686;4.12;51.151
3.699;4.104;51.158
3.642;4.159;51.13
3.714;4.091;51.167
3.603;4.198;51.111
3.614;4.189;51.117
3.622;4.187;51.121
3.586;4.22;51.104
3.588;4.21;51.105
3.594;4.204;51.108
3.628;4.185;51.125
3.732;4.071;51.179
3.577;4.22;51.1
3.763;4.036;51.196
3.6;4.204;51.114
3.65;4.151;51.139
3.66;4.139;51.145
3.727;4.077;51.179
3.736;4.068;51.184
3.742;4.055;51.187
3.747;4.05;51.19
3.755;4.041;51.194
3.702;4.099;51.167
3.708;4.095;51.171
3.711;4.091;51.172
3.718;4.087;51.176
3.722;4.082;51.178
3.737;4.059;51.186
3.627;4.185;51.13
3.666;4.132;51.15
3.673;4.129;51.154
3.684;4.119;51.16
3.693;4.11;51.164
3.697;4.105;51.166
3.733;4.073;51.185
3.598;4.204;51.116
3.641;4.162;51.138
3.663;4.138;51.15
3.68;4.126;51.159
3.688;4.115;51.163
3.608;4.195;51.123
3.619;4.188;51.128
3.626;4.178;51.132
3.637;4.167;51.138
3.646;4.158;51.142
3.655;4.15;51.147
3.66;4.145;51.15
3.568;4.223;51.103
3.627;4.169;51.134
3.565;4.23;51.103
3.583;4.21;51.112
3.608;4.189;51.125
3.649;4.155;51.147
3.744;4.051;51.196
3.56;4.235;51.102
3.573;4.219;51.108
3.592;4.201;51.118
3.604;4.193;51.124
3.622;4.172;51.134
3.554;4.238;51.1
3.578;4.214;51.112
3.61;4.182;51.129
3.617;4.179;51.133
3.723;4.077;51.188
3.727;4.072;51.19
3.57;4.227;51.109
3.699;4.101;51.177
3.732;4.068;51.194
3.734;4.061;51.195
3.74;4.057;51.198
3.689;4.111;51.173
3.693;4.106;51.175
3.703;4.097;51.18
3.707;4.091;51.182
3.713;4.087;51.185
3.671;4.13;51.165
3.676;4.125;51.167
3.68;4.121;51.17
3.685;4.116;51.172
3.716;4.081;51.188
3.64;4.157;51.15
3.651;4.149;51.156
3.659;4.139;51.16
3.614;4.179;51.138
3.634;4.161;51.148
3.665;4.135;51.164
3.589;4.202;51.126
3.597;4.198;51.13
3.604;4.189;51.134
3.608;4.182;51.136
3.62;4.175;51.142
3.63;4.165;51.147
3.644;4.152;51.155
3.698;4.103;51.183
3.546;4.243;51.104
3.567;4.227;51.116
3.581;4.212;51.123
3.586;4.207;51.125
3.602;4.193;51.134
3.55;4.239;51.108
3.561;4.231;51.114
3.569;4.221;51.118
3.577;4.217;51.122
3.708;4.062;51.191
3.532;4.258;51.1
3.54;4.247;51.104
3.626;4.175;51.149
3.643;4.153;51.158
3.686;4.109;51.181
3.704;4.092;51.19
3.634;4.162;51.154
3.699;4.095;51.189
3.707;4.07;51.193
3.717;4.071;51.198
3.536;4.251;51.104
3.648;4.15;51.163
3.66;4.142;51.169
3.682;4.117;51.181
3.695;4.1;51.188
3.708;4.087;51.194
3.526;4.263;51.1
3.569;4.22;51.123
3.611;4.181;51.145
3.662;4.137;51.172
3.667;4.129;51.175
3.673;4.121;51.178
3.587;4.203;51.134
3.637;4.158;51.16
3.646;4.155;51.165
3.655;4.147;51.17
3.686;4.115;51.186
3.707;4.094;51.197
3.602;4.189;51.143
3.619;4.178;51.152
3.629;4.168;51.157
3.558;4.232;51.121
3.578;4.213;51.132
3.583;4.208;51.134
3.598;4.196;51.142
3.609;4.187;51.148
3.633;4.164;51.161
3.693;4.1;51.192
3.576;4.218;51.132
3.591;4.199;51.14
3.523;4.263;51.105
3.544;4.245;51.116
3.548;4.239;51.118
3.553;4.234;51.121
3.614;4.184;51.153
3.672;4.122;51.184
3.528;4.258;51.109
3.531;4.252;51.111
3.537;4.249;51.114
3.656;4.142;51.177
3.69;4.11;51.195
3.509;4.275;51.1
3.513;4.273;51.102
3.601;4.192;51.149
3.678;4.118;51.189
3.686;4.113;51.194
3.696;4.097;51.199
3.519;4.269;51.107
3.558;4.233;51.128
3.636;4.16;51.169
3.658;4.137;51.18
3.674;4.123;51.189
3.692;4.106;51.198
3.575;4.212;51.138
3.644;4.15;51.174
3.651;4.147;51.178
3.669;4.126;51.187
3.574;4.219;51.138
3.592;4.202;51.148
3.607;4.19;51.156
3.62;4.176;51.163
3.624;4.17;51.165
3.64;4.155;51.174
3.597;4.199;51.152
3.612;4.185;51.16
3.617;4.179;51.162
3.631;4.166;51.17
3.533;4.253;51.119
3.559;4.234;51.133
3.58;4.21;51.144
3.587;4.205;51.148
3.553;4.233;51.131
3.57;4.228;51.14
3.603;4.195;51.158
3.526;4.252;51.118
3.543;4.249;51.127
3.56;4.231;51.136
3.634;4.162;51.176
3.652;4.141;51.185
3.661;4.131;51.19
3.515;4.269;51.114
3.523;4.257;51.118
3.546;4.245;51.13
3.489;4.294;51.101
3.495;4.287;51.104
3.5;4.281;51.107
3.505;4.277;51.11
3.51;4.272;51.112
3.521;4.266;51.118
3.534;4.255;51.125
3.573;4.225;51.146
3.665;4.128;51.195
3.64;4.151;51.183
3.647;4.148;51.186
3.656;4.137;51.191
3.67;4.124;51.199
3.588;4.203;51.156
3.614;4.181;51.17
3.623;4.171;51.175
3.629;4.167;51.178
3.638;4.158;51.183
3.487;4.292;51.104
3.536;4.254;51.13
3.592;4.199;51.16
3.604;4.191;51.166
3.609;4.186;51.169
3.62;4.177;51.175
3.633;4.163;51.182
3.652;4.143;51.192
3.661;4.134;51.196
3.576;4.21;51.153
3.6;4.194;51.165
3.507;4.273;51.117
3.531;4.254;51.13
3.553;4.235;51.142
3.566;4.226;51.148
3.574;4.219;51.153
3.583;4.207;51.158
3.572;4.224;51.153
3.478;4.292;51.104
3.516;4.266;51.125
3.538;4.247;51.136
3.546;4.238;51.141
3.59;4.205;51.164
3.577;4.214;51.158
3.494;4.286;51.115
3.496;4.283;51.116
3.502;4.279;51.119
3.509;4.276;51.123
3.514;4.271;51.126
3.541;4.243;51.14
3.55;4.23;51.145
3.475;4.298;51.106
3.483;4.289;51.11
3.52;4.251;51.131
3.6;4.192;51.173
3.623;4.173;51.186
3.634;4.159;51.191
3.641;4.156;51.195
3.644;4.149;51.197
3.464;4.307;51.102
3.468;4.302;51.104
3.498;4.285;51.12
3.593;4.203;51.171
3.617;4.178;51.184
3.627;4.17;51.189
3.631;4.164;51.191
3.479;4.294;51.111
3.513;4.263;51.129
3.547;4.231;51.147
3.554;4.222;51.151
3.559;4.223;51.154
3.606;4.189;51.179
3.613;4.184;51.183
3.52;4.252;51.134
3.57;4.225;51.161
3.579;4.211;51.166
3.589;4.207;51.171
3.592;4.198;51.173
3.552;4.228;51.153
3.506;4.275;51.129
3.527;4.248;51.14
3.543;4.237;51.149
3.561;4.226;51.159
3.572;4.221;51.165
3.496;4.287;51.125
3.528;4.243;51.142
3.466;4.303;51.11
3.507;4.269;51.133
3.623;4.171;51.195
3.497;4.278;51.128
3.515;4.265;51.138
3.524;4.258;51.142
3.53;4.254;51.146
3.533;4.239;51.148
3.549;4.234;51.156
3.606;4.189;51.187
3.614;4.18;51.191
3.471;4.301;51.116
3.477;4.296;51.119
3.479;4.288;51.12
3.52;4.263;51.142
3.533;4.232;51.149
3.571;4.212;51.17
3.456;4.312;51.108
3.461;4.308;51.111
3.489;4.282;51.128
3.5;4.273;51.134
3.568;4.216;51.171
3.577;4.21;51.175
3.584;4.206;51.179
3.586;4.201;51.18
3.592;4.199;51.183
3.603;4.197;51.189
3.609;4.186;51.193
3.618;4.176;51.197
3.505;4.271;51.138
3.532;4.232;51.152
3.441;4.326;51.104
3.448;4.326;51.108
3.536;4.232;51.156
3.55;4.229;51.163
3.556;4.227;51.166
3.565;4.226;51.171
3.573;4.215;51.176
3.615;4.183;51.198
3.43;4.334;51.1
3.545;4.233;51.162
3.605;4.194;51.195
3.497;4.273;51.137
3.52;4.259;51.15
3.526;4.255;51.153
3.529;4.249;51.154
3.511;4.267;51.146
3.538;4.235;51.161
3.467;4.301;51.124
3.478;4.29;51.129
3.484;4.287;51.133
3.492;4.277;51.137
3.509;4.274;51.146
3.439;4.326;51.11
3.446;4.325;51.113
3.459;4.311;51.12
3.487;4.281;51.135
3.513;4.263;51.15
3.532;4.244;51.16
3.575;4.211;51.183
3.59;4.201;51.191
3.449;4.319;51.116
3.464;4.307;51.124
3.473;4.297;51.129
3.539;4.24;51.165
3.547;4.229;51.169
3.6;4.199;51.198
3.454;4.314;51.12
3.513;4.263;51.152
3.421;4.338;51.103
3.426;4.334;51.106
3.431;4.329;51.109
3.57;4.218;51.184
3.587;4.203;51.194
3.433;4.323;51.111
3.438;4.321;51.114
3.469;4.303;51.131
3.484;4.279;51.139
3.506;4.274;51.151
3.543;4.238;51.171
3.553;4.228;51.176
3.562;4.227;51.182
3.577;4.214;51.189
3.595;4.203;51.199
3.491;4.278;51.144
3.523;4.257;51.162
3.526;4.25;51.163
3.418;4.346;51.105
3.534;4.247;51.169
3.541;4.244;51.172
3.564;4.221;51.185
3.475;4.292;51.138
3.505;4.266;51.154
3.514;4.263;51.159
3.518;4.261;51.161
3.548;4.235;51.178
3.468;4.303;51.135
3.471;4.299;51.137
3.479;4.288;51.141
3.499;4.271;51.152
3.518;4.252;51.163
3.451;4.314;51.127
3.462;4.305;51.133
3.487;4.285;51.147
3.494;4.284;51.151
3.551;4.232;51.182
3.561;4.23;51.187
3.563;4.222;51.188
3.579;4.209;51.197
3.443;4.317;51.124
3.523;4.252;51.168
3.569;4.22;51.193
3.423;4.336;51.114
3.434;4.328;51.12
3.437;4.322;51.122
3.453;4.311;51.131
3.401;4.349;51.104
3.414;4.345;51.111
3.426;4.332;51.117
3.558;4.235;51.19
3.564;4.227;51.193
3.574;4.215;51.199
3.408;4.348;51.109
3.418;4.34;51.114
3.446;4.313;51.129
3.463;4.303;51.139
3.514;4.259;51.167
3.548;4.237;51.185
3.391;4.362;51.101
3.398;4.359;51.104
3.531;4.25;51.178
3.538;4.247;51.181
3.541;4.24;51.183
3.561;4.234;51.194
3.446;4.313;51.132
3.52;4.257;51.173
3.527;4.254;51.177
3.452;4.311;51.136
3.477;4.29;51.15
3.485;4.289;51.155
3.491;4.285;51.158
3.503;4.268;51.165
3.467;4.299;51.146
3.493;4.279;51.161
3.425;4.333;51.125
3.457;4.3;51.142
3.474;4.296;51.151
3.515;4.264;51.174
3.434;4.322;51.131
3.439;4.319;51.133
3.389;4.363;51.107
3.414;4.34;51.121
3.43;4.329;51.13
3.539;4.241;51.19
3.555;4.229;51.199
3.397;4.361;51.112
3.404;4.349;51.117
3.523;4.254;51.182
3.545;4.236;51.194
3.421;4.337;51.127
3.495;4.272;51.168
3.527;4.25;51.186
3.55;4.234;51.199
3.477;4.291;51.159
3.508;4.271;51.177
3.517;4.258;51.182
3.533;4.244;51.19
3.368;4.389;51.1
3.376;4.38;51.105
3.4;4.357;51.118
3.455;4.301;51.149
3.383;4.376;51.11
3.392;4.365;51.115
3.461;4.302;51.153
3.483;4.288;51.165
3.497;4.274;51.173
3.539;4.243;51.196
3.373;4.385;51.106
3.457;4.308;51.152
3.488;4.285;51.169
3.49;4.278;51.171
3.435;4.322;51.141
3.445;4.322;51.147
3.458;4.315;51.154
3.47;4.306;51.161
3.47;4.297;51.161
3.396;4.362;51.121
3.454;4.318;51.153
3.461;4.307;51.157
3.478;4.294;51.166
3.403;4.352;51.126
3.412;4.342;51.131
3.418;4.338;51.134
3.427;4.33;51.139
3.443;4.323;51.148
3.449;4.323;51.151
3.518;4.252;51.19
3.523;4.249;51.192
3.407;4.346;51.129
3.385;4.372;51.118
3.398;4.358;51.126
3.513;4.258;51.19
3.53;4.248;51.199
3.358;4.403;51.105
3.364;4.39;51.108
3.375;4.382;51.114
3.39;4.369;51.123
3.485;4.278;51.175
3.488;4.271;51.177
3.509;4.264;51.188
3.372;4.388;51.114
3.38;4.378;51.118
3.395;4.366;51.127
3.501;4.273;51.186
3.506;4.27;51.188
3.52;4.255;51.196
3.346;4.41;51.1
3.361;4.399;51.109
3.405;4.355;51.133
3.478;4.29;51.174
3.483;4.285;51.177
3.494;4.272;51.183
3.352;4.405;51.105
3.359;4.404;51.109
3.41;4.343;51.137
3.458;4.308;51.165
3.366;4.394;51.116
3.383;4.373;51.125
3.398;4.36;51.133
3.433;4.327;51.153
3.441;4.319;51.157
3.45;4.31;51.162
3.47;4.292;51.174
3.386;4.372;51.128
3.406;4.349;51.139
3.422;4.337;51.148
3.43;4.336;51.153
3.438;4.325;51.157
3.509;4.259;51.197
3.397;4.37;51.135
3.414;4.34;51.145
3.494;4.27;51.189
3.404;4.357;51.14
3.411;4.347;51.144
3.345;4.412;51.109
3.354;4.402;51.114
3.377;4.379;51.126
3.47;4.303;51.178
3.494;4.277;51.192
3.5;4.268;51.195
3.367;4.388;51.122
3.371;4.383;51.124
3.401;4.367;51.141
3.471;4.297;51.18
3.482;4.29;51.186
3.49;4.287;51.191
3.358;4.398;51.119
3.384;4.374;51.133
3.392;4.375;51.137
3.472;4.29;51.182
3.494;4.283;51.195
3.341;4.419;51.11
3.348;4.407;51.114
3.363;4.395;51.122
3.445;4.31;51.169
3.461;4.306;51.177
3.495;4.278;51.196
3.332;4.421;51.106
3.43;4.339;51.161
3.442;4.315;51.168
3.454;4.311;51.175
3.463;4.298;51.18
3.324;4.43;51.103
3.353;4.404;51.119
3.405;4.352;51.148
3.418;4.342;51.156
3.434;4.325;51.165
3.465;4.291;51.182
3.321;4.436;51.102
3.368;4.383;51.129
3.41;4.348;51.152
3.409;4.34;51.152
3.437;4.318;51.168
3.367;4.39;51.13
3.376;4.381;51.134
3.401;4.359;51.149
3.419;4.344;51.159
3.43;4.331;51.165
3.396;4.365;51.147
3.426;4.345;51.164
3.489;4.281;51.199
3.33;4.423;51.111
3.38;4.377;51.139
3.39;4.369;51.145
3.408;4.355;51.155
3.43;4.343;51.167
3.447;4.312;51.177
3.463;4.291;51.186
3.485;4.285;51.198
3.322;4.431;51.108
3.374;4.388;51.137
3.386;4.374;51.144
3.461;4.298;51.186
3.468;4.29;51.19
3.339;4.42;51.119
3.346;4.408;51.123
3.356;4.403;51.128
3.362;4.397;51.131
3.411;4.353;51.159
3.418;4.343;51.163
3.428;4.33;51.169
3.455;4.312;51.184
3.477;4.29;51.196
3.352;4.404;51.127
3.371;4.396;51.138
3.376;4.388;51.141
3.434;4.32;51.174
3.328;4.43;51.115
3.342;4.416;51.123
3.41;4.355;51.161
3.45;4.314;51.184
3.456;4.306;51.187
3.472;4.294;51.196
3.335;4.426;51.12
3.427;4.337;51.172
3.432;4.328;51.175
3.441;4.317;51.18
3.308;4.442;51.106
3.323;4.435;51.115
3.404;4.341;51.16
3.413;4.346;51.166
3.423;4.346;51.171
3.428;4.336;51.174
3.3;4.447;51.103
3.396;4.36;51.157
3.404;4.357;51.162
3.405;4.348;51.163
3.303;4.442;51.106
3.344;4.412;51.129
3.383;4.375;51.151
3.387;4.369;51.153
3.378;4.379;51.149
3.391;4.364;51.157
3.458;4.302;51.195
3.296;4.458;51.104
3.353;4.402;51.137
3.369;4.396;51.146
3.372;4.394;51.148
3.374;4.388;51.148
3.441;4.312;51.186
3.445;4.312;51.189
3.464;4.298;51.199
3.288;4.464;51.101
3.351;4.407;51.136
3.36;4.399;51.142
3.372;4.392;51.148
3.426;4.345;51.179
3.292;4.463;51.104
3.3;4.443;51.109
3.334;4.42;51.128
3.437;4.318;51.187
3.32;4.433;51.122
3.331;4.427;51.128
3.339;4.418;51.132
3.405;4.35;51.17
3.41;4.35;51.173
3.433;4.334;51.186
3.446;4.315;51.193
3.453;4.307;51.197
3.313;4.437;51.119
3.323;4.432;51.124
3.348;4.415;51.139
3.427;4.338;51.184
3.433;4.327;51.187
3.297;4.449;51.111
3.305;4.44;51.115
3.395;4.36;51.167
3.4;4.357;51.169
3.279;4.471;51.102
3.383;4.371;51.161
3.413;4.353;51.178
3.418;4.339;51.181
3.431;4.328;51.188
3.441;4.325;51.194
3.286;4.467;51.107
3.292;4.458;51.111
3.316;4.433;51.124
3.335;4.423;51.135
3.352;4.402;51.144
3.368;4.392;51.154
3.375;4.378;51.158
3.392;4.369;51.168
3.271;4.472;51.1
3.302;4.448;51.117
3.308;4.445;51.121
3.408;4.355;51.178
3.35;4.41;51.146
3.355;4.399;51.149
3.373;4.389;51.159
3.38;4.375;51.163
3.406;4.363;51.178
3.29;4.464;51.113
3.362;4.394;51.154
3.396;4.363;51.173
3.433;4.33;51.195
3.314;4.433;51.128
3.335;4.425;51.14
3.344;4.414;51.145
3.369;4.393;51.159
3.377;4.384;51.164
3.388;4.374;51.17
3.264;4.485;51.1
3.305;4.443;51.124
3.321;4.432;51.133
3.326;4.428;51.136
3.337;4.418;51.142
3.353;4.408;51.152
3.423;4.329;51.192
3.39;4.368;51.174
3.405;4.366;51.182
3.418;4.332;51.19
3.433;4.333;51.199
3.275;4.471;51.109
3.294;4.452;51.12
3.301;4.449;51.124
3.382;4.379;51.17
3.41;4.345;51.187
3.414;4.337;51.189
3.284;4.47;51.116
3.291;4.457;51.12
3.306;4.443;51.128
3.318;4.436;51.135
3.356;4.402;51.157
3.401;4.356;51.183
3.406;4.35;51.186
3.33;4.422;51.143
3.371;4.389;51.167
3.378;4.387;51.171
3.396;4.368;51.181
3.29;4.469;51.122
3.329;4.423;51.144
3.399;4.36;51.184
3.256;4.489;51.103
3.262;4.486;51.107
3.266;4.479;51.109
3.295;4.465;51.126
3.334;4.42;51.148
3.386;4.377;51.178
3.391;4.374;51.181
3.422;4.338;51.199
3.272;4.475;51.114
3.351;4.409;51.159
3.36;4.398;51.164
3.366;4.394;51.168
3.246;4.498;51.1
3.278;4.476;51.118
3.318;4.433;51.142
3.339;4.416;51.154
3.344;4.411;51.156
3.412;4.34;51.195
3.31;4.443;51.138
3.325;4.43;51.147
3.356;4.404;51.165
3.397;4.359;51.188
3.403;4.349;51.192
3.294;4.464;51.13
3.264;4.482;51.114
3.288;4.466;51.128
3.296;4.459;51.132
3.298;4.45;51.134
3.331;4.424;51.152
3.277;4.475;51.123
3.305;4.446;51.139
3.336;4.423;51.157
3.401;4.356;51.194
3.278;4.467;51.124
3.342;4.412;51.162
3.359;4.4;51.171
3.385;4.381;51.186
3.391;4.377;51.189
3.391;4.366;51.19
3.237;4.502;51.102
3.311;4.445;51.145
3.369;4.392;51.178
3.373;4.389;51.181
3.382;4.387;51.186
3.397;4.364;51.195
3.405;4.357;51.199
3.251;4.491;51.111
3.268;4.48;51.121
3.276;4.46;51.126
3.29;4.463;51.134
3.349;4.411;51.168
3.364;4.395;51.177
3.338;4.419;51.163
3.354;4.407;51.172
3.241;4.499;51.108
3.248;4.496;51.112
3.259;4.487;51.119
3.272;4.464;51.126
3.27;4.459;51.125
3.314;4.44;51.15
3.321;4.431;51.155
3.232;4.507;51.104
3.237;4.504;51.107
3.264;4.484;51.122
3.296;4.452;51.141
3.328;4.427;51.16
3.345;4.416;51.17
3.359;4.404;51.178
3.385;4.381;51.192
3.392;4.367;51.196
3.224;4.511;51.1
3.268;4.452;51.126
3.334;4.426;51.164
3.288;4.463;51.139
3.3;4.447;51.146
3.311;4.446;51.152
3.317;4.437;51.156
3.27;4.457;51.129
3.286;4.464;51.139
3.292;4.459;51.142
3.347;4.412;51.174
3.388;4.379;51.198
3.267;4.451;51.129
3.314;4.445;51.156
3.323;4.433;51.161
3.338;4.422;51.17
3.379;4.387;51.194
3.26;4.482;51.126
3.265;4.479;51.129
3.276;4.47;51.136
3.363;4.4;51.186
3.367;4.394;51.188
3.371;4.39;51.191
3.25;4.498;51.122
3.272;4.477;51.135
3.282;4.462;51.14
3.297;4.456;51.149
3.354;4.411;51.182
3.357;4.405;51.184
3.383;4.383;51.199
3.25;4.491;51.123
3.256;4.49;51.126
3.312;4.442;51.159
3.328;4.431;51.168
3.343;4.418;51.177
3.215;4.513;51.104
3.236;4.502;51.116
3.248;4.507;51.123
3.251;4.501;51.125
3.26;4.485;51.13
3.272;4.459;51.137
3.315;4.44;51.162
3.333;4.428;51.172
3.349;4.415;51.182
3.229;4.507;51.113
3.231;4.502;51.114
3.279;4.462;51.142
3.325;4.437;51.169
3.251;4.506;51.127
3.308;4.45;51.16
3.206;4.523;51.102
3.21;4.518;51.104
3.219;4.511;51.11
3.263;4.482;51.135
3.299;4.45;51.156
3.338;4.426;51.179
3.368;4.389;51.196
3.202;4.525;51.101
3.313;4.447;51.166
3.36;4.402;51.193
3.271;4.472;51.142
3.281;4.469;51.148
3.288;4.459;51.152
3.295;4.455;51.156
3.319;4.445;51.171
3.229;4.503;51.119
3.35;4.41;51.19
3.363;4.398;51.198
3.26;4.486;51.139
3.269;4.485;51.143
3.27;4.479;51.144
3.284;4.465;51.153
3.324;4.44;51.176
3.355;4.406;51.194
3.22;4.513;51.116
3.246;4.493;51.132
3.252;4.491;51.135
3.341;4.421;51.187
3.346;4.417;51.19
3.243;4.497;51.131
3.276;4.473;51.15
3.329;4.432;51.182
3.336;4.428;51.186
3.242;4.505;51.131
3.297;4.452;51.164
3.304;4.452;51.168
3.312;4.45;51.172
3.327;4.438;51.182
3.333;4.433;51.185
3.225;4.508;51.122
3.232;4.505;51.127
3.287;4.46;51.159
3.293;4.456;51.163
3.319;4.446;51.178
3.35;4.413;51.196
3.193;4.531;51.105
3.214;4.517;51.118
3.221;4.514;51.121
3.278;4.472;51.155
3.201;4.523;51.111
3.206;4.52;51.114
3.285;4.469;51.16
3.301;4.457;51.17
3.196;4.526;51.109
3.268;4.481;51.152
3.315;4.453;51.179
3.338;4.421;51.193
3.181;4.541;51.101
3.31;4.454;51.178
3.328;4.431;51.188
3.236;4.504;51.135
3.241;4.493;51.138
3.251;4.492;51.144
3.272;4.476;51.157
3.291;4.465;51.168
3.297;4.464;51.171
3.256;4.488;51.148
3.263;4.484;51.153
3.281;4.473;51.163
3.176;4.546;51.103
3.221;4.509;51.129
3.236;4.497;51.137
3.335;4.427;51.196
3.198;4.523;51.117
3.233;4.502;51.137
3.247;4.496;51.145
3.269;4.484;51.158
3.23;4.508;51.137
3.312;4.454;51.185
3.317;4.449;51.188
3.319;4.441;51.189
3.324;4.439;51.192
3.331;4.434;51.196
3.211;4.519;51.126
3.251;4.494;51.15
3.295;4.465;51.176
3.3;4.46;51.179
3.307;4.456;51.183
3.194;4.53;51.118
3.204;4.522;51.123
3.265;4.478;51.16
3.275;4.473;51.166
3.289;4.465;51.174
3.188;4.533;51.115
3.218;4.517;51.133
3.225;4.514;51.137
3.271;4.478;51.165
3.281;4.469;51.17
3.176;4.541;51.109
3.184;4.538;51.114
3.2;4.525;51.124
3.262;4.488;51.162
3.266;4.485;51.164
3.277;4.474;51.17
3.168;4.56;51.107
3.172;4.546;51.11
3.243;4.497;51.152
3.254;4.489;51.158
3.157;4.568;51.102
3.167;4.569;51.107
3.253;4.5;51.159
3.257;4.497;51.161
3.317;4.443;51.197
3.227;4.51;51.145
3.235;4.499;51.149
3.158;4.573;51.105
3.161;4.574;51.106
3.178;4.544;51.116
3.218;4.522;51.141
3.231;4.507;51.148
3.291;4.463;51.184
3.309;4.455;51.195
3.312;4.448;51.196
3.177;4.543;51.117
3.207;4.52;51.135
3.222;4.516;51.144
3.302;4.455;51.192
3.168;4.559;51.113
3.191;4.531;51.127
3.277;4.47;51.178
3.294;4.46;51.188
3.183;4.542;51.123
3.196;4.527;51.131
3.197;4.519;51.132
3.215;4.524;51.142
3.254;4.498;51.166
3.267;4.482;51.173
3.284;4.465;51.183
3.288;4.462;51.186
3.188;4.537;51.128
3.265;4.483;51.173
3.276;4.478;51.18
3.17;4.547;51.118
3.223;4.511;51.15
3.161;4.568;51.113
3.178;4.546;51.124
3.25;4.501;51.167
3.257;4.486;51.171
3.273;4.484;51.181
3.164;4.56;51.117
3.164;4.55;51.117
3.233;4.5;51.158
3.249;4.488;51.168
3.279;4.473;51.185
3.137;4.571;51.102
3.153;4.567;51.111
3.231;4.509;51.158
3.293;4.46;51.195
3.143;4.568;51.107
3.188;4.54;51.134
3.189;4.533;51.134
3.236;4.498;51.162
3.258;4.483;51.176
3.18;4.541;51.13
3.193;4.531;51.138
3.205;4.53;51.145
3.221;4.518;51.154
3.136;4.58;51.105
3.208;4.526;51.148
3.212;4.52;51.15
3.276;4.472;51.188
3.282;4.471;51.192
3.132;4.585;51.104
3.153;4.562;51.116
3.162;4.553;51.121
3.256;4.482;51.178
3.261;4.481;51.181
3.139;4.574;51.109
3.17;4.551;51.127
3.2;4.535;51.145
3.271;4.479;51.188
3.277;4.476;51.192
3.287;4.466;51.198
3.184;4.548;51.137
3.189;4.546;51.14
3.191;4.538;51.141
3.231;4.502;51.166
3.252;4.487;51.178
3.175;4.549;51.133
3.266;4.484;51.188
3.141;4.573;51.114
3.222;4.512;51.162
3.235;4.499;51.17
3.243;4.496;51.175
3.243;4.487;51.175
3.15;4.562;51.12
3.158;4.559;51.125
3.165;4.555;51.129
3.228;4.511;51.167
3.261;4.486;51.187
3.253;4.493;51.183
3.258;4.495;51.187
3.117;4.59;51.103
3.14;4.575;51.117
3.146;4.567;51.12
3.231;4.505;51.172
3.258;4.493;51.188
3.117;4.595;51.104
3.12;4.588;51.106
3.127;4.586;51.11
3.13;4.578;51.112
3.168;4.553;51.134
3.208;4.519;51.159
3.215;4.515;51.163
3.242;4.506;51.179
3.133;4.572;51.115
3.144;4.573;51.122
3.188;4.537;51.148
3.198;4.536;51.154
3.2;4.53;51.155
3.205;4.527;51.158
3.15;4.564;51.126
3.243;4.492;51.183
3.269;4.48;51.198
3.111;4.595;51.104
3.171;4.552;51.14
3.257;4.489;51.192
3.264;4.485;51.196
3.133;4.573;51.118
3.156;4.563;51.132
3.162;4.557;51.136
3.13;4.573;51.118
3.182;4.54;51.149
3.24;4.498;51.184
3.249;4.495;51.19
3.251;4.492;51.191
3.238;4.506;51.184
3.125;4.594;51.117
3.144;4.576;51.128
3.152;4.568;51.133
3.166;4.554;51.142
3.207;4.521;51.167
3.229;4.507;51.18
3.15;4.575;51.134
3.226;4.517;51.179
3.116;4.592;51.114
3.124;4.587;51.119
3.128;4.58;51.121
3.135;4.576;51.125
3.18;4.542;51.153
3.195;4.529;51.162
3.203;4.526;51.167
3.211;4.517;51.172
3.156;4.563;51.139
3.169;4.552;51.147
3.194;4.545;51.162
3.224;4.511;51.181
3.24;4.502;51.19
3.108;4.597;51.111
3.116;4.594;51.116
3.194;4.537;51.164
3.249;4.491;51.197
3.185;4.541;51.16
3.246;4.5;51.197
3.097;4.605;51.107
3.102;4.603;51.11
3.147;4.575;51.137
3.173;4.555;51.153
3.176;4.549;51.155
3.207;4.523;51.174
3.09;4.609;51.104
3.148;4.567;51.14
3.161;4.56;51.147
3.167;4.553;51.151
3.222;4.512;51.185
3.235;4.505;51.193
3.242;4.503;51.198
3.126;4.58;51.128
3.155;4.564;51.146
3.227;4.51;51.19
3.139;4.575;51.137
3.201;4.531;51.176
3.21;4.519;51.181
3.218;4.516;51.186
3.121;4.587;51.129
3.129;4.577;51.134
3.141;4.572;51.141
3.183;4.54;51.167
3.076;4.624;51.102
3.082;4.613;51.106
3.115;4.592;51.126
3.191;4.538;51.173
3.198;4.536;51.177
3.097;4.602;51.116
3.156;4.56;51.153
3.078;4.619;51.106
3.089;4.609;51.113
3.103;4.6;51.121
3.111;4.597;51.126
3.125;4.584;51.135
3.14;4.572;51.144
3.162;4.56;51.158
3.171;4.559;51.164
3.179;4.546;51.169
3.065;4.623;51.1
3.092;4.605;51.117
3.189;4.544;51.176
3.199;4.531;51.182
3.076;4.626;51.108
3.13;4.58;51.141
3.146;4.571;51.152
3.152;4.566;51.155
3.168;4.565;51.165
3.177;4.556;51.17
3.208;4.519;51.189
3.223;4.508;51.198
3.084;4.627;51.115
3.162;4.565;51.162
3.207;4.53;51.19
3.214;4.518;51.194
3.059;4.629;51.1
3.067;4.624;51.105
3.091;4.619;51.12
3.134;4.577;51.146
3.22;4.516;51.199
3.11;4.593;51.132
3.126;4.591;51.142
3.141;4.575;51.152
3.194;4.538;51.185
3.132;4.588;51.148
3.172;4.552;51.172
3.188;4.54;51.182
3.209;4.527;51.195
3.056;4.638;51.102
3.107;4.593;51.133
3.118;4.592;51.14
3.184;4.544;51.181
3.202;4.537;51.192
3.087;4.624;51.122
3.115;4.594;51.139
3.168;4.557;51.172
3.092;4.608;51.127
3.093;4.601;51.127
3.144;4.572;51.159
3.163;4.562;51.17
3.081;4.627;51.121
3.089;4.618;51.126
3.097;4.598;51.131
3.159;4.565;51.169
3.149;4.568;51.164
3.163;4.564;51.173
3.172;4.554;51.178
3.187;4.542;51.188
3.064;4.623;51.113
3.139;4.574;51.159
3.146;4.574;51.163
3.203;4.531;51.199
3.058;4.629;51.11
3.072;4.627;51.119
3.083;4.622;51.125
3.129;4.584;51.154
3.192;4.542;51.193
3.041;4.644;51.101
3.053;4.638;51.108
3.057;4.623;51.111
3.092;4.601;51.132
3.133;4.578;51.157
3.044;4.641;51.104
3.063;4.623;51.115
3.122;4.585;51.152
3.19;4.543;51.194
3.069;4.622;51.12
3.113;4.589;51.148
3.174;4.55;51.186
3.182;4.546;51.19
3.035;4.647;51.1
3.097;4.599;51.139
3.105;4.596;51.144
3.146;4.571;51.17
3.16;4.561;51.178
3.165;4.561;51.181
3.064;4.616;51.119
3.109;4.594;51.147
3.14;4.572;51.167
3.156;4.568;51.177
3.17;4.557;51.186
3.065;4.613;51.121
3.086;4.616;51.135
3.089;4.609;51.136
3.132;4.579;51.163
3.038;4.643;51.106
3.055;4.628;51.117
3.07;4.62;51.126
3.092;4.605;51.14
3.03;4.656;51.102
3.076;4.626;51.131
3.078;4.618;51.132
3.106;4.603;51.15
3.108;4.603;51.151
3.137;4.577;51.169
3.154;4.576;51.179
3.159;4.564;51.182
3.035;4.642;51.107
3.111;4.589;51.154
3.168;4.566;51.189
3.171;4.552;51.191
3.05;4.642;51.117
3.068;4.628;51.128
3.099;4.603;51.147
3.119;4.588;51.16
3.127;4.585;51.165
3.145;4.577;51.176
3.042;4.642;51.113
3.056;4.628;51.122
3.171;4.557;51.194
3.055;4.637;51.122
3.107;4.604;51.155
3.134;4.585;51.172
3.11;4.6;51.158
3.116;4.594;51.161
3.156;4.572;51.186
3.023;4.658;51.105
3.029;4.655;51.109
3.033;4.649;51.111
3.039;4.644;51.115
3.047;4.644;51.12
3.124;4.595;51.168
3.09;4.609;51.148
3.099;4.606;51.153
3.156;4.573;51.189
3.159;4.57;51.191
3.167;4.565;51.196
3.013;4.659;51.101
3.083;4.611;51.144
3.15;4.575;51.187
3.072;4.619;51.139
3.076;4.61;51.141
3.133;4.584;51.177
3.057;4.629;51.131
3.136;4.583;51.18
3.14;4.58;51.183
3.063;4.626;51.136
3.068;4.623;51.139
3.108;4.6;51.164
3.124;4.598;51.174
3.037;4.649;51.12
3.048;4.641;51.128
3.053;4.639;51.131
3.065;4.623;51.138
3.115;4.6;51.169
3.125;4.588;51.176
3.013;4.662;51.106
3.046;4.648;51.127
3.131;4.58;51.181
3.059;4.637;51.138
3.124;4.582;51.179
3.15;4.57;51.195
3.02;4.661;51.115
3.028;4.658;51.119
3.033;4.655;51.123
3.089;4.612;51.158
3.094;4.605;51.161
3.102;4.603;51.166
3.069;4.62;51.146
3.083;4.625;51.155
3.099;4.603;51.165
3.111;4.603;51.173
2.993;4.669;51.1
3.009;4.67;51.11
3.043;4.654;51.131
3.048;4.642;51.134
3.063;4.621;51.144
3.085;4.618;51.158
3.132;4.582;51.188
3.145;4.577;51.196
3.151;4.574;51.199
3.0;4.669;51.105
3.077;4.624;51.154
3.121;4.591;51.182
3.139;4.583;51.193
3.142;4.584;51.195
3.017;4.669;51.117
3.113;4.602;51.178
3.136;4.581;51.192
3.052;4.64;51.14
3.057;4.639;51.144
3.057;4.626;51.144
3.068;4.628;51.151
3.088;4.612;51.165
3.117;4.597;51.183
3.128;4.588;51.19
2.991;4.678;51.104
3.04;4.656;51.136
3.044;4.648;51.138
2.997;4.675;51.109
3.093;4.611;51.17
3.1;4.606;51.175
3.108;4.605;51.18
3.002;4.673;51.113
3.024;4.663;51.127
3.028;4.664;51.13
3.047;4.645;51.142
3.113;4.603;51.184
3.007;4.673;51.118
3.014;4.668;51.122
3.027;4.664;51.13
3.031;4.657;51.133
3.061;4.63;51.152
3.076;4.622;51.162
2.984;4.683;51.104
3.011;4.674;51.121
3.016;4.662;51.125
3.082;4.617;51.167
3.088;4.614;51.17
3.12;4.591;51.191
3.128;4.582;51.196
3.066;4.63;51.158
3.05;4.641;51.149
3.071;4.626;51.162
3.077;4.623;51.166
3.124;4.587;51.196
2.996;4.678;51.116
3.003;4.674;51.12
3.054;4.64;51.153
3.062;4.638;51.157
2.969;4.695;51.1
2.979;4.69;51.106
2.987;4.681;51.111
3.046;4.648;51.148
2.995;4.683;51.117
3.038;4.651;51.145
3.106;4.606;51.188
3.11;4.603;51.191
3.114;4.6;51.193
3.118;4.594;51.196
2.977;4.694;51.107
2.982;4.684;51.11
3.06;4.644;51.16
3.091;4.611;51.179
3.026;4.656;51.139
3.03;4.653;51.142
3.095;4.609;51.184
2.968;4.691;51.104
3.012;4.661;51.132
3.02;4.661;51.137
3.035;4.654;51.146
3.048;4.654;51.155
3.05;4.654;51.156
3.051;4.647;51.156
3.072;4.622;51.17
3.078;4.617;51.174
3.087;4.618;51.18
3.103;4.614;51.19
2.963;4.693;51.101
3.004;4.67;51.129
3.061;4.645;51.165
3.066;4.645;51.168
3.066;4.641;51.168
3.0;4.676;51.127
3.066;4.627;51.169
2.968;4.693;51.108
2.992;4.679;51.123
3.008;4.664;51.134
3.016;4.664;51.139
3.036;4.651;51.151
3.064;4.632;51.169
2.976;4.692;51.114
2.984;4.68;51.119
3.048;4.657;51.161
3.076;4.626;51.178
3.081;4.623;51.182
3.027;4.659;51.148
3.049;4.647;51.162
3.061;4.637;51.17
3.05;4.641;51.164
3.095;4.611;51.193
3.101;4.608;51.197
2.98;4.687;51.12
2.956;4.699;51.106
3.033;4.658;51.156
3.041;4.658;51.161
3.045;4.652;51.163
3.083;4.619;51.188
2.949;4.701;51.103
2.962;4.698;51.111
2.985;4.683;51.126
3.022;4.666;51.15
3.08;4.625;51.187
3.09;4.615;51.193
2.971;4.697;51.118
3.013;4.667;51.145
3.073;4.629;51.184
3.095;4.613;51.198
2.945;4.707;51.103
2.981;4.692;51.126
3.007;4.671;51.142
3.05;4.639;51.17
3.065;4.631;51.18
2.997;4.676;51.137
3.028;4.665;51.157
3.059;4.632;51.177
2.988;4.68;51.132
3.003;4.674;51.142
3.055;4.636;51.176
2.985;4.689;51.132
3.041;4.651;51.168
3.046;4.648;51.171
2.952;4.703;51.112
2.979;4.699;51.129
3.037;4.656;51.166
2.933;4.714;51.101
2.97;4.7;51.124
2.985;4.698;51.134
3.053;4.645;51.178
3.082;4.621;51.197
3.006;4.671;51.149
3.026;4.664;51.162
3.03;4.66;51.165
2.958;4.703;51.119
2.96;4.702;51.12
3.019;4.665;51.159
3.058;4.632;51.183
3.061;4.63;51.186
3.012;4.67;51.155
3.041;4.654;51.174
3.056;4.637;51.184
3.071;4.63;51.194
3.078;4.627;51.198
2.951;4.705;51.116
2.987;4.682;51.14
2.994;4.679;51.145
3.002;4.676;51.151
2.934;4.712;51.108
2.941;4.709;51.112
3.006;4.674;51.155
3.057;4.643;51.188
3.068;4.636;51.195
2.983;4.696;51.141
2.991;4.686;51.146
3.051;4.646;51.185
3.059;4.638;51.19
2.925;4.719;51.104
2.929;4.715;51.107
2.984;4.688;51.143
2.998;4.686;51.152
3.043;4.649;51.181
2.974;4.698;51.138
3.028;4.661;51.172
3.039;4.654;51.179
2.963;4.703;51.131
3.034;4.657;51.177
2.964;4.7;51.134
3.003;4.672;51.159
3.024;4.664;51.172
3.015;4.668;51.168
2.913;4.725;51.103
2.918;4.724;51.106
2.948;4.709;51.125
2.956;4.703;51.131
3.007;4.67;51.164
3.059;4.641;51.199
2.931;4.712;51.116
2.937;4.71;51.121
2.975;4.693;51.145
2.995;4.676;51.159
3.002;4.674;51.163
3.055;4.646;51.197
2.907;4.723;51.102
2.909;4.723;51.103
2.98;4.689;51.15
2.989;4.69;51.155
2.994;4.689;51.159
3.048;4.648;51.194
2.923;4.72;51.113
2.927;4.714;51.116
2.956;4.702;51.135
2.992;4.679;51.159
2.964;4.702;51.141
3.038;4.648;51.19
2.911;4.726;51.108
2.919;4.726;51.113
2.969;4.698;51.146
2.987;4.694;51.158
3.025;4.662;51.182
3.028;4.658;51.185
2.978;4.697;51.153
3.034;4.655;51.189
2.902;4.728;51.104
3.005;4.669;51.172
3.011;4.668;51.176
3.02;4.667;51.182
2.928;4.713;51.123
2.938;4.713;51.129
2.96;4.706;51.144
2.951;4.708;51.139
2.98;4.691;51.158
3.024;4.663;51.187
2.891;4.738;51.101
2.897;4.735;51.104
2.942;4.71;51.134
2.966;4.705;51.15
2.971;4.701;51.153
2.988;4.692;51.165
3.002;4.678;51.174
2.99;4.687;51.167
2.992;4.68;51.168
2.933;4.716;51.131
3.005;4.677;51.178
2.919;4.722;51.123
2.976;4.699;51.16
3.002;4.685;51.177
3.034;4.657;51.198
2.915;4.726;51.121
2.938;4.714;51.136
2.982;4.693;51.165
2.965;4.708;51.155
3.018;4.67;51.19
3.023;4.664;51.193
3.028;4.662;51.196
2.899;4.73;51.113
2.906;4.727;51.117
2.949;4.711;51.146
2.958;4.71;51.152
2.972;4.705;51.161
2.941;4.712;51.142
2.985;4.691;51.171
3.0;4.682;51.18
2.895;4.735;51.112
2.993;4.681;51.177
3.007;4.677;51.186
2.889;4.736;51.11
2.975;4.701;51.166
3.013;4.674;51.191
3.019;4.673;51.195
2.937;4.715;51.143
2.955;4.716;51.154
2.989;4.687;51.177
3.006;4.685;51.188
2.946;4.714;51.15
2.998;4.684;51.184
2.872;4.751;51.101
2.924;4.722;51.136
2.929;4.719;51.139
3.01;4.689;51.193
2.98;4.698;51.174
2.987;4.697;51.179
3.008;4.68;51.193
2.919;4.724;51.135
2.957;4.711;51.16
2.97;4.705;51.169
2.905;4.73;51.127
2.911;4.728;51.131
2.975;4.703;51.173
2.962;4.708;51.166
2.997;4.691;51.189
2.949;4.723;51.159
2.954;4.718;51.162
3.008;4.686;51.198
2.893;4.737;51.123
2.9;4.735;51.127
2.944;4.722;51.156
3.002;4.689;51.195
2.885;4.74;51.118
2.921;4.723;51.142
2.927;4.722;51.146
2.934;4.718;51.152
2.986;4.698;51.187
2.992;4.695;51.191
2.874;4.745;51.113
2.945;4.724;51.16
2.88;4.745;51.118
2.858;4.751;51.105
2.903;4.732;51.135
2.91;4.73;51.139
2.924;4.724;51.149
2.973;4.706;51.182
2.976;4.699;51.184
2.997;4.694;51.198
2.863;4.743;51.109
2.916;4.726;51.144
2.959;4.711;51.174
2.966;4.709;51.178
2.848;4.75;51.1
2.93;4.723;51.155
2.883;4.742;51.125
2.898;4.736;51.135
2.845;4.775;51.1
2.845;4.769;51.1
2.948;4.717;51.169
2.955;4.714;51.175
2.976;4.692;51.188
2.846;4.758;51.102
2.889;4.74;51.131
2.904;4.734;51.141
2.974;4.697;51.188
2.975;4.69;51.189
2.978;4.691;51.191
2.858;4.753;51.112
2.931;4.721;51.161
2.939;4.723;51.166
2.94;4.722;51.167
2.872;4.748;51.122
2.982;4.697;51.196
2.886;4.744;51.133
2.928;4.724;51.162
2.95;4.713;51.177
2.954;4.712;51.18
2.972;4.71;51.192
2.86;4.749;51.118
2.92;4.725;51.158
2.978;4.707;51.197
2.89;4.742;51.139
2.906;4.732;51.15
2.911;4.728;51.153
2.963;4.71;51.188
2.841;4.775;51.107
2.846;4.76;51.11
2.859;4.756;51.119
2.904;4.738;51.15
2.842;4.769;51.109
2.893;4.74;51.144
2.93;4.723;51.169
2.944;4.719;51.179
2.885;4.747;51.14
2.937;4.722;51.175
2.829;4.774;51.103
2.877;4.75;51.136
2.836;4.769;51.109
2.891;4.745;51.146
2.911;4.729;51.16
2.926;4.725;51.17
2.934;4.724;51.176
2.823;4.771;51.102
2.868;4.755;51.132
2.962;4.711;51.195
2.873;4.755;51.136
2.917;4.729;51.166
2.857;4.752;51.127
2.907;4.737;51.162
2.941;4.72;51.185
2.958;4.716;51.196
2.831;4.774;51.112
2.897;4.736;51.157
2.892;4.74;51.154
2.912;4.735;51.168
2.949;4.72;51.193
2.818;4.772;51.105
2.84;4.767;51.12
2.844;4.764;51.123
2.847;4.758;51.125
2.83;4.77;51.115
2.842;4.762;51.123
2.886;4.745;51.153
2.941;4.728;51.189
2.823;4.772;51.111
2.881;4.749;51.15
2.931;4.728;51.184
2.945;4.725;51.194
2.871;4.75;51.144
2.916;4.729;51.175
2.922;4.729;51.179
2.909;4.743;51.171
2.809;4.785;51.104
2.812;4.779;51.107
2.82;4.775;51.112
2.855;4.752;51.137
2.861;4.75;51.141
2.877;4.754;51.152
2.905;4.74;51.171
2.911;4.738;51.175
2.803;4.787;51.103
2.845;4.759;51.131
2.895;4.739;51.165
2.852;4.756;51.137
2.89;4.741;51.163
2.919;4.733;51.183
2.822;4.771;51.118
2.836;4.76;51.129
2.902;4.745;51.174
2.804;4.783;51.108
2.828;4.77;51.124
2.833;4.766;51.128
2.878;4.751;51.158
2.885;4.746;51.163
2.848;4.763;51.139
2.893;4.743;51.17
2.86;4.749;51.148
2.925;4.734;51.193
2.927;4.731;51.195
2.803;4.782;51.11
2.809;4.78;51.114
2.816;4.778;51.12
2.825;4.777;51.126
2.917;4.735;51.189
2.859;4.738;51.15
2.908;4.739;51.184
2.904;4.743;51.182
2.851;4.765;51.147
2.852;4.76;51.147
2.9;4.746;51.181
2.788;4.796;51.105
2.791;4.79;51.107
2.798;4.787;51.112
2.842;4.763;51.142
2.855;4.756;51.151
2.859;4.732;51.154
2.917;4.731;51.194
2.923;4.732;51.198
2.813;4.785;51.123
2.832;4.76;51.136
2.84;4.762;51.141
2.864;4.738;51.158
2.891;4.746;51.177
2.863;4.752;51.159
2.881;4.745;51.171
2.902;4.741;51.185
2.917;4.732;51.196
2.781;4.799;51.103
2.805;4.783;51.12
2.816;4.781;51.127
2.828;4.765;51.136
2.859;4.753;51.157
2.82;4.777;51.132
2.873;4.75;51.168
2.778;4.807;51.103
2.825;4.77;51.136
2.869;4.753;51.167
2.899;4.741;51.188
2.913;4.737;51.198
2.798;4.782;51.12
2.814;4.786;51.13
2.863;4.757;51.164
2.904;4.739;51.193
2.845;4.758;51.153
2.854;4.76;51.159
2.804;4.786;51.126
2.816;4.784;51.134
2.839;4.762;51.15
2.888;4.745;51.184
2.794;4.788;51.12
2.873;4.751;51.175
2.894;4.744;51.189
2.903;4.744;51.195
2.785;4.798;51.116
2.788;4.793;51.118
2.822;4.772;51.142
2.835;4.768;51.151
2.882;4.742;51.183
2.827;4.77;51.146
2.85;4.763;51.162
2.875;4.747;51.18
2.878;4.742;51.182
2.776;4.808;51.112
2.865;4.763;51.174
2.768;4.808;51.108
2.816;4.775;51.141
2.83;4.773;51.151
2.86;4.762;51.172
2.76;4.812;51.103
2.854;4.763;51.169
2.865;4.756;51.177
2.873;4.755;51.182
2.792;4.79;51.127
2.81;4.782;51.14
2.837;4.763;51.158
2.8;4.789;51.134
2.85;4.765;51.168
2.858;4.763;51.174
2.785;4.791;51.124
2.891;4.75;51.198
2.749;4.826;51.1
2.841;4.765;51.164
2.819;4.773;51.15
2.832;4.768;51.159
2.875;4.749;51.189
2.753;4.826;51.105
2.79;4.796;51.131
2.88;4.748;51.194
2.778;4.807;51.124
2.781;4.798;51.126
2.796;4.795;51.136
2.822;4.77;51.155
2.773;4.811;51.122
2.872;4.76;51.19
2.814;4.778;51.151
2.85;4.761;51.177
2.864;4.76;51.186
2.807;4.781;51.148
2.876;4.756;51.196
2.751;4.825;51.11
2.761;4.815;51.117
2.764;4.811;51.119
2.83;4.772;51.165
2.838;4.77;51.17
2.855;4.76;51.182
2.747;4.828;51.108
2.753;4.819;51.112
2.804;4.788;51.148
2.745;4.833;51.108
2.791;4.792;51.139
2.796;4.791;51.143
2.871;4.761;51.196
2.787;4.796;51.138
2.835;4.779;51.173
2.763;4.811;51.123
2.778;4.799;51.134
2.813;4.78;51.158
2.827;4.777;51.168
2.841;4.783;51.178
2.842;4.778;51.179
2.728;4.83;51.1
2.744;4.822;51.112
2.774;4.805;51.132
2.858;4.76;51.193
2.769;4.807;51.131
2.817;4.778;51.165
2.853;4.76;51.19
2.758;4.817;51.125
2.768;4.819;51.131
2.793;4.791;51.149
2.802;4.79;51.156
2.81;4.788;51.161
2.813;4.783;51.164
2.843;4.769;51.186
2.849;4.765;51.191
2.749;4.818;51.122
2.775;4.8;51.141
2.726;4.832;51.107
2.74;4.82;51.117
2.784;4.8;51.148
2.789;4.797;51.152
2.811;4.782;51.167
2.833;4.781;51.183
2.732;4.827;51.113
2.824;4.78;51.178
2.715;4.84;51.102
2.725;4.84;51.109
2.81;4.789;51.169
2.816;4.78;51.173
2.744;4.823;51.124
2.766;4.809;51.139
2.772;4.807;51.143
2.759;4.823;51.135
2.763;4.824;51.138
2.781;4.807;51.151
2.83;4.784;51.185
2.72;4.846;51.109
2.764;4.819;51.14
2.812;4.787;51.174
2.845;4.767;51.198
2.715;4.847;51.106
2.726;4.835;51.115
2.804;4.794;51.17
2.84;4.771;51.195
2.783;4.8;51.155
2.747;4.818;51.131
2.754;4.819;51.136
2.796;4.799;51.166
2.746;4.828;51.132
2.787;4.799;51.161
2.837;4.776;51.196
2.828;4.781;51.191
2.747;4.812;51.135
2.702;4.845;51.104
2.735;4.83;51.127
2.75;4.812;51.138
2.778;4.809;51.158
2.782;4.806;51.161
2.821;4.781;51.189
2.728;4.829;51.124
2.769;4.811;51.152
2.803;4.792;51.177
2.811;4.79;51.183
2.817;4.786;51.187
2.753;4.813;51.143
2.76;4.811;51.147
2.719;4.84;51.12
2.71;4.845;51.114
2.793;4.797;51.173
2.749;4.816;51.143
2.721;4.833;51.124
2.743;4.819;51.14
2.784;4.802;51.169
2.799;4.795;51.18
2.701;4.846;51.111
2.808;4.792;51.188
2.816;4.788;51.194
2.69;4.848;51.105
2.782;4.804;51.171
2.683;4.853;51.102
2.703;4.843;51.116
2.724;4.829;51.131
2.763;4.813;51.159
2.773;4.805;51.165
2.708;4.844;51.12
2.714;4.836;51.125
2.732;4.822;51.137
2.765;4.809;51.161
2.814;4.797;51.198
2.804;4.797;51.191
2.715;4.832;51.129
2.733;4.822;51.141
2.742;4.82;51.148
2.755;4.809;51.158
2.797;4.798;51.187
2.678;4.854;51.104
2.695;4.846;51.117
2.705;4.839;51.124
2.789;4.802;51.184
2.738;4.827;51.148
2.748;4.812;51.156
2.786;4.805;51.183
2.69;4.85;51.116
2.777;4.803;51.178
2.697;4.842;51.121
2.705;4.832;51.127
2.744;4.827;51.155
2.689;4.854;51.116
2.728;4.828;51.145
2.754;4.811;51.163
2.762;4.809;51.169
2.77;4.808;51.175
2.679;4.852;51.11
2.72;4.83;51.14
2.747;4.812;51.159
2.779;4.802;51.183
2.702;4.83;51.13
2.711;4.83;51.136
2.76;4.818;51.171
2.668;4.857;51.106
2.764;4.819;51.175
2.794;4.799;51.197
2.663;4.861;51.103
2.742;4.825;51.161
2.746;4.821;51.163
2.783;4.799;51.191
2.659;4.866;51.102
2.694;4.84;51.128
2.698;4.835;51.131
2.707;4.833;51.138
2.748;4.816;51.167
2.762;4.812;51.178
2.777;4.801;51.188
2.79;4.804;51.198
2.734;4.828;51.158
2.688;4.844;51.126
2.783;4.803;51.195
2.683;4.848;51.124
2.725;4.831;51.154
2.767;4.81;51.185
2.772;4.804;51.188
2.675;4.851;51.119
2.716;4.83;51.15
2.723;4.834;51.155
2.757;4.815;51.18
2.668;4.852;51.117
2.704;4.835;51.143
2.707;4.83;51.145
2.748;4.818;51.175
2.781;4.81;51.199
2.664;4.857;51.115
2.658;4.861;51.112
2.74;4.819;51.172
2.767;4.812;51.191
2.771;4.81;51.195
2.654;4.867;51.11
2.696;4.836;51.141
2.699;4.832;51.143
2.737;4.826;51.17
2.648;4.868;51.107
2.675;4.853;51.126
2.729;4.828;51.166
2.69;4.84;51.139
2.685;4.847;51.136
2.764;4.819;51.194
2.77;4.816;51.198
2.679;4.85;51.133
2.72;4.832;51.163
2.637;4.867;51.103
2.705;4.831;51.153
2.712;4.831;51.158
2.743;4.82;51.181
2.761;4.825;51.194
2.67;4.858;51.128
2.692;4.833;51.145
2.738;4.82;51.178
2.661;4.857;51.124
2.674;4.854;51.134
2.751;4.826;51.19
2.687;4.839;51.145
2.7;4.836;51.154
2.632;4.875;51.105
2.652;4.859;51.12
2.709;4.835;51.161
2.733;4.827;51.179
2.743;4.827;51.186
2.712;4.832;51.165
2.623;4.884;51.101
2.676;4.851;51.14
2.684;4.852;51.146
2.643;4.869;51.116
2.725;4.829;51.177
2.639;4.875;51.115
2.682;4.853;51.146
2.621;4.883;51.102
2.673;4.856;51.141
2.688;4.847;51.152
2.715;4.83;51.172
2.632;4.873;51.112
2.625;4.879;51.108
2.666;4.86;51.138
2.709;4.838;51.17
2.748;4.829;51.199
2.739;4.828;51.193
2.618;4.888;51.104
2.657;4.859;51.133
2.698;4.838;51.163
2.707;4.844;51.171
2.611;4.894;51.1
2.627;4.872;51.112
2.647;4.864;51.127
2.685;4.846;51.156
2.613;4.895;51.104
2.649;4.863;51.131
2.687;4.839;51.159
2.728;4.827;51.19
2.679;4.855;51.154
2.722;4.83;51.186
2.681;4.85;51.157
2.624;4.872;51.116
2.63;4.867;51.12
2.64;4.862;51.127
2.669;4.859;51.149
2.711;4.83;51.18
2.612;4.894;51.108
2.681;4.842;51.159
2.619;4.876;51.114
2.706;4.831;51.18
2.613;4.888;51.112
2.627;4.876;51.122
2.633;4.876;51.126
2.653;4.861;51.142
2.661;4.86;51.148
2.668;4.848;51.153
2.681;4.843;51.162
2.642;4.863;51.134
2.664;4.849;51.151
2.684;4.842;51.166
2.612;4.879;51.114
2.681;4.854;51.165
2.725;4.825;51.198
2.603;4.888;51.108
2.644;4.864;51.138
2.708;4.83;51.186
2.614;4.872;51.117
2.638;4.863;51.135
2.649;4.864;51.143
2.691;4.845;51.174
2.675;4.864;51.164
2.677;4.857;51.165
2.717;4.828;51.195
2.6;4.877;51.109
2.613;4.873;51.118
2.592;4.877;51.104
2.63;4.877;51.133
2.629;4.871;51.132
2.712;4.834;51.194
2.7;4.839;51.186
2.583;4.878;51.1
2.625;4.877;51.131
2.594;4.873;51.109
2.596;4.872;51.111
2.619;4.873;51.127
2.656;4.854;51.155
2.615;4.875;51.126
2.687;4.842;51.18
2.695;4.844;51.185
2.607;4.877;51.121
2.65;4.86;51.153
2.671;4.853;51.169
2.69;4.844;51.183
2.645;4.864;51.15
2.679;4.845;51.177
2.683;4.842;51.18
2.592;4.872;51.113
2.639;4.867;51.148
2.594;4.871;51.115
2.589;4.879;51.113
2.661;4.854;51.167
2.641;4.862;51.153
2.58;4.88;51.108
2.664;4.851;51.171
2.68;4.842;51.183
2.684;4.842;51.186
2.694;4.837;51.194
2.696;4.832;51.196
2.639;4.859;51.153
2.612;4.878;51.134
2.623;4.873;51.142
2.653;4.857;51.165
2.584;4.883;51.114
2.685;4.843;51.191
2.691;4.844;51.195
2.565;4.881;51.101
2.58;4.885;51.112
2.643;4.857;51.16
2.602;4.876;51.13
2.635;4.864;51.155
2.676;4.843;51.186
2.561;4.888;51.1
2.641;4.865;51.161
2.593;4.878;51.125
2.626;4.869;51.151
2.667;4.847;51.182
2.584;4.877;51.121
2.661;4.851;51.179
2.686;4.842;51.198
2.577;4.882;51.118
2.617;4.871;51.148
2.656;4.853;51.178
2.567;4.881;51.111
2.607;4.876;51.143
2.574;4.884;51.119
2.592;4.88;51.132
2.647;4.857;51.174
2.6;4.881;51.14
2.641;4.861;51.171
2.659;4.851;51.185
2.564;4.887;51.114
2.622;4.874;51.158
2.637;4.866;51.169
2.672;4.845;51.195
2.549;4.89;51.103
2.557;4.888;51.11
2.576;4.883;51.123
2.609;4.871;51.149
2.664;4.85;51.191
2.581;4.881;51.128
2.597;4.886;51.141
2.589;4.887;51.136
2.558;4.882;51.114
2.622;4.87;51.162
2.654;4.856;51.187
2.538;4.891;51.1
2.558;4.883;51.116
2.56;4.883;51.117
2.66;4.855;51.194
2.551;4.894;51.111
2.572;4.886;51.127
2.578;4.885;51.132
2.645;4.859;51.183
2.545;4.893;51.108
2.592;4.887;51.144
2.603;4.876;51.152
2.609;4.862;51.158
2.634;4.862;51.177
2.641;4.863;51.182
2.562;4.886;51.123
2.605;4.862;51.155
2.631;4.862;51.176
2.553;4.887;51.117
2.626;4.868;51.174
2.585;4.886;51.144
2.614;4.861;51.166
2.545;4.897;51.115
2.545;4.891;51.116
2.576;4.886;51.139
2.585;4.88;51.146
2.544;4.904;51.116
2.649;4.856;51.196
2.566;4.886;51.134
2.641;4.858;51.191
2.606;4.868;51.165
2.622;4.873;51.178
2.527;4.9;51.106
2.533;4.897;51.111
2.576;4.881;51.143
2.599;4.875;51.161
2.604;4.874;51.165
2.537;4.893;51.115
2.631;4.864;51.187
2.646;4.85;51.198
2.558;4.888;51.132
2.565;4.882;51.137
2.517;4.899;51.101
2.55;4.888;51.127
2.591;4.881;51.158
2.622;4.867;51.182
2.632;4.86;51.19
2.6;4.872;51.166
2.525;4.905;51.109
2.54;4.891;51.121
2.58;4.879;51.152
2.621;4.873;51.184
2.641;4.861;51.199
2.528;4.905;51.113
2.593;4.873;51.163
2.607;4.871;51.174
2.548;4.896;51.13
2.564;4.882;51.142
2.573;4.88;51.15
2.506;4.901;51.1
2.57;4.884;51.149
2.564;4.888;51.145
2.596;4.871;51.17
2.603;4.874;51.176
2.522;4.898;51.114
2.531;4.891;51.121
2.556;4.894;51.141
2.619;4.864;51.189
2.559;4.894;51.144
2.627;4.86;51.197
2.586;4.878;51.166
2.513;4.893;51.11
2.553;4.891;51.141
2.574;4.873;51.157
2.504;4.899;51.105
2.544;4.895;51.136
2.545;4.89;51.136
2.572;4.873;51.157
2.618;4.859;51.193
2.594;4.873;51.176
2.611;4.861;51.189
2.495;4.905;51.101
2.535;4.893;51.132
2.606;4.864;51.187
2.535;4.894;51.133
2.562;4.89;51.154
2.602;4.869;51.185
2.526;4.89;51.127
2.553;4.892;51.148
2.494;4.901;51.103
2.522;4.893;51.126
2.558;4.894;51.154
2.591;4.877;51.18
2.597;4.875;51.184
2.489;4.903;51.101
2.518;4.897;51.124
2.55;4.897;51.15
2.583;4.881;51.176
2.51;4.899;51.12
2.534;4.891;51.139
2.5;4.901;51.113
2.54;4.891;51.145
2.607;4.858;51.198
2.564;4.879;51.166
2.605;4.868;51.197
2.579;4.884;51.179
2.49;4.899;51.11
2.505;4.905;51.122
2.531;4.894;51.142
2.596;4.87;51.193
2.524;4.897;51.137
2.561;4.886;51.166
2.572;4.883;51.175
2.498;4.904;51.118
2.553;4.896;51.161
2.555;4.891;51.163
2.514;4.895;51.132
2.585;4.877;51.188
2.48;4.905;51.106
2.482;4.9;51.108
2.578;4.885;51.183
2.472;4.908;51.102
2.505;4.898;51.129
2.502;4.907;51.128
2.51;4.893;51.134
2.536;4.89;51.155
2.578;4.88;51.188
2.495;4.91;51.124
2.527;4.896;51.149
2.568;4.88;51.181
2.591;4.872;51.199
2.504;4.891;51.132
2.544;4.889;51.163
2.558;4.885;51.175
2.485;4.902;51.118
2.551;4.885;51.171
2.487;4.906;51.122
2.56;4.881;51.179
2.581;4.877;51.196
2.477;4.899;51.115
2.498;4.906;51.131
2.497;4.898;51.131
2.497;4.891;51.13
2.511;4.896;51.141
2.519;4.899;51.148
2.526;4.89;51.153
2.551;4.882;51.174
2.54;4.886;51.166
2.543;4.882;51.169
2.581;4.869;51.199
2.475;4.906;51.116
2.519;4.891;51.151
2.465;4.917;51.109
2.467;4.909;51.111
2.501;4.889;51.138
2.505;4.889;51.142
2.533;4.888;51.164
2.556;4.883;51.183
2.571;4.879;51.195
2.479;4.902;51.123
2.493;4.891;51.134
2.562;4.883;51.189
2.563;4.88;51.189
2.491;4.908;51.133
2.492;4.898;51.134
2.574;4.871;51.199
2.453;4.914;51.104
2.468;4.902;51.116
2.475;4.902;51.121
2.515;4.891;51.154
2.532;4.882;51.168
2.448;4.91;51.102
2.461;4.911;51.113
2.481;4.908;51.129
2.545;4.885;51.18
2.554;4.881;51.186
2.546;4.88;51.181
2.487;4.913;51.136
2.513;4.894;51.156
2.441;4.91;51.1
2.465;4.902;51.119
2.472;4.905;51.125
2.483;4.914;51.133
2.505;4.889;51.151
2.538;4.886;51.178
2.456;4.915;51.113
2.484;4.914;51.137
2.528;4.887;51.172
2.533;4.882;51.176
2.56;4.876;51.198
2.491;4.895;51.144
2.529;4.88;51.175
2.455;4.909;51.116
2.486;4.908;51.141
2.489;4.898;51.143
2.517;4.893;51.166
2.48;4.914;51.138
2.519;4.89;51.168
2.551;4.879;51.194
2.433;4.912;51.102
2.542;4.881;51.189
2.444;4.909;51.112
2.477;4.909;51.138
2.508;4.893;51.164
2.489;4.892;51.149
2.509;4.892;51.166
2.437;4.913;51.108
2.468;4.905;51.133
2.475;4.898;51.139
2.5;4.891;51.159
2.546;4.883;51.196
2.534;4.881;51.187
2.428;4.919;51.104
2.531;4.885;51.186
2.433;4.915;51.109
2.503;4.893;51.165
2.458;4.906;51.13
2.491;4.89;51.156
2.523;4.886;51.182
2.43;4.924;51.11
2.426;4.924;51.107
2.449;4.909;51.126
2.416;4.925;51.101
2.5;4.893;51.169
2.504;4.893;51.172
2.441;4.915;51.122
2.462;4.904;51.141
2.514;4.882;51.182
2.529;4.884;51.195
2.424;4.924;51.111
2.445;4.914;51.128
5.437;0.034;51.109
5.429;0.039;51.103
5.431;-0.003;51.105
5.423;-0.043;51.1
5.43;0.053;51.112
5.433;0.038;51.115
5.434;0.018;51.116
5.42;-0.014;51.1
5.423;-0.035;51.104
5.426;0.059;51.111
5.427;-0.002;51.113
5.422;0.067;51.11
5.43;0.053;51.118
5.431;0.098;51.123
5.425;0.075;51.117
5.436;0.046;51.129
5.417;-0.051;51.108
5.416;-0.061;51.107
5.431;0.087;51.127
5.429;0.078;51.125
5.439;0.11;51.139
5.437;0.096;51.137
5.427;0.057;51.126
5.42;-0.031;51.119
5.433;0.047;51.137
5.414;-0.062;51.116
5.415;-0.082;51.117
5.442;0.107;51.15
5.426;0.06;51.133
5.431;0.039;51.138
5.428;0.035;51.135
5.426;0.028;51.133
5.428;0.018;51.134
5.428;0.112;51.137
5.425;0.079;51.134
5.435;0.094;51.149
5.418;-0.021;51.13
5.417;-0.033;51.129
5.417;-0.052;51.129
5.417;-0.062;51.129
5.414;-0.073;51.125
5.433;0.107;51.151
5.43;0.089;51.147
5.429;0.047;51.147
5.396;-0.086;51.109
5.389;-0.094;51.102
5.427;0.056;51.148
5.423;0.028;51.143
5.422;0.019;51.142
5.409;-0.082;51.127
5.391;-0.092;51.108
5.431;0.107;51.155
5.415;-0.003;51.137
5.407;-0.049;51.129
5.422;0.111;51.149
5.422;0.067;51.149
5.423;0.062;51.15
5.406;-0.048;51.132
5.397;-0.091;51.122
5.426;0.088;51.157
5.391;-0.094;51.117
5.426;0.113;51.16
5.428;0.085;51.163
5.419;0.017;51.152
5.418;-0.002;51.151
5.426;0.114;51.164
5.431;0.107;51.17
5.43;0.098;51.168
5.406;-0.085;51.142
5.383;-0.095;51.116
5.43;0.114;51.172
5.424;0.057;51.165
5.411;-0.005;51.151
5.408;-0.051;51.147
5.407;-0.063;51.146
5.374;-0.103;51.109
5.427;0.123;51.173
5.417;0.038;51.161
5.429;0.133;51.178
5.428;0.129;51.177
5.43;0.114;51.179
5.416;0.047;51.163
5.401;-0.073;51.146
5.365;-0.106;51.106
5.426;0.087;51.178
5.406;-0.013;51.156
5.391;-0.096;51.139
5.385;-0.096;51.132
5.423;0.079;51.178
5.421;0.067;51.176
5.421;0.058;51.176
5.402;-0.042;51.155
5.402;-0.052;51.155
5.369;-0.105;51.118
5.426;0.13;51.186
5.397;-0.096;51.153
5.391;-0.096;51.146
5.363;-0.107;51.114
5.427;0.141;51.19
5.425;0.088;51.188
5.408;-0.003;51.168
5.397;-0.053;51.156
5.395;0.16;51.158
5.429;0.144;51.195
5.42;0.068;51.186
5.417;0.064;51.183
5.343;0.632;51.102
5.344;0.597;51.103
5.359;0.187;51.121
5.413;0.161;51.181
5.427;0.155;51.197
5.425;0.15;51.194
5.427;0.147;51.197
5.397;-0.042;51.164
5.397;-0.093;51.164
5.365;-0.105;51.127
5.346;0.628;51.109
5.342;0.549;51.104
5.341;0.428;51.104
5.347;0.398;51.11
5.4;0.165;51.17
5.417;0.158;51.189
5.425;0.107;51.199
5.424;0.103;51.197
5.394;-0.047;51.163
5.341;-0.116;51.104
5.339;0.639;51.104
5.418;0.166;51.195
5.4;0.168;51.173
5.422;0.155;51.199
5.421;0.087;51.197
5.42;0.077;51.196
5.408;0.024;51.183
5.4;-0.024;51.174
5.388;-0.072;51.16
5.394;-0.086;51.167
5.354;0.587;51.125
5.346;0.558;51.116
5.357;0.409;51.128
5.416;0.188;51.195
5.414;0.065;51.193
5.4;-0.007;51.177
5.392;-0.046;51.169
5.393;-0.086;51.17
5.346;-0.115;51.116
5.341;-0.116;51.111
5.331;0.658;51.102
5.351;0.631;51.125
5.352;0.598;51.126
5.35;0.525;51.124
5.345;0.519;51.118
5.355;0.508;51.13
5.339;0.503;51.111
5.351;0.485;51.125
5.355;0.479;51.13
5.341;0.377;51.114
5.349;0.275;51.123
5.369;0.24;51.146
5.411;0.047;51.193
5.39;-0.052;51.17
5.391;-0.062;51.171
5.391;-0.094;51.172
5.353;0.597;51.131
5.353;0.559;51.131
5.357;0.549;51.136
5.365;0.428;51.145
5.367;0.373;51.147
5.352;0.374;51.13
5.332;0.376;51.107
5.332;0.369;51.108
5.34;0.284;51.116
5.382;0.262;51.164
5.387;0.256;51.17
5.383;0.247;51.165
5.406;0.027;51.191
5.397;-0.007;51.181
5.389;-0.073;51.172
5.389;-0.083;51.172
5.352;0.568;51.133
5.356;0.558;51.138
5.354;0.527;51.136
5.354;0.517;51.135
5.359;0.474;51.142
5.345;0.365;51.126
5.326;0.283;51.105
5.337;0.278;51.117
5.367;0.269;51.15
5.378;0.235;51.163
5.375;0.231;51.16
5.385;0.216;51.171
5.403;0.037;51.191
5.396;-0.035;51.184
5.365;-0.106;51.149
5.353;0.616;51.138
5.353;0.566;51.138
5.356;0.369;51.141
5.387;0.301;51.177
5.397;0.285;51.188
5.396;0.28;51.187
5.394;0.276;51.184
5.388;0.275;51.178
5.393;0.247;51.184
5.402;0.043;51.194
5.394;-0.023;51.185
5.338;0.648;51.125
5.342;0.64;51.129
5.355;0.588;51.144
5.357;0.579;51.146
5.356;0.527;51.145
5.355;0.517;51.143
5.36;0.507;51.15
5.37;0.448;51.161
5.371;0.428;51.162
5.375;0.368;51.166
5.359;0.366;51.148
5.347;0.367;51.134
5.356;0.362;51.145
5.386;0.346;51.179
5.372;0.272;51.163
5.401;0.017;51.197
5.365;-0.106;51.155
5.318;0.7;51.105
5.33;0.684;51.118
5.374;0.417;51.169
5.359;0.365;51.153
5.343;0.366;51.134
5.349;0.363;51.14
5.319;-0.125;51.107
5.32;0.706;51.111
5.346;0.628;51.14
5.35;0.623;51.146
5.362;0.507;51.159
5.362;0.488;51.159
5.363;0.478;51.16
5.362;0.469;51.159
5.364;0.466;51.161
5.344;0.365;51.139
5.395;0.308;51.197
5.394;-0.002;51.196
5.394;-0.012;51.196
5.39;-0.023;51.191
5.333;-0.116;51.127
5.343;0.646;51.141
5.362;0.524;51.163
5.372;0.448;51.174
5.369;0.361;51.171
5.35;0.362;51.149
5.373;0.353;51.175
5.383;0.348;51.187
5.387;0.328;51.191
5.389;-0.042;51.194
5.372;-0.105;51.175
5.321;-0.123;51.117
5.305;0.787;51.101
5.322;0.688;51.12
5.357;0.538;51.16
5.36;0.53;51.164
5.376;0.434;51.182
5.384;-0.072;51.192
5.368;-0.106;51.174
5.349;-0.115;51.152
5.303;0.865;51.102
5.313;0.735;51.113
5.315;0.719;51.115
5.323;0.682;51.125
5.346;0.643;51.151
5.361;0.527;51.169
5.358;0.501;51.165
5.36;0.477;51.167
5.38;0.398;51.19
5.379;-0.103;51.189
5.303;0.864;51.106
5.336;0.651;51.143
5.359;0.604;51.169
5.357;0.576;51.167
5.356;0.567;51.166
5.359;0.538;51.17
5.366;0.47;51.178
5.371;0.466;51.183
5.369;-0.107;51.182
5.356;-0.112;51.167
5.342;-0.115;51.151
5.305;0.809;51.111
5.309;0.796;51.116
5.306;0.787;51.112
5.305;0.778;51.111
5.304;0.757;51.11
5.329;0.683;51.139
5.334;0.658;51.145
5.381;-0.064;51.199
5.379;-0.076;51.197
5.314;-0.126;51.122
5.297;0.878;51.106
5.316;0.718;51.127
5.321;0.706;51.134
5.363;0.557;51.181
5.366;0.547;51.185
5.361;0.528;51.179
5.363;0.504;51.182
5.362;0.5;51.181
5.366;0.494;51.185
5.376;0.458;51.197
5.377;0.446;51.198
5.376;-0.106;51.197
5.294;-0.133;51.103
5.294;0.956;51.106
5.293;0.908;51.105
5.307;0.798;51.121
5.313;0.746;51.127
5.329;0.687;51.146
5.359;0.628;51.181
5.359;0.618;51.181
5.354;0.598;51.175
5.364;0.577;51.186
5.324;-0.125;51.141
5.318;-0.126;51.134
5.287;0.97;51.101
5.289;0.916;51.103
5.303;0.819;51.12
5.304;0.779;51.121
5.305;0.767;51.122
5.306;0.757;51.123
5.319;0.718;51.138
5.367;0.537;51.193
5.361;0.531;51.187
5.286;-0.134;51.102
5.301;0.848;51.121
5.304;0.815;51.125
5.308;0.768;51.129
5.314;0.739;51.136
5.334;0.674;51.159
5.345;0.651;51.172
5.35;0.639;51.177
5.363;0.598;51.192
5.364;0.567;51.194
5.292;0.93;51.114
5.295;0.876;51.118
5.296;0.857;51.118
5.312;0.766;51.137
5.312;0.748;51.137
5.325;0.706;51.152
5.323;-0.127;51.151
5.289;0.939;51.114
5.295;0.903;51.122
5.339;0.658;51.172
5.334;-0.122;51.166
5.286;-0.136;51.112
5.3;0.867;51.13
5.322;0.737;51.156
5.318;0.728;51.151
5.336;0.666;51.172
5.35;0.645;51.188
5.291;-0.136;51.121
5.279;0.987;51.11
5.284;0.947;51.116
5.305;0.818;51.14
5.326;0.697;51.164
5.343;0.655;51.183
5.27;1.035;51.103
5.273;0.998;51.106
5.292;0.905;51.128
5.306;0.826;51.144
5.303;0.808;51.141
5.307;0.795;51.146
5.308;0.776;51.147
5.313;0.755;51.152
5.335;0.676;51.177
5.352;0.637;51.198
5.267;1.039;51.103
5.298;0.868;51.139
5.295;0.864;51.136
5.298;0.838;51.139
5.339;-0.117;51.187
5.279;0.979;51.121
5.283;0.934;51.125
5.294;0.858;51.138
5.311;0.776;51.158
5.327;0.698;51.176
5.329;0.688;51.178
5.294;-0.136;51.138
5.263;-0.143;51.103
5.258;1.08;51.1
5.26;1.077;51.103
5.259;1.07;51.101
5.274;1.013;51.118
5.272;0.997;51.116
5.291;0.919;51.137
5.304;0.818;51.153
5.311;0.756;51.161
5.32;-0.126;51.172
5.269;-0.141;51.114
5.273;1.0;51.12
5.289;0.926;51.139
5.301;0.826;51.153
5.303;0.797;51.155
5.303;0.788;51.156
5.324;0.724;51.179
5.266;1.038;51.116
5.292;0.888;51.146
5.297;0.848;51.152
5.31;0.769;51.167
5.33;0.697;51.19
5.312;-0.126;51.17
5.297;-0.136;51.153
5.254;-0.146;51.103
5.249;1.117;51.1
5.273;0.997;51.128
5.272;0.988;51.127
5.274;0.978;51.129
5.298;0.826;51.157
5.323;0.719;51.186
5.324;0.707;51.187
5.252;1.098;51.107
5.256;1.086;51.112
5.269;1.015;51.127
5.276;0.975;51.135
5.287;0.908;51.148
5.306;0.795;51.17
5.29;-0.136;51.152
5.251;1.108;51.109
5.264;1.028;51.125
5.294;0.888;51.159
5.297;0.857;51.163
5.298;0.838;51.164
5.309;0.749;51.176
5.246;1.124;51.107
5.273;0.968;51.139
5.29;0.896;51.158
5.306;0.807;51.177
5.304;0.798;51.175
5.312;0.785;51.184
5.309;0.769;51.18
5.322;0.727;51.195
5.317;-0.126;51.19
5.258;-0.146;51.123
5.238;1.138;51.102
5.254;1.079;51.12
5.259;1.057;51.126
5.271;0.989;51.139
5.279;0.962;51.149
5.288;0.924;51.159
5.288;0.907;51.16
5.3;0.828;51.173
5.314;0.749;51.189
5.298;-0.133;51.172
5.245;1.116;51.113
5.25;1.104;51.119
5.282;0.957;51.155
5.308;0.815;51.186
5.259;1.049;51.132
5.306;0.798;51.187
5.31;0.769;51.192
5.291;-0.136;51.17
5.237;1.128;51.111
5.239;1.121;51.114
5.252;1.078;51.128
5.287;0.916;51.168
5.302;0.808;51.187
5.306;0.796;51.191
5.309;-0.127;51.195
5.238;-0.154;51.114
5.234;1.136;51.111
5.249;1.089;51.128
5.254;1.06;51.134
5.265;0.999;51.147
5.28;0.927;51.164
5.298;0.838;51.185
5.295;-0.137;51.183
5.259;-0.146;51.141
5.276;0.947;51.164
5.277;0.938;51.165
5.282;0.923;51.171
5.29;0.897;51.179
5.306;0.796;51.199
5.224;1.158;51.106
5.256;1.068;51.143
5.255;1.028;51.142
5.261;1.023;51.149
5.303;0.814;51.198
5.263;-0.145;51.152
5.229;-0.156;51.113
5.218;1.186;51.103
5.218;1.18;51.103
5.252;1.059;51.142
5.258;1.024;51.15
5.265;0.995;51.158
5.294;0.863;51.191
5.229;1.147;51.119
5.247;1.088;51.14
5.26;1.017;51.155
5.269;0.96;51.166
5.29;0.878;51.19
5.294;0.856;51.194
5.24;-0.155;51.134
5.223;1.167;51.116
5.271;0.975;51.172
5.272;0.968;51.173
5.273;0.958;51.174
5.278;0.946;51.179
5.285;0.936;51.188
5.286;0.887;51.189
5.234;-0.157;51.13
5.212;1.209;51.106
5.25;1.076;51.151
5.251;1.067;51.152
5.251;1.048;51.152
5.289;-0.138;51.198
5.212;1.208;51.11
5.209;1.192;51.107
5.23;1.13;51.13
5.262;0.995;51.168
5.259;-0.146;51.166
5.207;-0.165;51.106
5.204;1.198;51.105
5.226;1.137;51.13
5.239;1.115;51.145
5.285;0.917;51.199
5.285;0.907;51.199
5.236;-0.157;51.143
5.203;1.225;51.107
5.199;1.198;51.102
5.219;1.169;51.126
5.249;1.039;51.161
5.252;1.034;51.164
5.213;-0.165;51.12
5.245;1.066;51.159
5.265;0.978;51.183
5.256;-0.146;51.173
5.2;-0.167;51.108
5.194;1.254;51.103
5.202;1.2;51.113
5.211;1.188;51.123
5.228;1.139;51.143
5.257;1.013;51.177
5.188;1.26;51.1
5.227;1.13;51.145
5.233;-0.156;51.153
5.217;-0.163;51.135
5.204;-0.166;51.12
5.219;1.153;51.14
5.227;1.139;51.148
5.248;1.035;51.174
5.254;1.008;51.181
5.259;-0.145;51.187
5.193;1.248;51.113
5.212;1.187;51.135
5.212;1.178;51.135
5.226;1.126;51.152
5.246;1.043;51.175
5.256;1.007;51.187
5.253;-0.147;51.184
5.193;1.229;51.116
5.206;1.198;51.132
5.21;1.194;51.136
5.194;1.246;51.121
5.2;1.218;51.128
5.231;1.107;51.164
5.247;1.038;51.183
5.24;-0.154;51.176
5.199;-0.167;51.128
5.21;1.179;51.143
5.223;1.134;51.159
5.224;1.127;51.16
5.239;1.079;51.177
5.244;1.067;51.183
5.254;-0.146;51.196
5.225;-0.155;51.162
5.221;-0.157;51.157
5.208;-0.164;51.142
5.253;1.006;51.197
5.203;-0.165;51.14
5.195;1.196;51.133
5.23;1.096;51.174
5.249;1.025;51.196
5.197;-0.167;51.137
5.165;-0.175;51.1
5.166;1.288;51.102
5.195;1.239;51.137
5.195;1.218;51.136
5.194;1.19;51.135
5.24;1.073;51.189
5.242;1.057;51.191
5.242;1.047;51.192
5.208;-0.164;51.153
5.176;1.264;51.117
5.191;1.247;51.135
5.201;1.187;51.146
5.218;1.144;51.167
5.224;1.109;51.174
5.236;-0.154;51.19
5.23;-0.156;51.183
5.185;1.256;51.132
5.199;1.207;51.148
5.217;1.136;51.17
5.214;-0.164;51.167
5.199;-0.167;51.149
5.167;1.277;51.114
5.192;1.216;51.143
5.21;1.166;51.165
5.162;-0.177;51.109
5.194;1.236;51.149
5.193;1.226;51.149
5.214;1.144;51.173
5.236;1.063;51.199
5.233;-0.157;51.197
5.199;-0.167;51.156
5.203;1.197;51.164
5.214;1.136;51.177
5.229;1.098;51.195
5.151;-0.176;51.104
5.151;1.327;51.106
5.17;1.274;51.128
5.19;1.208;51.152
5.212;1.14;51.177
5.147;1.345;51.105
5.162;1.296;51.122
5.162;1.287;51.123
5.191;1.235;51.156
5.204;1.19;51.172
5.156;-0.176;51.117
5.154;1.307;51.117
5.195;1.199;51.165
5.199;1.197;51.17
5.2;1.178;51.171
5.222;1.097;51.196
5.201;-0.167;51.173
5.152;-0.176;51.115
5.15;1.31;51.116
5.204;-0.165;51.181
5.162;-0.175;51.131
5.158;-0.176;51.126
5.137;1.368;51.103
5.206;1.157;51.185
5.215;1.134;51.196
5.174;-0.172;51.148
5.158;1.295;51.132
5.202;1.166;51.184
5.207;1.154;51.191
5.135;1.378;51.108
5.165;1.276;51.144
5.199;1.177;51.184
5.211;1.13;51.198
5.194;-0.167;51.18
5.159;1.28;51.14
5.192;1.204;51.18
5.206;1.148;51.196
5.208;1.138;51.198
5.207;-0.166;51.198
5.131;-0.186;51.109
5.128;1.417;51.107
5.186;1.218;51.176
5.2;1.168;51.192
5.199;-0.167;51.192
5.193;-0.167;51.185
5.166;-0.175;51.154
5.157;-0.177;51.143
5.151;-0.177;51.135
5.124;1.437;51.106
5.129;1.38;51.112
5.183;1.229;51.176
5.176;-0.172;51.169
5.117;1.564;51.101
5.117;1.519;51.101
5.119;1.469;51.103
5.134;1.418;51.121
5.153;1.315;51.144
5.195;1.197;51.193
5.126;1.548;51.115
5.131;1.424;51.121
5.189;1.208;51.19
5.118;1.597;51.109
5.114;1.588;51.104
5.122;1.46;51.114
5.133;1.38;51.128
5.181;1.238;51.185
5.191;-0.167;51.198
5.127;-0.186;51.122
5.117;-0.193;51.11
5.114;1.679;51.108
5.112;1.674;51.105
5.11;1.667;51.103
5.117;1.649;51.111
5.111;1.621;51.105
5.115;1.617;51.109
5.116;1.518;51.111
5.117;1.498;51.111
5.129;1.425;51.126
5.155;1.305;51.158
5.184;1.225;51.192
5.13;-0.185;51.129
5.108;1.718;51.105
5.133;1.389;51.134
5.137;1.368;51.139
5.148;1.336;51.152
5.166;-0.177;51.175
5.125;1.654;51.129
5.121;1.588;51.123
5.125;1.556;51.129
5.121;1.528;51.124
5.121;1.489;51.124
5.122;1.43;51.125
5.14;1.376;51.146
5.14;1.358;51.146
5.151;1.307;51.16
5.153;1.298;51.162
5.168;1.274;51.18
5.175;1.253;51.187
5.114;1.718;51.118
5.128;1.627;51.136
5.124;1.535;51.131
5.129;1.398;51.136
5.143;-0.183;51.155
5.099;-0.194;51.102
5.103;1.735;51.109
5.116;1.706;51.125
5.131;1.645;51.143
5.125;1.598;51.136
5.122;1.465;51.132
5.141;1.348;51.155
5.142;1.339;51.156
5.173;1.257;51.193
5.17;-0.175;51.191
5.106;1.748;51.117
5.129;1.614;51.144
5.123;1.559;51.137
5.12;1.547;51.133
5.124;1.508;51.138
5.123;1.497;51.137
5.119;1.49;51.132
5.129;1.478;51.144
5.157;1.293;51.177
5.172;1.263;51.196
5.132;-0.185;51.149
5.122;1.668;51.139
5.126;1.558;51.143
5.132;1.408;51.15
5.137;1.395;51.157
5.148;1.328;51.17
5.162;-0.177;51.188
5.145;-0.183;51.168
5.125;-0.186;51.144
5.095;1.789;51.111
5.099;1.778;51.115
5.113;1.724;51.132
5.135;1.644;51.158
5.126;1.626;51.147
5.13;1.598;51.152
5.126;1.515;51.148
5.13;1.488;51.152
5.129;1.437;51.151
5.096;-0.195;51.113
5.123;1.69;51.148
5.138;1.596;51.166
5.118;1.503;51.142
5.14;1.368;51.168
5.161;1.293;51.193
5.137;-0.186;51.166
5.099;-0.194;51.121
5.105;1.775;51.129
5.105;1.768;51.129
5.135;1.645;51.166
5.134;1.639;51.164
5.132;1.613;51.162
5.134;1.567;51.164
5.129;1.558;51.159
5.13;1.429;51.159
5.134;1.408;51.164
5.153;1.304;51.188
5.085;-0.199;51.108
5.108;1.736;51.137
5.11;1.718;51.139
5.122;1.688;51.154
5.142;1.588;51.177
5.136;1.574;51.17
5.141;1.558;51.176
5.127;1.518;51.16
5.114;1.497;51.143
5.122;1.493;51.153
5.128;1.468;51.161
5.128;1.458;51.16
5.133;1.428;51.167
5.136;1.424;51.17
5.145;1.338;51.181
5.156;-0.176;51.196
5.146;-0.177;51.184
5.092;1.798;51.121
5.095;1.796;51.125
5.123;1.688;51.159
5.137;1.674;51.175
5.137;1.644;51.175
5.14;1.566;51.178
5.12;1.497;51.154
5.13;1.467;51.166
5.133;1.457;51.17
5.129;1.448;51.166
5.138;1.428;51.176
5.138;1.407;51.176
5.138;1.368;51.177
5.09;-0.195;51.12
5.08;-0.197;51.108
5.103;1.757;51.137
5.111;1.718;51.147
5.133;1.678;51.173
5.134;1.666;51.175
5.132;1.606;51.172
5.153;1.563;51.197
5.131;1.447;51.171
5.133;-0.183;51.175
5.123;-0.187;51.163
5.074;1.836;51.106
5.083;1.828;51.117
5.098;1.781;51.135
5.121;1.734;51.162
5.13;1.686;51.174
5.119;1.626;51.16
5.145;1.569;51.191
5.139;1.527;51.185
5.14;1.49;51.186
5.143;1.486;51.189
5.141;1.377;51.187
5.149;1.324;51.196
5.123;-0.187;51.167
5.116;-0.186;51.159
5.094;-0.196;51.133
5.08;-0.195;51.116
5.141;1.607;51.191
5.143;1.517;51.192
5.143;1.42;51.193
5.138;1.408;51.187
5.135;-0.18;51.185
5.114;-0.187;51.159
5.076;-0.195;51.114
5.125;1.726;51.175
5.128;1.717;51.178
5.131;1.634;51.182
5.145;1.486;51.199
5.145;1.477;51.198
5.14;1.398;51.193
5.1;-0.193;51.147
5.087;-0.196;51.13
5.079;-0.195;51.121
5.072;-0.2;51.113
5.084;1.834;51.129
5.107;1.778;51.157
5.138;1.667;51.194
5.137;1.658;51.193
5.137;1.651;51.193
5.142;1.387;51.199
5.141;1.378;51.198
5.127;-0.184;51.183
5.123;-0.187;51.178
5.067;1.856;51.112
5.124;1.697;51.181
5.124;1.688;51.181
5.12;1.681;51.176
5.136;1.633;51.195
5.121;1.63;51.177
5.136;1.624;51.195
5.074;1.838;51.124
5.108;1.783;51.166
5.131;1.724;51.192
5.058;1.865;51.108
5.093;1.815;51.15
5.112;1.628;51.173
5.092;1.808;51.153
5.111;1.768;51.175
5.128;1.707;51.197
5.059;-0.203;51.115
5.048;-0.206;51.102
5.068;1.852;51.128
5.088;1.819;51.152
5.079;-0.197;51.144
5.069;1.858;51.132
5.07;1.849;51.134
5.084;1.827;51.151
5.104;1.796;51.174
5.113;1.748;51.185
5.113;-0.186;51.187
5.109;-0.187;51.183
5.087;-0.196;51.156
5.051;-0.205;51.113
5.117;1.752;51.194
5.044;-0.206;51.108
5.077;1.848;51.15
5.112;-0.186;51.194
5.04;1.899;51.108
5.039;1.887;51.107
5.084;-0.197;51.164
5.052;-0.202;51.125
5.05;-0.206;51.122
5.109;1.777;51.195
5.089;-0.196;51.173
5.078;1.846;51.161
5.094;1.817;51.181
5.073;-0.199;51.157
5.084;1.834;51.172
5.068;1.864;51.156
5.095;1.808;51.189
5.097;1.804;51.192
5.077;-0.197;51.169
5.048;1.899;51.136
5.053;1.897;51.141
5.061;1.875;51.151
5.09;1.818;51.186
5.072;-0.197;51.167
5.057;1.878;51.15
5.069;1.85;51.165
5.096;-0.193;51.199
5.082;-0.195;51.182
5.054;-0.2;51.149
5.048;1.898;51.143
5.068;1.868;51.167
5.064;1.856;51.163
5.086;1.835;51.19
5.091;1.816;51.195
5.076;-0.197;51.178
5.059;1.848;51.16
5.013;-0.217;51.106
5.01;1.979;51.104
5.045;1.908;51.147
5.037;1.895;51.137
5.073;1.858;51.18
5.081;-0.197;51.192
5.039;-0.206;51.141
5.014;1.986;51.112
5.021;1.955;51.121
5.032;1.927;51.135
5.032;1.897;51.134
5.064;1.868;51.173
5.068;1.863;51.178
5.084;1.835;51.197
5.072;-0.197;51.185
5.018;1.975;51.121
5.061;1.885;51.173
5.074;1.859;51.188
5.044;-0.206;51.154
5.012;1.987;51.117
5.04;1.908;51.151
5.041;1.892;51.153
5.007;1.999;51.114
5.01;1.995;51.118
5.039;1.927;51.153
5.053;1.888;51.171
5.068;1.866;51.189
5.063;1.856;51.183
5.032;-0.207;51.148
4.995;2.025;51.103
5.017;1.968;51.131
5.032;1.938;51.149
5.036;1.92;51.154
5.06;1.878;51.183
5.013;-0.216;51.127
4.997;2.017;51.109
5.012;1.98;51.128
5.067;-0.196;51.197
5.038;-0.205;51.162
5.037;1.936;51.161
5.047;1.899;51.174
5.037;1.895;51.163
5.033;1.893;51.157
5.039;1.889;51.165
4.988;-0.224;51.104
5.005;1.998;51.127
5.043;1.883;51.173
5.052;1.881;51.184
5.03;-0.206;51.159
4.99;2.036;51.111
4.999;2.016;51.122
5.014;1.979;51.141
5.027;1.958;51.157
5.038;1.895;51.17
5.036;1.89;51.168
5.04;1.881;51.173
5.052;1.88;51.187
5.014;-0.215;51.143
5.0;-0.217;51.126
4.98;-0.226;51.101
4.98;2.05;51.103
4.983;2.046;51.107
5.005;1.998;51.134
4.991;-0.222;51.119
4.975;2.074;51.1
5.004;2.009;51.136
5.017;1.978;51.152
5.019;1.969;51.154
5.029;1.95;51.167
5.052;1.893;51.194
5.005;-0.215;51.14
4.984;-0.226;51.114
5.002;2.015;51.137
5.024;-0.206;51.166
4.993;2.036;51.129
5.042;1.934;51.19
5.049;1.914;51.198
4.997;-0.217;51.137
4.974;2.067;51.11
4.979;2.063;51.116
4.99;2.04;51.129
5.007;2.005;51.15
5.035;1.944;51.184
5.031;-0.204;51.182
4.973;-0.226;51.111
4.982;2.057;51.123
4.981;2.05;51.122
4.986;2.046;51.128
5.015;1.988;51.163
5.027;1.957;51.179
4.989;-0.216;51.134
4.964;2.099;51.105
4.983;2.059;51.129
5.008;2.0;51.159
5.012;1.996;51.164
5.021;-0.206;51.177
5.016;-0.206;51.171
4.961;2.121;51.105
4.959;2.116;51.103
4.99;-0.216;51.143
4.983;-0.22;51.134
4.956;2.149;51.103
4.963;2.111;51.111
4.973;2.085;51.123
4.986;2.039;51.139
4.987;2.037;51.14
5.018;1.979;51.178
4.953;2.159;51.102
4.954;2.138;51.103
4.979;2.067;51.134
4.987;2.045;51.144
4.983;-0.216;51.141
4.962;-0.225;51.116
4.951;2.174;51.103
4.96;2.128;51.114
4.989;2.04;51.15
5.008;2.015;51.173
5.012;2.011;51.178
5.022;1.987;51.191
5.016;-0.206;51.185
5.011;-0.206;51.179
4.983;-0.215;51.145
4.956;2.167;51.113
4.977;2.078;51.138
4.986;2.047;51.15
5.013;2.007;51.183
5.023;1.972;51.195
4.961;-0.226;51.121
4.947;2.285;51.105
4.951;2.158;51.11
4.951;2.149;51.111
5.009;2.017;51.182
5.012;2.013;51.185
4.991;-0.213;51.161
4.964;-0.225;51.128
4.953;2.283;51.116
4.979;2.089;51.148
4.977;2.068;51.146
4.985;-0.215;51.159
4.943;-0.235;51.106
4.971;2.274;51.142
4.942;2.208;51.107
4.961;2.135;51.13
4.97;2.098;51.141
4.977;2.094;51.149
4.98;2.067;51.153
5.016;2.003;51.198
4.978;-0.216;51.153
4.939;2.248;51.106
4.941;2.227;51.108
4.95;2.188;51.12
4.953;2.165;51.124
4.98;2.085;51.157
4.962;-0.226;51.138
4.938;2.265;51.108
4.943;2.225;51.115
4.949;2.178;51.122
4.947;2.171;51.12
4.965;2.137;51.142
4.944;2.208;51.12
4.949;2.193;51.126
4.971;2.107;51.154
4.982;-0.216;51.169
4.932;-0.235;51.107
4.941;2.272;51.12
5.005;2.043;51.199
4.942;2.274;51.124
4.934;2.27;51.115
4.963;2.138;51.15
4.957;-0.225;51.146
4.93;-0.236;51.111
4.937;2.25;51.122
4.941;2.218;51.127
4.944;2.207;51.13
4.946;2.205;51.133
4.957;2.159;51.146
4.972;2.081;51.165
4.951;-0.227;51.141
4.938;2.254;51.126
4.968;2.117;51.164
4.973;2.106;51.17
4.988;2.074;51.189
4.935;-0.235;51.125
4.947;2.188;51.141
4.96;2.128;51.158
4.994;2.055;51.199
4.954;2.159;51.154
4.953;-0.226;51.155
4.924;-0.236;51.119
4.938;2.283;51.137
4.934;2.269;51.133
4.972;2.117;51.18
4.967;-0.216;51.176
4.92;-0.237;51.117
4.935;2.258;51.137
4.969;2.126;51.179
4.984;2.094;51.198
4.942;-0.229;51.148
4.924;-0.236;51.126
4.934;2.274;51.139
4.962;2.146;51.174
4.958;2.138;51.169
4.901;-0.245;51.101
4.939;2.238;51.15
4.953;2.194;51.167
4.953;2.173;51.166
4.939;-0.226;51.152
4.976;2.126;51.199
4.976;2.107;51.199
4.962;-0.217;51.184
4.895;-0.246;51.101
4.931;2.277;51.146
4.899;-0.244;51.109
4.893;-0.246;51.102
4.937;2.247;51.158
4.94;2.227;51.161
4.953;2.167;51.178
4.968;2.137;51.196
4.931;-0.226;51.156
4.918;-0.235;51.14
4.888;-0.252;51.102
4.943;2.218;51.172
4.944;2.197;51.174
4.956;-0.217;51.191
4.932;2.268;51.163
4.951;2.186;51.187
4.926;2.328;51.158
4.92;2.318;51.151
4.944;2.196;51.181
4.943;2.189;51.179
4.878;-0.253;51.101
4.919;2.326;51.154
4.942;2.227;51.182
4.945;2.216;51.185
4.942;2.179;51.182
4.927;-0.226;51.166
4.887;-0.247;51.116
4.949;2.182;51.195
4.922;2.316;51.164
4.918;2.306;51.16
4.918;-0.227;51.162
4.914;2.327;51.158
4.944;2.226;51.195
4.925;-0.225;51.174
4.904;-0.236;51.147
4.937;2.257;51.191
4.935;-0.22;51.19
4.879;-0.249;51.121
4.92;2.318;51.173
4.939;2.264;51.196
4.936;-0.217;51.195
4.92;2.336;51.176
4.926;-0.222;51.186
4.859;-0.256;51.102
4.918;2.326;51.177
4.925;2.288;51.186
4.868;-0.251;51.117
4.922;2.298;51.186
4.931;-0.217;51.199
4.917;-0.222;51.183
4.911;-0.227;51.174
4.892;-0.236;51.15
4.917;2.327;51.184
4.849;-0.256;51.1
4.923;-0.217;51.196
4.904;-0.227;51.173
4.881;-0.244;51.144
4.921;2.317;51.195
4.889;-0.237;51.158
4.872;-0.247;51.14
4.845;-0.255;51.106
4.905;-0.225;51.185
4.898;-0.227;51.181
4.864;-0.247;51.141
4.833;2.507;51.103
4.894;-0.23;51.183
4.867;-0.246;51.149
4.838;2.506;51.112
4.883;-0.236;51.172
4.835;-0.255;51.111
4.9;-0.226;51.198
4.896;-0.227;51.192
4.847;2.5;51.131
4.887;2.388;51.182
4.824;-0.264;51.104
4.883;2.409;51.18
4.863;-0.246;51.158
4.835;2.497;51.124
4.873;2.432;51.172
4.881;2.417;51.181
4.877;2.407;51.176
4.891;2.387;51.194
4.843;-0.256;51.136
4.82;2.518;51.108
4.854;-0.252;51.153
4.826;-0.262;51.118
4.82;2.495;51.111
4.866;2.426;51.17
4.813;-0.266;51.105
4.822;2.515;51.118
4.883;2.408;51.195
4.859;-0.245;51.167
4.846;-0.254;51.151
4.839;-0.256;51.141
4.834;-0.257;51.135
4.839;2.496;51.143
4.862;2.453;51.172
4.862;2.437;51.173
4.816;-0.263;51.116
4.824;2.499;51.128
4.828;2.495;51.132
4.855;2.455;51.167
4.863;-0.236;51.18
4.859;-0.237;51.175
4.833;2.489;51.143
4.867;2.435;51.185
4.808;-0.263;51.113
4.837;2.466;51.152
4.841;-0.255;51.159
4.803;2.536;51.112
4.811;2.527;51.122
4.853;2.457;51.179
4.793;-0.266;51.105
4.816;2.519;51.135
4.822;2.506;51.143
4.845;2.47;51.172
4.858;2.448;51.189
4.859;-0.237;51.193
4.844;-0.245;51.174
4.832;-0.257;51.159
4.798;-0.265;51.115
4.8;2.555;51.118
4.808;2.527;51.129
4.841;2.473;51.17
4.856;2.465;51.19
4.815;-0.257;51.14
4.809;-0.257;51.133
4.843;-0.246;51.179
4.823;-0.256;51.154
4.791;2.575;51.114
4.785;-0.265;51.11
4.777;2.628;51.1
4.812;2.527;51.145
4.82;-0.256;51.157
4.813;-0.256;51.149
4.807;-0.256;51.141
4.791;-0.264;51.121
4.783;2.588;51.111
4.825;2.505;51.165
4.784;-0.267;51.12
4.774;2.638;51.106
4.8;2.555;51.14
4.829;2.507;51.178
4.772;2.643;51.108
4.777;2.629;51.114
4.822;2.514;51.172
4.787;-0.266;51.13
4.764;2.648;51.101
4.772;2.64;51.115
4.777;2.619;51.121
4.812;2.536;51.167
4.813;2.518;51.168
4.816;-0.257;51.174
4.779;2.608;51.128
4.783;2.598;51.133
4.796;2.567;51.15
4.819;-0.254;51.181
4.763;2.668;51.111
4.768;2.653;51.117
4.774;2.646;51.125
4.776;2.628;51.128
4.791;2.588;51.147
4.795;2.576;51.152
4.799;2.559;51.158
4.805;2.548;51.165
4.773;2.638;51.128
4.829;2.507;51.199
4.81;-0.257;51.178
4.754;-0.272;51.106
4.754;2.687;51.107
4.786;2.595;51.148
4.804;2.547;51.172
4.782;-0.266;51.145
4.777;-0.266;51.139
4.806;2.554;51.177
4.747;2.71;51.105
4.759;2.679;51.121
4.763;2.659;51.126
4.771;2.646;51.136
4.777;2.617;51.143
4.794;2.578;51.169
4.778;-0.266;51.151
4.749;2.697;51.115
4.767;2.654;51.138
4.795;2.576;51.175
4.805;2.558;51.186
4.744;2.72;51.112
4.76;2.676;51.133
4.774;2.636;51.151
4.788;2.596;51.168
4.802;2.568;51.187
4.772;-0.267;51.15
4.769;-0.268;51.146
4.745;2.711;51.117
4.801;2.575;51.189
4.798;-0.257;51.188
4.735;-0.275;51.107
4.73;2.765;51.1
4.738;2.754;51.111
4.737;2.735;51.11
4.776;2.615;51.16
4.803;-0.256;51.198
4.774;-0.266;51.161
4.732;2.759;51.107
4.734;2.739;51.109
4.747;2.708;51.126
4.751;2.705;51.132
4.758;2.689;51.14
4.777;2.634;51.165
4.786;2.597;51.177
4.767;-0.267;51.155
4.77;2.647;51.16
4.789;2.611;51.184
4.737;-0.276;51.12
4.724;-0.275;51.103
4.741;2.724;51.126
4.763;2.668;51.155
4.768;2.654;51.161
4.783;2.623;51.18
4.787;-0.257;51.188
4.773;-0.266;51.17
4.747;2.706;51.138
4.774;2.633;51.173
4.789;2.614;51.191
4.718;2.795;51.104
4.718;2.788;51.104
4.719;2.777;51.105
4.742;2.717;51.135
4.755;2.687;51.151
4.769;2.64;51.17
4.726;-0.275;51.116
4.765;2.656;51.167
4.781;2.638;51.188
4.761;-0.27;51.166
4.719;2.778;51.111
4.73;2.763;51.127
4.734;2.748;51.131
4.734;2.739;51.131
4.717;-0.275;51.112
4.781;2.628;51.196
4.739;-0.274;51.145
4.709;-0.276;51.105
4.704;-0.276;51.1
4.725;2.768;51.126
4.756;2.695;51.167
4.756;2.688;51.167
4.777;2.636;51.194
4.762;-0.266;51.178
4.749;2.706;51.162
4.756;-0.266;51.173
4.713;-0.275;51.119
4.715;2.779;51.121
4.743;2.709;51.157
4.726;-0.275;51.139
4.707;-0.274;51.114
4.7;-0.273;51.104
4.698;2.819;51.103
4.738;2.717;51.155
4.737;2.734;51.157
4.758;2.694;51.184
4.713;-0.275;51.129
4.695;2.836;51.107
4.703;2.808;51.116
4.74;2.728;51.165
4.766;2.648;51.199
4.752;-0.264;51.183
4.744;-0.266;51.173
4.74;-0.267;51.168
4.716;-0.276;51.136
4.689;2.847;51.101
4.698;2.829;51.114
4.738;2.719;51.165
4.722;-0.276;51.148
4.743;-0.266;51.179
4.695;-0.275;51.116
4.69;-0.275;51.109
4.719;2.774;51.149
4.729;2.747;51.161
4.739;2.734;51.175
4.741;2.728;51.177
4.742;2.719;51.178
4.714;-0.277;51.145
4.7;-0.275;51.126
4.685;2.848;51.108
4.698;2.834;51.124
4.698;2.818;51.125
4.712;2.788;51.143
4.708;-0.276;51.14
4.693;-0.275;51.121
4.706;2.799;51.139
4.724;2.764;51.163
4.719;-0.275;51.159
4.687;-0.276;51.117
4.702;2.814;51.137
4.704;2.808;51.14
4.716;2.774;51.155
4.731;2.747;51.175
4.74;-0.266;51.189
4.699;-0.276;51.136
4.674;2.866;51.103
4.668;2.878;51.1
4.694;2.827;51.134
4.694;2.817;51.134
4.709;2.797;51.154
4.706;2.805;51.153
4.727;2.754;51.181
4.732;-0.267;51.19
4.702;-0.276;51.151
4.696;-0.276;51.143
4.69;-0.276;51.135
4.723;2.757;51.179
4.668;2.869;51.11
4.665;2.863;51.107
4.698;2.826;51.149
4.697;2.818;51.149
4.711;2.795;51.166
4.66;2.884;51.104
4.723;2.773;51.187
4.713;-0.274;51.176
4.661;2.898;51.109
4.677;2.864;51.13
4.701;2.805;51.162
4.712;2.778;51.175
4.716;2.775;51.181
4.693;-0.275;51.154
4.694;2.818;51.156
4.679;2.846;51.14
4.659;2.897;51.117
4.661;2.889;51.119
4.673;2.858;51.136
4.688;2.828;51.155
4.694;-0.276;51.166
4.649;2.914;51.108
4.707;2.788;51.184
4.678;2.847;51.149
4.683;2.835;51.156
4.704;2.795;51.184
4.673;2.859;51.146
4.687;-0.276;51.168
4.682;2.837;51.163
4.687;2.834;51.169
4.709;2.785;51.198
4.643;-0.286;51.113
4.64;2.926;51.11
4.653;2.896;51.128
4.689;2.827;51.174
4.693;2.815;51.18
4.702;2.797;51.192
4.674;-0.281;51.158
4.653;2.905;51.131
4.632;-0.286;51.107
4.677;2.853;51.166
4.685;2.835;51.177
4.652;2.897;51.136
4.678;-0.275;51.175
4.625;-0.286;51.105
4.634;2.934;51.117
4.661;2.884;51.153
4.671;-0.277;51.169
4.644;-0.284;51.133
4.629;-0.285;51.114
4.639;2.908;51.127
4.669;2.856;51.166
4.617;-0.286;51.101
4.649;2.89;51.144
4.666;2.875;51.17
4.673;2.848;51.179
4.621;-0.287;51.114
4.637;2.933;51.135
4.681;2.838;51.194
4.685;2.834;51.198
4.626;-0.284;51.124
4.625;2.956;51.122
4.677;2.844;51.192
4.66;-0.28;51.172
4.637;2.928;51.142
4.648;2.906;51.158
4.616;-0.286;51.118
4.61;-0.286;51.11
4.632;2.937;51.139
4.668;2.858;51.188
4.605;2.973;51.107
4.663;-0.276;51.187
4.654;-0.277;51.176
4.648;-0.277;51.167
4.661;2.878;51.186
4.656;-0.277;51.181
4.643;-0.276;51.164
4.608;-0.285;51.118
4.597;2.984;51.104
4.631;2.934;51.15
4.66;2.889;51.188
4.647;-0.277;51.174
4.604;2.977;51.117
4.639;2.919;51.164
4.625;-0.284;51.148
4.608;-0.285;51.125
4.609;2.975;51.127
4.594;2.985;51.111
4.614;-0.284;51.141
4.586;3.005;51.104
4.603;2.976;51.126
4.61;-0.284;51.138
4.633;2.936;51.174
4.646;2.915;51.191
4.576;3.02;51.102
4.639;2.927;51.186
4.602;2.978;51.14
4.637;-0.276;51.19
4.582;3.007;51.117
4.616;2.951;51.163
4.642;2.923;51.197
4.573;3.019;51.112
4.612;2.965;51.164
4.627;2.947;51.184
4.593;2.988;51.142
4.577;3.007;51.125
4.562;3.039;51.108
4.567;3.024;51.119
4.579;3.01;51.134
4.605;2.969;51.17
4.612;-0.285;51.183
4.578;3.018;51.137
4.601;2.978;51.168
4.584;2.994;51.153
4.564;3.026;51.13
4.613;2.966;51.195
4.562;3.033;51.13
4.597;2.977;51.177
4.543;3.058;51.108
4.583;3.008;51.162
4.555;3.048;51.128
4.587;3.014;51.171
4.585;3.0;51.169
4.59;2.997;51.175
4.599;2.977;51.188
4.6;2.977;51.193
4.594;2.996;51.189
4.598;2.993;51.194
4.574;3.028;51.165
4.537;3.068;51.118
4.523;3.084;51.103
4.554;3.055;51.145
4.562;3.048;51.164
4.581;3.025;51.193
4.518;3.088;51.11
4.53;3.083;51.127
4.539;3.068;51.139
4.565;3.046;51.175
4.519;3.088;51.117
4.536;3.074;51.14
4.569;3.033;51.187
4.504;3.11;51.102
4.521;3.103;51.127
4.544;3.068;51.157
4.548;3.063;51.162
4.516;3.103;51.122
4.527;3.094;51.138
4.534;3.088;51.148
4.498;3.124;51.102
4.532;3.094;51.149
4.541;3.067;51.161
4.498;3.128;51.11
4.503;3.114;51.116
4.524;3.097;51.144
4.559;3.058;51.192
4.557;3.045;51.19
4.521;3.103;51.145
4.517;3.106;51.143
4.55;3.066;51.188
4.498;3.128;51.121
4.527;3.096;51.16
4.498;3.126;51.125
4.532;3.095;51.171
4.546;3.073;51.19
4.522;3.105;51.161
4.478;3.154;51.104
4.513;3.115;51.152
4.525;3.097;51.169
4.546;3.077;51.198
4.489;3.144;51.122
4.506;3.119;51.146
4.525;3.097;51.173
4.536;3.094;51.188
4.528;3.104;51.181
4.538;3.068;51.194
4.477;3.151;51.114
4.51;3.116;51.158
4.52;3.113;51.172
4.496;3.135;51.155
4.483;3.156;51.141
4.501;3.133;51.169
4.495;3.135;51.164
4.489;3.149;51.16
4.501;3.128;51.176
4.507;3.123;51.184
4.515;3.118;51.196
4.463;3.177;51.128
4.486;3.156;51.16
4.444;3.198;51.105
4.446;3.19;51.107
4.47;3.175;51.144
4.498;3.137;51.187
4.434;3.208;51.102
4.464;3.173;51.143
4.44;3.209;51.114
4.438;3.214;51.115
4.473;3.167;51.164
4.497;3.138;51.197
4.446;3.197;51.13
4.48;3.158;51.177
4.43;3.215;51.112
4.469;3.175;51.166
4.471;3.175;51.171
4.427;3.223;51.114
4.419;3.236;51.107
4.432;3.217;51.126
4.48;3.163;51.192
4.431;3.225;51.127
4.448;3.191;51.151
4.462;3.178;51.17
4.48;3.163;51.195
4.445;3.196;51.151
4.409;3.254;51.103
4.417;3.246;51.114
4.429;3.235;51.131
4.441;3.203;51.152
4.435;3.216;51.147
4.404;3.236;51.109
4.407;3.235;51.112
4.411;3.232;51.117
4.416;3.23;51.125
4.467;3.173;51.197
4.409;3.243;51.118
4.403;3.231;51.11
4.425;3.227;51.141
4.454;3.194;51.182
4.459;3.193;51.188
4.462;3.188;51.192
4.407;3.249;51.12
4.463;3.174;51.198
4.417;3.244;51.138
4.418;3.238;51.139
4.421;3.221;51.144
4.451;3.194;51.185
4.391;3.288;51.104
4.443;3.214;51.182
4.399;3.264;51.124
4.419;3.238;51.155
4.377;3.295;51.1
4.398;3.266;51.13
4.42;3.238;51.161
4.383;3.293;51.112
4.423;3.245;51.168
4.429;3.224;51.177
4.395;3.275;51.133
4.421;3.234;51.17
4.408;3.247;51.155
4.37;3.319;51.105
4.416;3.238;51.17
4.379;3.294;51.121
4.398;3.264;51.152
4.39;3.274;51.144
4.363;3.317;51.113
4.384;3.278;51.143
4.402;3.253;51.169
4.408;3.238;51.178
4.381;3.288;51.143
4.393;3.264;51.16
4.379;3.294;51.144
4.352;3.335;51.109
4.365;3.314;51.128
4.381;3.279;51.154
4.383;3.276;51.157
4.392;3.263;51.169
4.404;3.257;51.187
4.356;3.323;51.122
4.399;3.259;51.187
4.388;3.261;51.175
4.379;3.294;51.167
4.352;3.326;51.131
4.344;3.343;51.127
4.329;3.366;51.11
4.349;3.334;51.138
4.352;3.319;51.143
4.371;3.27;51.17
4.358;3.308;51.155
4.379;3.271;51.185
4.32;3.376;51.105
4.386;3.273;51.199
4.37;3.303;51.184
4.376;3.296;51.193
4.355;3.319;51.165
4.376;3.278;51.196
4.351;3.326;51.164
4.364;3.304;51.182
4.311;3.399;51.11
4.335;3.353;51.145
4.34;3.345;51.159
4.352;3.314;51.177
4.322;3.377;51.137
4.311;3.394;51.126
4.331;3.354;51.154
4.344;3.335;51.173
4.292;3.429;51.101
4.305;3.408;51.12
4.317;3.394;51.138
4.326;3.358;51.151
4.3;3.408;51.117
4.317;3.393;51.141
4.31;3.394;51.135
4.298;3.4;51.121
4.303;3.398;51.129
4.341;3.343;51.184
4.347;3.317;51.193
4.293;3.417;51.122
4.309;3.383;51.153
4.336;3.345;51.191
4.289;3.435;51.127
4.273;3.455;51.112
4.301;3.395;51.152
4.321;3.36;51.181
4.273;3.448;51.115
4.282;3.437;51.128
4.296;3.409;51.148
4.292;3.415;51.147
4.313;3.377;51.177
4.317;3.367;51.183
4.269;3.454;51.12
4.283;3.426;51.141
4.256;3.484;51.106
4.299;3.397;51.168
4.314;3.375;51.191
4.287;3.417;51.154
4.308;3.379;51.186
4.285;3.423;51.155
4.246;3.496;51.102
4.28;3.425;51.151
4.312;3.377;51.199
4.256;3.474;51.124
4.272;3.438;51.148
4.293;3.4;51.178
4.237;3.507;51.1
4.257;3.469;51.129
4.242;3.496;51.111
4.261;3.464;51.142
4.246;3.487;51.125
4.268;3.438;51.156
4.279;3.416;51.174
4.231;3.515;51.107
4.284;3.413;51.184
4.236;3.506;51.118
4.259;3.458;51.151
4.242;3.488;51.134
4.285;3.41;51.197
4.237;3.499;51.13
4.22;3.526;51.11
4.258;3.455;51.165
4.267;3.444;51.179
4.271;3.436;51.185
4.258;3.453;51.169
4.259;3.449;51.174
4.276;3.427;51.199
4.211;3.538;51.108
4.223;3.517;51.125
4.215;3.526;51.122
4.24;3.484;51.158
4.205;3.565;51.113
4.22;3.524;51.136
4.226;3.514;51.144
4.232;3.496;51.153
4.24;3.486;51.165
4.23;3.503;51.155
4.19;3.574;51.1
4.255;3.453;51.195
4.208;3.546;51.133
4.224;3.508;51.157
4.235;3.493;51.173
4.183;3.58;51.105
4.22;3.514;51.158
4.197;3.554;51.132
4.207;3.529;51.147
4.232;3.496;51.185
4.168;3.614;51.1
4.181;3.593;51.12
4.233;3.484;51.197
4.199;3.554;51.151
4.164;3.616;51.11
4.197;3.555;51.159
4.205;3.535;51.17
4.182;3.574;51.14
4.156;3.627;51.105
4.155;3.636;51.107
4.173;3.586;51.135
4.18;3.574;51.145
4.183;3.568;51.149
4.194;3.546;51.166
4.216;3.516;51.198
4.154;3.636;51.113
4.174;3.578;51.147
4.203;3.533;51.19
4.178;3.566;51.157
4.168;3.595;51.146
4.177;3.577;51.159
4.155;3.623;51.13
4.159;3.609;51.136
4.199;3.534;51.197
4.148;3.636;51.124
4.166;3.595;51.154
4.185;3.554;51.183
4.129;3.671;51.103
4.139;3.656;51.117
4.146;3.629;51.133
4.19;3.543;51.198
4.169;3.584;51.17
4.142;3.648;51.134
4.17;3.578;51.176
4.128;3.675;51.116
4.132;3.664;51.127
4.152;3.614;51.157
4.159;3.604;51.167
4.131;3.664;51.132
4.134;3.654;51.148
4.155;3.596;51.18
4.101;3.723;51.102
4.106;3.704;51.114
4.128;3.656;51.147
4.151;3.604;51.182
4.159;3.585;51.194
4.099;3.724;51.106
4.114;3.687;51.13
4.145;3.615;51.176
4.131;3.647;51.159
4.153;3.598;51.193
4.152;3.588;51.191
4.109;3.695;51.13
4.122;3.665;51.149
4.091;3.735;51.105
4.139;3.617;51.183
4.095;3.724;51.119
4.147;3.595;51.199
4.081;3.735;51.102
4.125;3.653;51.169
4.085;3.733;51.113
4.11;3.685;51.151
4.13;3.633;51.18
4.103;3.695;51.143
4.117;3.664;51.164
4.122;3.653;51.173
4.124;3.647;51.175
4.125;3.638;51.177
4.079;3.735;51.111
4.114;3.664;51.172
4.07;3.738;51.108
4.101;3.687;51.156
4.085;3.717;51.136
4.087;3.709;51.139
4.119;3.646;51.187
4.077;3.734;51.127
4.094;3.705;51.152
4.064;3.753;51.111
4.07;3.745;51.12
4.082;3.72;51.138
4.108;3.665;51.178
4.11;3.657;51.181
4.077;3.726;51.135
4.094;3.694;51.164
4.078;3.718;51.144
4.112;3.653;51.196
4.06;3.753;51.12
4.079;3.725;51.149
4.079;3.716;51.149
4.099;3.684;51.18
4.046;3.774;51.103
4.053;3.757;51.114
4.082;3.709;51.157
4.089;3.693;51.173
4.045;3.773;51.109
4.065;3.736;51.139
4.095;3.677;51.185
4.102;3.665;51.199
4.037;3.778;51.104
4.048;3.764;51.121
4.063;3.735;51.144
4.067;3.733;51.15
4.088;3.688;51.183
4.044;3.776;51.118
4.044;3.768;51.118
4.086;3.696;51.184
4.029;3.788;51.103
4.034;3.777;51.111
4.048;3.751;51.132
4.043;3.767;51.128
4.052;3.738;51.143
4.082;3.705;51.188
4.084;3.696;51.191
4.043;3.774;51.132
4.041;3.759;51.128
4.07;3.709;51.174
4.041;3.769;51.137
4.066;3.733;51.183
4.02;3.796;51.115
4.038;3.78;51.143
4.006;3.807;51.102
4.011;3.798;51.113
4.021;3.784;51.129
4.031;3.771;51.144
4.009;3.809;51.114
4.027;3.776;51.142
4.039;3.756;51.161
4.008;3.798;51.121
4.038;3.763;51.167
4.052;3.737;51.189
4.019;3.787;51.141
4.03;3.773;51.158
4.038;3.757;51.17
4.008;3.811;51.131
4.015;3.804;51.143
4.008;3.816;51.136
4.006;3.815;51.14
4.007;3.807;51.142
4.019;3.786;51.161
4.039;3.747;51.192
3.979;3.848;51.103
3.987;3.836;51.114
4.007;3.797;51.145
4.027;3.768;51.177
4.023;3.785;51.175
4.03;3.768;51.19
3.976;3.848;51.109
4.006;3.797;51.155
4.021;3.777;51.184
3.99;3.818;51.139
3.967;3.865;51.106
3.974;3.839;51.118
4.006;3.796;51.167
3.968;3.86;51.116
4.015;3.784;51.19
4.001;3.804;51.175
4.008;3.794;51.19
3.974;3.844;51.14
3.981;3.827;51.155
3.991;3.815;51.171
3.965;3.855;51.134
3.967;3.847;51.137
3.977;3.835;51.154
3.96;3.859;51.134
3.981;3.826;51.168
3.948;3.876;51.119
3.989;3.815;51.183
3.949;3.872;51.128
3.974;3.844;51.168
3.987;3.817;51.189
3.946;3.874;51.128
3.952;3.866;51.141
3.983;3.823;51.19
3.955;3.854;51.153
3.974;3.843;51.184
3.942;3.874;51.137
3.952;3.857;51.153
3.929;3.887;51.12
3.968;3.845;51.181
3.933;3.883;51.134
3.912;3.914;51.104
3.925;3.888;51.129
3.949;3.873;51.167
3.91;3.916;51.109
3.916;3.903;51.118
3.919;3.891;51.123
3.948;3.874;51.17
3.955;3.854;51.18
3.962;3.847;51.191
3.944;3.857;51.168
3.926;3.888;51.143
3.901;3.926;51.106
3.913;3.906;51.126
3.907;3.916;51.12
3.911;3.914;51.129
3.917;3.904;51.14
3.89;3.935;51.104
3.915;3.903;51.144
3.936;3.873;51.178
3.902;3.914;51.127
3.92;3.894;51.157
3.881;3.944;51.101
3.888;3.936;51.113
3.896;3.918;51.126
3.934;3.875;51.187
3.88;3.944;51.108
3.91;3.904;51.156
3.906;3.909;51.153
3.915;3.885;51.169
3.896;3.916;51.141
3.919;3.886;51.183
3.888;3.935;51.137
3.914;3.896;51.178
3.874;3.946;51.118
3.902;3.91;51.162
3.914;3.872;51.186
3.858;3.975;51.1
3.859;3.968;51.1
3.864;3.958;51.109
3.877;3.944;51.13
3.89;3.924;51.151
3.906;3.888;51.177
3.863;3.966;51.116
3.856;3.975;51.111
3.882;3.935;51.154
3.893;3.924;51.171
3.867;3.947;51.134
3.903;3.904;51.193
3.891;3.923;51.176
3.895;3.909;51.183
3.877;3.935;51.162
3.897;3.901;51.194
3.85;3.977;51.125
3.873;3.944;51.163
3.873;3.937;51.171
3.883;3.923;51.188
3.838;3.984;51.122
3.825;3.998;51.105
3.875;3.935;51.186
3.88;3.924;51.195
3.854;3.963;51.157
3.836;3.984;51.131
3.86;3.947;51.174
3.865;3.944;51.183
3.82;4.006;51.112
3.838;3.984;51.145
3.833;3.985;51.141
3.81;4.014;51.108
3.836;3.983;51.15
3.849;3.964;51.172
3.856;3.955;51.183
3.817;4.004;51.123
3.825;3.989;51.136
3.822;3.996;51.136
3.828;3.987;51.149
3.839;3.973;51.167
3.797;4.028;51.102
3.801;4.024;51.108
3.814;4.005;51.133
3.832;3.976;51.164
3.793;4.033;51.104
3.797;4.034;51.113
3.823;3.993;51.161
3.798;4.02;51.124
3.825;3.983;51.172
3.794;4.034;51.124
3.818;3.995;51.168
3.805;4.007;51.151
3.777;4.045;51.108
3.802;4.014;51.15
3.797;4.017;51.146
3.827;3.977;51.195
3.774;4.05;51.111
3.775;4.047;51.117
3.8;4.014;51.159
3.818;3.994;51.188
3.77;4.056;51.113
3.784;4.033;51.14
3.793;4.025;51.154
3.794;4.017;51.157
3.772;4.046;51.123
3.799;4.014;51.168
3.803;4.006;51.18
3.758;4.065;51.108
3.784;4.03;51.151
3.763;4.055;51.121
3.787;4.026;51.162
3.795;3.999;51.181
3.779;4.028;51.16
3.79;4.015;51.177
3.75;4.074;51.114
3.77;4.045;51.149
3.777;4.033;51.161
3.781;4.024;51.172
3.751;4.069;51.125
3.788;4.016;51.186
3.773;4.037;51.169
3.781;4.024;51.184
3.752;4.063;51.138
3.759;4.055;51.151
3.732;4.094;51.109
3.783;4.017;51.195
3.73;4.094;51.114
3.731;4.087;51.115
3.771;4.021;51.187
3.724;4.097;51.111
3.753;4.058;51.16
3.734;4.083;51.132
3.726;4.095;51.127
3.75;4.063;51.167
3.768;4.034;51.198
3.738;4.074;51.151
3.757;4.045;51.182
3.711;4.114;51.11
3.76;4.043;51.193
3.711;4.113;51.113
3.747;4.054;51.178
3.743;4.059;51.176
3.753;4.045;51.192
3.713;4.105;51.128
3.733;4.076;51.162
3.702;4.116;51.114
3.729;4.084;51.164
3.711;4.103;51.137
3.723;4.094;51.158
3.7;4.115;51.134
3.737;4.063;51.197
3.705;4.103;51.147
3.723;4.085;51.178
3.729;4.074;51.192
3.684;4.134;51.12
3.684;4.133;51.123
3.695;4.114;51.143
3.713;4.093;51.174
3.721;4.084;51.186
3.684;4.127;51.127
3.712;4.093;51.179
3.66;4.155;51.102
3.672;4.144;51.122
3.679;4.133;51.136
3.715;4.083;51.197
3.71;4.078;51.193
3.683;4.123;51.15
3.653;4.159;51.102
3.675;4.127;51.145
3.699;4.103;51.185
3.673;4.136;51.145
3.69;4.113;51.178
3.691;4.107;51.185
3.668;4.135;51.156
3.636;4.174;51.105
3.649;4.156;51.132
3.671;4.126;51.175
3.657;4.146;51.158
3.634;4.177;51.125
3.634;4.169;51.127
3.642;4.163;51.14
3.661;4.143;51.173
3.622;4.186;51.11
3.647;4.154;51.153
3.663;4.129;51.18
3.616;4.194;51.102
3.639;4.163;51.146
3.657;4.145;51.178
3.61;4.195;51.117
3.624;4.168;51.141
3.645;4.153;51.178
3.614;4.183;51.135
3.625;4.176;51.155
3.636;4.164;51.175
3.642;4.154;51.185
3.6;4.199;51.119
3.585;4.225;51.101
3.591;4.206;51.116
3.625;4.174;51.18
3.592;4.204;51.13
3.615;4.184;51.175
3.588;4.207;51.139
3.593;4.204;51.153
3.58;4.215;51.137
3.603;4.194;51.178
3.572;4.226;51.132
3.596;4.196;51.175
3.557;4.237;51.113
3.564;4.229;51.125
3.575;4.217;51.144
3.548;4.245;51.11
3.59;4.203;51.185
3.577;4.216;51.165
3.54;4.254;51.103
3.574;4.224;51.164
3.55;4.238;51.13
3.556;4.227;51.144
3.581;4.208;51.188
3.529;4.264;51.101
3.534;4.255;51.113
3.539;4.255;51.127
3.543;4.245;51.138
3.525;4.264;51.109
3.566;4.224;51.184
3.517;4.274;51.102
3.57;4.223;51.198
3.539;4.244;51.146
3.53;4.249;51.134
3.533;4.246;51.144
3.511;4.273;51.113
3.519;4.259;51.127
3.531;4.237;51.153
3.518;4.259;51.134
3.518;4.264;51.147
3.493;4.293;51.105
3.528;4.253;51.169
3.502;4.277;51.143
3.488;4.287;51.125
3.511;4.267;51.167
3.491;4.283;51.135
3.497;4.275;51.15
3.514;4.266;51.181
3.47;4.304;51.105
3.481;4.293;51.133
3.496;4.271;51.16
3.506;4.273;51.178
3.5;4.272;51.171
3.468;4.305;51.117
3.475;4.295;51.143
3.453;4.319;51.107
3.456;4.314;51.112
3.494;4.275;51.182
3.464;4.304;51.147
3.475;4.295;51.172
3.455;4.307;51.14
3.455;4.316;51.144
3.465;4.304;51.168
3.467;4.298;51.17
3.477;4.293;51.188
3.448;4.318;51.14
3.458;4.313;51.162
3.432;4.334;51.122
3.434;4.326;51.135
3.447;4.317;51.16
3.465;4.297;51.192
3.462;4.303;51.192
3.427;4.335;51.13
3.434;4.327;51.142
3.449;4.313;51.176
3.441;4.323;51.165
3.454;4.313;51.188
3.424;4.335;51.138
3.452;4.315;51.197
3.409;4.348;51.122
3.432;4.336;51.165
3.394;4.364;51.103
3.412;4.345;51.136
3.436;4.323;51.18
3.427;4.345;51.176
3.386;4.368;51.109
3.417;4.347;51.18
3.385;4.376;51.123
3.422;4.334;51.192
3.376;4.383;51.119
3.375;4.384;51.125
3.41;4.347;51.197
3.381;4.384;51.176
3.345;4.415;51.115
3.353;4.405;51.143
3.372;4.394;51.18
3.335;4.424;51.113
3.358;4.403;51.157
3.329;4.426;51.105
3.35;4.414;51.151
3.35;4.413;51.159
3.318;4.44;51.111
3.351;4.413;51.174
3.326;4.433;51.131
3.314;4.443;51.112
3.309;4.444;51.107
3.323;4.434;51.137
3.326;4.433;51.152
3.322;4.434;51.148
3.344;4.423;51.191
3.309;4.439;51.128
3.314;4.438;51.142
3.328;4.434;51.174
3.324;4.444;51.183
3.321;4.443;51.19
3.319;4.437;51.199
3.304;4.442;51.174
3.306;4.443;51.182
3.304;4.442;51.184
3.299;4.446;51.191
3.295;4.447;51.187
3.284;4.452;51.183
3.239;4.505;51.116
3.233;4.493;51.104
3.235;4.498;51.13
3.231;4.491;51.13
3.216;4.516;51.109
3.255;4.479;51.192
3.206;4.526;51.103
3.226;4.515;51.156
3.202;4.525;51.113
3.208;4.524;51.128
3.208;4.523;51.137
3.222;4.515;51.166
3.192;4.535;51.11
3.188;4.538;51.106
3.206;4.522;51.143
3.223;4.519;51.178
3.19;4.535;51.118
3.223;4.514;51.189
3.193;4.533;51.133
3.185;4.545;51.13
3.171;4.551;51.106
3.208;4.529;51.182
3.188;4.544;51.146
3.163;4.544;51.1
3.198;4.534;51.17
3.179;4.548;51.146
3.182;4.544;51.16
3.2;4.537;51.198
3.19;4.543;51.186
3.164;4.54;51.141
3.174;4.549;51.163
3.177;4.549;51.177
3.171;4.542;51.187
3.085;4.616;51.104
3.087;4.617;51.112
3.084;4.634;51.125
3.083;4.606;51.126
3.086;4.635;51.142
3.084;4.631;51.142
3.082;4.616;51.143
3.09;4.613;51.163
3.079;4.619;51.154
3.092;4.614;51.186
3.086;4.6;51.174
3.076;4.614;51.186
2.966;4.704;51.127
2.951;4.704;51.108
2.953;4.706;51.128
2.958;4.714;51.166
2.963;4.713;51.177
2.971;4.713;51.195
2.935;4.714;51.121
2.959;4.714;51.188
2.945;4.724;51.166
2.953;4.716;51.184
2.925;4.719;51.126
2.921;4.725;51.127
2.925;4.724;51.141
2.943;4.724;51.179
2.901;4.735;51.12
2.935;4.727;51.197
2.91;4.733;51.145
2.907;4.734;51.152
2.88;4.74;51.105
2.877;4.745;51.103
2.893;4.743;51.139
2.878;4.743;51.11
2.88;4.747;51.128
2.866;4.748;51.11
2.867;4.753;51.128
2.877;4.754;51.155
2.87;4.754;51.145
2.871;4.754;51.151
2.853;4.757;51.115
2.864;4.754;51.14
2.857;4.755;51.128
2.868;4.751;51.154
2.864;4.74;51.16
2.869;4.743;51.175
2.835;4.777;51.107
2.844;4.764;51.132
2.869;4.763;51.191
2.863;4.763;51.185
2.844;4.764;51.156
2.852;4.764;51.18
2.859;4.764;51.197
2.849;4.769;51.177
2.825;4.774;51.147
2.84;4.775;51.185
2.805;4.785;51.115
2.825;4.775;51.162
2.821;4.776;51.156
2.808;4.786;51.136
2.834;4.784;51.197
2.829;4.784;51.191
2.808;4.784;51.151
2.821;4.784;51.181
2.791;4.794;51.119
2.801;4.793;51.148
2.822;4.785;51.199
2.804;4.794;51.161
2.81;4.794;51.174
2.783;4.806;51.117
2.794;4.794;51.143
2.799;4.796;51.158
2.809;4.793;51.183
2.771;4.814;51.122
2.764;4.815;51.109
2.787;4.804;51.175
2.755;4.817;51.103
2.791;4.803;51.188
2.764;4.813;51.154
2.758;4.814;51.149
2.735;4.828;51.105
2.756;4.815;51.154
2.738;4.824;51.117
2.764;4.815;51.185
2.743;4.826;51.138
2.747;4.816;51.153
2.723;4.834;51.101
2.733;4.827;51.135
2.726;4.836;51.122
2.752;4.822;51.186
2.717;4.846;51.116
2.721;4.834;51.126
2.723;4.833;51.141
2.713;4.845;51.121
2.719;4.834;51.151
2.724;4.833;51.168
2.72;4.834;51.164
2.72;4.833;51.179
2.72;4.833;51.183
2.714;4.834;51.173
2.71;4.833;51.179
2.676;4.855;51.109
2.68;4.854;51.12
2.692;4.837;51.149
2.702;4.837;51.175
2.707;4.837;51.193
2.673;4.854;51.118
2.695;4.841;51.172
2.703;4.835;51.198
2.684;4.854;51.16
2.683;4.844;51.169
2.679;4.848;51.168
2.67;4.864;51.155
2.668;4.863;51.157
2.668;4.852;51.161
2.649;4.866;51.118
2.665;4.856;51.16
2.671;4.85;51.173
2.653;4.863;51.135
2.633;4.875;51.11
2.639;4.866;51.124
2.635;4.867;51.134
2.621;4.886;51.105
2.619;4.884;51.111
2.63;4.869;51.143
2.627;4.874;51.141
2.62;4.877;51.138
2.629;4.867;51.166
2.633;4.864;51.177
2.638;4.863;51.188
2.622;4.873;51.153
2.615;4.875;51.147
2.614;4.874;51.154
2.621;4.873;51.173
2.599;4.875;51.12
2.628;4.865;51.194
2.611;4.868;51.158
2.617;4.867;51.172
2.606;4.869;51.154
2.609;4.861;51.162
2.611;4.867;51.179
2.593;4.882;51.148
2.579;4.884;51.122
2.57;4.88;51.102
2.594;4.875;51.17
2.565;4.884;51.106
2.6;4.873;51.196
2.579;4.883;51.152
2.594;4.875;51.191
2.577;4.878;51.163
2.569;4.878;51.157
2.571;4.88;51.17
2.564;4.885;51.156
2.579;4.883;51.195
2.562;4.893;51.16
2.569;4.883;51.178
2.574;4.884;51.192
2.538;4.895;51.103
2.561;4.894;51.163
2.541;4.894;51.122
2.529;4.897;51.118
2.54;4.893;51.145
2.545;4.897;51.159
2.525;4.904;51.112
2.536;4.894;51.152
2.525;4.894;51.126
2.512;4.897;51.108
2.543;4.885;51.191
2.504;4.904;51.103
2.522;4.89;51.158
2.537;4.884;51.198
2.52;4.893;51.162
2.491;4.905;51.11
2.499;4.898;51.131
2.496;4.889;51.145
2.511;4.886;51.186
2.502;4.893;51.178
2.485;4.904;51.149
2.486;4.893;51.164
2.46;4.918;51.109
2.487;4.893;51.181
2.493;4.885;51.198
2.463;4.906;51.121
2.469;4.899;51.138
2.471;4.902;51.164
2.455;4.907;51.139
2.465;4.906;51.165
2.468;4.904;51.175
2.472;4.892;51.184
2.457;4.904;51.154
2.441;4.914;51.115
2.446;4.915;51.135
2.449;4.915;51.148
2.446;4.908;51.157
2.451;4.899;51.172
2.455;4.896;51.183
2.432;4.915;51.136
2.444;4.904;51.18
2.45;4.904;51.197
2.423;4.916;51.133
2.438;4.905;51.174
2.425;4.913;51.144
2.441;4.904;51.187
2.409;4.925;51.116
2.418;4.914;51.145
2.423;4.914;51.16
2.396;4.926;51.1
2.415;4.914;51.153
2.418;4.916;51.168
2.419;4.915;51.182
2.4;4.925;51.135
2.419;4.915;51.188
2.394;4.924;51.14
2.392;4.916;51.175
2.367;4.934;51.109
2.369;4.934;51.118
2.371;4.934;51.126
2.373;4.933;51.129
2.394;4.913;51.189
2.358;4.945;51.1
2.386;4.917;51.195
2.354;4.936;51.116
2.362;4.926;51.149
2.356;4.934;51.137
2.354;4.933;51.144
2.346;4.936;51.133
2.333;4.945;51.106
2.338;4.943;51.119
2.334;4.944;51.114
2.336;4.944;51.131
2.326;4.944;51.109
2.332;4.944;51.124
2.342;4.933;51.156
2.338;4.935;51.149
2.321;4.945;51.129
2.317;4.943;51.121
2.324;4.947;51.142
2.336;4.935;51.182
2.309;4.944;51.139
2.314;4.944;51.152
2.316;4.943;51.159
2.325;4.943;51.199
2.295;4.955;51.116
2.299;4.954;51.136
2.299;4.953;51.139
2.293;4.954;51.132
2.282;4.956;51.104
2.308;4.945;51.183
2.29;4.95;51.139
2.278;4.957;51.111
2.286;4.954;51.135
2.293;4.946;51.184
2.277;4.954;51.142
2.286;4.948;51.17
2.26;4.964;51.102
2.266;4.963;51.133
2.263;4.964;51.128
2.266;4.958;51.138
2.284;4.953;51.192
2.278;4.955;51.18
2.248;4.974;51.102
2.261;4.964;51.142
2.252;4.965;51.12
2.273;4.955;51.195
2.239;4.977;51.103
2.255;4.963;51.154
2.265;4.963;51.182
2.26;4.965;51.174
2.24;4.974;51.125
2.26;4.964;51.191
2.255;4.965;51.187
2.225;4.984;51.107
2.234;4.975;51.136
2.238;4.975;51.148
2.226;4.978;51.13
2.246;4.973;51.198
2.214;4.995;51.104
2.241;4.973;51.195
2.212;4.993;51.109
2.219;4.984;51.143
2.222;4.983;51.154
2.208;4.987;51.123
2.221;4.984;51.162
2.226;4.983;51.176
2.204;4.994;51.122
2.192;5.003;51.103
2.202;4.994;51.132
2.219;4.985;51.192
2.199;4.995;51.141
2.187;5.005;51.115
2.21;4.986;51.189
2.193;4.994;51.148
2.183;5.005;51.122
2.205;4.993;51.193
2.195;4.993;51.166
2.195;4.995;51.171
2.199;4.994;51.186
2.181;5.004;51.134
2.175;5.004;51.139
2.161;5.014;51.105
2.178;4.999;51.162
2.167;5.006;51.137
2.16;5.014;51.123
2.182;5.004;51.193
2.18;5.003;51.198
2.154;5.016;51.12
2.162;5.007;51.146
2.161;5.013;51.169
2.155;5.014;51.156
2.147;5.015;51.137
2.164;5.013;51.19
2.134;5.023;51.113
2.135;5.023;51.117
2.161;5.014;51.199
2.14;5.024;51.151
2.143;5.025;51.161
2.147;5.023;51.173
2.123;5.024;51.114
2.144;5.023;51.184
2.138;5.026;51.177
2.143;5.024;51.191
2.105;5.026;51.112
2.116;5.035;51.147
2.123;5.034;51.184
2.097;5.024;51.109
2.088;5.025;51.101
2.105;5.043;51.157
2.104;5.043;51.172
2.095;5.044;51.149
2.087;5.036;51.127
2.088;5.045;51.144
2.099;5.044;51.182
2.104;5.043;51.197
2.079;5.034;51.12
2.096;5.043;51.19
2.065;5.034;51.113
2.067;5.028;51.152
2.071;5.034;51.164
2.059;5.037;51.132
2.054;5.044;51.132
2.061;5.054;51.155
2.072;5.054;51.195
2.043;5.038;51.103
2.067;5.054;51.191
2.04;5.057;51.156
2.026;5.05;51.115
2.026;5.055;51.129
2.031;5.057;51.152
2.019;5.054;51.116
2.036;5.064;51.175
2.04;5.063;51.19
2.024;5.057;51.14
2.035;5.064;51.184
2.011;5.051;51.121
2.018;5.073;51.193
2.001;5.063;51.139
1.999;5.067;51.148
1.994;5.064;51.134
1.982;5.056;51.107
1.985;5.066;51.132
1.982;5.06;51.134
1.977;5.063;51.124
1.976;5.058;51.125
1.993;5.082;51.199
1.988;5.083;51.191
1.987;5.085;51.199
1.979;5.083;51.184
1.965;5.074;51.146
1.972;5.083;51.172
1.965;5.084;51.168
1.948;5.069;51.114
1.952;5.073;51.129
1.97;5.094;51.192
1.971;5.093;51.195
1.954;5.085;51.163
1.96;5.088;51.183
1.951;5.083;51.158
1.952;5.093;51.184
1.927;5.076;51.104
1.951;5.096;51.194
1.942;5.089;51.174
1.937;5.095;51.177
1.923;5.086;51.147
1.917;5.084;51.132
1.931;5.103;51.196
1.915;5.091;51.159
1.897;5.084;51.104
1.901;5.093;51.149
1.888;5.094;51.122
1.881;5.095;51.136
1.87;5.094;51.11
1.874;5.096;51.125
1.887;5.114;51.188
1.888;5.115;51.194
1.885;5.113;51.186
1.871;5.104;51.156
1.866;5.105;51.153
1.871;5.108;51.185
1.857;5.104;51.137
1.852;5.105;51.124
1.857;5.103;51.145
1.867;5.114;51.197
1.845;5.105;51.121
1.84;5.104;51.107
1.846;5.104;51.141
1.856;5.113;51.192
1.834;5.106;51.115
1.851;5.113;51.182
1.846;5.113;51.168
1.833;5.106;51.123
1.844;5.115;51.175
1.829;5.1;51.131
1.845;5.115;51.194
1.83;5.103;51.141
1.831;5.113;51.16
1.818;5.114;51.155
1.801;5.113;51.11
1.821;5.123;51.196
1.799;5.113;51.117
1.806;5.113;51.159
1.791;5.114;51.12
1.802;5.117;51.164
1.773;5.126;51.101
1.772;5.124;51.104
1.78;5.123;51.138
1.785;5.123;51.173
1.767;5.125;51.116
1.764;5.125;51.124
1.777;5.133;51.186
1.766;5.133;51.174
1.772;5.134;51.199
1.759;5.133;51.157
1.755;5.134;51.148
1.758;5.133;51.169
1.741;5.134;51.105
1.744;5.138;51.127
1.743;5.134;51.139
1.747;5.135;51.164
1.75;5.128;51.182
1.74;5.135;51.148
1.75;5.132;51.191
1.726;5.144;51.107
1.738;5.143;51.181
1.72;5.144;51.119
1.72;5.146;51.128
1.731;5.145;51.174
1.735;5.145;51.19
1.705;5.153;51.11
1.702;5.154;51.119
1.696;5.156;51.104
1.714;5.153;51.182
1.706;5.154;51.154
1.7;5.163;51.177
1.685;5.163;51.127
1.68;5.165;51.111
1.683;5.163;51.129
1.679;5.164;51.119
1.679;5.163;51.143
1.681;5.164;51.157
1.682;5.164;51.164
1.676;5.173;51.178
1.673;5.173;51.183
1.667;5.173;51.17
1.673;5.173;51.198
1.658;5.173;51.137
1.67;5.173;51.192
1.655;5.174;51.135
1.665;5.173;51.178
1.648;5.174;51.109
1.646;5.174;51.111
1.643;5.175;51.104
1.661;5.173;51.187
1.643;5.174;51.123
1.655;5.175;51.174
1.64;5.172;51.174
1.63;5.183;51.153
1.632;5.183;51.165
1.624;5.183;51.141
1.628;5.184;51.162
1.623;5.184;51.148
1.629;5.183;51.174
1.614;5.184;51.112
1.631;5.184;51.194
1.617;5.185;51.137
1.61;5.185;51.11
1.612;5.184;51.121
1.623;5.184;51.171
1.603;5.185;51.105
1.606;5.193;51.154
1.603;5.194;51.158
1.599;5.194;51.149
1.603;5.193;51.185
1.599;5.194;51.175
1.591;5.195;51.144
1.594;5.193;51.157
1.602;5.195;51.194
1.597;5.194;51.179
1.592;5.195;51.168
1.588;5.195;51.154
1.592;5.195;51.177
1.581;5.193;51.138
1.584;5.187;51.161
1.583;5.182;51.177
1.566;5.195;51.1
1.58;5.177;51.172
1.567;5.195;51.125
1.554;5.204;51.143
1.556;5.204;51.15
1.558;5.203;51.161
1.552;5.205;51.139
1.552;5.204;51.158
1.554;5.203;51.172
1.557;5.203;51.187
1.544;5.203;51.127
1.547;5.205;51.145
1.553;5.204;51.181
1.555;5.203;51.192
1.536;5.204;51.11
1.541;5.206;51.132
1.548;5.204;51.168
1.534;5.204;51.108
1.542;5.204;51.176
1.521;5.204;51.104
1.52;5.205;51.112
1.523;5.214;51.17
1.521;5.213;51.177
1.509;5.214;51.129
1.516;5.214;51.164
1.521;5.213;51.191
1.512;5.214;51.151
1.521;5.213;51.197
1.503;5.214;51.126
1.505;5.214;51.137
1.506;5.215;51.158
1.488;5.213;51.122
1.494;5.223;51.166
1.488;5.223;51.172
1.476;5.224;51.125
1.483;5.223;51.173
1.474;5.224;51.134
1.484;5.223;51.187
1.463;5.224;51.106
1.467;5.225;51.127
1.468;5.224;51.142
1.457;5.225;51.102
1.467;5.223;51.167
1.463;5.223;51.175
1.455;5.223;51.18
1.445;5.225;51.174
1.422;5.234;51.1
1.429;5.225;51.136
1.421;5.234;51.104
1.431;5.227;51.179
1.412;5.234;51.103
1.417;5.228;51.162
1.405;5.235;51.112
1.409;5.224;51.136
1.403;5.233;51.122
1.413;5.225;51.193
1.405;5.233;51.179
1.402;5.234;51.169
1.403;5.233;51.184
1.4;5.234;51.177
1.401;5.233;51.183
1.395;5.234;51.162
1.385;5.23;51.137
1.39;5.233;51.162
1.387;5.233;51.165
1.379;5.234;51.129
1.38;5.234;51.193
1.37;5.234;51.142
1.363;5.243;51.111
1.365;5.235;51.125
1.37;5.234;51.151
1.374;5.233;51.176
1.36;5.244;51.102
1.372;5.235;51.187
1.368;5.234;51.171
1.366;5.234;51.182
1.352;5.245;51.111
1.354;5.244;51.125
1.35;5.244;51.12
1.352;5.245;51.134
1.36;5.235;51.192
1.346;5.245;51.129
1.354;5.235;51.177
1.338;5.244;51.136
1.331;5.239;51.104
1.332;5.24;51.109
1.325;5.241;51.101
1.325;5.243;51.108
1.318;5.243;51.1
1.327;5.243;51.154
1.328;5.245;51.164
1.319;5.25;51.117
1.313;5.25;51.101
1.327;5.243;51.191
1.311;5.252;51.114
1.318;5.244;51.182
1.303;5.251;51.109
1.314;5.244;51.191
1.299;5.254;51.129
1.308;5.244;51.186
1.3;5.253;51.145
1.3;5.253;51.157
1.287;5.255;51.156
1.289;5.253;51.168
1.279;5.264;51.117
1.275;5.264;51.109
1.283;5.255;51.165
1.274;5.265;51.117
1.276;5.264;51.131
1.267;5.266;51.105
1.272;5.264;51.137
1.268;5.264;51.149
1.274;5.254;51.185
1.264;5.265;51.137
1.265;5.263;51.155
1.269;5.254;51.193
1.264;5.253;51.196
1.256;5.265;51.152
1.258;5.263;51.164
1.245;5.266;51.103
1.257;5.255;51.196
1.25;5.264;51.162
1.242;5.265;51.158
1.243;5.263;51.172
1.242;5.263;51.177
1.229;5.274;51.131
1.236;5.263;51.187
1.222;5.276;51.106
1.232;5.265;51.198
1.219;5.273;51.159
1.215;5.275;51.144
1.216;5.273;51.165
1.211;5.276;51.153
1.2;5.284;51.1
1.201;5.277;51.105
1.21;5.273;51.172
1.207;5.275;51.162
1.202;5.261;51.149
1.193;5.284;51.101
1.197;5.249;51.13
1.201;5.257;51.161
1.196;5.268;51.137
1.196;5.259;51.138
1.197;5.253;51.145
1.195;5.284;51.151
1.196;5.283;51.159
1.193;5.283;51.155
1.185;5.284;51.108
1.182;5.284;51.141
1.179;5.284;51.129
1.18;5.284;51.164
1.175;5.283;51.138
1.177;5.284;51.151
1.178;5.283;51.175
1.171;5.285;51.132
1.172;5.284;51.146
1.166;5.27;51.125
1.17;5.282;51.153
1.172;5.285;51.169
1.174;5.285;51.184
1.162;5.288;51.12
1.171;5.284;51.19
1.16;5.279;51.122
1.162;5.282;51.145
1.163;5.287;51.187
1.159;5.295;51.164
1.155;5.294;51.151
1.156;5.295;51.174
1.149;5.295;51.146
1.154;5.295;51.185
1.141;5.304;51.122
1.148;5.296;51.192
1.138;5.304;51.128
1.129;5.304;51.116
1.13;5.299;51.139
1.128;5.304;51.137
1.133;5.304;51.176
1.134;5.303;51.195
1.131;5.305;51.184
1.123;5.304;51.151
1.128;5.303;51.192
1.104;5.314;51.117
1.106;5.315;51.127
1.11;5.315;51.176
1.105;5.309;51.149
1.107;5.314;51.164
1.103;5.314;51.147
1.085;5.324;51.133
1.08;5.324;51.106
1.084;5.324;51.14
1.08;5.327;51.12
1.078;5.326;51.137
1.081;5.324;51.164
1.065;5.335;51.133
1.066;5.333;51.152
1.07;5.333;51.193
1.064;5.334;51.187
1.039;5.345;51.139
1.044;5.343;51.178
1.04;5.343;51.165
1.041;5.344;51.187
1.035;5.343;51.146
1.023;5.343;51.124
1.022;5.353;51.175
1.013;5.345;51.107
1.015;5.356;51.164
1.018;5.353;51.187
1.007;5.355;51.116
1.007;5.354;51.168
0.999;5.354;51.112
1.0;5.354;51.12
1.001;5.354;51.161
0.996;5.353;51.138
0.988;5.342;51.112
0.986;5.342;51.11
0.993;5.363;51.188
0.991;5.363;51.187
0.991;5.363;51.191
0.976;5.354;51.132
0.97;5.363;51.18
0.965;5.359;51.14
0.954;5.363;51.137
0.955;5.363;51.184
0.944;5.364;51.127
0.942;5.365;51.163
0.936;5.373;51.192
0.932;5.373;51.191
0.916;5.376;51.127
0.917;5.376;51.138
0.915;5.38;51.136
0.915;5.368;51.139
0.917;5.374;51.166
0.914;5.383;51.147
0.918;5.377;51.194
0.912;5.377;51.148
0.902;5.38;51.131
0.902;5.384;51.15
0.897;5.384;51.114
0.899;5.385;51.184
0.894;5.385;51.15
0.895;5.385;51.172
0.889;5.384;51.128
0.89;5.384;51.135
0.892;5.388;51.16
0.893;5.383;51.193
0.885;5.386;51.167
0.874;5.385;51.118
0.876;5.385;51.141
0.864;5.394;51.161
0.853;5.394;51.186
0.848;5.395;51.194
0.841;5.396;51.117
0.841;5.404;51.14
0.841;5.391;51.145
0.84;5.407;51.15
0.838;5.391;51.152
0.837;5.404;51.192
0.833;5.407;51.188
0.834;5.402;51.196
0.826;5.396;51.109
0.828;5.404;51.165
0.821;5.399;51.118
0.818;5.403;51.129
0.813;5.396;51.106
0.815;5.405;51.134
0.814;5.409;51.158
0.814;5.413;51.192
0.804;5.405;51.12
0.809;5.413;51.188
0.8;5.404;51.11
0.8;5.41;51.14
0.801;5.415;51.175
0.799;5.414;51.183
0.792;5.404;51.104
0.786;5.416;51.143
0.782;5.433;51.198
0.773;5.423;51.163
0.771;5.423;51.153
0.768;5.436;51.174
0.758;5.425;51.125
0.76;5.435;51.148
0.745;5.422;51.111
0.724;5.426;51.114
0.725;5.463;51.195
0.718;5.418;51.103
0.722;5.452;51.166
0.719;5.459;51.19
0.716;5.461;51.198
0.713;5.452;51.161
0.712;5.456;51.186
0.699;5.436;51.108
0.702;5.455;51.164
0.697;5.458;51.171
0.695;5.465;51.193
0.678;5.44;51.134
0.676;5.44;51.124
0.649;5.446;51.111
0.636;5.445;51.106
0.637;5.455;51.139
0.631;5.458;51.149
0.622;5.456;51.144
0.615;5.454;51.107
0.617;5.467;51.175
0.609;5.473;51.176
0.598;5.464;51.134
0.598;5.485;51.191
0.591;5.475;51.165
0.591;5.483;51.183
0.582;5.475;51.162
0.576;5.469;51.147
0.577;5.487;51.19
0.57;5.464;51.136
0.566;5.474;51.164
0.56;5.473;51.15
0.554;5.465;51.114
0.552;5.464;51.122
0.549;5.473;51.137
0.547;5.49;51.186
0.528;5.464;51.105
0.526;5.464;51.111
0.527;5.484;51.157
0.52;5.485;51.152
0.507;5.483;51.151
0.501;5.494;51.178
0.498;5.477;51.122
0.498;5.484;51.146
0.495;5.481;51.149
0.493;5.476;51.109
0.483;5.485;51.162
0.479;5.491;51.178
0.474;5.484;51.122
0.465;5.489;51.148
0.463;5.491;51.154
0.461;5.484;51.1
0.462;5.495;51.171
0.462;5.502;51.188
0.454;5.488;51.122
0.446;5.494;51.133
0.434;5.513;51.191
0.432;5.495;51.1
0.425;5.508;51.162
0.421;5.507;51.12
0.421;5.504;51.149
0.418;5.503;51.179
0.418;5.502;51.19
0.416;5.513;51.122
0.412;5.508;51.167
0.409;5.506;51.1
0.405;5.505;51.133
0.403;5.516;51.184
0.402;5.504;51.116
0.395;5.513;51.149
0.393;5.514;51.13
0.393;5.514;51.164
0.384;5.523;51.181
0.383;5.512;51.129
0.379;5.514;51.1
0.379;5.524;51.143
0.374;5.517;51.105
0.373;5.523;51.173
0.37;5.509;51.176
0.368;5.507;51.161
0.368;5.508;51.167
0.367;5.519;51.126
0.366;5.516;51.171
0.363;5.524;51.144
0.362;5.524;51.103
0.359;5.524;51.135
0.358;5.525;51.141
0.356;5.525;51.101
0.356;5.529;51.12
0.355;5.535;51.188
0.353;5.527;51.109
0.342;5.519;51.102
0.338;5.532;51.163
0.337;5.524;51.112
0.335;5.524;51.102
0.331;5.526;51.122
0.322;5.544;51.172
0.319;5.538;51.124
0.317;5.54;51.158
0.313;5.543;51.179
0.311;5.545;51.168
0.289;5.545;51.112
0.286;5.553;51.191
0.283;5.553;51.152
0.278;5.554;51.163
0.277;5.555;51.171
0.275;5.554;51.138
0.275;5.554;51.142
0.272;5.546;51.113
0.271;5.554;51.16
0.27;5.555;51.188
0.264;5.555;51.144
0.259;5.555;51.119
0.256;5.565;51.185
0.256;5.566;51.194
0.256;5.555;51.128
0.239;5.556;51.11
0.238;5.562;51.141
0.228;5.564;51.128
0.221;5.564;51.122
0.218;5.557;51.155
0.218;5.559;51.109
0.217;5.561;51.133
0.211;5.578;51.197
0.206;5.563;51.13
0.203;5.564;51.138
0.2;5.575;51.194
0.197;5.569;51.178
0.193;5.565;51.153
0.191;5.564;51.165
0.187;5.567;51.175
0.181;5.573;51.184
0.181;5.573;51.194
0.179;5.573;51.161
0.178;5.574;51.169
0.174;5.567;51.114
0.167;5.573;51.188
0.166;5.573;51.196
0.164;5.574;51.172
0.163;5.573;51.187
0.162;5.569;51.182
0.159;5.574;51.132
0.159;5.573;51.135
0.157;5.574;51.124
0.152;5.57;51.135
0.149;5.574;51.182
0.143;5.576;51.196
0.141;5.563;51.106
0.138;5.573;51.158
0.134;5.576;51.194
0.13;5.573;51.174
0.129;5.575;51.157
0.129;5.571;51.136
0.12;5.574;51.128
0.112;5.578;51.149
0.112;5.576;51.126
0.11;5.569;51.16
0.11;5.563;51.119
0.109;5.563;51.145
0.108;5.562;51.155
0.107;5.568;51.147
0.106;5.571;51.135
0.104;5.576;51.136
0.098;5.578;51.153
0.094;5.578;51.162
0.094;5.563;51.1
0.085;5.563;51.101
0.071;5.579;51.185
0.069;5.57;51.109
0.065;5.585;51.174
0.063;5.583;51.198
0.06;5.57;51.11
0.056;5.571;51.111
0.049;5.585;51.166
0.042;5.583;51.149
0.043;5.57;51.107
0.036;5.584;51.13
0.029;5.582;51.173
0.023;5.593;51.187
0.017;5.593;51.166
0.014;5.572;51.109
0.001;5.594;51.164
-0.008;5.604;51.185
-0.013;5.604;51.181
-0.017;5.604;51.187
-0.138;5.603;51.187
-0.139;5.603;51.163
-0.144;5.603;51.173
-0.149;5.604;51.184
-0.153;5.605;51.169
-0.18;5.614;51.195
-0.191;5.615;51.177
-0.195;5.614;51.195
-0.192;5.591;51.136
-0.22;5.601;51.15
-0.223;5.611;51.17
-0.224;5.615;51.183
-0.233;5.603;51.154
-0.273;5.616;51.191
-0.276;5.614;51.198
-0.286;5.611;51.173
-0.29;5.613;51.192
-0.294;5.61;51.169
-0.324;5.613;51.195
-0.327;5.608;51.187
-0.336;5.604;51.162
-0.356;5.613;51.197
-0.359;5.602;51.159
-0.371;5.606;51.167
-0.375;5.61;51.177
-0.38;5.613;51.179
-0.379;5.593;51.147
-0.389;5.61;51.181
-0.392;5.583;51.134
-0.402;5.597;51.156
-0.406;5.598;51.159
-0.419;5.608;51.198
-0.425;5.607;51.187
-0.422;5.6;51.159
-0.46;5.602;51.168
-0.467;5.602;51.169
-0.472;5.602;51.188
-0.476;5.604;51.18
-0.478;5.594;51.156
-0.481;5.589;51.15
-0.489;5.601;51.18
-0.488;5.59;51.153
-0.502;5.584;51.146
-0.506;5.596;51.17
-0.505;5.591;51.157
-0.509;5.595;51.177
-0.52;5.582;51.145
-0.526;5.592;51.182
-0.526;5.591;51.163
-0.528;5.589;51.171
-0.524;5.581;51.142
-0.54;5.595;51.188
-0.539;5.593;51.171
-0.545;5.597;51.186
-0.548;5.592;51.185
-0.572;5.587;51.195
-0.58;5.591;51.19
-0.585;5.594;51.199
-0.582;5.587;51.168
-0.582;5.583;51.159
-0.583;5.583;51.163
-0.591;5.593;51.19
-0.607;5.579;51.158
-0.614;5.58;51.152
-0.617;5.571;51.138
-0.623;5.582;51.154
-0.643;5.593;51.194
-0.647;5.595;51.182
-0.653;5.591;51.18
-0.657;5.589;51.188
-0.653;5.561;51.13
-0.664;5.583;51.166
-0.667;5.569;51.145
-0.696;5.584;51.182
-0.715;5.581;51.186
-0.711;5.571;51.153
-0.716;5.577;51.17
-0.716;5.57;51.152
-0.738;5.577;51.195
-0.742;5.571;51.16
-0.763;5.573;51.184
-0.761;5.567;51.158
-0.777;5.572;51.196
-0.772;5.561;51.147
-0.784;5.57;51.195
-0.776;5.562;51.151
-0.779;5.568;51.165
-0.783;5.568;51.175
-0.78;5.563;51.152
-0.787;5.566;51.183
-0.801;5.568;51.189
-0.805;5.561;51.153
-0.813;5.565;51.192
-0.812;5.561;51.18
-0.81;5.563;51.161
-0.82;5.565;51.181
-0.818;5.559;51.155
-0.819;5.555;51.15
-0.822;5.555;51.149
-0.827;5.551;51.145
-0.835;5.559;51.179
-0.84;5.56;51.193
-0.838;5.552;51.145
-0.848;5.557;51.164
-0.846;5.552;51.148
-0.851;5.551;51.147
-0.861;5.563;51.181
-0.857;5.544;51.139
-0.86;5.551;51.152
-0.865;5.55;51.157
-0.869;5.554;51.177
-0.875;5.553;51.192
-0.864;5.536;51.13
-0.874;5.54;51.14
-0.882;5.549;51.174
-0.885;5.547;51.179
-0.887;5.55;51.157
-0.9;5.549;51.164
-0.895;5.537;51.137
-0.897;5.537;51.137
-0.912;5.553;51.191
-0.914;5.551;51.192
-0.912;5.542;51.153
-0.926;5.542;51.197
-0.915;5.534;51.14
-0.915;5.53;51.134
-0.926;5.545;51.172
-0.923;5.538;51.144
-0.929;5.533;51.137
-0.943;5.542;51.178
-0.947;5.544;51.195
-0.948;5.541;51.186
-0.951;5.528;51.135
-0.961;5.543;51.171
-0.969;5.543;51.178
-0.973;5.542;51.195
-0.967;5.543;51.164
-0.992;5.532;51.149
-1.001;5.545;51.187
-1.004;5.543;51.199
-1.005;5.544;51.174
-1.008;5.543;51.171
-1.015;5.543;51.197
-1.017;5.543;51.19
-1.011;5.532;51.158
-1.019;5.531;51.166
-1.029;5.53;51.179
-1.036;5.532;51.191
-1.039;5.526;51.187
-1.078;5.532;51.192
-1.081;5.533;51.195
-1.075;5.516;51.152
-1.082;5.529;51.178
-1.088;5.529;51.186
-1.091;5.524;51.175
-1.09;5.524;51.164
-1.097;5.517;51.15
-1.109;5.526;51.187
-1.111;5.524;51.164
-1.113;5.526;51.174
-1.124;5.522;51.193
-1.121;5.521;51.161
-1.136;5.523;51.195
-1.134;5.523;51.181
-1.137;5.479;51.109
-1.159;5.52;51.174
-1.164;5.52;51.183
-1.168;5.507;51.151
-1.172;5.501;51.145
-1.173;5.5;51.143
-1.188;5.515;51.194
-1.186;5.508;51.161
-1.186;5.5;51.147
-1.202;5.509;51.199
-1.197;5.503;51.152
-1.197;5.498;51.145
-1.209;5.505;51.181
-1.212;5.5;51.193
-1.215;5.503;51.188
-1.205;5.499;51.149
-1.238;5.495;51.182
-1.241;5.493;51.191
-1.248;5.497;51.176
-1.251;5.493;51.186
-1.255;5.495;51.174
-1.251;5.491;51.155
-1.261;5.486;51.181
-1.264;5.485;51.191
-1.27;5.483;51.186
-1.267;5.493;51.171
-1.28;5.478;51.174
-1.277;5.465;51.125
-1.287;5.476;51.147
-1.283;5.461;51.122
-1.297;5.476;51.165
-1.296;5.474;51.149
-1.3;5.474;51.157
-1.297;5.46;51.124
-1.303;5.462;51.129
-1.324;5.463;51.178
-1.313;5.463;51.136
-1.327;5.464;51.183
-1.331;5.464;51.195
-1.316;5.464;51.14
-1.313;5.451;51.118
-1.321;5.458;51.142
-1.313;5.446;51.113
-1.325;5.452;51.133
-1.36;5.437;51.171
-1.38;5.428;51.17
-1.387;5.429;51.18
-1.407;5.433;51.194
-1.421;5.421;51.183
-1.416;5.411;51.154
-1.427;5.419;51.182
-1.418;5.408;51.15
-1.431;5.42;51.191
-1.433;5.412;51.184
-1.435;5.41;51.19
-1.447;5.412;51.168
-1.455;5.412;51.184
-1.477;5.404;51.18
-1.491;5.402;51.191
-1.485;5.396;51.167
-1.504;5.393;51.19
-1.503;5.382;51.168
-1.525;5.377;51.191
-1.528;5.375;51.19
-1.535;5.373;51.186
-1.526;5.325;51.133
-1.56;5.358;51.183
-1.569;5.343;51.181
-1.566;5.328;51.161
-1.568;5.33;51.168
-1.576;5.331;51.184
-1.55;5.32;51.105
-1.576;5.328;51.169
-1.583;5.332;51.181
-1.587;5.339;51.194
-1.577;5.324;51.161
-1.59;5.327;51.197
-1.571;5.318;51.138
-1.59;5.322;51.19
-1.592;5.321;51.19
-1.593;5.32;51.181
-1.597;5.329;51.187
-1.577;5.313;51.116
-1.584;5.312;51.134
-1.583;5.307;51.119
-1.608;5.321;51.186
-1.592;5.304;51.114
-1.627;5.315;51.187
-1.604;5.305;51.112
-1.61;5.305;51.131
-1.617;5.304;51.15
-1.63;5.311;51.183
-1.608;5.304;51.119
-1.635;5.312;51.193
-1.608;5.304;51.107
-1.621;5.299;51.126
-1.631;5.304;51.155
-1.647;5.303;51.183
-1.651;5.303;51.188
-1.643;5.294;51.128
-1.655;5.295;51.159
-1.651;5.293;51.143
-1.662;5.293;51.173
-1.67;5.294;51.188
-1.674;5.294;51.199
-1.669;5.295;51.182
-1.672;5.293;51.179
-1.656;5.291;51.13
-1.675;5.293;51.18
-1.676;5.293;51.185
-1.665;5.293;51.143
-1.672;5.293;51.162
-1.691;5.288;51.181
-1.694;5.285;51.189
-1.665;5.284;51.106
-1.681;5.284;51.137
-1.686;5.284;51.15
-1.7;5.286;51.177
-1.678;5.283;51.115
-1.691;5.28;51.149
-1.675;5.284;51.1
-1.693;5.283;51.144
-1.706;5.283;51.171
-1.709;5.283;51.179
-1.714;5.279;51.182
-1.704;5.274;51.119
-1.727;5.274;51.174
-1.711;5.27;51.126
-1.722;5.277;51.155
-1.728;5.274;51.14
-1.732;5.27;51.15
-1.748;5.271;51.186
-1.741;5.269;51.146
-1.743;5.266;51.153
-1.753;5.265;51.162
-1.75;5.264;51.148
-1.756;5.263;51.16
-1.768;5.266;51.179
-1.766;5.262;51.168
-1.785;5.268;51.191
-1.779;5.261;51.171
-1.755;5.26;51.106
-1.766;5.256;51.134
-1.775;5.255;51.15
-1.8;5.263;51.177
-1.786;5.253;51.117
-1.8;5.259;51.154
-1.796;5.256;51.118
-1.807;5.252;51.134
-1.827;5.263;51.175
-1.831;5.263;51.184
-1.826;5.259;51.162
-1.844;5.258;51.195
-1.825;5.253;51.144
-1.827;5.254;51.149
-1.849;5.264;51.193
-1.84;5.253;51.155
-1.845;5.254;51.162
-1.854;5.254;51.181
-1.852;5.253;51.17
-1.866;5.26;51.199
-1.84;5.248;51.1
-1.849;5.245;51.118
-1.857;5.244;51.136
-1.857;5.241;51.106
-1.87;5.244;51.137
-1.88;5.244;51.162
-1.881;5.244;51.166
-1.863;5.243;51.106
-1.874;5.244;51.134
-1.897;5.243;51.178
-1.878;5.24;51.127
-1.9;5.243;51.182
-1.885;5.238;51.101
-1.924;5.243;51.195
-1.915;5.234;51.148
-1.911;5.236;51.132
-1.914;5.234;51.14
-1.929;5.235;51.177
-1.928;5.233;51.169
-1.904;5.235;51.102
-1.923;5.233;51.137
-1.914;5.232;51.109
-1.946;5.236;51.182
-1.916;5.234;51.101
-1.931;5.233;51.136
-1.92;5.234;51.105
-1.938;5.227;51.143
-1.946;5.226;51.138
-1.951;5.226;51.149
-1.954;5.225;51.157
-1.95;5.224;51.103
-1.978;5.224;51.164
-1.958;5.221;51.111
-1.966;5.226;51.13
-1.985;5.228;51.176
-1.969;5.223;51.123
-1.966;5.224;51.111
-1.969;5.224;51.119
-1.978;5.218;51.136
-1.986;5.223;51.154
-1.984;5.221;51.144
-2.007;5.238;51.197
-1.969;5.206;51.103
-1.974;5.212;51.115
-1.993;5.223;51.159
-2.005;5.231;51.188
-1.973;5.213;51.109
-2.001;5.224;51.169
-1.995;5.223;51.149
-1.998;5.223;51.158
-1.994;5.224;51.142
-2.009;5.226;51.178
-2.018;5.215;51.18
-2.001;5.217;51.135
-2.014;5.224;51.165
-2.016;5.21;51.169
-2.023;5.219;51.186
-2.025;5.23;51.185
-2.02;5.218;51.159
-2.026;5.219;51.168
-2.036;5.225;51.186
-2.018;5.214;51.12
-2.041;5.221;51.174
-2.035;5.209;51.15
-2.027;5.207;51.124
-2.042;5.215;51.151
-2.04;5.21;51.147
-2.058;5.221;51.184
-2.026;5.2;51.105
-2.035;5.2;51.107
-2.102;5.203;51.197
-2.102;5.191;51.177
-2.1;5.186;51.168
-2.115;5.195;51.191
-2.108;5.19;51.173
-2.121;5.193;51.187
-2.12;5.197;51.18
-2.119;5.201;51.172
-2.13;5.182;51.188
-2.128;5.195;51.173
-2.127;5.196;51.167
-2.134;5.195;51.178
-2.149;5.184;51.186
-2.13;5.177;51.141
-2.162;5.184;51.179
-2.166;5.18;51.182
-2.156;5.172;51.123
-2.185;5.173;51.182
-2.179;5.179;51.164
-2.172;5.151;51.136
-2.177;5.158;51.141
-2.176;5.148;51.139
-2.197;5.165;51.185
-2.186;5.173;51.155
-2.173;5.169;51.122
-2.181;5.175;51.14
-2.192;5.163;51.165
-2.193;5.16;51.157
-2.191;5.156;51.147
-2.212;5.165;51.193
-2.208;5.164;51.18
-2.219;5.157;51.198
-2.204;5.165;51.148
-2.194;5.16;51.118
-2.231;5.153;51.188
-2.23;5.154;51.181
-2.232;5.151;51.181
-2.211;5.162;51.13
-2.224;5.165;51.158
-2.215;5.162;51.134
-2.225;5.159;51.142
-2.252;5.14;51.196
-2.246;5.143;51.174
-2.218;5.146;51.11
-2.233;5.153;51.128
-2.244;5.145;51.142
-2.255;5.136;51.16
-2.251;5.145;51.138
-2.269;5.136;51.166
-2.28;5.133;51.189
-2.279;5.133;51.183
-2.256;5.14;51.13
-2.264;5.131;51.148
-2.273;5.132;51.166
-2.263;5.133;51.136
-2.287;5.13;51.183
-2.253;5.128;51.107
-2.266;5.13;51.134
-2.298;5.122;51.196
-2.3;5.123;51.191
-2.26;5.122;51.103
-2.285;5.125;51.142
-2.301;5.124;51.169
-2.288;5.125;51.14
-2.297;5.123;51.157
-2.303;5.119;51.17
-2.308;5.117;51.18
-2.301;5.12;51.162
-2.318;5.108;51.196
-2.291;5.122;51.135
-2.321;5.099;51.198
-2.325;5.097;51.192
-2.296;5.12;51.129
-2.293;5.11;51.103
-2.332;5.096;51.18
-2.307;5.11;51.125
-2.341;5.084;51.184
-2.314;5.105;51.121
-2.318;5.105;51.128
-2.328;5.097;51.149
-2.331;5.089;51.156
-2.326;5.1;51.14
-2.356;5.073;51.193
-2.33;5.096;51.135
-2.339;5.093;51.154
-2.344;5.078;51.163
-2.319;5.097;51.108
-2.358;5.067;51.189
-2.318;5.096;51.103
-2.334;5.091;51.135
-2.364;5.063;51.187
-2.331;5.095;51.11
-2.374;5.052;51.193
-2.37;5.065;51.172
-2.374;5.055;51.181
-2.379;5.05;51.191
-2.353;5.078;51.134
-2.358;5.074;51.144
-2.354;5.083;51.131
-2.376;5.067;51.176
-2.38;5.065;51.174
-2.374;5.065;51.158
-2.392;5.046;51.194
-2.376;5.062;51.153
-2.382;5.05;51.16
-2.403;5.027;51.199
-2.363;5.077;51.109
-2.372;5.067;51.127
-2.362;5.073;51.1
-2.38;5.057;51.136
-2.394;5.044;51.148
-2.4;5.038;51.157
-2.381;5.061;51.115
-2.41;5.034;51.164
-2.401;5.054;51.141
-2.43;5.014;51.199
-2.418;5.015;51.171
-2.394;5.054;51.114
-2.418;5.023;51.162
-2.409;5.036;51.14
-2.424;5.025;51.169
-2.437;5.009;51.187
-2.433;5.015;51.174
-2.406;5.038;51.112
-2.419;5.031;51.137
-2.411;5.034;51.118
-2.421;5.033;51.137
-2.439;5.009;51.173
-2.405;5.039;51.101
-2.448;5.003;51.178
-2.42;5.028;51.115
-2.434;5.016;51.141
-2.446;5.004;51.147
-2.452;5.003;51.158
-2.429;5.026;51.11
-2.442;5.019;51.13
-2.461;4.989;51.167
-2.455;4.99;51.152
-2.467;4.986;51.171
-2.464;4.987;51.161
-2.474;4.986;51.18
-2.46;4.995;51.149
-2.462;4.989;51.152
-2.441;5.019;51.108
-2.448;5.011;51.117
-2.476;4.985;51.163
-2.477;4.978;51.164
-2.457;4.999;51.121
-2.454;5.008;51.111
-2.486;4.977;51.16
-2.492;4.974;51.172
-2.461;4.999;51.108
-2.498;4.975;51.179
-2.501;4.973;51.184
-2.465;4.989;51.106
-2.479;4.985;51.13
-2.496;4.966;51.157
-2.507;4.958;51.175
-2.502;4.964;51.152
-2.486;4.976;51.118
-2.501;4.968;51.146
-2.528;4.948;51.198
-2.493;4.967;51.126
-2.486;4.978;51.109
-2.493;4.975;51.122
-2.542;4.944;51.19
-2.546;4.943;51.197
-2.54;4.944;51.182
-2.537;4.943;51.172
-2.506;4.959;51.1
-2.51;4.956;51.107
-2.552;4.935;51.186
-2.52;4.954;51.121
-2.549;4.936;51.177
-2.558;4.926;51.194
-2.547;4.944;51.168
-2.551;4.943;51.172
-2.565;4.934;51.186
-2.53;4.945;51.116
-2.552;4.937;51.153
-2.573;4.925;51.184
-2.572;4.928;51.178
-2.577;4.918;51.187
-2.537;4.946;51.107
-2.559;4.928;51.15
-2.547;4.938;51.123
-2.582;4.913;51.187
-2.541;4.939;51.106
-2.555;4.932;51.128
-2.593;4.913;51.195
-2.555;4.935;51.12
-2.568;4.927;51.145
-2.571;4.921;51.147
-2.596;4.913;51.193
-2.568;4.932;51.136
-2.583;4.913;51.161
-2.574;4.925;51.139
-2.573;4.927;51.133
-2.582;4.917;51.151
-2.593;4.915;51.153
-2.572;4.924;51.109
-2.586;4.921;51.131
-2.594;4.912;51.142
-2.611;4.905;51.169
-2.597;4.91;51.135
-2.601;4.907;51.142
-2.621;4.891;51.18
-2.613;4.903;51.161
-2.619;4.896;51.167
-2.605;4.905;51.128
-2.597;4.914;51.11
-2.601;4.914;51.118
-2.594;4.917;51.101
-2.646;4.877;51.197
-2.604;4.914;51.114
-2.611;4.906;51.123
-2.616;4.897;51.133
-2.628;4.889;51.154
-2.647;4.879;51.19
-2.605;4.914;51.108
-2.636;4.883;51.157
-2.64;4.883;51.165
-2.658;4.875;51.193
-2.631;4.892;51.139
-2.623;4.898;51.12
-2.627;4.895;51.128
-2.664;4.873;51.191
-2.617;4.9;51.102
-2.658;4.877;51.171
-2.628;4.896;51.109
-2.634;4.888;51.116
-2.67;4.874;51.182
-2.673;4.867;51.183
-2.644;4.88;51.121
-2.673;4.869;51.174
-2.678;4.865;51.171
-2.684;4.864;51.182
-2.663;4.869;51.135
-2.685;4.863;51.166
-2.7;4.856;51.193
-2.674;4.865;51.143
-2.66;4.875;51.113
-2.663;4.873;51.119
-2.685;4.866;51.157
-2.695;4.864;51.176
-2.704;4.863;51.188
-2.706;4.865;51.187
-2.678;4.865;51.126
-2.69;4.859;51.146
-2.717;4.852;51.195
-2.67;4.867;51.107
-2.713;4.851;51.183
-2.671;4.871;51.1
-2.68;4.863;51.117
-2.719;4.845;51.187
-2.725;4.844;51.185
-2.702;4.854;51.134
-2.718;4.846;51.164
-2.734;4.84;51.192
-2.701;4.853;51.129
-2.734;4.829;51.188
-2.739;4.832;51.197
-2.741;4.839;51.189
-2.722;4.844;51.15
-2.698;4.854;51.103
-2.72;4.844;51.142
-2.716;4.849;51.131
-2.704;4.848;51.106
-2.722;4.844;51.13
-2.734;4.839;51.147
-2.714;4.844;51.107
-2.718;4.839;51.11
-2.751;4.842;51.161
-2.756;4.838;51.168
-2.748;4.837;51.151
-2.735;4.837;51.125
-2.771;4.825;51.175
-2.78;4.817;51.179
-2.773;4.818;51.159
-2.762;4.829;51.135
-2.794;4.782;51.192
-2.8;4.806;51.193
-2.801;4.789;51.195
-2.761;4.825;51.12
-2.776;4.815;51.147
-2.791;4.807;51.174
-2.804;4.79;51.197
-2.773;4.817;51.138
-2.79;4.808;51.167
-2.755;4.826;51.102
-2.771;4.819;51.13
-2.795;4.803;51.169
-2.802;4.803;51.18
-2.786;4.804;51.144
-2.775;4.816;51.116
-2.786;4.809;51.135
-2.8;4.803;51.156
-2.806;4.795;51.167
-2.799;4.805;51.15
-2.778;4.815;51.11
-2.797;4.805;51.138
-2.816;4.794;51.167
-2.834;4.776;51.199
-2.824;4.789;51.173
-2.808;4.795;51.141
-2.814;4.79;51.153
-2.826;4.781;51.173
-2.823;4.783;51.164
-2.794;4.801;51.109
-2.798;4.798;51.116
-2.816;4.787;51.139
-2.83;4.779;51.158
-2.833;4.775;51.156
-2.858;4.767;51.199
-2.855;4.769;51.189
-2.815;4.796;51.117
-2.862;4.761;51.198
-2.826;4.781;51.127
-2.854;4.763;51.177
-2.836;4.775;51.132
-2.842;4.769;51.14
-2.828;4.786;51.112
-2.839;4.771;51.131
-2.824;4.796;51.1
-2.866;4.755;51.171
-2.841;4.776;51.118
-2.838;4.778;51.108
-2.868;4.754;51.159
-2.892;4.752;51.196
-2.855;4.765;51.13
-2.867;4.756;51.15
-2.849;4.774;51.115
-2.888;4.743;51.177
-2.846;4.776;51.102
-2.898;4.737;51.191
-2.87;4.753;51.139
-2.879;4.745;51.155
-2.887;4.744;51.163
-2.894;4.743;51.167
-2.881;4.743;51.141
-2.877;4.748;51.123
-2.882;4.745;51.131
-2.899;4.731;51.159
-2.915;4.724;51.183
-2.92;4.726;51.19
-2.89;4.743;51.137
-2.902;4.726;51.156
-2.916;4.722;51.181
-2.888;4.744;51.13
-2.894;4.737;51.135
-2.885;4.746;51.116
-2.889;4.74;51.118
-2.927;4.717;51.179
-2.913;4.72;51.151
-2.939;4.71;51.183
-2.906;4.734;51.116
-2.9;4.738;51.101
-2.909;4.729;51.112
-2.934;4.705;51.151
-2.914;4.729;51.108
-2.919;4.726;51.113
-2.921;4.72;51.116
-2.939;4.704;51.146
-2.93;4.709;51.119
-2.942;4.703;51.132
-2.959;4.694;51.16
-2.948;4.696;51.133
-2.966;4.693;51.155
-2.992;4.682;51.19
-2.941;4.713;51.102
-2.968;4.694;51.148
-2.946;4.708;51.103
-2.975;4.684;51.15
-2.973;4.687;51.143
-2.993;4.673;51.172
-2.958;4.694;51.107
-2.976;4.684;51.133
-2.982;4.677;51.139
-2.99;4.676;51.151
-2.968;4.684;51.111
-2.968;4.689;51.103
-2.997;4.675;51.142
-2.981;4.679;51.109
-3.014;4.655;51.158
-3.011;4.658;51.15
-2.999;4.668;51.122
-3.014;4.652;51.143
-3.037;4.645;51.181
-2.992;4.669;51.103
-3.013;4.658;51.137
-3.04;4.632;51.181
-3.036;4.627;51.172
-3.011;4.657;51.127
-3.017;4.649;51.136
-3.032;4.643;51.157
-3.007;4.653;51.107
-3.015;4.654;51.121
-3.043;4.636;51.167
-3.029;4.646;51.14
-3.039;4.627;51.151
-3.014;4.65;51.104
-3.032;4.613;51.132
-3.029;4.646;51.12
-3.043;4.623;51.139
-3.033;4.641;51.118
-3.043;4.629;51.135
-3.039;4.635;51.101
-3.038;4.622;51.1
-3.131;4.548;51.166
-3.132;4.552;51.16
-3.14;4.541;51.16
-3.13;4.548;51.133
-3.141;4.546;51.143
-3.142;4.533;51.144
-3.133;4.52;51.122
-3.145;4.543;51.137
-3.137;4.524;51.121
-3.149;4.542;51.133
-3.141;4.525;51.111
-3.205;4.443;51.184
-3.223;4.455;51.178
-3.242;4.466;51.196
-3.214;4.447;51.147
-3.237;4.462;51.18
-3.236;4.459;51.17
-3.222;4.452;51.141
-3.221;4.449;51.124
-3.25;4.455;51.169
-3.234;4.456;51.133
-3.247;4.451;51.148
-3.245;4.454;51.138
-3.289;4.432;51.193
-3.239;4.432;51.113
-3.251;4.437;51.131
-3.274;4.434;51.148
-3.247;4.423;51.103
-3.277;4.429;51.148
-3.293;4.424;51.173
-3.268;4.422;51.126
-3.275;4.418;51.137
-3.292;4.419;51.163
-3.302;4.419;51.178
-3.313;4.41;51.196
-3.281;4.415;51.143
-3.314;4.407;51.185
-3.288;4.413;51.138
-3.322;4.403;51.182
-3.274;4.405;51.105
-3.28;4.405;51.114
-3.324;4.397;51.181
-3.307;4.397;51.143
-3.288;4.395;51.108
-3.304;4.393;51.131
-3.339;4.39;51.184
-3.301;4.39;51.124
-3.356;4.382;51.194
-3.347;4.378;51.176
-3.354;4.379;51.188
-3.312;4.378;51.11
-3.353;4.372;51.167
-3.373;4.37;51.19
-3.38;4.371;51.195
-3.356;4.375;51.155
-3.361;4.376;51.163
-3.33;4.371;51.113
-3.325;4.369;51.102
-3.388;4.366;51.195
-3.343;4.362;51.125
-3.346;4.366;51.119
-3.367;4.362;51.15
-3.358;4.361;51.132
-3.35;4.36;51.113
-3.385;4.359;51.165
-3.391;4.354;51.169
-3.371;4.356;51.136
-3.414;4.354;51.192
-3.366;4.353;51.114
-3.408;4.347;51.172
-3.419;4.344;51.169
-3.381;4.342;51.11
-3.406;4.346;51.142
-3.433;4.343;51.181
-3.426;4.343;51.168
-3.43;4.344;51.174
-3.414;4.333;51.128
-3.455;4.318;51.188
-3.398;4.336;51.101
-3.4;4.33;51.104
-3.432;4.336;51.15
-3.451;4.334;51.177
-3.456;4.334;51.185
-3.439;4.332;51.157
-3.455;4.329;51.176
-3.454;4.318;51.175
-3.421;4.331;51.122
-3.437;4.333;51.146
-3.453;4.321;51.165
-3.437;4.332;51.139
-3.442;4.321;51.146
-3.461;4.312;51.173
-3.448;4.315;51.143
-3.455;4.316;51.154
-3.446;4.317;51.137
-3.464;4.315;51.158
-3.459;4.315;51.148
-3.47;4.31;51.157
-3.487;4.312;51.177
-3.452;4.318;51.123
-3.501;4.313;51.193
-3.459;4.308;51.13
-3.466;4.306;51.136
-3.453;4.315;51.113
-3.463;4.307;51.127
-3.497;4.307;51.176
-3.46;4.31;51.119
-3.495;4.305;51.169
-3.457;4.301;51.107
-3.488;4.291;51.148
-3.526;4.293;51.199
-3.47;4.293;51.111
-3.514;4.292;51.174
-3.49;4.288;51.136
-3.499;4.284;51.133
-3.544;4.278;51.199
-3.541;4.278;51.19
-3.526;4.282;51.162
-3.545;4.275;51.188
-3.542;4.276;51.177
-3.551;4.273;51.182
-3.496;4.276;51.1
-3.501;4.269;51.106
-3.509;4.27;51.118
-3.537;4.267;51.158
-3.544;4.27;51.168
-3.499;4.27;51.1
-3.547;4.268;51.165
-3.559;4.261;51.179
-3.546;4.26;51.151
-3.569;4.253;51.173
-3.537;4.253;51.125
-3.578;4.247;51.182
-3.53;4.254;51.111
-3.575;4.248;51.174
-3.593;4.243;51.196
-3.54;4.242;51.114
-3.593;4.246;51.189
-3.556;4.243;51.129
-3.584;4.237;51.169
-3.576;4.236;51.153
-3.605;4.229;51.194
-3.562;4.238;51.125
-3.598;4.233;51.176
-3.573;4.235;51.134
-3.568;4.234;51.124
-3.56;4.235;51.101
-3.624;4.213;51.19
-3.578;4.222;51.123
-3.587;4.224;51.136
-3.57;4.224;51.105
-3.627;4.214;51.18
-3.64;4.197;51.198
-3.585;4.213;51.114
-3.58;4.213;51.103
-3.588;4.208;51.11
-3.612;4.207;51.144
-3.638;4.202;51.181
-3.585;4.21;51.103
-3.611;4.208;51.135
-3.638;4.189;51.169
-3.655;4.182;51.192
-3.659;4.179;51.191
-3.6;4.202;51.106
-3.626;4.205;51.137
-3.651;4.186;51.171
-3.615;4.188;51.118
-3.624;4.192;51.131
-3.641;4.196;51.154
-3.614;4.186;51.109
-3.645;4.191;51.149
-3.619;4.189;51.109
-3.633;4.191;51.124
-3.674;4.163;51.182
-3.627;4.184;51.106
-3.692;4.154;51.195
-3.652;4.184;51.136
-3.689;4.155;51.187
-3.63;4.179;51.103
-3.657;4.178;51.135
-3.675;4.165;51.161
-3.705;4.134;51.198
-3.658;4.172;51.129
-3.679;4.158;51.158
-3.684;4.149;51.165
-3.644;4.17;51.107
-3.649;4.171;51.113
-3.682;4.154;51.155
-3.693;4.144;51.171
-3.709;4.126;51.193
-3.715;4.118;51.196
-3.653;4.166;51.108
-3.687;4.149;51.155
-3.698;4.144;51.166
-3.685;4.148;51.145
-3.709;4.126;51.177
-3.681;4.151;51.135
-3.711;4.118;51.176
-3.708;4.115;51.169
-3.689;4.146;51.139
-3.704;4.13;51.159
-3.707;4.112;51.164
-3.721;4.114;51.183
-3.668;4.153;51.107
-3.693;4.139;51.141
-3.71;4.124;51.164
-3.7;4.133;51.146
-3.73;4.105;51.187
-3.694;4.142;51.134
-3.698;4.135;51.136
-3.707;4.119;51.145
-3.679;4.142;51.103
-3.698;4.139;51.129
-3.7;4.129;51.128
-3.714;4.114;51.148
-3.739;4.094;51.18
-3.685;4.138;51.1
-3.703;4.125;51.125
-3.706;4.125;51.129
-3.7;4.127;51.114
-3.719;4.114;51.139
-3.745;4.083;51.175
-3.761;4.067;51.196
-3.734;4.097;51.155
-3.723;4.108;51.137
-3.715;4.109;51.119
-3.721;4.103;51.127
-3.733;4.095;51.143
-3.757;4.073;51.172
-3.75;4.074;51.159
-3.727;4.097;51.124
-3.733;4.088;51.132
-3.785;4.049;51.199
-3.774;4.054;51.18
-3.788;4.037;51.198
-3.737;4.084;51.127
-3.778;4.052;51.182
-3.727;4.093;51.11
-3.724;4.094;51.102
-3.738;4.088;51.121
-3.761;4.065;51.152
-3.768;4.057;51.161
-3.793;4.037;51.194
-3.75;4.074;51.133
-3.737;4.08;51.113
-3.749;4.075;51.128
-3.784;4.038;51.175
-3.792;4.031;51.182
-3.776;4.047;51.157
-3.766;4.056;51.139
-3.795;4.027;51.179
-3.784;4.037;51.153
-3.803;4.023;51.179
-3.807;4.023;51.184
-3.818;4.01;51.194
-3.79;4.031;51.153
-3.787;4.021;51.149
-3.806;4.018;51.175
-3.785;4.022;51.143
-3.775;4.039;51.126
-3.803;4.019;51.159
-3.827;3.997;51.188
-3.833;3.99;51.196
-3.811;4.013;51.163
-3.825;3.999;51.182
-3.809;4.009;51.153
-3.819;4.002;51.166
-3.799;4.016;51.137
-3.794;4.018;51.125
-3.814;4.003;51.149
-3.787;4.025;51.109
-3.837;3.985;51.171
-3.808;4.008;51.13
-3.854;3.974;51.186
-3.802;4.008;51.11
-3.852;3.977;51.177
-3.799;4.007;51.104
-3.816;3.999;51.126
-3.855;3.972;51.177
-3.826;3.991;51.135
-3.809;3.999;51.109
-3.834;3.986;51.142
-3.854;3.976;51.169
-3.861;3.976;51.174
-3.825;3.995;51.124
-3.864;3.956;51.175
-3.841;3.983;51.141
-3.865;3.972;51.172
-3.877;3.956;51.187
-3.848;3.978;51.146
-3.869;3.973;51.17
-3.868;3.959;51.168
-3.871;3.967;51.168
-3.847;3.974;51.13
-3.869;3.957;51.16
-3.833;3.981;51.108
-3.846;3.976;51.125
-3.883;3.95;51.174
-3.863;3.963;51.143
-3.878;3.954;51.164
-3.898;3.937;51.186
-3.906;3.936;51.196
-3.844;3.969;51.112
-3.853;3.962;51.124
-3.861;3.957;51.13
-3.892;3.945;51.171
-3.857;3.958;51.121
-3.889;3.949;51.163
-3.894;3.94;51.17
-3.914;3.929;51.192
-3.91;3.927;51.183
-3.868;3.954;51.124
-3.874;3.948;51.132
-3.888;3.94;51.151
-3.905;3.928;51.173
-3.892;3.936;51.148
-3.917;3.923;51.181
-3.882;3.944;51.128
-3.865;3.951;51.102
-3.884;3.938;51.128
-3.927;3.915;51.184
-3.883;3.938;51.118
-3.915;3.921;51.16
-3.91;3.921;51.15
-3.882;3.935;51.106
-3.904;3.925;51.131
-3.912;3.918;51.139
-3.937;3.904;51.17
-3.9;3.925;51.12
-3.927;3.907;51.154
-3.896;3.925;51.111
-3.914;3.913;51.134
-3.954;3.895;51.185
-3.923;3.905;51.127
-3.947;3.893;51.157
-3.922;3.905;51.122
-3.917;3.905;51.113
-3.936;3.891;51.137
-3.984;3.88;51.198
-3.97;3.886;51.176
-3.988;3.874;51.196
-3.978;3.879;51.18
-3.961;3.883;51.154
-3.93;3.887;51.107
-3.976;3.866;51.162
-3.994;3.857;51.174
-4.011;3.854;51.196
-3.968;3.859;51.134
-3.944;3.866;51.1
-3.971;3.857;51.13
-4.003;3.849;51.171
-3.988;3.854;51.149
-4.022;3.839;51.185
-4.021;3.839;51.179
-3.964;3.851;51.103
-4.013;3.841;51.166
-4.01;3.84;51.158
-4.029;3.825;51.182
-4.019;3.835;51.166
-4.033;3.818;51.18
-4.016;3.834;51.155
-3.98;3.844;51.102
-4.036;3.821;51.17
-4.008;3.833;51.127
-4.026;3.82;51.15
-4.047;3.807;51.172
-4.053;3.797;51.18
-4.047;3.808;51.165
-4.049;3.79;51.164
-4.067;3.787;51.187
-4.02;3.823;51.12
-4.051;3.788;51.16
-4.063;3.782;51.175
-4.035;3.81;51.136
-4.033;3.812;51.129
-4.085;3.764;51.194
-4.08;3.755;51.181
-4.078;3.751;51.178
-4.058;3.777;51.146
-4.084;3.748;51.179
-4.047;3.794;51.129
-4.081;3.767;51.171
-4.041;3.795;51.118
-4.092;3.745;51.175
-4.037;3.798;51.102
-4.094;3.737;51.173
-4.106;3.733;51.188
-4.058;3.777;51.125
-4.115;3.716;51.196
-4.08;3.756;51.148
-4.094;3.738;51.166
-4.093;3.743;51.16
-4.109;3.729;51.181
-4.1;3.735;51.167
-4.08;3.748;51.138
-4.068;3.757;51.119
-4.094;3.738;51.151
-4.1;3.731;51.159
-4.118;3.725;51.181
-4.125;3.714;51.19
-4.116;3.726;51.175
-4.117;3.719;51.176
-4.078;3.753;51.124
-4.086;3.74;51.134
-4.075;3.755;51.117
-4.122;3.713;51.175
-4.127;3.713;51.182
-4.132;3.713;51.187
-4.102;3.734;51.147
-4.131;3.709;51.179
-4.088;3.735;51.119
-4.126;3.703;51.162
-4.082;3.748;51.104
-4.139;3.687;51.175
-4.087;3.732;51.107
-4.118;3.703;51.145
-4.143;3.682;51.175
-4.141;3.685;51.17
-4.095;3.727;51.109
-4.11;3.712;51.128
-4.119;3.697;51.139
-4.118;3.698;51.13
-4.123;3.69;51.136
-4.162;3.665;51.185
-4.107;3.708;51.114
-4.146;3.67;51.162
-4.169;3.653;51.19
-4.168;3.648;51.188
-4.173;3.64;51.195
-4.141;3.679;51.151
-4.115;3.697;51.109
-4.15;3.658;51.148
-4.171;3.639;51.171
-4.177;3.629;51.178
-4.192;3.618;51.196
-4.123;3.683;51.108
-4.153;3.653;51.145
-4.16;3.646;51.153
-4.195;3.608;51.196
-4.17;3.63;51.162
-4.175;3.625;51.169
-4.162;3.637;51.145
-4.18;3.618;51.167
-4.19;3.605;51.172
-4.184;3.615;51.161
-4.163;3.627;51.132
-4.196;3.59;51.172
-4.15;3.645;51.113
-4.214;3.58;51.186
-4.219;3.576;51.193
-4.149;3.646;51.105
-4.176;3.619;51.137
-4.181;3.609;51.144
-4.207;3.581;51.175
-4.18;3.609;51.139
-4.184;3.606;51.144
-4.158;3.644;51.109
-4.227;3.559;51.192
-4.162;3.64;51.109
-4.194;3.593;51.148
-4.157;3.641;51.1
-4.184;3.597;51.132
-4.21;3.586;51.164
-4.211;3.569;51.165
-4.237;3.541;51.196
-4.187;3.589;51.133
-4.175;3.609;51.115
-4.245;3.538;51.192
-4.176;3.598;51.104
-4.201;3.57;51.135
-4.19;3.577;51.118
-4.197;3.571;51.127
-4.21;3.566;51.143
-4.234;3.545;51.172
-4.233;3.548;51.166
-4.206;3.56;51.126
-4.215;3.555;51.138
-4.229;3.551;51.155
-4.24;3.543;51.167
-4.263;3.511;51.196
-4.254;3.5;51.185
-4.26;3.5;51.193
-4.254;3.511;51.178
-4.219;3.549;51.131
-4.237;3.538;51.154
-4.243;3.528;51.16
-4.201;3.554;51.106
-4.233;3.539;51.146
-4.249;3.524;51.164
-4.273;3.49;51.194
-4.214;3.549;51.119
-4.231;3.531;51.139
-4.257;3.516;51.171
-4.258;3.507;51.168
-4.276;3.488;51.19
-4.225;3.538;51.124
-4.278;3.477;51.189
-4.221;3.539;51.116
-4.264;3.504;51.169
-4.244;3.518;51.141
-4.218;3.53;51.106
-4.23;3.528;51.12
-4.278;3.484;51.177
-4.29;3.457;51.192
-4.297;3.453;51.197
-4.24;3.517;51.125
-4.264;3.498;51.154
-4.265;3.489;51.154
-4.245;3.516;51.127
-4.266;3.505;51.153
-4.271;3.485;51.158
-4.284;3.468;51.174
-4.226;3.528;51.101
-4.248;3.497;51.124
-4.267;3.498;51.147
-4.268;3.488;51.148
-4.276;3.479;51.157
-4.293;3.457;51.178
-4.283;3.474;51.163
-4.247;3.496;51.116
-4.268;3.491;51.137
-4.307;3.446;51.184
-4.25;3.516;51.112
-4.286;3.47;51.154
-4.321;3.425;51.197
-4.248;3.516;51.106
-4.246;3.508;51.104
-4.264;3.493;51.125
-4.259;3.495;51.116
-4.307;3.441;51.173
-4.322;3.427;51.19
-4.284;3.474;51.141
-4.324;3.419;51.19
-4.258;3.493;51.107
-4.27;3.471;51.118
-4.27;3.474;51.114
-4.277;3.467;51.123
-4.318;3.424;51.167
-4.284;3.463;51.12
-4.29;3.456;51.128
-4.336;3.403;51.182
-4.319;3.427;51.158
-4.296;3.443;51.128
-4.325;3.415;51.162
-4.354;3.375;51.196
-4.292;3.451;51.115
-4.284;3.443;51.106
-4.325;3.418;51.155
-4.354;3.377;51.189
-4.288;3.447;51.107
-4.282;3.442;51.1
-4.315;3.424;51.14
-4.303;3.43;51.122
-4.312;3.424;51.132
-4.339;3.389;51.16
-4.333;3.397;51.15
-4.347;3.393;51.159
-4.379;3.358;51.197
-4.326;3.408;51.131
-4.353;3.377;51.162
-4.314;3.416;51.113
-4.337;3.393;51.14
-4.368;3.356;51.177
-4.387;3.354;51.199
-4.342;3.377;51.142
-4.378;3.346;51.185
-4.327;3.399;51.121
-4.352;3.37;51.151
-4.367;3.356;51.168
-4.369;3.348;51.168
-4.358;3.357;51.151
-4.374;3.346;51.165
-4.383;3.329;51.173
-4.324;3.388;51.1
-4.391;3.323;51.178
-4.361;3.354;51.139
-4.366;3.346;51.145
-4.342;3.377;51.114
-4.355;3.355;51.13
-4.369;3.339;51.146
-4.409;3.307;51.192
-4.367;3.336;51.14
-4.351;3.358;51.118
-4.388;3.321;51.16
-4.407;3.308;51.183
-4.376;3.328;51.143
-4.421;3.296;51.196
-4.405;3.308;51.173
-4.355;3.349;51.111
-4.382;3.322;51.144
-4.42;3.305;51.187
-4.416;3.307;51.179
-4.384;3.318;51.139
-4.425;3.304;51.186
-4.43;3.286;51.192
-4.366;3.332;51.114
-4.371;3.327;51.116
-4.389;3.3;51.137
-4.423;3.298;51.176
-4.441;3.275;51.198
-4.377;3.318;51.12
-4.434;3.28;51.186
-4.379;3.307;51.118
-4.392;3.305;51.133
-4.427;3.289;51.174
-4.432;3.271;51.18
-4.409;3.287;51.149
-4.428;3.28;51.172
-4.426;3.269;51.17
-4.448;3.258;51.195
-4.45;3.248;51.197
-4.37;3.318;51.1
-4.384;3.299;51.116
-4.425;3.28;51.165
-4.426;3.273;51.165
-4.372;3.285;51.1
-4.442;3.262;51.181
-4.454;3.246;51.194
-4.378;3.279;51.1
-4.408;3.273;51.134
-4.438;3.262;51.168
-4.427;3.268;51.153
-4.416;3.275;51.136
-4.449;3.247;51.174
-4.39;3.281;51.102
-4.436;3.256;51.156
-4.419;3.268;51.133
-4.432;3.258;51.147
-4.477;3.197;51.193
-4.453;3.227;51.162
-4.481;3.188;51.194
-4.459;3.223;51.165
-4.417;3.255;51.113
-4.486;3.179;51.192
-4.419;3.25;51.111
-4.467;3.21;51.166
-4.447;3.234;51.14
-4.495;3.174;51.195
-4.45;3.228;51.14
-4.479;3.178;51.17
-4.438;3.234;51.119
-4.447;3.228;51.13
-4.435;3.235;51.112
-4.432;3.231;51.109
-4.452;3.221;51.131
-4.479;3.182;51.163
-4.483;3.176;51.167
-4.504;3.151;51.191
-4.493;3.157;51.175
-4.452;3.223;51.125
-4.454;3.216;51.127
-4.47;3.188;51.145
-4.503;3.154;51.18
-4.466;3.193;51.134
-4.514;3.133;51.188
-4.496;3.158;51.164
-4.503;3.148;51.173
-4.501;3.14;51.17
-4.508;3.13;51.177
-4.449;3.202;51.107
-4.471;3.178;51.132
-4.503;3.127;51.169
-4.523;3.122;51.188
-4.47;3.177;51.124
-4.503;3.146;51.161
-4.508;3.136;51.168
-4.475;3.165;51.126
-4.485;3.158;51.137
-4.51;3.127;51.166
-4.499;3.147;51.15
-4.536;3.09;51.192
-4.539;3.083;51.195
-4.483;3.151;51.125
-4.497;3.146;51.14
-4.509;3.135;51.154
-4.525;3.109;51.172
-4.532;3.096;51.177
-4.5;3.133;51.137
-4.545;3.056;51.188
-4.497;3.132;51.129
-4.558;3.036;51.199
-4.478;3.137;51.105
-4.493;3.13;51.121
-4.545;3.083;51.18
-4.554;3.046;51.191
-4.544;3.085;51.172
-4.552;3.048;51.181
-4.513;3.108;51.133
-4.52;3.098;51.142
-4.566;3.036;51.193
-4.521;3.09;51.139
-4.564;3.027;51.188
-4.544;3.054;51.162
-4.514;3.092;51.125
-4.526;3.086;51.137
-4.543;3.054;51.157
-4.5;3.098;51.105
-4.543;3.075;51.153
-4.549;3.048;51.161
-4.561;3.039;51.174
-4.508;3.089;51.11
-4.53;3.079;51.135
-4.571;3.018;51.182
-4.582;2.997;51.194
-4.582;2.992;51.194
-4.542;3.058;51.142
-4.552;3.038;51.153
-4.544;3.051;51.141
-4.558;3.028;51.156
-4.572;3.018;51.172
-4.569;3.009;51.168
-4.588;2.979;51.19
-4.594;2.961;51.197
-4.553;3.045;51.147
-4.566;3.005;51.161
-4.58;2.997;51.177
-4.593;2.964;51.192
-4.534;3.05;51.115
-4.537;3.046;51.118
-4.583;2.985;51.166
-4.611;2.944;51.198
-4.528;3.053;51.101
-4.55;3.033;51.126
-4.565;3.009;51.143
-4.567;2.987;51.145
-4.586;2.978;51.166
-4.599;2.965;51.181
-4.613;2.927;51.196
-4.615;2.922;51.199
-4.543;3.032;51.114
-4.553;3.028;51.126
-4.61;2.924;51.189
-4.603;2.958;51.178
-4.614;2.944;51.191
-4.575;2.978;51.14
-4.586;2.957;51.152
-4.606;2.939;51.175
-4.623;2.919;51.194
-4.548;3.018;51.106
-4.569;2.99;51.129
-4.603;2.951;51.167
-4.61;2.936;51.176
-4.547;3.001;51.102
-4.583;2.966;51.142
-4.586;2.959;51.145
-4.56;2.997;51.109
-4.575;2.977;51.126
-4.582;2.969;51.134
-4.611;2.932;51.162
-4.634;2.889;51.188
-4.635;2.867;51.189
-4.56;2.992;51.102
-4.58;2.968;51.124
-4.587;2.953;51.132
-4.595;2.946;51.141
-4.643;2.878;51.195
-4.589;2.948;51.131
-4.63;2.906;51.176
-4.637;2.885;51.184
-4.578;2.957;51.115
-4.634;2.897;51.177
-4.641;2.877;51.185
-4.653;2.863;51.198
-4.593;2.922;51.128
-4.652;2.867;51.193
-4.571;2.961;51.1
-4.655;2.858;51.19
-4.58;2.949;51.103
-4.613;2.904;51.139
-4.629;2.887;51.158
-4.634;2.88;51.163
-4.603;2.919;51.125
-4.602;2.909;51.123
-4.623;2.898;51.148
-4.638;2.877;51.164
-4.596;2.921;51.11
-4.607;2.905;51.122
-4.611;2.904;51.127
-4.624;2.893;51.141
-4.635;2.879;51.153
-4.664;2.837;51.185
-4.615;2.892;51.127
-4.638;2.869;51.154
-4.626;2.88;51.136
-4.646;2.864;51.159
-4.682;2.809;51.199
-4.636;2.871;51.144
-4.662;2.844;51.173
-4.681;2.802;51.194
-4.615;2.886;51.117
-4.658;2.844;51.165
-4.678;2.808;51.187
-4.65;2.833;51.152
-4.645;2.83;51.147
-4.691;2.789;51.194
-4.614;2.878;51.106
-4.678;2.814;51.176
-4.66;2.82;51.153
-4.674;2.817;51.168
-4.615;2.878;51.1
-4.62;2.874;51.105
-4.627;2.869;51.113
-4.656;2.838;51.145
-4.648;2.828;51.136
-4.678;2.794;51.169
-4.705;2.757;51.199
-4.638;2.854;51.122
-4.676;2.79;51.163
-4.668;2.819;51.151
-4.697;2.767;51.183
-4.708;2.755;51.195
-4.631;2.866;51.107
-4.634;2.858;51.106
-4.65;2.835;51.124
-4.665;2.82;51.141
-4.684;2.788;51.162
-4.699;2.767;51.178
-4.646;2.843;51.117
-4.711;2.749;51.187
-4.643;2.845;51.109
-4.673;2.806;51.143
-4.676;2.797;51.145
-4.689;2.783;51.16
-4.696;2.775;51.168
-4.65;2.83;51.114
-4.727;2.717;51.198
-4.674;2.808;51.136
-4.697;2.768;51.162
-4.701;2.759;51.166
-4.717;2.738;51.184
-4.722;2.72;51.19
-4.668;2.802;51.123
-4.666;2.798;51.117
-4.693;2.768;51.146
-4.73;2.709;51.187
-4.713;2.736;51.161
-4.732;2.704;51.182
-4.664;2.806;51.105
-4.673;2.798;51.114
-4.705;2.745;51.15
-4.746;2.689;51.194
-4.682;2.775;51.121
-4.674;2.784;51.108
-4.673;2.779;51.107
-4.705;2.738;51.142
-4.725;2.716;51.164
-4.688;2.769;51.119
-4.721;2.723;51.156
-4.742;2.686;51.179
-4.717;2.724;51.148
-4.679;2.788;51.103
-4.679;2.778;51.103
-4.765;-0.241;51.194
-4.736;2.689;51.162
-4.764;2.659;51.192
-4.69;2.756;51.108
-4.705;2.745;51.124
-4.709;2.743;51.128
-4.709;2.738;51.129
-4.745;2.668;51.167
-4.764;-0.245;51.186
-4.725;2.704;51.143
-4.744;2.669;51.163
-4.773;2.654;51.195
-4.779;-0.243;51.199
-4.766;-0.246;51.184
-4.699;2.746;51.111
-4.707;2.738;51.119
-4.75;2.665;51.166
-4.772;2.655;51.19
-4.738;2.678;51.15
-4.775;2.648;51.19
-4.783;2.622;51.199
-4.774;-0.246;51.186
-4.734;2.681;51.142
-4.758;2.654;51.168
-4.78;2.635;51.192
-4.784;-0.242;51.194
-4.714;2.717;51.116
-4.732;2.694;51.137
-4.728;2.674;51.131
-4.764;-0.251;51.168
-4.777;2.645;51.182
-4.788;2.617;51.193
-4.794;2.574;51.199
-4.796;-0.241;51.199
-4.781;-0.244;51.183
-4.712;2.728;51.108
-4.733;2.696;51.13
-4.747;2.663;51.145
-4.783;2.597;51.185
-4.778;-0.246;51.176
-4.765;-0.249;51.162
-4.714;2.718;51.106
-4.742;2.668;51.136
-4.777;2.62;51.175
-4.786;2.616;51.184
-4.787;2.605;51.186
-4.798;2.567;51.197
-4.764;-0.247;51.157
-4.73;2.688;51.12
-4.782;2.629;51.176
-4.794;-0.244;51.187
-4.745;2.666;51.132
-4.768;2.647;51.157
-4.789;2.587;51.181
-4.807;-0.244;51.197
-4.792;-0.244;51.181
-4.777;-0.247;51.165
-4.721;2.705;51.103
-4.741;2.676;51.125
-4.762;2.646;51.147
-4.777;2.637;51.164
-4.792;2.599;51.18
-4.787;-0.245;51.172
-4.772;2.638;51.155
-4.809;2.568;51.195
-4.806;-0.243;51.189
-4.784;-0.247;51.165
-4.769;-0.249;51.148
-4.801;2.588;51.182
-4.797;-0.245;51.176
-4.792;-0.246;51.17
-4.773;-0.25;51.146
-4.737;2.669;51.106
-4.749;2.633;51.12
-4.758;2.632;51.129
-4.771;2.618;51.143
-4.792;2.606;51.166
-4.813;2.563;51.189
-4.824;-0.242;51.197
-4.754;2.64;51.121
-4.807;2.573;51.179
-4.816;2.558;51.188
-4.82;-0.243;51.189
-4.74;2.665;51.102
-4.76;2.648;51.124
-4.751;2.638;51.115
-4.784;2.614;51.15
-4.791;2.605;51.157
-4.804;2.584;51.171
-4.815;-0.247;51.18
-4.789;-0.251;51.15
-4.77;-0.254;51.128
-4.768;2.638;51.126
-4.802;2.584;51.163
-4.825;-0.243;51.185
-4.813;-0.246;51.171
-4.784;-0.252;51.14
-4.77;2.629;51.124
-4.781;2.615;51.137
-4.783;2.61;51.139
-4.819;2.564;51.176
-4.82;-0.244;51.176
-4.799;-0.252;51.153
-4.779;-0.253;51.131
-4.798;2.597;51.151
-4.794;-0.253;51.144
-4.775;-0.254;51.123
-4.772;2.627;51.12
-4.842;-0.241;51.191
-4.818;-0.246;51.167
-4.772;-0.254;51.116
-4.769;2.635;51.112
-4.785;2.614;51.13
-4.811;2.568;51.158
-4.83;-0.243;51.176
-4.792;-0.253;51.135
-4.765;2.637;51.105
-4.806;2.585;51.149
-4.808;2.578;51.151
-4.837;-0.243;51.179
-4.824;-0.247;51.166
-4.769;-0.254;51.107
-4.774;2.617;51.111
-4.776;2.612;51.113
-4.796;2.602;51.135
-4.81;2.568;51.149
-4.848;-0.242;51.188
-4.805;-0.251;51.142
-4.792;-0.254;51.127
-4.812;2.559;51.148
-4.843;-0.244;51.178
-4.787;-0.254;51.119
-4.781;-0.254;51.113
-4.771;2.615;51.101
-4.844;2.517;51.179
-4.8;-0.251;51.129
-4.852;2.488;51.184
-4.862;-0.241;51.192
-4.84;-0.247;51.168
-4.777;-0.254;51.101
-4.789;2.606;51.114
-4.796;2.588;51.121
-4.808;2.574;51.134
-4.832;2.527;51.159
-4.85;2.498;51.178
-4.862;2.468;51.191
-4.869;2.457;51.198
-4.8;-0.252;51.122
-4.792;-0.254;51.114
-4.807;2.577;51.128
-4.857;2.486;51.182
-4.86;-0.244;51.183
-4.834;-0.245;51.155
-4.829;-0.246;51.15
-4.829;2.527;51.148
-4.854;-0.246;51.172
-4.823;-0.246;51.14
-4.788;-0.255;51.102
-4.789;2.598;51.103
-4.822;-0.247;51.135
-4.807;-0.252;51.119
-4.807;2.569;51.118
-4.818;2.554;51.13
-4.82;2.547;51.132
-4.839;2.514;51.153
-4.847;2.503;51.161
-4.857;2.478;51.171
-4.861;2.469;51.175
-4.88;-0.237;51.194
-4.865;-0.243;51.177
-4.852;-0.246;51.163
-4.845;-0.246;51.156
-4.838;-0.247;51.149
-4.794;2.594;51.101
-4.801;2.586;51.108
-4.803;2.579;51.11
-4.864;2.466;51.175
-4.88;2.444;51.192
-4.875;2.436;51.187
-4.819;-0.251;51.124
-4.804;-0.253;51.108
-4.797;-0.254;51.101
-4.837;2.516;51.143
-4.85;2.499;51.157
-4.86;2.474;51.167
-4.882;2.424;51.191
-4.884;-0.237;51.191
-4.861;-0.245;51.167
-4.836;2.518;51.139
-4.854;2.484;51.158
-4.818;-0.251;51.117
-4.815;2.566;51.112
-4.827;2.536;51.126
-4.851;2.504;51.15
-4.852;2.497;51.152
-4.89;2.4;51.193
-4.898;-0.234;51.198
-4.862;-0.246;51.159
-4.824;2.544;51.119
-4.862;2.468;51.159
-4.896;2.388;51.195
-4.878;-0.241;51.173
-4.847;-0.246;51.141
-4.841;-0.247;51.134
-4.813;-0.253;51.105
-4.857;2.478;51.151
-4.863;2.462;51.156
-4.87;2.446;51.164
-4.872;-0.243;51.164
-4.858;-0.245;51.148
-4.816;2.554;51.103
-4.822;2.547;51.109
-4.831;2.53;51.119
-4.86;2.469;51.149
-4.866;2.458;51.156
-4.903;2.368;51.196
-4.894;2.364;51.186
-4.896;-0.234;51.186
-4.889;-0.237;51.179
-4.868;-0.243;51.156
-4.849;-0.247;51.136
-4.841;-0.247;51.127
-4.834;-0.247;51.119
-4.861;2.466;51.147
-4.882;2.425;51.17
-4.889;2.399;51.177
-4.888;2.362;51.176
-4.833;-0.247;51.115
-4.819;2.549;51.1
-4.884;2.407;51.168
-4.892;2.389;51.177
-4.913;2.323;51.199
-4.906;-0.232;51.189
-4.88;-0.242;51.161
-4.867;-0.245;51.147
-4.835;2.524;51.113
-4.903;-0.234;51.182
-4.86;-0.246;51.136
-4.83;2.538;51.104
-4.841;2.508;51.115
-4.846;2.489;51.121
-4.853;2.478;51.129
-4.883;2.427;51.16
-4.92;-0.232;51.197
-4.901;-0.236;51.176
-4.876;-0.243;51.15
-4.858;-0.245;51.131
-4.841;2.502;51.113
-4.848;2.478;51.119
-4.865;2.447;51.137
-4.875;-0.244;51.146
-4.85;-0.245;51.119
-4.839;2.52;51.106
-4.873;2.438;51.142
-4.887;2.423;51.157
-4.893;2.405;51.163
-4.898;2.368;51.169
-4.918;2.327;51.19
-4.916;-0.231;51.186
-4.889;-0.243;51.157
-4.87;-0.244;51.137
-4.858;2.461;51.123
-4.865;2.455;51.131
-4.881;2.426;51.148
-4.903;2.376;51.17
-4.891;2.366;51.158
-4.915;-0.233;51.18
-4.906;-0.236;51.172
-4.862;-0.244;51.124
-4.858;-0.245;51.12
-4.847;-0.247;51.109
-4.858;2.492;51.119
-4.86;2.475;51.122
-4.911;2.329;51.176
-4.929;-0.233;51.192
-4.889;-0.243;51.149
-4.867;2.448;51.126
-4.895;2.401;51.155
-4.907;2.329;51.168
-4.906;-0.236;51.164
-4.847;-0.245;51.102
-4.884;2.452;51.14
-4.902;2.379;51.159
-4.893;2.37;51.149
-4.926;2.329;51.185
-4.932;2.31;51.191
-4.926;-0.233;51.182
-4.92;-0.233;51.176
-4.877;2.448;51.129
-4.891;2.403;51.144
-4.931;2.319;51.186
-4.943;-0.231;51.196
-4.895;-0.241;51.146
-4.884;-0.243;51.134
-4.894;2.397;51.144
-4.904;2.333;51.154
-4.916;-0.236;51.165
-4.913;-0.237;51.161
-4.88;-0.242;51.126
-4.873;-0.242;51.119
-4.875;2.524;51.12
-4.931;2.327;51.179
-4.941;2.296;51.189
-4.87;-0.243;51.112
-4.906;2.401;51.149
-4.926;2.333;51.171
-4.935;-0.231;51.177
-4.902;2.399;51.141
-4.905;2.336;51.145
-4.93;2.31;51.17
-4.953;2.267;51.195
-4.931;-0.233;51.17
-4.911;-0.236;51.148
-4.903;-0.236;51.14
-4.896;-0.237;51.133
-4.867;-0.243;51.102
-4.916;2.336;51.152
-4.923;2.335;51.16
-4.953;-0.227;51.189
-4.946;-0.227;51.182
-4.927;-0.234;51.161
-4.883;-0.241;51.116
-4.907;2.381;51.139
-4.941;2.295;51.175
-4.956;2.245;51.191
-4.923;-0.235;51.153
-4.91;2.338;51.139
-4.945;2.277;51.176
-4.945;2.267;51.175
-4.958;2.257;51.19
-4.968;-0.227;51.197
-4.959;-0.227;51.188
-4.929;2.326;51.155
-4.954;2.266;51.182
-4.919;-0.237;51.143
-4.926;2.337;51.149
-4.95;2.269;51.174
-4.936;-0.232;51.157
-4.894;-0.237;51.113
-4.935;2.334;51.155
-4.928;2.326;51.147
-4.94;2.286;51.16
-4.973;-0.226;51.192
-4.93;-0.233;51.147
-4.924;-0.234;51.141
-4.915;-0.236;51.131
-4.888;-0.24;51.103
-4.947;2.335;51.164
-4.932;2.308;51.148
-4.944;2.276;51.161
-4.974;2.223;51.192
-4.972;-0.227;51.188
-4.915;-0.237;51.128
-4.941;2.286;51.153
-4.957;2.239;51.17
-4.971;2.227;51.186
-4.978;2.207;51.192
-4.985;-0.225;51.198
-4.943;-0.233;51.154
-4.922;-0.236;51.131
-4.906;-0.236;51.115
-4.946;2.328;51.155
-4.957;2.253;51.167
-4.976;2.206;51.187
-4.976;2.201;51.187
-4.978;2.196;51.189
-4.987;2.188;51.199
-4.938;-0.234;51.145
-4.9;-0.235;51.105
-4.895;-0.236;51.1
-4.94;2.323;51.146
-4.956;2.254;51.162
-4.961;2.23;51.167
-4.974;2.224;51.181
-4.985;-0.227;51.191
-4.97;-0.227;51.175
-4.914;-0.235;51.116
-4.933;2.316;51.135
-4.934;2.307;51.136
-4.944;2.266;51.146
-4.979;-0.227;51.18
-4.937;-0.234;51.136
-4.921;-0.234;51.12
-4.991;2.174;51.192
-4.997;-0.224;51.196
-4.961;-0.226;51.158
-4.952;-0.231;51.149
-4.93;-0.234;51.126
-4.925;-0.235;51.12
-4.931;2.317;51.125
-4.983;2.189;51.18
-4.991;-0.226;51.186
-4.977;-0.227;51.171
-4.947;2.247;51.139
-4.96;2.22;51.153
-4.963;2.217;51.155
-4.986;-0.227;51.177
-4.97;-0.227;51.161
-4.95;-0.231;51.14
-4.937;2.313;51.126
-4.932;2.278;51.12
-4.984;2.177;51.174
-5.0;2.144;51.191
-4.95;2.314;51.135
-4.981;2.195;51.168
-5.006;-0.221;51.191
-4.946;-0.233;51.128
-4.925;-0.237;51.107
-4.937;2.275;51.118
-4.956;2.246;51.138
-4.985;2.188;51.168
-4.996;2.165;51.18
-5.003;2.153;51.187
-5.013;2.108;51.197
-4.999;-0.223;51.18
-4.985;-0.227;51.166
-4.969;-0.227;51.15
-4.943;-0.234;51.121
-4.942;2.306;51.119
-4.933;2.298;51.111
-4.935;2.288;51.113
-4.979;2.188;51.159
-4.995;2.163;51.175
-5.0;2.157;51.181
-5.011;2.118;51.192
-5.011;2.108;51.192
-5.019;-0.217;51.197
-5.014;-0.221;51.192
-4.995;-0.225;51.173
-4.967;-0.227;51.143
-4.939;-0.233;51.114
-4.943;2.259;51.118
-4.96;2.239;51.135
-4.975;2.197;51.15
-5.004;2.139;51.181
-5.012;-0.215;51.187
-4.981;-0.226;51.155
-4.973;-0.226;51.146
-4.931;-0.233;51.103
-4.942;2.299;51.113
-4.969;2.207;51.141
-5.001;2.147;51.174
-5.013;2.117;51.186
-4.992;-0.225;51.162
-4.947;2.296;51.114
-4.943;2.274;51.11
-4.959;2.217;51.127
-5.008;2.127;51.178
-5.011;-0.218;51.178
-4.973;-0.227;51.139
-4.95;-0.23;51.116
-4.945;-0.231;51.11
-4.943;2.292;51.107
-4.946;2.268;51.11
-4.952;2.239;51.116
-4.968;2.207;51.133
-4.976;2.189;51.141
-4.989;2.168;51.154
-5.025;2.086;51.192
-5.031;-0.217;51.195
-4.989;-0.223;51.153
-4.94;2.275;51.1
-5.005;2.13;51.168
-5.013;2.108;51.176
-5.018;2.104;51.181
-5.034;2.058;51.197
-4.985;-0.224;51.144
-4.951;2.279;51.108
-4.95;2.242;51.107
-4.955;2.226;51.113
-4.974;2.204;51.131
-5.021;2.096;51.181
-5.023;2.088;51.182
-4.981;-0.225;51.137
-4.958;2.209;51.112
-4.991;2.175;51.146
-4.996;2.158;51.151
-5.006;2.137;51.161
-5.014;2.113;51.17
-5.041;-0.214;51.195
-5.02;-0.221;51.174
-4.997;-0.222;51.15
-4.971;2.278;51.122
-5.038;-0.215;51.189
-4.981;-0.226;51.13
-4.968;-0.227;51.116
-4.98;2.18;51.127
-4.985;2.176;51.133
-5.015;2.118;51.164
-5.032;-0.213;51.179
-5.019;-0.214;51.166
-4.995;-0.225;51.14
-4.982;-0.226;51.128
-4.966;-0.226;51.111
-4.96;-0.226;51.104
-4.963;2.204;51.107
-4.971;2.188;51.115
-4.982;2.177;51.126
-5.005;2.145;51.15
-5.01;2.128;51.155
-5.023;2.086;51.169
-5.031;2.067;51.177
-5.027;-0.214;51.17
-5.012;-0.223;51.155
-4.991;-0.226;51.133
-5.047;2.045;51.19
-5.052;-0.212;51.193
-5.006;-0.224;51.145
-4.972;2.191;51.109
-4.974;2.181;51.111
-5.032;2.068;51.17
-5.054;2.028;51.194
-5.048;-0.213;51.185
-5.026;-0.217;51.162
-5.002;-0.225;51.138
-4.975;-0.227;51.109
-4.969;2.189;51.102
-4.978;2.176;51.112
-5.0;2.147;51.135
-5.003;2.137;51.138
-5.036;2.054;51.171
-5.059;2.017;51.195
-5.06;1.997;51.196
-5.064;-0.211;51.198
-5.036;-0.215;51.169
-4.982;-0.227;51.113
-5.008;2.11;51.138
-5.019;2.086;51.15
-5.043;-0.215;51.172
-5.023;-0.221;51.152
-5.011;2.104;51.139
-5.036;2.058;51.164
-5.07;1.939;51.199
-5.001;-0.225;51.126
-4.984;2.164;51.107
-5.006;2.144;51.13
-5.004;2.137;51.127
-5.062;2.007;51.187
-5.063;-0.211;51.186
-5.033;-0.22;51.155
-5.011;-0.223;51.132
-4.994;-0.226;51.115
-5.014;2.098;51.135
-5.023;2.086;51.144
-5.022;2.076;51.143
-5.049;2.045;51.171
-5.057;-0.212;51.176
-5.052;-0.214;51.172
-4.988;-0.225;51.106
-5.008;2.118;51.124
-5.021;2.087;51.138
-5.059;1.997;51.178
-5.064;1.978;51.182
-5.047;-0.215;51.163
-5.007;-0.223;51.122
-4.995;2.145;51.108
-5.032;2.058;51.146
-5.056;2.028;51.171
-5.057;2.021;51.171
-5.058;2.009;51.172
-5.076;1.906;51.191
-5.082;1.887;51.197
-5.079;1.871;51.194
-5.081;-0.207;51.194
-5.003;-0.222;51.114
-5.018;2.106;51.128
-5.038;2.054;51.149
-5.056;2.034;51.167
-5.054;2.011;51.165
-5.072;1.939;51.183
-5.088;-0.206;51.198
-5.068;-0.21;51.177
-5.043;-0.212;51.151
-5.036;-0.215;51.144
-4.997;-0.224;51.105
-5.006;2.117;51.112
-5.08;1.907;51.188
-5.008;2.134;51.11
-5.016;2.106;51.119
-5.05;2.045;51.153
-5.05;2.043;51.154
-5.062;1.997;51.166
-5.074;1.936;51.179
-5.061;-0.212;51.163
-5.033;-0.216;51.134
-5.066;1.979;51.167
-5.069;1.967;51.17
-5.077;1.928;51.178
-5.078;1.908;51.179
-5.073;-0.211;51.171
-5.059;-0.211;51.157
-5.011;-0.222;51.108
-5.029;2.068;51.125
-5.073;1.947;51.17
-5.08;1.898;51.178
-5.094;1.817;51.192
-5.097;-0.205;51.192
-5.051;-0.214;51.145
-5.046;-0.215;51.14
-5.008;-0.222;51.102
-5.016;2.088;51.108
-5.067;1.987;51.16
-5.077;1.919;51.171
-5.088;1.865;51.183
-5.097;1.798;51.192
-5.068;-0.212;51.159
-5.014;2.087;51.103
-5.047;2.038;51.136
-5.062;1.998;51.152
-5.071;1.957;51.161
-5.079;1.923;51.169
-5.092;1.857;51.183
-5.064;-0.214;51.152
-5.027;-0.221;51.114
-5.016;-0.22;51.103
-5.032;2.059;51.117
-5.051;2.031;51.137
-5.055;2.024;51.141
-5.059;2.017;51.145
-5.062;2.007;51.148
-5.072;1.937;51.158
-5.079;1.917;51.166
-5.089;1.866;51.175
-5.099;1.795;51.187
-5.102;1.788;51.189
-5.111;-0.202;51.196
-5.105;-0.205;51.19
-5.088;-0.21;51.172
-5.06;-0.215;51.144
-5.045;-0.215;51.129
-5.04;-0.217;51.124
-5.038;2.049;51.121
-5.068;1.968;51.151
-5.091;1.858;51.174
-5.093;1.828;51.176
-5.095;1.823;51.179
-5.105;1.767;51.189
-5.085;-0.213;51.167
-5.027;2.063;51.105
-5.048;2.031;51.127
-5.063;1.988;51.142
-5.091;1.857;51.171
-5.077;-0.213;51.155
-5.057;-0.215;51.134
-5.033;-0.22;51.11
-5.065;1.96;51.141
-5.118;1.708;51.195
-5.073;-0.212;51.147
-5.052;-0.216;51.126
-5.029;2.059;51.101
-5.037;2.05;51.109
-5.044;2.036;51.116
-5.066;1.969;51.139
-5.082;1.876;51.155
-5.113;1.747;51.186
-5.115;-0.205;51.186
-5.032;-0.221;51.101
-5.058;2.002;51.127
-5.068;1.985;51.137
-5.077;1.902;51.147
-5.08;1.885;51.149
-5.126;1.684;51.196
-5.111;-0.207;51.179
-5.092;-0.211;51.16
-5.073;-0.213;51.14
-5.04;2.045;51.105
-5.055;2.012;51.12
-5.063;1.996;51.129
-5.073;1.928;51.138
-5.08;1.906;51.145
-5.116;1.718;51.182
-5.121;1.703;51.187
-5.127;-0.201;51.191
-5.087;-0.213;51.151
-5.081;-0.213;51.144
-5.068;-0.215;51.131
-5.067;1.976;51.129
-5.113;1.737;51.175
-5.115;1.722;51.178
-5.128;1.678;51.191
-5.061;-0.215;51.121
-5.056;-0.216;51.116
-5.077;1.878;51.135
-5.108;1.769;51.167
-5.121;1.698;51.18
-5.137;1.654;51.196
-5.121;-0.204;51.178
-5.102;-0.211;51.159
-5.049;2.025;51.104
-5.07;1.978;51.124
-5.065;1.967;51.12
-5.092;1.856;51.147
-5.102;1.797;51.157
-5.127;1.667;51.183
-5.08;-0.213;51.133
-5.059;1.998;51.11
-5.066;1.984;51.117
-5.068;1.979;51.119
-5.073;1.948;51.124
-5.096;1.808;51.148
-5.105;1.767;51.157
-5.109;1.757;51.161
-5.133;1.656;51.185
-5.146;-0.197;51.196
-5.138;-0.197;51.189
-5.119;-0.204;51.169
-5.097;-0.211;51.147
-5.077;-0.215;51.127
-5.054;2.009;51.102
-5.063;1.978;51.11
-5.074;1.959;51.122
-5.075;1.907;51.123
-5.105;1.776;51.154
-5.135;1.648;51.184
-5.117;-0.207;51.163
-5.073;-0.217;51.119
-5.058;1.986;51.102
-5.058;1.981;51.103
-5.083;1.887;51.127
-5.087;1.868;51.132
-5.118;1.718;51.163
-5.147;1.635;51.192
-5.145;1.608;51.19
-5.152;1.578;51.197
-5.153;1.568;51.199
-5.135;-0.197;51.178
-5.127;-0.202;51.17
-5.091;1.838;51.132
-5.105;1.767;51.146
-5.124;1.696;51.165
-5.134;1.657;51.175
-5.139;1.637;51.181
-5.148;1.627;51.19
-5.15;-0.194;51.191
-5.144;-0.197;51.184
-5.084;-0.212;51.123
-5.064;-0.216;51.103
-5.071;1.946;51.108
-5.083;1.878;51.121
-5.084;1.849;51.121
-5.119;1.734;51.157
-5.129;1.678;51.167
-5.13;1.668;51.168
-5.136;1.653;51.174
-5.154;1.544;51.192
-5.113;-0.206;51.149
-5.104;-0.206;51.14
-5.067;1.91;51.101
-5.099;1.807;51.133
-5.099;1.797;51.133
-5.1;1.789;51.134
-5.113;1.746;51.148
-5.123;1.726;51.158
-5.138;1.647;51.173
-5.159;1.556;51.194
-5.159;1.526;51.194
-5.123;-0.204;51.155
-5.103;-0.206;51.135
-5.08;-0.212;51.112
-5.102;1.767;51.133
-5.13;1.694;51.161
-5.155;1.565;51.186
-5.166;1.495;51.197
-5.117;-0.205;51.146
-5.074;-0.213;51.102
-5.076;1.949;51.103
-5.075;1.939;51.102
-5.078;1.909;51.105
-5.075;1.89;51.102
-5.097;1.839;51.124
-5.097;1.819;51.124
-5.133;1.678;51.161
-5.133;1.658;51.161
-5.148;1.616;51.175
-5.146;1.609;51.174
-5.151;1.596;51.178
-5.159;1.537;51.187
-5.158;-0.192;51.184
-5.152;-0.195;51.178
-5.113;-0.204;51.139
-5.103;-0.207;51.128
-5.082;1.872;51.105
-5.093;1.808;51.116
-5.101;1.789;51.124
-5.101;1.777;51.124
-5.129;1.694;51.153
-5.152;1.578;51.176
-5.162;1.486;51.186
-5.175;-0.185;51.197
-5.11;-0.207;51.132
-5.086;1.849;51.106
-5.109;1.739;51.13
-5.118;1.72;51.139
-5.147;1.646;51.167
-5.171;1.507;51.191
-5.168;1.477;51.188
-5.172;-0.184;51.191
-5.132;-0.201;51.151
-5.127;-0.202;51.145
-5.089;1.818;51.106
-5.105;1.768;51.122
-5.139;1.655;51.156
-5.15;1.598;51.167
-5.161;1.544;51.179
-5.163;1.529;51.18
-5.165;1.517;51.182
-5.17;1.489;51.187
-5.168;1.484;51.185
-5.172;1.447;51.189
-5.153;-0.197;51.168
-5.123;1.708;51.137
-5.13;1.678;51.144
-5.136;1.664;51.149
-5.159;1.547;51.173
-5.171;1.468;51.184
-5.181;1.425;51.195
-5.162;-0.193;51.174
-5.123;-0.205;51.135
-5.109;-0.205;51.12
-5.09;1.81;51.1
-5.103;1.776;51.112
-5.114;1.738;51.124
-5.139;1.657;51.149
-5.149;1.607;51.159
-5.185;1.416;51.195
-5.187;-0.184;51.195
-5.14;-0.201;51.148
-5.098;1.79;51.104
-5.106;1.746;51.112
-5.134;1.666;51.141
-5.157;1.568;51.163
-5.177;1.495;51.183
-5.181;-0.187;51.185
-5.16;-0.196;51.165
-5.137;-0.202;51.141
-5.118;-0.204;51.122
-5.1;-0.202;51.104
-5.099;-0.214;51.103
-5.113;1.766;51.116
-5.115;1.758;51.117
-5.128;1.687;51.131
-5.186;1.42;51.189
-5.184;1.407;51.187
-5.179;-0.187;51.181
-5.17;-0.192;51.171
-5.125;1.713;51.125
-5.131;1.679;51.13
-5.142;1.637;51.142
-5.145;1.627;51.144
-5.154;1.578;51.153
-5.166;1.523;51.165
-5.192;1.396;51.192
-5.193;1.379;51.192
-5.199;1.346;51.199
-5.194;-0.181;51.192
-5.135;-0.205;51.132
-5.12;-0.206;51.118
-5.111;-0.206;51.109
-5.113;1.739;51.109
-5.15;1.607;51.146
-5.161;1.565;51.157
-5.161;1.56;51.156
-5.165;1.538;51.16
-5.186;1.426;51.182
-5.198;1.359;51.194
-5.161;-0.197;51.155
-5.129;-0.206;51.123
-5.131;1.68;51.124
-5.142;1.655;51.134
-5.144;1.638;51.136
-5.175;1.478;51.167
-5.179;1.448;51.172
-5.201;1.357;51.193
-5.204;1.327;51.196
-5.205;1.317;51.197
-5.168;-0.195;51.159
-5.126;-0.205;51.117
-5.115;1.735;51.103
-5.117;1.728;51.106
-5.16;1.573;51.149
-5.169;1.499;51.158
-5.21;-0.176;51.197
-5.185;-0.187;51.172
-5.148;-0.202;51.135
-5.141;-0.205;51.128
-5.122;-0.206;51.108
-5.131;1.686;51.116
-5.151;1.61;51.136
-5.155;1.578;51.14
-5.165;1.538;51.15
-5.176;1.474;51.162
-5.211;1.288;51.196
-5.212;1.278;51.197
-5.184;-0.187;51.168
-5.123;1.697;51.105
-5.151;1.609;51.133
-5.151;1.599;51.132
-5.174;1.488;51.155
-5.174;1.478;51.155
-5.18;1.458;51.162
-5.181;1.448;51.163
-5.183;1.428;51.165
-5.206;1.308;51.188
-5.13;1.684;51.109
-5.153;1.588;51.132
-5.156;1.568;51.135
-5.155;1.558;51.133
-5.175;1.506;51.153
-5.175;1.499;51.153
-5.185;1.419;51.163
-5.192;1.397;51.17
-5.199;1.347;51.177
-5.216;-0.171;51.193
-5.178;-0.194;51.154
-5.141;-0.206;51.117
-5.132;-0.208;51.108
-5.15;1.567;51.125
-5.171;1.518;51.146
-5.193;1.369;51.168
-5.203;1.328;51.178
-5.2;1.306;51.175
-5.212;-0.175;51.185
-5.196;-0.184;51.169
-5.152;-0.204;51.125
-5.139;1.658;51.11
-5.141;1.638;51.112
-5.153;1.608;51.124
-5.153;1.599;51.124
-5.166;1.537;51.137
-5.175;1.495;51.146
-5.174;1.467;51.145
-5.186;1.447;51.157
-5.187;1.437;51.158
-5.2;1.307;51.171
-5.212;1.287;51.183
-5.221;1.247;51.192
-5.225;1.227;51.196
-5.225;1.217;51.196
-5.225;1.197;51.196
-5.173;-0.195;51.142
-5.14;-0.206;51.109
-5.14;1.676;51.108
-5.158;1.585;51.125
-5.15;1.565;51.117
-5.151;1.562;51.119
-5.163;1.548;51.13
-5.18;1.503;51.148
-5.228;-0.163;51.195
-5.195;-0.185;51.161
-5.17;-0.195;51.136
-5.146;-0.206;51.112
-5.142;1.669;51.106
-5.179;1.504;51.143
-5.173;1.479;51.137
-5.176;1.456;51.14
-5.186;1.407;51.15
-5.198;1.374;51.162
-5.2;1.354;51.164
-5.201;1.347;51.165
-5.224;1.226;51.188
-5.228;-0.165;51.19
-5.209;-0.175;51.171
-5.203;-0.181;51.165
-5.144;1.629;51.105
-5.152;1.615;51.113
-5.16;1.577;51.12
-5.158;1.557;51.119
-5.167;1.528;51.128
-5.216;1.283;51.176
-5.22;1.248;51.18
-5.219;-0.173;51.178
-5.188;-0.187;51.147
-5.167;-0.196;51.126
-5.159;-0.202;51.118
-5.152;1.598;51.11
-5.161;1.569;51.118
-5.16;1.549;51.117
-5.176;1.505;51.133
-5.177;1.458;51.134
-5.185;1.428;51.142
-5.195;1.395;51.152
-5.198;1.368;51.155
-5.198;1.358;51.155
-5.197;1.348;51.154
-5.211;1.305;51.168
-5.222;1.237;51.179
-5.233;1.184;51.19
-5.235;1.166;51.192
-5.198;-0.185;51.154
-5.195;-0.187;51.15
-5.156;-0.204;51.111
-5.169;1.536;51.122
-5.17;1.519;51.124
-5.178;1.469;51.131
-5.181;1.449;51.134
-5.238;1.158;51.192
-5.24;1.14;51.193
-5.232;-0.164;51.184
-5.218;-0.176;51.17
-5.174;-0.194;51.125
-5.165;1.585;51.115
-5.159;1.577;51.109
-5.192;1.406;51.142
-5.207;1.314;51.157
-5.211;1.309;51.161
-5.221;1.269;51.171
-5.225;1.233;51.175
-5.228;-0.171;51.176
-5.168;-0.2;51.116
-5.153;-0.203;51.101
-5.155;1.567;51.102
-5.166;1.545;51.113
-5.181;1.495;51.127
-5.2;1.358;51.146
-5.216;1.263;51.163
-5.228;1.208;51.174
-5.229;1.198;51.175
-5.254;-0.155;51.199
-5.162;1.549;51.106
-5.185;1.448;51.128
-5.195;1.398;51.138
-5.246;1.156;51.188
-5.225;-0.173;51.166
-5.21;-0.181;51.151
-5.195;-0.185;51.137
-5.188;-0.19;51.129
-5.165;-0.202;51.106
-5.181;1.479;51.121
-5.189;1.409;51.128
-5.202;1.337;51.142
-5.226;1.219;51.165
-5.239;1.166;51.178
-5.248;1.138;51.187
-5.251;1.118;51.19
-5.202;-0.182;51.14
-5.18;-0.194;51.118
-5.168;1.528;51.105
-5.18;1.495;51.116
-5.183;1.468;51.119
-5.183;1.458;51.119
-5.198;1.386;51.134
-5.213;1.296;51.148
-5.221;1.258;51.157
-5.23;1.198;51.166
-5.233;1.185;51.169
-5.257;1.104;51.192
-5.26;-0.152;51.194
-5.244;-0.166;51.178
-5.223;-0.176;51.157
-5.198;-0.184;51.132
-5.226;1.227;51.158
-5.239;1.167;51.171
-5.25;1.134;51.182
-5.261;1.098;51.192
-5.268;1.007;51.199
-5.197;-0.187;51.128
-5.183;1.449;51.112
-5.268;1.086;51.197
-5.259;-0.156;51.186
-5.243;-0.167;51.17
-5.222;-0.176;51.149
-5.183;-0.193;51.111
-5.174;-0.201;51.101
-5.188;1.436;51.113
-5.204;1.343;51.129
-5.211;1.326;51.136
-5.213;1.298;51.138
-5.225;1.256;51.15
-5.249;1.137;51.174
-5.273;1.067;51.198
-5.271;1.047;51.196
-5.272;1.037;51.197
-5.272;0.999;51.196
-5.275;-0.145;51.198
-5.252;-0.162;51.175
-5.229;-0.174;51.152
-5.19;-0.191;51.114
-5.184;1.457;51.106
-5.207;1.337;51.128
-5.221;1.285;51.143
-5.22;1.277;51.142
-5.231;1.209;51.153
-5.245;1.166;51.166
-5.266;1.094;51.187
-5.272;1.006;51.193
-5.209;-0.182;51.129
-5.186;-0.196;51.107
-5.249;1.148;51.167
-5.25;-0.164;51.166
-5.227;-0.174;51.144
-5.192;1.429;51.107
-5.193;1.405;51.108
-5.217;1.315;51.131
-5.217;1.307;51.131
-5.257;1.125;51.171
-5.265;1.107;51.179
-5.265;1.097;51.179
-5.277;1.036;51.191
-5.279;1.026;51.193
-5.274;-0.147;51.187
-5.266;-0.153;51.179
-5.238;-0.171;51.151
-5.223;-0.177;51.136
-5.205;-0.185;51.118
-5.197;1.416;51.108
-5.198;1.386;51.109
-5.215;1.324;51.126
-5.222;1.288;51.133
-5.235;1.208;51.146
-5.274;1.065;51.185
-5.285;0.664;51.195
-5.287;-0.136;51.196
-5.248;-0.167;51.157
-5.204;-0.185;51.114
-5.196;1.435;51.104
-5.202;1.358;51.11
-5.204;1.348;51.112
-5.218;1.298;51.125
-5.228;1.231;51.135
-5.229;1.226;51.137
-5.239;1.188;51.147
-5.24;1.178;51.147
-5.266;1.096;51.172
-5.279;1.047;51.186
-5.291;0.996;51.197
-5.289;0.988;51.196
-5.292;0.965;51.198
-5.291;0.937;51.198
-5.281;-0.144;51.186
-5.264;-0.156;51.17
-5.256;-0.161;51.162
-5.218;-0.176;51.124
-5.197;-0.191;51.103
-5.221;1.267;51.125
-5.227;1.237;51.131
-5.247;1.156;51.151
-5.295;0.918;51.198
-5.292;0.896;51.195
-5.291;0.663;51.194
-5.291;0.66;51.193
-5.252;-0.166;51.155
-5.236;-0.174;51.138
-5.213;-0.18;51.116
-5.199;1.379;51.1
-5.205;1.354;51.106
-5.227;1.256;51.127
-5.23;1.218;51.131
-5.253;1.137;51.153
-5.265;1.114;51.165
-5.291;0.928;51.19
-5.298;0.907;51.198
-5.298;-0.124;51.196
-5.292;-0.133;51.19
-5.276;-0.147;51.174
-5.231;-0.176;51.13
-5.211;-0.185;51.11
-5.208;1.339;51.105
-5.21;1.329;51.107
-5.218;1.309;51.115
-5.232;1.208;51.129
-5.241;1.193;51.138
-5.283;1.027;51.179
-5.292;0.997;51.188
-5.293;0.986;51.189
-5.292;0.966;51.188
-5.295;0.948;51.191
-5.297;-0.126;51.191
-5.271;-0.153;51.166
-5.267;-0.157;51.162
-5.217;1.315;51.111
-5.242;1.187;51.135
-5.263;1.116;51.156
-5.286;1.054;51.178
-5.285;1.047;51.177
-5.299;0.914;51.192
-5.3;0.886;51.192
-5.254;-0.167;51.146
-5.23;-0.175;51.122
-5.223;1.247;51.113
-5.236;1.197;51.125
-5.244;1.169;51.134
-5.259;1.126;51.148
-5.267;1.087;51.156
-5.282;1.059;51.171
-5.293;0.962;51.182
-5.292;0.937;51.18
-5.306;0.847;51.195
-5.305;0.837;51.194
-5.305;0.817;51.194
-5.291;-0.136;51.179
-5.286;-0.142;51.173
-5.261;-0.164;51.149
-5.246;-0.172;51.134
-5.221;-0.181;51.11
-5.213;1.336;51.1
-5.214;1.326;51.1
-5.225;1.256;51.111
-5.238;1.189;51.124
-5.277;1.066;51.163
-5.288;0.999;51.174
-5.298;0.956;51.183
-5.298;0.923;51.183
-5.301;0.918;51.186
-5.301;0.907;51.186
-5.31;0.777;51.195
-5.311;0.767;51.196
-5.308;0.696;51.193
-5.313;0.657;51.198
-5.313;0.647;51.198
-5.312;0.642;51.196
-5.312;0.637;51.197
-5.311;0.627;51.195
-5.303;-0.124;51.187
-5.24;-0.176;51.125
-5.218;-0.186;51.103
-5.219;1.308;51.102
-5.22;1.298;51.103
-5.231;1.265;51.114
-5.233;1.235;51.116
-5.235;1.218;51.118
-5.242;1.18;51.125
-5.257;1.137;51.14
-5.271;1.103;51.154
-5.268;1.086;51.15
-5.269;1.076;51.152
-5.294;0.976;51.176
-5.305;0.805;51.186
-5.315;0.605;51.196
-5.316;0.598;51.197
-5.316;0.587;51.197
-5.316;0.567;51.197
-5.283;-0.145;51.163
-5.238;1.199;51.117
-5.251;1.166;51.13
-5.258;1.156;51.137
-5.286;1.041;51.164
-5.285;1.028;51.163
-5.285;1.018;51.163
-5.29;1.005;51.168
-5.3;0.949;51.178
-5.309;0.837;51.187
-5.312;0.793;51.189
-5.305;0.713;51.182
-5.312;0.697;51.189
-5.314;0.618;51.191
-5.32;0.466;51.197
-5.315;-0.105;51.192
-5.302;-0.127;51.178
-5.276;-0.154;51.153
-5.261;-0.165;51.138
-5.238;-0.177;51.116
-5.229;1.276;51.105
-5.229;1.268;51.105
-5.235;1.213;51.111
-5.244;1.176;51.12
-5.266;1.114;51.142
-5.269;1.107;51.144
-5.305;0.897;51.179
-5.306;0.887;51.18
-5.315;0.678;51.189
-5.317;0.568;51.191
-5.317;0.558;51.191
-5.308;-0.122;51.181
-5.294;-0.136;51.168
-5.234;1.238;51.106
-5.242;1.225;51.114
-5.236;1.208;51.108
-5.259;1.137;51.131
-5.264;1.119;51.136
-5.284;1.055;51.156
-5.287;1.047;51.158
-5.286;1.037;51.157
-5.286;1.027;51.158
-5.288;0.989;51.159
-5.301;0.955;51.172
-5.309;0.876;51.179
-5.31;0.818;51.181
-5.305;0.707;51.175
-5.31;0.699;51.18
-5.318;0.598;51.189
-5.319;0.588;51.189
-5.322;0.544;51.192
-5.327;0.456;51.197
-5.273;-0.156;51.144
-5.251;-0.173;51.122
-5.241;1.196;51.11
-5.242;1.188;51.111
-5.276;1.089;51.144
-5.305;0.925;51.172
-5.304;0.918;51.171
-5.305;0.908;51.172
-5.306;0.796;51.174
-5.315;0.767;51.182
-5.314;0.757;51.181
-5.312;0.717;51.179
-5.314;0.665;51.181
-5.315;0.658;51.182
-5.316;0.638;51.182
-5.33;0.449;51.196
-5.329;-0.095;51.195
-5.316;-0.105;51.182
-5.291;-0.142;51.157
-5.268;-0.162;51.135
-5.243;-0.175;51.11
-5.247;1.169;51.112
-5.256;1.153;51.121
-5.262;1.128;51.126
-5.283;1.064;51.148
-5.287;0.996;51.151
-5.296;0.975;51.16
-5.297;0.967;51.161
-5.307;0.888;51.171
-5.311;0.824;51.175
-5.307;0.733;51.17
-5.32;0.595;51.183
-5.322;0.587;51.185
-5.32;0.569;51.183
-5.321;0.538;51.184
-5.322;0.528;51.185
-5.336;0.436;51.199
-5.336;-0.064;51.198
-5.31;-0.115;51.173
-5.24;-0.176;51.104
-5.241;1.209;51.102
-5.241;1.199;51.103
-5.257;1.148;51.118
-5.271;1.105;51.132
-5.287;1.028;51.148
-5.314;0.849;51.174
-5.314;0.814;51.174
-5.314;0.783;51.174
-5.325;0.517;51.184
-5.326;0.509;51.186
-5.322;0.299;51.181
-5.33;0.292;51.189
-5.34;0.278;51.199
-5.339;0.267;51.199
-5.34;0.257;51.199
-5.326;-0.095;51.185
-5.305;-0.126;51.164
-5.287;-0.145;51.146
-5.265;-0.165;51.124
-5.246;1.18;51.104
-5.273;1.089;51.131
-5.294;1.015;51.151
-5.305;0.918;51.162
-5.309;0.887;51.165
-5.31;0.877;51.167
-5.306;0.794;51.162
-5.32;0.657;51.176
-5.335;0.463;51.191
-5.334;0.448;51.19
-5.338;0.291;51.193
-5.344;-0.022;51.199
-5.298;-0.133;51.154
-5.288;1.054;51.142
-5.292;1.046;51.145
-5.29;1.027;51.143
-5.304;0.993;51.157
-5.298;0.986;51.152
-5.312;0.926;51.165
-5.312;0.858;51.165
-5.316;0.837;51.169
-5.312;0.729;51.165
-5.318;0.708;51.17
-5.325;0.579;51.177
-5.327;0.525;51.179
-5.338;0.429;51.19
-5.34;0.343;51.192
-5.336;0.306;51.188
-5.332;0.299;51.184
-5.341;0.266;51.193
-5.346;-0.034;51.198
-5.336;-0.052;51.188
-5.278;-0.156;51.131
-5.256;-0.173;51.109
-5.249;-0.177;51.102
-5.27;1.108;51.12
-5.284;1.064;51.134
-5.295;1.008;51.145
-5.306;0.992;51.156
-5.306;0.934;51.156
-5.312;0.795;51.161
-5.319;0.766;51.168
-5.313;0.734;51.162
-5.323;0.694;51.172
-5.323;0.659;51.172
-5.321;0.654;51.17
-5.319;0.646;51.168
-5.324;0.587;51.173
-5.331;0.507;51.179
-5.331;0.497;51.18
-5.331;0.479;51.18
-5.333;0.425;51.182
-5.346;0.396;51.195
-5.342;0.377;51.191
-5.345;0.355;51.193
-5.335;0.337;51.183
-5.347;0.324;51.195
-5.346;0.317;51.194
-5.334;0.306;51.182
-5.345;0.286;51.193
-5.345;0.224;51.193
-5.345;0.216;51.193
-5.345;0.185;51.193
-5.346;0.167;51.194
-5.345;0.157;51.193
-5.346;0.149;51.194
-5.346;0.125;51.194
-5.317;-0.104;51.165
-5.311;-0.123;51.16
-5.295;-0.135;51.144
-5.28;1.074;51.126
-5.29;1.058;51.136
-5.291;1.038;51.137
-5.305;0.994;51.151
-5.299;0.974;51.145
-5.302;0.949;51.149
-5.312;0.925;51.158
-5.313;0.839;51.159
-5.326;0.558;51.172
-5.326;0.538;51.172
-5.328;0.527;51.173
-5.342;0.435;51.186
-5.342;0.415;51.187
-5.349;0.098;51.194
-5.35;0.066;51.195
-5.351;0.048;51.196
-5.351;0.006;51.195
-5.329;-0.092;51.173
-5.29;-0.142;51.135
-5.269;-0.164;51.115
-5.271;1.119;51.114
-5.307;0.908;51.15
-5.318;0.826;51.161
-5.321;0.729;51.163
-5.315;0.715;51.157
-5.321;0.638;51.163
-5.33;0.547;51.171
-5.333;0.495;51.175
-5.333;0.488;51.175
-5.343;0.427;51.184
-5.345;0.368;51.186
-5.345;0.357;51.186
-5.347;0.326;51.188
-5.345;0.257;51.187
-5.348;0.218;51.189
-5.345;0.197;51.186
-5.323;-0.091;51.164
-5.288;-0.146;51.13
-5.285;-0.153;51.127
-5.262;-0.173;51.104
-5.262;1.147;51.102
-5.277;1.096;51.117
-5.311;0.889;51.15
-5.314;0.876;51.153
-5.321;0.8;51.16
-5.324;0.769;51.162
-5.323;0.718;51.161
-5.32;0.708;51.159
-5.323;0.698;51.162
-5.336;0.477;51.174
-5.338;0.456;51.176
-5.339;0.448;51.177
-5.344;0.184;51.181
-5.348;0.147;51.186
-5.354;0.118;51.191
-5.351;0.105;51.188
-5.348;0.088;51.185
-5.349;0.066;51.187
-5.354;0.047;51.191
-5.35;0.024;51.187
-5.351;-0.004;51.188
-5.327;-0.074;51.165
-5.316;-0.113;51.154
-5.302;-0.132;51.14
-5.282;-0.155;51.12
-5.293;1.059;51.129
-5.318;0.857;51.153
-5.321;0.837;51.156
-5.321;0.827;51.156
-5.323;0.788;51.158
-5.326;0.775;51.161
-5.32;0.748;51.155
-5.323;0.697;51.158
-5.322;0.656;51.157
-5.334;0.517;51.169
-5.335;0.496;51.169
-5.345;0.346;51.18
-5.344;0.315;51.178
-5.347;-0.017;51.18
-5.275;1.099;51.107
-5.312;0.887;51.144
-5.323;0.767;51.155
-5.323;0.757;51.155
-5.328;0.586;51.159
-5.325;0.574;51.157
-5.328;0.563;51.159
-5.337;0.488;51.168
-5.338;0.477;51.169
-5.35;0.378;51.181
-5.349;0.334;51.18
-5.349;0.326;51.179
-5.35;0.295;51.181
-5.35;0.267;51.18
-5.35;0.228;51.18
-5.349;0.138;51.179
-5.352;0.109;51.182
-5.351;0.057;51.182
-5.352;0.049;51.183
-5.323;-0.084;51.153
-5.301;-0.136;51.133
-5.276;-0.162;51.108
-5.292;1.064;51.121
-5.293;1.049;51.122
-5.319;0.848;51.147
-5.329;0.707;51.157
-5.354;0.209;51.18
-5.351;0.188;51.178
-5.354;0.126;51.18
-5.354;0.009;51.181
-5.355;-0.01;51.182
-5.344;-0.036;51.171
-5.305;-0.135;51.133
-5.295;-0.145;51.123
-5.282;1.085;51.107
-5.308;0.964;51.133
-5.308;0.957;51.133
-5.31;0.929;51.135
-5.314;0.908;51.139
-5.325;0.837;51.149
-5.326;0.829;51.15
-5.321;0.817;51.145
-5.326;0.806;51.151
-5.326;0.778;51.151
-5.325;0.748;51.149
-5.336;0.507;51.16
-5.349;0.407;51.173
-5.35;0.338;51.174
-5.35;0.307;51.173
-5.353;0.188;51.176
-5.351;0.118;51.174
-5.352;0.097;51.175
-5.335;-0.044;51.158
-5.334;-0.052;51.158
-5.318;-0.084;51.142
-5.313;-0.132;51.137
-5.29;-0.152;51.114
-5.284;1.078;51.106
-5.304;1.014;51.125
-5.305;0.978;51.126
-5.307;0.968;51.128
-5.309;0.958;51.131
-5.319;0.876;51.14
-5.328;0.718;51.149
-5.33;0.708;51.15
-5.329;0.698;51.15
-5.329;0.688;51.15
-5.328;0.658;51.149
-5.33;0.619;51.15
-5.331;0.578;51.151
-5.338;0.485;51.158
-5.354;0.248;51.173
-5.36;0.037;51.18
-5.355;0.023;51.175
-5.359;0.006;51.178
-5.352;-0.016;51.172
-5.317;-0.077;51.137
-5.318;-0.111;51.138
-5.32;-0.122;51.14
-5.299;1.045;51.117
-5.299;1.038;51.117
-5.311;0.939;51.129
-5.32;0.897;51.138
-5.322;0.859;51.14
-5.322;0.849;51.14
-5.313;0.794;51.13
-5.323;0.768;51.141
-5.324;0.758;51.141
-5.335;0.532;51.152
-5.345;0.464;51.162
-5.348;0.407;51.164
-5.35;0.175;51.166
-5.349;0.085;51.165
-5.317;-0.12;51.134
-5.324;-0.132;51.14
-5.302;-0.144;51.119
-5.289;-0.157;51.106
-5.293;1.065;51.108
-5.305;0.999;51.119
-5.316;0.925;51.13
-5.327;0.828;51.141
-5.326;0.808;51.14
-5.31;0.797;51.124
-5.307;0.795;51.121
-5.328;0.729;51.142
-5.327;0.717;51.14
-5.329;0.683;51.143
-5.329;0.676;51.142
-5.33;0.668;51.143
-5.328;0.648;51.142
-5.333;0.627;51.146
-5.325;0.587;51.139
-5.326;0.579;51.14
-5.341;0.516;51.154
-5.341;0.508;51.154
-5.341;0.477;51.155
-5.356;0.367;51.168
-5.356;0.339;51.168
-5.355;0.306;51.167
-5.354;0.267;51.167
-5.356;0.197;51.168
-5.354;0.166;51.167
-5.354;0.138;51.166
-5.356;0.096;51.169
-5.326;-0.065;51.139
-5.298;1.049;51.11
-5.313;0.967;51.124
-5.314;0.96;51.125
-5.305;0.95;51.116
-5.321;0.888;51.132
-5.321;0.878;51.131
-5.324;0.858;51.134
-5.324;0.779;51.135
-5.322;0.726;51.132
-5.333;0.697;51.143
-5.333;0.603;51.143
-5.357;0.348;51.166
-5.357;0.258;51.166
-5.36;0.126;51.168
-5.35;0.047;51.159
-5.346;-0.032;51.155
-5.314;-0.112;51.124
-5.315;-0.141;51.124
-5.297;-0.152;51.107
-5.293;-0.156;51.103
-5.292;1.066;51.1
-5.301;1.028;51.109
-5.302;1.018;51.11
-5.308;1.005;51.115
-5.306;0.957;51.113
-5.316;0.929;51.123
-5.326;0.837;51.133
-5.328;0.826;51.135
-5.326;0.816;51.133
-5.316;0.797;51.123
-5.316;0.787;51.123
-5.336;0.549;51.143
-5.353;0.413;51.158
-5.355;0.369;51.16
-5.356;0.279;51.161
-5.354;0.038;51.159
-5.341;-0.044;51.146
-5.326;-0.064;51.132
-5.317;-0.074;51.123
-5.33;-0.135;51.136
-5.309;-0.145;51.116
-5.308;0.997;51.112
-5.308;0.977;51.112
-5.297;0.948;51.101
-5.325;0.897;51.128
-5.33;0.748;51.133
-5.333;0.737;51.136
-5.335;0.689;51.137
-5.333;0.669;51.136
-5.333;0.658;51.136
-5.332;0.638;51.135
-5.333;0.628;51.136
-5.334;0.559;51.136
-5.345;0.498;51.148
-5.341;0.487;51.144
-5.35;0.475;51.152
-5.35;0.419;51.152
-5.353;0.397;51.155
-5.358;0.337;51.16
-5.358;0.257;51.16
-5.357;0.227;51.159
-5.357;0.217;51.159
-5.358;0.087;51.16
-5.358;0.009;51.16
-5.349;-0.023;51.151
-5.302;1.057;51.102
-5.305;1.047;51.105
-5.301;0.954;51.101
-5.313;0.935;51.114
-5.327;0.866;51.127
-5.328;0.838;51.128
-5.328;0.818;51.128
-5.331;0.777;51.13
-5.332;0.724;51.132
-5.331;0.719;51.131
-5.337;0.537;51.137
-5.336;0.522;51.136
-5.351;0.459;51.15
-5.352;0.438;51.151
-5.354;0.325;51.153
-5.356;0.074;51.154
-5.355;0.004;51.153
-5.354;-0.004;51.152
-5.339;-0.047;51.138
-5.336;-0.054;51.135
-5.317;-0.083;51.116
-5.321;-0.125;51.12
-5.331;-0.141;51.129
-5.313;-0.149;51.112
-5.308;-0.153;51.107
-5.305;1.039;51.102
-5.305;1.029;51.102
-5.307;1.009;51.104
-5.321;0.927;51.117
-5.322;0.917;51.118
-5.327;0.828;51.123
-5.329;0.79;51.125
-5.33;0.767;51.126
-5.334;0.677;51.13
-5.335;0.654;51.131
-5.333;0.647;51.129
-5.335;0.596;51.131
-5.358;0.403;51.153
-5.361;0.356;51.156
-5.357;0.224;51.152
-5.359;0.187;51.154
-5.358;0.14;51.153
-5.355;0.118;51.15
-5.361;0.096;51.156
-5.362;0.036;51.156
-5.362;0.028;51.157
-5.329;-0.133;51.124
-5.324;0.908;51.117
-5.324;0.888;51.117
-5.309;0.827;51.102
-5.329;0.787;51.122
-5.338;0.704;51.13
-5.339;0.699;51.131
-5.338;0.666;51.13
-5.338;0.605;51.13
-5.34;0.557;51.132
-5.34;0.518;51.133
-5.349;0.469;51.141
-5.349;0.417;51.14
-5.362;0.305;51.154
-5.362;0.297;51.153
-5.361;0.276;51.153
-5.357;0.138;51.148
-5.362;0.077;51.153
-5.353;0.048;51.144
-5.357;0.039;51.148
-5.351;-0.014;51.142
-5.327;-0.062;51.119
-5.318;-0.122;51.11
-5.334;-0.147;51.126
-5.32;0.936;51.109
-5.331;0.849;51.12
-5.331;0.839;51.12
-5.322;0.82;51.112
-5.333;0.808;51.122
-5.332;0.768;51.121
-5.334;0.758;51.123
-5.336;0.618;51.125
-5.338;0.498;51.127
-5.355;0.454;51.143
-5.357;0.408;51.145
-5.359;0.317;51.146
-5.362;0.257;51.15
-5.36;0.209;51.148
-5.359;0.199;51.147
-5.356;0.107;51.143
-5.346;-0.034;51.134
-5.321;-0.074;51.11
-5.312;-0.111;51.101
-5.321;-0.154;51.109
-5.322;0.957;51.108
-5.321;0.947;51.107
-5.326;0.897;51.112
-5.323;0.836;51.109
-5.337;0.739;51.122
-5.339;0.728;51.124
-5.338;0.708;51.124
-5.339;0.667;51.124
-5.339;0.65;51.124
-5.339;0.609;51.124
-5.339;0.599;51.124
-5.339;0.53;51.124
-5.354;0.438;51.139
-5.357;0.409;51.141
-5.363;0.378;51.148
-5.361;0.288;51.145
-5.361;0.097;51.145
-5.362;0.089;51.146
-5.363;0.078;51.147
-5.342;-0.044;51.127
-5.327;-0.066;51.112
-5.317;-0.159;51.102
-5.319;0.942;51.102
-5.331;0.905;51.113
-5.33;0.878;51.112
-5.33;0.868;51.112
-5.317;0.836;51.1
-5.344;0.478;51.125
-5.359;0.206;51.14
-5.358;0.175;51.139
-5.358;0.128;51.138
-5.357;0.077;51.138
-5.355;0.038;51.136
-5.356;-0.011;51.136
-5.32;-0.085;51.101
-5.337;-0.155;51.118
-5.325;0.951;51.104
-5.325;0.928;51.104
-5.327;0.918;51.106
-5.339;0.684;51.117
-5.338;0.638;51.116
-5.337;0.628;51.115
-5.335;0.588;51.113
-5.335;0.578;51.113
-5.348;0.515;51.125
-5.35;0.507;51.128
-5.352;0.468;51.129
-5.364;0.186;51.141
-5.353;0.139;51.131
-5.359;-0.002;51.136
-5.338;-0.054;51.116
-5.326;-0.134;51.104
-5.33;0.909;51.106
-5.329;0.828;51.104
-5.344;0.695;51.118
-5.342;0.667;51.117
-5.334;0.585;51.108
-5.338;0.569;51.113
-5.342;0.55;51.116
-5.352;0.49;51.126
-5.357;0.448;51.131
-5.356;0.438;51.13
-5.365;0.406;51.139
-5.368;0.388;51.141
-5.367;0.347;51.141
-5.369;0.259;51.142
-5.369;0.228;51.142
-5.357;0.117;51.131
-5.354;0.107;51.128
-5.355;0.016;51.128
-5.36;0.005;51.133
-5.357;-0.013;51.13
-5.333;-0.064;51.107
-5.341;-0.147;51.115
-5.347;-0.154;51.121
-5.331;-0.16;51.105
-5.333;0.858;51.105
-5.334;0.818;51.105
-5.338;0.804;51.109
-5.336;0.797;51.108
-5.337;0.79;51.109
-5.346;0.537;51.117
-5.362;0.425;51.132
-5.37;0.328;51.14
-5.364;0.177;51.134
-5.36;0.134;51.13
-5.363;0.126;51.133
-5.341;0.759;51.109
-5.343;0.738;51.111
-5.342;0.589;51.109
-5.351;0.463;51.118
-5.369;0.388;51.135
-5.368;0.308;51.134
-5.367;0.216;51.134
-5.357;0.066;51.124
-5.357;0.047;51.124
-5.358;0.008;51.125
-5.358;-0.013;51.124
-5.351;-0.021;51.117
-5.342;-0.151;51.109
-5.336;0.867;51.1
-5.337;0.779;51.101
-5.345;0.58;51.109
-5.359;0.468;51.123
-5.373;0.278;51.135
-5.373;0.229;51.135
-5.362;0.149;51.125
-5.36;0.028;51.123
-5.346;-0.016;51.11
-5.344;-0.023;51.108
-5.345;-0.033;51.108
-5.336;-0.146;51.1
-5.339;-0.162;51.102
-5.34;0.798;51.1
-5.343;0.646;51.104
-5.344;0.638;51.104
-5.354;0.517;51.114
-5.355;0.489;51.115
-5.351;0.459;51.111
-5.367;0.215;51.126
-5.363;0.167;51.122
-5.356;0.099;51.116
-5.358;0.088;51.117
-5.356;0.078;51.116
-5.356;0.068;51.115
-5.357;0.026;51.117
-5.342;-0.043;51.102
-5.344;0.736;51.101
-5.347;0.657;51.104
-5.345;0.569;51.102
-5.359;0.449;51.116
-5.372;0.406;51.127
-5.371;0.358;51.127
-5.373;0.329;51.129
-5.372;0.249;51.128
-5.362;0.164;51.118
-5.361;0.143;51.117
-5.351;0.588;51.104
-5.35;0.537;51.103
-5.366;0.427;51.119
-5.366;0.178;51.119
-5.353;0.067;51.106
-5.365;0.036;51.117
-5.356;0.017;51.108
-5.354;-0.005;51.106
-5.351;-0.153;51.104
-5.35;0.59;51.1
-5.356;0.498;51.106
-5.371;0.357;51.12
-5.373;0.318;51.122
-5.372;0.308;51.12
-5.371;0.298;51.119
-5.371;0.218;51.12
-5.359;0.136;51.108
-5.357;0.118;51.106
-5.36;0.097;51.109
-5.362;0.045;51.111
-5.362;0.006;51.11
-5.365;0.467;51.11
-5.366;0.439;51.111
-5.375;0.389;51.12
-5.378;0.237;51.123
-5.375;0.227;51.12
-5.367;0.198;51.113
-5.366;0.178;51.111
-5.368;0.159;51.113
-5.366;0.149;51.112
-5.356;0.079;51.101
-5.365;0.028;51.11
-5.356;-0.155;51.101
-5.358;0.499;51.1
-5.365;0.485;51.107
-5.366;0.449;51.108
-5.371;0.42;51.113
-5.368;0.397;51.11
-5.369;0.377;51.111
-5.369;0.369;51.111
-5.37;0.359;51.112
-5.375;0.278;51.116
-5.371;0.215;51.113
-5.361;0.109;51.102
-5.359;0.099;51.101
-5.37;0.407;51.108
-5.375;0.309;51.113
-5.363;0.139;51.102
-5.363;0.019;51.101
-5.365;-0.001;51.103
-5.366;0.471;51.101
-5.369;0.455;51.104
-5.371;0.357;51.106
-5.367;0.186;51.101
-5.372;0.167;51.107
-5.367;0.155;51.101
-5.366;0.029;51.101
-5.376;0.399;51.107
-5.379;0.388;51.103
-5.378;0.382;51.102
-5.376;0.375;51.1
-5.376;0.304;51.1
-5.379;0.319;51.1
-5.381;0.309;51.101
-5.38;0.299;51.1
-5.38;0.288;51.101
-5.38;0.237;51.1
