H;V;PM
4.835654;0.216720;37.052289
4.830712;0.227129;37.074220
4.761105;0.897320;37.153006
4.423427;1.838170;37.106886
0.712362;2.333745;37.567462
3.569964;3.198405;37.052063
3.514296;3.330127;37.005510
3.416992;3.400114;36.982778
2.903598;3.718003;36.910268
2.596874;3.900560;36.924869
2.314265;3.947399;36.906658
2.179963;4.177340;36.893946
1.505651;4.491108;36.853680
1.262467;4.582657;36.857567
1.233450;4.604174;36.833465
0.801181;4.579631;36.911683
0.049169;4.660247;36.823985
-0.754228;4.456923;36.797403
-0.805354;4.478805;36.781708
-1.329115;4.588119;36.728305
-1.380970;4.570574;36.712929
-1.948308;4.342897;36.713497
-2.312303;4.072633;36.729778
-2.489872;3.957718;36.718387
-2.638412;3.860309;36.775450
-2.695525;3.872253;36.724297
-2.692095;3.858990;36.732890
-2.722900;3.699993;36.820196
-3.042178;3.506811;36.822485
-3.049638;3.524719;36.807345
-3.298764;3.373865;36.771361
-4.001800;2.651627;36.686153
-4.194349;2.298649;36.739379
-4.306400;2.037711;36.785912
-4.303863;2.035972;36.797850
-4.477818;0.125518;36.973270
-4.380375;0.051676;36.953060
-3.720711;-0.069122;37.137401
-3.592597;-0.113361;37.134189
-2.856834;-0.200624;37.284052
-2.059261;-0.258405;37.473431
-1.881440;-0.267331;37.488592
-1.813621;-0.270186;37.495155
-1.161299;0.751258;37.636892
-1.683634;0.088788;37.554641
-1.364818;-0.272541;37.535343
0.149959;-0.380025;37.605523
1.317500;-0.331312;37.642367
1.684080;-0.302784;37.608146
2.125552;-0.272304;37.601557
2.859376;-0.200867;37.590792
3.280882;-0.143405;37.572677
3.545795;-0.116467;37.563035
4.378568;0.025507;37.409734
4.508687;0.056880;37.347318
2.877489;1.203025;37.519732
4.571150;0.917676;37.292690
3.549224;1.687596;37.369888
3.212249;3.363310;37.061135
2.139540;3.935555;36.978776
2.146312;4.034713;36.957583
0.751290;4.494598;36.951875
-1.503614;4.484610;36.802921
-2.270885;4.050488;36.749155
-2.454288;3.880188;36.801932
-3.379338;3.296104;36.776898
-4.178427;2.178026;36.854257
-4.531985;0.969683;37.041015
-4.163088;0.079905;37.096933
-3.270310;-0.064938;37.263262
-1.238662;4.594320;36.727538
2.310736;-0.003171;37.654065
2.295154;-0.012253;37.656937
3.384576;3.249831;37.084345
3.469334;3.262289;37.054553
0.398341;2.024511;37.576932
1.266909;4.503657;36.946067
1.197599;0.732865;37.739765
-1.223311;4.258179;36.918890
0.384194;2.375655;37.587117
-1.578664;0.044508;37.556120
-2.194964;4.022070;36.789740
-3.340200;3.199820;36.850507
-3.917187;2.232539;36.968754
-4.253055;0.264414;37.172227
-4.113061;0.174186;37.186475
-1.937104;0.311057;37.533370
2.905059;0.136559;37.628139
0.557327;2.267454;37.576573
-1.197386;0.941784;37.594099
-1.301576;0.790612;37.622189
1.100010;0.778605;37.721109
-0.440435;4.303644;36.923168
-1.320145;4.335846;36.898773
-2.085760;4.011615;36.859074
-2.918228;3.745183;36.713440
-3.808709;2.473071;37.029706
-3.890466;2.532203;36.986789
-3.795034;2.478527;37.030931
-1.934747;0.410836;37.570395
0.093351;-0.089961;37.664044
-1.542848;-0.088207;37.544851
0.799601;0.003001;37.718148
1.570860;-0.081687;37.688692
2.211356;0.258037;37.669468
-3.567442;2.733005;36.978698
-3.796487;2.183177;37.029919
-3.632539;0.500503;37.310678
-0.365958;2.111311;37.481249
0.388778;2.101014;37.576814
0.454669;2.095659;37.584677
0.322389;4.005972;37.137078
-3.698572;2.073439;37.086786
0.001746;0.435036;37.658184
-0.010170;0.487353;37.661855
2.411311;0.378645;37.636113
-1.125460;0.813540;37.624547
0.278030;3.958760;37.150645
0.029730;3.968312;37.138755
-2.098397;3.531817;36.997906
-2.027918;3.589668;36.953844
-2.816717;0.244992;37.467676
-1.528025;-0.100168;37.543186
1.215138;0.540961;37.733269
1.691626;3.519547;37.166534
-1.734235;3.308422;37.085012
-1.694363;3.263580;37.101311
-1.306444;0.868501;37.601149
-1.134717;0.904748;37.615393
0.224763;0.800830;37.712808
0.233710;0.855075;37.716122
1.890316;3.372324;37.200936
1.838184;3.389607;37.193404
1.898727;3.497534;37.157427
-0.273014;2.094103;37.497910
-1.567830;3.056410;37.194755
-1.487556;0.802475;37.583187
0.018435;0.788785;37.674161
-0.248846;2.144086;37.502562
1.277681;0.753208;37.730868
-1.461512;3.024216;37.194599
-2.988696;1.153758;37.339290
-1.116349;0.776435;37.635929
1.568409;0.808999;37.712855
-1.407496;2.645099;37.292283
-1.435715;2.964005;37.221224
-1.284138;2.845395;37.260570
-3.473027;1.752555;37.176531
-3.425398;1.702833;37.188139
-3.443541;1.697339;37.182531
1.558718;2.073912;37.545118
0.261211;2.195577;37.580380
0.369585;2.482695;37.551652
-3.441966;1.618239;37.207574
0.122945;2.291360;37.537582
-0.071593;1.739924;37.593824
-0.129297;1.748339;37.596359
-0.162669;1.338432;37.646829
-0.596011;2.171908;37.456618
-0.622547;2.221567;37.442821
-0.619975;2.334419;37.417026
-0.028389;1.549226;37.608439
1.744669;3.418192;37.184985
1.865464;3.467829;37.167636
1.828669;3.501409;37.158457
0.146329;2.330662;37.548340
0.644825;2.260351;37.579201
-1.444871;2.792244;37.276789
2.422472;0.578989;37.622286
1.696348;3.496328;37.167322
-1.395429;3.781328;37.042198
0.366453;3.993488;37.161433
1.753442;3.495184;37.163970
1.202313;0.774618;37.729799
-1.860032;0.219704;37.542169
-1.853921;4.216515;36.839250
-0.305366;2.154142;37.480401
-1.220949;4.515215;36.827903
-1.191894;0.808491;37.616473
0.628755;2.337718;37.569740
2.132226;0.382688;37.659845
3.710520;-0.096335;37.543556
-1.548446;-0.226637;37.543441
4.840989;0.181238;37.028513
4.831104;0.202054;37.072374
4.832534;0.167882;37.071982
4.830320;0.252202;37.076066
4.828848;0.417550;37.087692
4.800316;0.647525;37.082019
4.821856;0.521063;37.102171
4.775765;0.851294;37.094221
4.827640;0.266195;37.125879
4.737635;1.056721;37.084018
4.763145;0.927295;37.105434
4.772481;0.870020;37.109727
4.725374;1.120367;37.089979
4.780450;0.824558;37.121282
4.784552;0.787761;37.125644
4.793896;0.649859;37.131837
4.667831;1.374687;37.083323
4.790767;0.662964;37.146716
4.763719;0.900251;37.137141
4.751490;0.956179;37.136064
4.706824;1.196590;37.119464
4.802996;0.559257;37.169254
4.715793;1.141073;37.138135
4.610977;1.510063;37.090289
4.781696;0.695181;37.179312
4.747837;0.908796;37.173603
4.814619;0.276896;37.206143
4.749714;0.885422;37.182146
4.810508;0.394976;37.211504
4.645338;1.365402;37.145369
4.759679;0.814518;37.190904
4.735504;0.906862;37.196036
4.559407;1.585014;37.122348
4.583866;1.508824;37.136605
4.784846;0.536657;37.233172
4.762218;0.130711;37.225457
4.727846;0.858363;37.217838
4.684219;1.097984;37.195399
4.580092;1.487811;37.147675
4.619508;1.354848;37.166098
4.768128;0.642700;37.236196
4.651378;1.233499;37.184025
4.607052;1.395981;37.162070
4.692379;1.024428;37.209990
4.724173;0.834943;37.233329
4.767687;0.550631;37.251813
4.586682;1.413823;37.171356
4.576220;1.434559;37.171283
4.497626;1.659575;37.137675
4.727466;0.808635;37.240940
4.791872;0.368431;37.271831
4.716868;0.120462;37.248423
4.442934;1.768856;37.127034
4.789992;0.254591;37.284596
4.735866;0.694432;37.264984
4.772586;0.217678;37.286480
4.714945;0.792706;37.259020
4.712525;0.764092;37.263059
4.480400;1.609784;37.160809
4.685782;0.850629;37.260252
4.603125;1.173974;37.224598
4.669468;0.101926;37.263634
4.694460;0.788405;37.277114
4.461010;1.612585;37.170116
4.319436;1.990146;37.105936
4.241982;2.149685;37.069160
4.326822;1.952286;37.111238
4.514422;1.424337;37.197894
4.147901;2.248954;37.032308
4.265032;2.095475;37.091514
4.363566;1.853809;37.139774
4.694747;0.643772;37.301719
4.550790;1.194351;37.234151
4.622880;0.988775;37.267109
4.332327;1.885230;37.138361
4.356096;1.750664;37.158610
4.502847;1.268445;37.225346
4.633085;0.828325;37.293637
4.695968;0.194574;37.323315
4.429744;1.494824;37.203924
4.380395;1.612630;37.188012
4.471608;1.331694;37.225812
4.063850;2.440691;37.037301
4.042140;2.496874;37.039142
4.156334;2.167011;37.092464
4.099534;2.259679;37.070263
4.294548;1.848486;37.160536
4.520033;1.111627;37.265276
4.046634;2.582972;37.045122
4.066207;2.372321;37.054462
4.044500;2.554574;37.045746
4.043195;2.636172;37.047395
4.078746;2.334433;37.058700
4.603689;0.807948;37.309648
4.047424;2.621973;37.053076
4.065961;2.352130;37.057776
4.547447;0.951123;37.291972
4.673419;0.265324;37.355987
4.630992;0.571622;37.332220
4.359299;1.537088;37.206543
4.559535;0.893951;37.299424
4.659490;0.389901;37.348484
4.341659;1.602034;37.201463
4.361526;1.508088;37.211436
4.021901;2.669565;37.053089
4.022101;2.632562;37.062337
4.418458;1.317938;37.239547
4.203665;2.007075;37.140112
4.028794;2.565375;37.065006
4.614382;0.132252;37.331859
4.209260;1.977322;37.144232
4.641062;0.193895;37.342650
4.047588;2.338997;37.074796
4.025403;2.586368;37.069514
4.445982;1.195504;37.257894
4.637192;0.444132;37.349380
4.002846;2.701343;37.054862
4.265548;1.811247;37.178821
4.149086;2.121484;37.125652
4.511137;0.991446;37.295018
4.607645;0.526401;37.339757
4.373080;1.430208;37.230265
4.286521;1.719023;37.189771
4.628468;0.476751;37.349435
4.514136;0.938316;37.299336
4.597065;0.586897;37.338981
4.378758;1.401958;37.236390
4.060431;2.257534;37.093132
4.301829;1.610043;37.203031
3.987254;2.733242;37.059535
4.570142;0.656437;37.332709
4.520140;0.878112;37.310284
4.207395;1.909242;37.164105
4.062468;2.212597;37.106606
4.621177;0.209786;37.363017
4.007785;2.452433;37.076873
3.979714;2.670352;37.076967
4.537773;0.733390;37.325023
3.972904;2.751954;37.065268
4.203253;1.886283;37.171530
4.443780;1.102017;37.286404
4.395861;1.232306;37.266653
4.539367;0.065574;37.332539
4.600480;0.389591;37.365413
3.913181;2.872298;37.048940
4.533256;0.613603;37.343749
4.350365;1.312776;37.261955
4.266234;1.571611;37.223482
3.902580;2.872938;37.060340
4.558750;0.436272;37.367850
4.130525;1.968767;37.170135
3.950492;2.680088;37.085814
3.892981;2.880505;37.062731
4.287286;1.407781;37.247997
4.240783;1.549900;37.229113
3.996235;2.261560;37.120476
4.331769;1.250554;37.280250
4.552828;0.185184;37.385934
4.553499;0.249526;37.384408
4.406362;0.934223;37.318109
4.307991;1.313059;37.271531
4.004109;2.205348;37.131376
4.075905;2.041744;37.165121
4.376721;1.081445;37.306859
4.438191;0.761999;37.335042
4.375641;1.049921;37.309872
3.815397;2.961821;37.049184
4.467778;0.610112;37.355454
3.947930;2.380506;37.107287
4.395410;0.849729;37.327645
4.508414;0.396197;37.380491
3.782364;3.016517;37.042138
3.946696;2.487001;37.126615
4.100341;1.894837;37.196933
4.309071;1.202863;37.294380
3.753424;3.044848;37.035484
4.490607;0.424454;37.380672
4.235331;1.381744;37.263099
4.467334;0.040780;37.370047
4.190302;1.541237;37.242811
4.334915;1.079128;37.311515
4.499881;0.147445;37.393486
4.153379;1.680317;37.234560
4.013303;2.061303;37.170505
4.425967;0.615811;37.362767
3.971236;2.148923;37.150342
3.726936;3.053795;37.037196
3.894458;2.635668;37.119454
3.800699;2.917313;37.079025
4.458837;0.067848;37.386403
4.315731;1.054378;37.321589
4.474032;0.186635;37.397334
4.324562;0.964677;37.330144
3.643349;3.200395;37.014542
4.461155;0.295083;37.400516
4.445262;0.076650;37.394986
3.634696;3.197530;37.017968
4.043338;1.907120;37.210094
4.170396;1.443201;37.270845
4.443822;0.179393;37.398849
3.851743;2.663679;37.121047
4.105106;1.757381;37.233382
4.438163;0.054036;37.396762
3.855252;2.632717;37.127783
4.354282;0.700647;37.362263
3.554997;3.301547;36.996348
3.834119;2.716627;37.132354
3.703373;3.020445;37.070654
3.916206;2.150035;37.169971
3.518035;3.328798;36.984808
3.878556;2.353715;37.153567
4.313588;0.767584;37.356359
4.356402;0.622280;37.379250
4.412501;0.070313;37.406780
3.831316;2.643794;37.136355
4.420766;0.248638;37.408563
4.073658;1.723024;37.249332
3.541745;3.294960;37.004892
4.194578;1.253536;37.307570
4.281802;0.880640;37.347787
4.283591;0.855657;37.349079
3.726428;2.935889;37.093181
3.825429;2.676034;37.139344
4.267446;0.901840;37.347390
4.369481;0.471465;37.398913
3.666367;3.052704;37.071784
4.033085;1.802238;37.243639
4.289023;0.766417;37.363142
4.259958;0.870877;37.352355
3.826474;2.611530;37.148463
3.856828;2.417123;37.172046
4.264592;0.816975;37.357896
3.855932;2.282036;37.167587
4.158521;1.278556;37.308928
3.569841;3.223443;37.035958
3.727419;2.869843;37.110941
4.247038;0.849887;37.355112
4.160337;1.229464;37.315627
3.842493;2.500084;37.168038
4.307821;0.656869;37.385197
3.455401;3.364755;36.987811
3.846597;2.354573;37.172035
4.199306;1.067019;37.337188
4.056738;1.626366;37.271597
4.361448;0.134806;37.414329
4.139686;1.249418;37.312312
3.838516;2.326443;37.177420
4.286614;0.680966;37.384707
3.702890;2.872264;37.114858
4.319150;0.500392;37.404097
4.245312;0.747376;37.372162
3.630240;3.079560;37.080231
4.281461;0.644746;37.390947
4.149155;1.158289;37.329559
3.857802;2.122923;37.194966
3.836708;2.178785;37.186717
3.759675;2.696060;37.153081
4.071111;1.424881;37.301420
3.652577;2.956032;37.105103
3.418372;3.375848;36.997043
4.281336;0.586352;37.401054
3.406490;3.390299;37.000125
3.792062;2.499099;37.180650
4.069248;1.367437;37.312801
3.864013;1.994430;37.222131
3.981096;1.716551;37.279582
4.185735;0.843900;37.375318
3.739438;2.672420;37.169530
4.263289;0.503479;37.414308
3.578205;3.068480;37.097650
4.247907;0.578756;37.408120
3.686667;2.783001;37.147265
4.119133;1.067300;37.349803
3.353197;3.419186;36.991849
4.115486;1.029487;37.355643
3.748614;2.591628;37.184802
4.276846;0.042700;37.431649
3.775799;2.377397;37.198292
3.795090;2.149861;37.209320
3.950481;1.734564;37.282041
4.255798;0.450611;37.424883
3.297321;3.475590;36.980351
4.269628;0.239337;37.434502
4.082626;1.109630;37.346757
3.608906;2.872746;37.127363
3.802616;2.105060;37.216968
3.767182;2.343582;37.200229
4.118853;0.968238;37.366237
4.001758;1.485826;37.312128
3.887651;1.880136;37.260014
3.662190;2.756577;37.155975
3.617692;2.847848;37.135471
3.960632;1.664708;37.296533
4.015527;1.357964;37.323964
3.674456;2.701426;37.170958
3.700436;2.638488;37.184640
4.249380;0.326877;37.441173
3.992948;1.421049;37.321242
3.960257;1.633618;37.306857
3.470245;3.209361;37.080118
4.123734;0.876191;37.383347
4.004076;1.312485;37.328808
4.038346;1.161590;37.345781
4.139604;0.792366;37.392376
4.186989;0.587939;37.416711
3.741452;2.314999;37.209914
4.211402;0.469688;37.430467
3.281259;3.444390;37.000032
4.228236;0.357108;37.441528
3.815259;1.944030;37.250088
3.580347;2.846863;37.141524
4.233436;0.261098;37.446041
3.326250;3.400665;37.024376
3.760936;2.120854;37.228015
4.179546;0.560568;37.422149
3.754012;2.143852;37.225034
3.657294;2.676586;37.180583
3.551655;2.952658;37.130837
3.975901;1.400177;37.332275
3.592238;2.796247;37.152563
3.200537;3.514044;36.973714
4.054379;0.992219;37.375796
4.135057;0.692676;37.413938
3.692788;2.555351;37.209701
4.192506;0.179684;37.445703
3.341132;3.340406;37.047997
3.924356;1.597159;37.325011
3.887210;1.714418;37.306179
3.876426;1.740490;37.301979
3.982072;1.135746;37.354566
-4.615712;0.496234;37.058765
3.941793;1.344577;37.342870
4.056188;0.867209;37.397123
3.186850;3.489134;36.998247
4.161591;0.347737;37.450047
3.770489;1.907597;37.271029
3.430103;3.162162;37.112425
3.824718;1.780577;37.297847
3.302837;3.350003;37.055182
3.086520;3.602057;36.957705
3.626264;2.598475;37.209195
4.147620;0.427690;37.454388
4.153031;-0.016357;37.458291
4.075059;0.731814;37.422255
3.053111;3.623092;36.944860
3.148208;3.513887;36.994779
3.315055;3.278543;37.081673
3.779763;1.838880;37.289272
4.135761;0.096594;37.458263
3.891032;1.460015;37.346408
4.123293;0.208594;37.453781
3.270147;3.359326;37.057313
3.635072;2.497602;37.230774
3.531356;2.726400;37.181932
3.905474;1.287191;37.356266
4.070177;0.672640;37.434177
3.691267;2.070604;37.256857
3.896845;1.370535;37.354440
3.874186;1.548391;37.343336
3.951633;1.054386;37.381431
3.912853;1.206020;37.363213
3.844877;1.633837;37.332049
3.389954;3.161611;37.118219
3.922305;1.137834;37.368755
3.994220;0.905105;37.402739
3.774382;1.801797;37.299538
3.910528;1.171154;37.365174
2.925420;3.700701;36.906585
3.609321;2.532272;37.227255
2.966658;3.667841;36.929260
3.274436;3.313018;37.070997
3.614459;2.500895;37.233038
3.457940;2.904730;37.161602
4.109880;0.040383;37.466337
4.045934;0.698514;37.435645
3.419487;3.008600;37.143538
3.340557;3.204515;37.108621
3.474303;2.814795;37.170114
4.083825;0.509456;37.455457
3.513572;2.706068;37.189423
3.875144;1.368769;37.359845
3.965477;0.938967;37.400752
4.098377;0.331766;37.463914
3.953429;0.966696;37.396488
3.336120;3.231661;37.102116
3.214951;3.386819;37.052068
3.040487;3.605549;36.969784
3.635205;2.246169;37.250911
3.976662;0.886886;37.410621
3.344910;3.179462;37.113910
3.798994;1.682713;37.326497
3.942099;0.994366;37.392989
3.866839;1.393332;37.360043
3.627773;2.368234;37.245756
3.640963;2.220456;37.253886
3.450566;2.871103;37.166278
4.044961;0.662848;37.442055
4.005142;0.786916;37.424352
3.925894;1.046065;37.387344
4.086307;0.295881;37.462279
4.084287;0.181509;37.462310
4.087384;0.475077;37.464577
4.095458;0.011396;37.470584
4.080811;0.268727;37.461942
4.096324;0.391436;37.467822
4.087633;0.119320;37.465940
3.927538;1.016110;37.391911
3.624064;2.294078;37.250917
3.493872;2.724367;37.190806
3.094512;3.528670;37.005761
4.082364;0.042008;37.470092
3.883301;1.163419;37.373804
3.954524;0.910934;37.408630
3.450743;2.836933;37.174193
3.044014;3.578807;36.985373
4.071936;0.151149;37.464566
3.566251;2.558550;37.229034
3.062177;3.547648;36.995713
2.907924;3.703918;36.921865
4.068496;0.319874;37.464949
4.072952;0.024685;37.472364
3.583951;2.477569;37.241011
3.929575;0.971510;37.400928
3.488736;2.700298;37.196178
3.511106;2.648488;37.207108
3.730433;1.808020;37.308682
3.888638;1.090927;37.383294
3.303637;3.216958;37.111138
3.933329;0.940538;37.405687
3.701268;1.882536;37.299007
4.069661;0.445185;37.470963
2.902301;3.691690;36.932732
3.181239;3.373548;37.063469
3.630271;2.112675;37.273136
4.069011;-0.004764;37.479666
3.617843;2.177300;37.268425
3.922599;0.902823;37.412948
3.668545;1.942665;37.294021
4.049064;0.368678;37.473941
2.994745;3.616197;36.978308
3.028162;3.561966;37.000144
3.967113;0.756937;37.437997
3.397004;2.880241;37.172826
3.112350;3.443696;37.040672
3.971204;0.726234;37.442510
3.034192;3.534939;37.010250
3.573281;2.352241;37.260270
3.187286;3.315790;37.081954
2.881731;3.692883;36.940825
3.600306;2.084891;37.277866
3.137057;3.363839;37.065148
3.572650;2.231462;37.270023
4.005428;0.181309;37.477668
3.429670;2.667186;37.214967
3.811357;1.088057;37.393344
3.646510;1.858740;37.318837
3.755027;1.532091;37.370926
3.280266;3.068656;37.149850
3.883392;0.844736;37.434324
3.366750;2.804963;37.193290
3.292527;3.015309;37.162475
2.888523;3.645526;36.972902
3.854128;0.910877;37.425057
3.313761;2.951889;37.174571
3.956676;0.356147;37.475875
3.957368;0.510941;37.476424
3.539360;2.182010;37.284176
3.707572;1.606395;37.363132
2.771101;3.768132;36.927688
3.760932;1.367781;37.388953
3.802065;1.007093;37.409572
3.498204;2.425860;37.267609
3.048056;3.400272;37.059868
3.983224;-0.026560;37.495642
3.549344;2.077240;37.294725
3.762453;1.302574;37.393227
3.741365;1.485657;37.385689
2.959521;3.535043;37.021730
3.669962;1.659854;37.355126
3.763994;1.113342;37.400174
3.106893;3.320108;37.095016
2.990559;3.447096;37.043865
3.520741;2.140821;37.293406
3.905407;0.613489;37.472414
3.498684;2.318443;37.283497
3.450874;2.517020;37.261160
3.938188;0.173449;37.491283
3.531770;2.029547;37.306432
3.814577;0.841784;37.444713
3.889788;0.554858;37.478063
2.888023;3.566294;37.010445
2.708692;3.807795;36.928179
3.903444;0.304365;37.485830
3.869845;0.672584;37.470701
2.693038;3.854078;36.922240
3.112623;3.250439;37.118912
3.897781;0.418901;37.485649
3.897459;0.362372;37.485863
3.740850;1.052560;37.413785
3.164377;3.145116;37.146306
3.378647;2.602550;37.245504
3.295502;2.820729;37.207298
3.238177;2.961031;37.180519
2.996473;3.386500;37.074264
3.586631;1.773541;37.352598
3.598907;1.657178;37.362513
3.490442;2.071929;37.310978
3.671473;1.479157;37.397383
3.760928;0.900180;37.439748
2.651253;3.880251;36.922597
3.493422;2.034934;37.316544
3.864201;0.294160;37.490887
3.111959;3.173192;37.142419
3.807636;0.763496;37.465579
2.770709;3.648259;36.983679
3.869124;0.210973;37.497413
3.899272;-0.019517;37.512664
3.260682;2.815689;37.218277
3.600903;1.596293;37.378907
3.108831;3.141972;37.149160
2.625146;3.882047;36.927444
2.788014;3.575900;37.005389
3.844869;0.218743;37.499794
3.658852;1.334144;37.412598
2.874534;3.477615;37.050164
2.621325;3.856640;36.933920
2.623403;3.815582;36.937959
3.845434;0.188387;37.507522
2.700649;3.682602;36.973080
3.154252;3.024049;37.180358
3.102383;3.104880;37.161661
3.532095;1.777668;37.363875
3.762493;0.757489;37.472306
3.849352;0.121739;37.514954
3.624622;1.364940;37.410865
3.085802;3.124565;37.160007
3.395023;2.376720;37.305404
3.852226;0.015531;37.518221
3.411336;2.208421;37.312304
3.792183;0.329261;37.491791
3.545227;1.621111;37.379458
3.693438;0.902955;37.446212
3.293710;2.616923;37.260898
3.851317;0.045073;37.521660
3.835702;0.151620;37.515746
2.562287;3.932742;36.922558
3.604726;1.392987;37.409704
3.636170;1.190634;37.423589
3.841337;-0.017253;37.517841
3.398684;2.315057;37.313735
3.788298;0.307362;37.494611
3.296402;2.583404;37.267965
3.597615;1.426820;37.410285
2.745965;3.579737;37.013726
3.718085;0.818426;37.466545
3.270907;2.638661;37.258056
3.719941;0.798737;37.468184
2.535826;3.919901;36.916345
3.025312;3.218427;37.144326
3.043918;3.169522;37.153195
3.407928;2.126324;37.324631
3.783729;0.282059;37.500686
3.584193;1.457940;37.409184
3.496824;1.824613;37.368856
3.199650;2.805365;37.232104
3.663960;0.933354;37.448732
3.438939;1.970798;37.345366
3.120041;2.979716;37.196017
2.603024;3.776138;36.956548
3.720854;0.749809;37.478479
3.574659;1.391204;37.411274
3.228005;2.699573;37.249118
3.071903;3.070821;37.177410
3.814875;-0.017712;37.524233
3.737049;0.666818;37.488609
2.986598;3.242493;37.139698
2.650928;3.681906;36.984448
3.353161;2.403253;37.312453
2.547245;3.861894;36.940040
3.738036;0.608852;37.491409
2.606031;3.748807;36.964398
3.256084;2.614645;37.267827
3.380373;2.236667;37.326894
3.703521;0.764020;37.477835
3.081977;3.022328;37.186915
2.995416;3.209729;37.147923
3.630842;1.016211;37.444700
3.601276;1.165720;37.432999
3.261060;2.580366;37.277239
2.515272;3.902378;36.930152
3.739771;0.412536;37.501139
3.555136;1.401848;37.414933
3.608195;1.078812;37.441960
2.511434;3.887890;36.937412
3.417626;1.942017;37.359220
3.235733;2.608174;37.274773
3.389434;2.037563;37.348112
3.162482;2.774010;37.246863
3.771819;0.101121;37.532475
3.436713;1.765670;37.376794
3.542667;1.286211;37.427391
3.447311;1.631500;37.385215
3.767534;0.065626;37.534535
2.978152;3.159629;37.168528
3.245777;2.550074;37.293123
3.538725;1.251016;37.430942
3.756814;-0.037377;37.536563
3.311069;2.381890;37.328283
3.320521;2.352711;37.332583
3.749151;0.004541;37.538658
3.430313;1.645231;37.389918
3.488650;1.428993;37.418245
3.346529;2.086812;37.354118
2.744738;3.448625;37.072633
2.518142;3.798885;36.968178
3.738752;-0.094097;37.538775
3.669053;0.436177;37.507627
2.987175;3.072100;37.189152
3.661716;0.561620;37.504376
3.637455;0.683829;37.496337
3.311903;2.246421;37.345139
3.672176;0.347240;37.515514
2.844132;3.304243;37.130523
3.621669;0.743777;37.492095
3.048954;2.890817;37.227460
3.503089;1.220995;37.442200
3.598339;0.783815;37.487433
2.737624;3.431051;37.086113
2.994747;2.965244;37.209875
3.124191;2.696762;37.269803
3.305073;2.172617;37.353081
3.677283;0.176794;37.530801
3.202604;2.514748;37.310147
3.048554;2.841471;37.239089
2.886221;3.187293;37.163736
2.554473;3.671943;37.008054
3.436833;1.498817;37.420099
3.344318;1.913376;37.382220
3.382352;1.631222;37.402360
3.369794;1.688414;37.395466
2.567624;3.633333;37.021264
2.336933;3.938894;36.915495
3.313217;2.007689;37.371497
2.384455;3.890360;36.939263
3.567964;0.751636;37.493018
3.243509;2.390024;37.342732
3.682287;-0.098572;37.548338
3.683676;-0.073215;37.550390
3.448972;1.302845;37.443900
2.940666;3.023537;37.206323
3.529547;0.845446;37.481563
3.604214;0.444291;37.517491
3.461831;1.193993;37.453312
3.642439;0.178265;37.538365
2.647544;3.486485;37.073814
3.666024;-0.099996;37.550221
3.091878;2.671392;37.282756
3.666206;0.097575;37.550386
3.255550;2.320419;37.361120
3.673114;0.007793;37.555766
3.329421;1.856684;37.396082
3.162773;2.491839;37.319134
3.552120;0.666110;37.501934
3.007038;2.840086;37.247607
3.382579;1.487677;37.424122
2.727288;3.362054;37.122897
3.477301;0.992274;37.472825
3.637480;-0.101603;37.552281
2.242639;3.997853;36.901956
2.767825;3.301856;37.148391
2.527554;3.625330;37.034630
3.596636;0.240773;37.534457
2.859942;3.145194;37.190957
3.234896;2.238109;37.367690
3.457883;1.075773;37.473401
2.783725;3.270412;37.159522
3.382455;1.404456;37.439159
2.211280;4.161322;36.898123
3.543160;0.531132;37.520121
2.876874;3.042935;37.211584
3.627919;-0.031905;37.563135
2.357449;3.838841;36.973067
2.470109;3.692444;37.026724
3.336150;1.520620;37.431899
2.514464;3.597050;37.048847
3.498993;0.634200;37.509276
2.649266;3.399035;37.115490
3.459486;0.868508;37.491340
3.196989;2.322437;37.370428
3.602277;-0.104264;37.559295
3.384512;1.225847;37.462776
2.254449;3.939585;36.934589
3.532318;0.400882;37.531744
3.060903;2.546503;37.314306
2.148647;4.193357;36.889771
2.810940;3.136228;37.199392
2.924379;2.860360;37.253498
2.131825;4.195087;36.884408
3.578833;-0.107534;37.561179
2.454052;3.673088;37.035898
3.336493;1.367390;37.451601
3.477399;0.558145;37.520613
3.217081;1.935282;37.400078
3.344079;1.316766;37.459063
2.193254;4.053496;36.923197
3.401801;0.972626;37.487241
3.522222;0.280925;37.543481
3.184682;2.192451;37.386515
3.186767;2.145330;37.388789
3.560737;0.067915;37.563458
3.386990;1.127273;37.480744
3.415030;0.884499;37.494514
3.173237;2.167823;37.384290
3.035806;2.544627;37.320043
2.295962;3.844306;36.975791
2.147026;4.143560;36.905351
3.478181;0.520400;37.527109
2.443385;3.647845;37.044499
3.386615;0.998093;37.485160
3.261392;1.778339;37.427426
2.742248;3.225051;37.186061
3.480856;0.491300;37.530325
2.539826;3.476961;37.091278
3.189910;1.996451;37.395485
3.187306;2.031008;37.392605
2.095369;4.226989;36.884903
3.483702;0.464880;37.533929
3.034968;2.515339;37.325097
3.318017;1.365659;37.456485
3.178484;2.063664;37.392290
3.176882;2.119721;37.391453
2.106827;4.199899;36.892909
2.299178;3.825327;36.983464
3.060701;2.440219;37.338770
2.919282;2.775855;37.272500
2.515945;3.497047;37.084689
3.278952;1.538414;37.441747
3.536705;0.131351;37.560846
3.387768;0.909526;37.492335
3.195926;1.922721;37.403373
3.541224;-0.096955;37.565883
2.699913;3.273716;37.172990
2.805999;3.050875;37.221417
3.042043;2.464726;37.333526
2.318081;3.804117;36.996718
3.222987;1.832081;37.419402
2.465415;3.572034;37.066480
2.597777;3.381372;37.128757
3.542066;-0.046218;37.570155
3.152347;2.166635;37.388192
2.917852;2.758775;37.278259
3.503567;0.264014;37.552747
2.156907;4.098120;36.925152
2.809191;3.018411;37.228998
3.359869;1.056380;37.486820
3.041516;2.442477;37.339525
3.432369;0.597629;37.521533
3.244636;1.683822;37.435334
3.356296;1.087992;37.485764
3.497001;0.329732;37.550968
3.193758;1.888981;37.411289
3.489884;0.362583;37.548775
3.492075;0.292504;37.550587
3.523216;-0.100623;37.567209
2.931083;2.709791;37.289347
3.464581;0.450850;37.539474
3.119753;2.288013;37.378409
2.106324;4.176777;36.906576
2.833646;2.911877;37.245316
3.158687;2.044919;37.398198
3.492735;0.249883;37.554749
3.512757;-0.125401;37.564893
3.342828;1.139055;37.484116
3.394041;0.672285;37.512677
3.522313;0.024377;37.572553
3.509500;-0.101248;37.569537
2.148961;4.083510;36.935926
2.473800;3.522993;37.085846
3.278068;1.342517;37.461812
2.633382;3.318473;37.161307
2.899379;2.747220;37.284649
3.037183;2.392748;37.349366
3.496323;-0.125450;37.565811
2.918631;2.690406;37.296446
3.364864;0.868659;37.504024
3.232334;1.575382;37.446526
2.477198;3.497183;37.093838
3.419230;0.529470;37.533798
2.454705;3.535188;37.084244
3.387640;0.640124;37.519970
2.713987;3.180651;37.205915
3.492087;-0.097885;37.571651
2.039008;4.268070;36.893376
2.059204;4.224658;36.906558
3.483185;0.089333;37.574339
3.114532;2.033191;37.403185
3.474694;-0.105273;37.572216
2.119350;4.089617;36.937918
2.431543;3.535708;37.086060
3.108468;2.143716;37.402246
3.043476;2.323635;37.372071
3.485950;-0.034133;37.580782
2.878291;2.708912;37.299094
2.557981;3.350608;37.150506
3.454641;-0.109805;37.571008
2.732938;3.034853;37.239010
2.646553;3.218711;37.195922
3.433102;0.353668;37.563417
3.252382;1.217956;37.480520
2.142065;4.064320;36.945872
3.191958;1.531768;37.456475
3.454346;0.097086;37.578826
3.088216;2.079517;37.409559
2.136358;4.004427;36.970944
3.171741;1.749208;37.450863
2.311840;3.675539;37.052459
3.206552;1.360293;37.469110
3.294159;0.868842;37.513794
2.827808;2.729311;37.299660
3.220780;1.226344;37.483664
2.937313;2.441971;37.353366
3.143218;1.757669;37.449196
2.473426;3.405004;37.136880
2.923122;2.462774;37.353261
1.881772;4.367927;36.867450
2.178893;3.825461;37.006811
3.233781;1.055168;37.498245
3.206215;1.198797;37.486322
3.378989;0.331166;37.569169
1.941741;4.316640;36.899367
2.670078;3.067852;37.238443
3.286671;0.775038;37.526651
3.077914;1.887381;37.432786
3.338418;0.470865;37.555429
3.396050;0.136370;37.582542
2.948198;2.347158;37.372970
3.004605;2.181303;37.401437
2.234094;3.729454;37.042159
3.131937;1.591100;37.462067
2.599417;3.186411;37.213794
2.772339;2.762665;37.296746
2.759992;2.785118;37.292891
2.488269;3.314889;37.168590
3.253897;0.823236;37.525291
2.975462;2.226726;37.395215
3.034129;2.025276;37.422971
2.458641;3.356391;37.158316
3.369616;-0.010426;37.582818
3.156447;1.247242;37.486970
3.217337;0.905978;37.516008
2.453197;3.335701;37.164532
2.138973;3.819442;37.016256
3.320703;-0.134849;37.568110
2.296347;3.602473;37.091690
2.589861;3.121351;37.227841
3.247603;0.711869;37.535334
2.878312;2.420885;37.363381
2.961525;2.170074;37.402652
3.088798;1.731217;37.462148
3.168198;1.082878;37.501188
3.342359;0.015375;37.582956
1.855103;4.351505;36.893138
2.788034;2.635262;37.328446
3.322180;0.305496;37.578073
2.851030;2.469924;37.358990
3.100032;1.476238;37.478036
3.092074;1.595265;37.473401
2.183079;3.711557;37.052864
1.998697;4.120640;36.971563
2.914176;2.179612;37.398864
3.097164;1.389996;37.484184
2.956429;2.088914;37.420377
2.545546;3.135367;37.229103
3.312089;0.186368;37.587389
3.146580;1.017180;37.510826
3.022189;1.860673;37.453884
3.273111;-0.060500;37.575232
3.278785;0.353036;37.576022
2.275729;3.570240;37.108830
3.243149;0.506065;37.561305
2.855267;2.328583;37.380575
2.003836;4.085967;36.982526
2.658726;2.855723;37.292594
1.711521;4.412406;36.851328
1.960533;4.178202;36.969175
2.452296;3.233026;37.202457
2.223769;3.610219;37.098023
3.203984;0.581891;37.556091
2.819819;2.373613;37.378917
3.264834;0.274149;37.588270
3.024989;1.709368;37.476487
3.032315;1.621568;37.481759
3.177865;0.710777;37.551759
2.374773;3.335893;37.177160
2.456708;3.185691;37.215176
2.741708;2.603366;37.348414
2.285557;3.494551;37.137290
2.607171;2.901017;37.288964
2.511116;3.077338;37.243736
2.164631;3.649255;37.082381
2.972884;1.856176;37.460515
3.062646;1.168577;37.501740
2.016222;3.920061;37.015189
3.247708;0.157474;37.590519
3.239581;0.125163;37.588487
3.103332;0.941571;37.525764
3.235793;0.050169;37.587135
2.358161;3.341042;37.177855
2.822414;2.209482;37.395683
3.014138;1.541340;37.484260
2.001851;3.943682;37.014398
3.025219;1.455995;37.492339
3.110306;0.883656;37.532451
2.955180;1.867427;37.460744
3.189545;0.450838;37.570546
2.533897;3.019337;37.263650
3.035518;1.373035;37.497415
2.788510;2.319746;37.384740
3.082721;1.021929;37.521919
3.189339;-0.159761;37.571575
2.380003;3.286394;37.194295
2.672354;2.680251;37.333332
1.840339;4.296274;36.943675
2.632288;2.757021;37.315724
1.965967;4.060601;37.004394
2.820103;2.155675;37.407024
2.359214;3.294894;37.191682
2.898218;2.002541;37.443877
3.016546;1.229312;37.501449
3.224435;0.237693;37.596860
2.935355;1.880139;37.463968
2.991952;1.597931;37.489774
2.394498;3.216877;37.211606
3.016747;1.345476;37.502043
1.946882;4.082966;37.004467
2.988029;1.578775;37.489944
3.132317;0.692749;37.558086
2.554163;2.916204;37.290147
3.132123;0.718264;37.558844
1.965334;3.987879;37.016665
2.242573;3.486463;37.145960
2.075597;3.704184;37.068587
2.767133;2.283099;37.391790
2.703072;2.574251;37.361461
2.675882;2.628087;37.349733
1.903471;4.180585;36.984636
2.974410;1.674649;37.489929
3.121289;0.672763;37.557813
2.996688;1.415381;37.500408
2.893075;1.947186;37.453554
2.618458;2.730884;37.325907
2.184419;3.560041;37.124257
2.846892;2.057384;37.433876
2.794833;2.151677;37.409473
2.676223;2.607326;37.355215
2.554424;2.887824;37.299566
1.789463;4.309427;36.942514
2.914822;1.866629;37.469072
3.017836;1.090508;37.516370
3.182744;0.111905;37.592949
2.987013;1.210961;37.505191
1.742406;4.345783;36.922652
2.971827;1.600932;37.495476
3.045844;0.960634;37.530545
3.121632;0.596313;37.565914
3.096837;0.789674;37.554564
2.745456;2.290573;37.391222
3.124736;0.555138;37.568331
2.585693;2.780752;37.316798
2.691888;2.552063;37.367135
2.447616;3.044930;37.255613
2.315903;3.279324;37.194774
2.534042;2.900735;37.297349
2.414363;3.087289;37.244336
1.641746;4.404203;36.887026
1.614515;4.420582;36.883251
1.883285;4.140449;37.003312
3.090775;0.672944;37.566135
2.530016;2.873651;37.305933
3.099915;0.583276;37.570957
2.566790;2.752871;37.325328
2.697460;2.408407;37.386567
2.074806;3.628886;37.096002
3.002265;1.048205;37.530191
2.664204;2.547744;37.373860
2.296595;3.247548;37.208322
1.504081;4.514395;36.839422
1.581301;4.436759;36.877920
2.411833;3.012183;37.267350
2.926668;1.395989;37.507241
3.107272;0.352400;37.592136
3.133497;0.212492;37.608465
1.938916;3.858977;37.050629
1.485417;4.521317;36.839263
3.102646;-0.021155;37.593212
2.895681;1.756813;37.497369
3.085132;0.416298;37.589263
2.197320;3.395961;37.175438
3.016971;0.746420;37.562259
3.094629;0.321579;37.599143
2.491235;2.833488;37.317590
2.649224;2.441350;37.392679
2.124927;3.499436;37.151021
3.074468;-0.032749;37.593979
3.091604;0.294991;37.603078
2.902525;1.366285;37.514588
2.622697;2.491301;37.386018
2.680056;2.198149;37.413286
2.238700;3.246187;37.208543
1.443212;4.526830;36.839652
1.947267;3.728850;37.075002
2.872978;1.677226;37.506329
2.705147;2.067766;37.430401
2.782883;1.913444;37.469805
2.294282;3.112184;37.241343
2.552811;2.609195;37.361521
1.880931;3.972843;37.047641
3.054639;0.056988;37.598163
2.016571;3.592321;37.114252
3.023575;0.581566;37.583792
1.819921;4.121820;37.024236
2.530563;2.648143;37.354975
1.690329;4.298164;36.965964
2.926069;0.961607;37.540222
1.349576;4.577780;36.805781
1.899176;3.859981;37.063588
2.417498;2.876448;37.307480
3.079321;0.225185;37.616555
2.844213;1.652516;37.507640
2.975221;0.733671;37.571733
2.367368;2.947244;37.289551
1.931525;3.692607;37.088878
3.056564;0.136576;37.612613
3.038545;0.324232;37.604059
3.025521;0.064553;37.602359
2.879335;1.167814;37.518993
2.456684;2.759014;37.334521
2.111185;3.437048;37.175151
3.028507;0.468246;37.605039
2.908339;0.931858;37.546596
2.668899;2.041245;37.436411
2.860501;1.425442;37.525803
2.597077;2.397647;37.403590
1.899997;3.796966;37.079149
3.054165;0.231494;37.618897
2.609148;2.267797;37.411579
2.960154;0.698246;37.575926
2.879432;0.993478;37.538744
2.767132;1.863494;37.489680
2.561348;2.500087;37.390936
2.984204;-0.186848;37.590348
2.824397;1.633037;37.516504
2.797133;1.777441;37.504647
2.746965;1.881035;37.483420
1.431516;4.512674;36.867204
2.520762;2.560251;37.378178
1.835155;3.975076;37.059200
1.758175;4.143540;37.027606
2.149416;3.262109;37.212200
1.441902;4.499745;36.879033
2.192144;3.165347;37.232974
1.846930;3.885961;37.072802
2.650902;1.977153;37.451688
2.414675;2.719178;37.344840
1.974637;3.529597;37.140493
2.360466;2.845900;37.322806
2.989546;0.294391;37.616736
2.969562;-0.018829;37.609455
2.979976;0.361304;37.614226
2.717163;1.826872;37.494269
1.921111;3.596988;37.123916
2.791245;1.226059;37.532742
2.875033;0.709335;37.571927
1.540900;4.382048;36.949700
1.271529;4.579751;36.826358
2.813659;0.999273;37.545895
2.772478;1.596942;37.526701
2.918725;0.561151;37.596259
2.828699;0.865312;37.556685
2.765678;1.564492;37.527401
2.655614;1.889893;37.476733
2.534171;2.326923;37.419156
2.559466;2.145860;37.431766
1.256651;4.594600;36.826350
2.762627;1.536075;37.528342
2.469967;2.502805;37.393264
2.534408;2.252063;37.424834
2.139427;3.138514;37.241622
2.430242;2.559205;37.378223
2.768092;1.199163;37.536716
2.446741;2.521659;37.387331
2.743135;1.646586;37.529404
2.452735;2.486371;37.397124
2.587778;1.965540;37.460363
1.775020;3.997747;37.082804
2.752608;1.160567;37.539061
2.909541;-0.045608;37.612725
2.925066;0.442600;37.619433
1.328493;4.552268;36.873071
2.899579;-0.122088;37.609567
1.806655;3.796929;37.099941
2.456836;2.456924;37.403833
1.622166;4.252762;37.014986
2.255376;2.866811;37.311043
2.899466;-0.071022;37.613429
2.747801;1.118142;37.543913
2.412604;2.527829;37.387655
2.746449;1.222641;37.544098
1.956078;3.418412;37.182695
2.751327;1.082531;37.546338
2.457121;2.436703;37.410543
2.281865;2.814313;37.328720
2.437069;2.468305;37.401851
2.427516;2.494757;37.397212
2.755609;1.055013;37.549649
1.261297;4.586406;36.850199
2.512854;2.141193;37.438626
2.220905;2.901160;37.302520
2.910110;0.384752;37.623676
2.654711;1.779759;37.507715
2.896678;0.063592;37.618362
2.738752;1.192771;37.545992
2.329657;2.697256;37.354581
2.534200;2.059271;37.449615
1.388508;4.499578;36.914906
2.747835;1.307426;37.550333
2.310899;2.733854;37.347404
2.454688;2.411669;37.415391
2.783213;0.841413;37.568872
2.901318;0.356259;37.623643
2.809820;0.670728;37.582013
2.887167;-0.022569;37.618526
2.756083;0.992995;37.558004
2.435526;2.439534;37.410552
2.776497;0.876346;37.569875
2.858243;0.537250;37.607508
2.310910;2.709337;37.352607
2.918447;0.178921;37.636935
2.777189;0.809173;37.570996
2.198564;2.900219;37.302142
1.733163;4.015968;37.085450
2.063968;3.190186;37.240182
2.256672;2.810358;37.330509
2.462248;2.327226;37.426415
2.456742;2.290296;37.427969
2.482414;2.182565;37.439560
2.756917;0.917173;37.568020
2.867973;0.467578;37.619584
2.466051;2.255974;37.433938
2.182580;2.929076;37.302418
2.742981;0.960997;37.563345
2.025374;3.257266;37.229408
2.470188;2.226305;37.436171
2.755360;0.894660;37.569993
2.760011;0.851684;37.573720
2.535581;1.952898;37.468689
2.160831;2.954467;37.295070
2.266635;2.754748;37.344478
2.812064;0.577826;37.600098
2.751563;0.870689;37.572812
1.470472;4.376834;36.974951
2.778760;0.674066;37.585910
1.216838;4.600363;36.857224
2.188242;2.869446;37.311946
2.099415;3.077994;37.269488
2.833645;-0.131357;37.612178
2.025785;3.229879;37.236512
2.674987;1.616217;37.539151
2.760709;0.754979;37.578822
1.734594;3.937764;37.101016
2.689232;1.484404;37.546366
1.661330;4.105514;37.067661
2.471856;2.109121;37.447401
2.159687;2.928025;37.302087
2.616557;1.771219;37.514238
2.685998;1.459993;37.547916
2.154477;2.896948;37.306880
1.512753;4.313705;37.004827
1.987280;3.281773;37.225483
1.319017;4.522048;36.913504
2.326181;2.584142;37.385145
2.669640;1.523474;37.546274
2.009445;3.214054;37.240716
2.392031;2.381698;37.419498
2.838937;0.090316;37.625567
1.723435;3.915495;37.107360
2.779655;-0.190355;37.600940
2.687597;1.156120;37.558858
2.407769;2.328697;37.429254
1.237252;4.571929;36.889991
2.816839;-0.030719;37.623052
2.533929;1.831635;37.494513
1.739776;3.763306;37.125263
2.039090;3.119060;37.266410
2.115521;2.940692;37.301877
2.677233;1.242181;37.567497
2.714668;0.729395;37.586289
2.466007;1.974794;37.471584
1.618854;4.083426;37.082576
2.511274;1.830368;37.500613
2.254436;2.617430;37.382321
2.799519;0.301941;37.637373
2.205152;2.723857;37.361277
1.644453;4.028917;37.100363
-4.628176;0.590238;37.046794
1.520297;4.228930;37.043008
2.773681;0.382696;37.628052
1.153740;4.624526;36.877887
2.706845;0.623267;37.597447
2.746761;0.447636;37.619272
2.748961;0.064312;37.621645
2.352831;2.294955;37.436900
2.207106;2.690041;37.369807
2.302198;2.445411;37.413076
1.415571;4.359536;37.001368
2.242323;2.583430;37.391246
2.574356;1.657978;37.546614
2.627860;1.387062;37.572664
1.724584;3.576514;37.153905
2.528445;1.729466;37.527744
2.375991;2.142528;37.457097
2.629057;1.228579;37.575248
1.713458;3.644293;37.149323
2.636778;0.931900;37.579780
1.321491;4.453750;36.966834
1.658629;3.922686;37.123887
2.632938;1.079262;37.578569
2.628173;1.194319;37.576354
2.338127;2.263563;37.441896
2.624328;1.307017;37.576040
2.258609;2.517220;37.406783
1.981109;3.099638;37.278876
2.648698;0.784574;37.591302
1.643092;3.940913;37.122495
2.716654;0.436271;37.623344
2.775669;0.256802;37.650349
1.898699;3.244758;37.243923
2.718319;0.082109;37.625180
2.716007;-0.102198;37.624929
2.684996;0.503350;37.612745
2.608918;0.985198;37.576801
2.679249;-0.189257;37.609497
2.446212;1.859723;37.503929
2.006843;3.016995;37.299816
1.873390;3.272006;37.237939
2.768997;0.231738;37.654450
2.246473;2.499249;37.412651
2.531341;1.656114;37.545564
1.457668;4.257670;37.045874
2.575175;1.513906;37.568163
1.681185;3.710970;37.151685
2.325944;2.208653;37.453279
2.599535;1.371190;37.582368
2.408859;1.928966;37.492594
2.630926;0.733376;37.596937
1.673899;3.744613;37.151664
2.703445;0.004459;37.631287
1.518216;4.113247;37.078686
2.551132;1.597107;37.560464
2.613574;0.823163;37.591652
1.119120;4.599316;36.899907
2.425328;1.864362;37.506421
2.583480;0.991683;37.579387
1.597177;3.980206;37.121718
-4.536984;0.412918;37.088610
2.062524;2.842066;37.342998
2.128028;2.707271;37.373546
2.648511;0.471274;37.617391
2.676025;-0.075107;37.630170
1.964784;3.034856;37.299157
1.189066;4.530974;36.934798
2.332401;2.082974;37.473405
1.631457;3.852195;37.146135
2.627426;-0.185787;37.613262
2.438476;1.739720;37.525631
1.544993;4.038693;37.110071
2.083008;2.755290;37.363776
2.573084;1.142582;37.592606
1.295071;4.414054;36.997305
1.970579;2.983881;37.315274
2.638359;-0.114537;37.627566
2.124991;2.654974;37.388298
2.565289;1.092993;37.595004
1.639730;3.626450;37.165382
2.211231;2.383658;37.431234
2.338098;1.975516;37.490526
-4.477786;0.440844;37.115841
2.546737;0.876238;37.590548
2.407226;1.770146;37.526169
2.389235;1.795755;37.518652
1.011790;4.681784;36.876445
2.570155;0.613274;37.605342
1.750813;3.319767;37.220169
2.656261;0.281679;37.647644
1.896152;3.122864;37.294272
1.990591;2.873186;37.340327
2.344782;1.887815;37.507780
2.609188;0.355906;37.634864
1.111146;4.550745;36.933226
2.455553;1.605232;37.563632
2.324518;1.906004;37.505632
1.612417;3.752194;37.172494
2.027194;2.771566;37.367881
1.637826;3.482763;37.183559
2.606302;0.311576;37.641378
2.617218;0.145994;37.645601
2.560380;0.469751;37.619718
2.591524;-0.055226;37.634444
2.399643;1.685752;37.545135
2.322806;1.874071;37.511703
2.535783;-0.211246;37.612655
1.646397;3.387527;37.201007
1.330001;4.301617;37.054383
1.543140;3.907970;37.152496
2.171887;2.299368;37.448494
1.493123;3.996048;37.132654
2.192245;2.220196;37.462154
2.494228;1.401697;37.603662
2.514052;0.607192;37.612118
1.781714;3.229015;37.275165
1.489490;3.962946;37.140144
1.383782;4.150079;37.090495
2.485032;1.026241;37.605135
2.228852;2.083639;37.484769
2.203624;2.145651;37.474873
1.809156;3.173354;37.292656
2.522001;-0.162955;37.624319
2.043642;2.633142;37.402155
2.368342;1.686106;37.553013
1.243394;4.369583;37.031601
2.569656;0.206484;37.648635
2.065835;2.579075;37.414259
1.867455;3.034714;37.322724
2.459021;1.448683;37.599928
0.963994;4.628127;36.902309
1.468968;3.982164;37.138433
2.512267;0.464268;37.624950
2.126351;2.401041;37.445939
2.535567;-0.016798;37.635993
2.259049;1.918839;37.507774
1.523378;3.887746;37.164858
1.054652;4.548722;36.946444
1.287839;4.308405;37.056828
1.989935;2.713990;37.384457
2.208876;2.092810;37.485383
2.551646;0.276524;37.646711
2.249069;1.935543;37.505642
1.472186;3.962459;37.144827
2.546779;0.180793;37.644976
2.391958;1.590731;37.573331
1.227792;4.373189;37.033357
1.334594;4.195776;37.083940
2.515898;-0.074742;37.634025
1.367438;4.129808;37.098155
1.600869;3.382522;37.210058
1.943782;2.782620;37.369186
2.132412;2.299498;37.456587
2.239990;1.915027;37.507521
2.101132;2.409096;37.443208
2.048912;2.562286;37.419523
1.968523;2.722511;37.381921
2.479167;0.547852;37.619741
1.734436;3.229466;37.275495
1.501729;3.898192;37.165427
1.132910;4.469320;36.994692
1.901747;2.869279;37.353993
2.443610;0.707887;37.607287
1.959794;2.747228;37.382169
1.556484;3.742236;37.194033
2.242827;1.843641;37.518575
2.202911;2.028935;37.500422
1.062604;4.512611;36.968784
2.001816;2.626718;37.408671
2.506415;0.226509;37.645655
2.473965;0.436144;37.631067
0.952881;4.597099;36.922988
2.429932;1.337651;37.610652
2.135096;2.209255;37.473406
2.463773;-0.197052;37.626184
2.427591;1.183478;37.610471
1.200142;4.377149;37.037770
2.401078;1.478343;37.597729
2.085607;2.378986;37.451715
1.910838;2.809659;37.369699
1.507539;3.855119;37.182117
1.570245;3.452165;37.212398
1.941239;2.725649;37.385343
1.847874;2.979971;37.341415
2.485485;0.032148;37.640104
2.449675;0.553778;37.622901
2.346371;1.575479;37.579986
2.036700;2.489951;37.435706
1.326831;4.115856;37.106314
2.163660;2.064246;37.497666
1.196595;4.350162;37.048379
1.488339;3.858997;37.185815
2.248307;1.724517;37.541724
1.772872;3.101487;37.321363
2.450010;-0.095143;37.636698
1.782126;3.071881;37.326099
1.088465;4.453906;37.003463
1.505684;3.799052;37.198027
2.392967;1.229261;37.614405
2.397164;1.018732;37.616699
2.389729;0.970967;37.614846
1.525922;3.526160;37.210482
2.338123;1.508347;37.592380
2.374754;-0.258293;37.609696
2.370754;0.692878;37.612438
1.626810;3.237950;37.266200
2.411007;-0.198865;37.632570
1.316671;4.063671;37.123037
1.546902;3.396122;37.231976
1.366307;3.997687;37.145815
2.435054;0.182703;37.645856
2.345770;1.424547;37.604845
2.363031;1.241999;37.614510
2.361922;0.759339;37.613288
2.425421;0.056403;37.644771
2.143364;1.938457;37.514040
2.395812;0.468428;37.631486
1.680626;3.184689;37.298331
2.362622;0.840131;37.616940
1.892972;2.695785;37.399221
1.519052;3.472837;37.226087
2.128432;2.008088;37.512157
2.336839;-0.268002;37.608827
1.711345;3.131401;37.318092
2.416739;0.268379;37.645695
2.027213;2.340791;37.464830
2.355772;-0.244479;37.618832
0.767887;4.645670;36.878858
2.179065;1.738146;37.536723
1.874055;2.724345;37.395459
2.212376;1.669936;37.552160
2.336724;1.317967;37.613575
2.083888;2.124478;37.495185
2.345243;0.700791;37.617401
1.751028;3.024754;37.342348
1.477521;3.738055;37.217238
2.259997;1.550833;37.586210
2.345217;0.956184;37.624527
1.120007;4.347937;37.054323
1.075218;4.378261;37.037586
2.294653;-0.269520;37.607081
1.614771;3.183354;37.289484
1.955853;2.457779;37.449792
2.372532;0.321975;37.644235
2.107857;1.861721;37.523765
2.316430;1.210933;37.622169
1.789306;2.846766;37.376438
2.237077;1.537491;37.589216
1.457515;3.735285;37.222957
1.955693;2.400090;37.455588
2.326817;0.579474;37.629503
2.330899;1.106401;37.630594
1.569991;3.226938;37.276425
1.769034;2.890853;37.370584
2.340585;0.495589;37.637192
1.617478;3.160809;37.298981
2.094497;1.890570;37.522523
1.897240;2.546319;37.430290
0.840494;4.538930;36.939594
1.853374;2.653279;37.411962
0.761327;4.615132;36.907203
1.176920;4.165801;37.099218
1.131365;4.280247;37.076272
1.722740;2.988972;37.352751
1.061025;4.351684;37.045030
2.211899;1.560660;37.582625
2.280796;1.363439;37.615252
2.319576;-0.202451;37.632931
0.921587;4.456434;36.982719
2.311107;0.906065;37.629564
2.196410;1.592850;37.576884
1.986390;2.277905;37.478471
2.156162;1.640147;37.559718
2.343191;-0.102099;37.647523
2.300368;0.803206;37.629271
2.301987;0.980241;37.629401
1.775616;2.815356;37.385222
0.621887;4.698346;36.846746
2.347692;0.326879;37.651885
1.781303;2.765087;37.394077
2.261648;1.333292;37.619167
2.293254;0.850319;37.635256
1.909731;2.399758;37.460529
1.959073;2.258570;37.483556
1.501379;3.256040;37.272313
2.057837;1.821984;37.531614
1.235122;4.021241;37.148830
2.000556;2.063095;37.518932
2.280008;1.077677;37.637528
2.275741;0.558480;37.636264
1.073691;4.277890;37.075098
0.557238;4.716656;36.835485
2.088568;1.705007;37.551772
2.257153;0.668593;37.630451
0.532920;4.716744;36.829037
0.748485;4.545461;36.934235
1.451541;3.481398;37.259927
2.256880;0.587189;37.637371
1.984379;2.135347;37.507641
0.854825;4.439958;36.984177
2.177973;-0.271082;37.603024
2.048678;1.745566;37.545817
1.453812;3.373288;37.268468
1.717691;2.837534;37.392516
2.252382;0.851218;37.642910
0.537762;4.705145;36.843887
0.550865;4.689959;36.854077
2.196392;1.328719;37.623711
1.113658;4.101514;37.120548
1.430499;3.500668;37.268644
2.247720;0.383670;37.649194
2.240316;0.764356;37.647133
0.933525;4.334074;37.039712
2.255507;0.105608;37.655510
0.498859;4.716101;36.839649
1.322318;3.824009;37.224279
2.033416;1.707658;37.556823
2.220830;1.105788;37.644595
0.581681;4.668685;36.880951
1.142070;4.052066;37.142676
1.860043;2.347178;37.478810
0.898630;4.342948;37.032007
1.432188;3.336397;37.284961
0.523210;4.690173;36.857534
2.226223;-0.028423;37.654518
2.203316;0.938951;37.644320
1.350584;3.710060;37.248142
1.177256;3.999557;37.166809
2.217253;0.463674;37.652359
1.906213;2.175425;37.507962
1.710236;2.727744;37.418511
1.031472;4.153617;37.099182
2.230585;-0.006019;37.659336
1.946586;2.025725;37.530869
0.494821;4.692109;36.858936
2.136727;1.373852;37.619284
0.595280;4.642978;36.902443
1.727776;2.644188;37.430514
2.150823;-0.193988;37.627315
2.093912;-0.274505;37.601130
1.604229;2.973776;37.373754
2.175666;1.184693;37.639992
1.776842;2.494135;37.455218
1.573107;3.023140;37.359754
2.113872;1.405793;37.612845
2.145748;1.279244;37.628357
1.913553;2.098205;37.521472
0.474148;4.705975;36.849679
1.421490;3.256509;37.295096
0.907007;4.308444;37.053041
0.756198;4.460401;36.983235
1.968604;1.816648;37.550201
1.471167;3.142778;37.319451
2.201248;0.132351;37.661357
1.337767;3.674903;37.259591
2.046261;1.579758;37.590208
2.025573;1.635141;37.579945
2.208429;0.148245;37.664058
1.898744;2.113663;37.521824
2.178855;0.577860;37.653283
1.739403;2.555600;37.447022
2.185161;0.388458;37.654876
2.178621;1.039494;37.652916
0.921803;4.274371;37.066653
2.028258;1.612904;37.582648
1.753725;2.502602;37.456071
1.677067;2.746125;37.420876
2.175899;0.609826;37.653634
2.175948;0.527719;37.653377
2.169536;1.130680;37.649932
2.180149;0.930508;37.654608
2.188041;-0.057084;37.659203
1.315261;3.702926;37.253396
2.045913;1.558686;37.594586
2.099866;-0.225440;37.618650
0.931239;4.250340;37.074708
2.186173;0.723008;37.659105
1.695412;2.631492;37.432989
2.180344;0.898326;37.657227
2.177817;0.069316;37.656760
2.027301;1.589655;37.587385
2.183087;0.775665;37.660457
2.111256;1.275920;37.627459
2.190223;0.155793;37.664135
1.628170;2.827043;37.407587
2.194866;0.286944;37.668196
0.872117;4.294863;37.050755
1.294111;3.726069;37.249386
1.163874;3.934435;37.188576
2.055006;1.477991;37.604064
2.195074;0.193531;37.669574
2.054707;-0.275892;37.604845
1.087552;4.021540;37.154489
2.180237;0.848780;37.663664
2.010475;1.600161;37.585652
2.188790;0.266336;37.669665
1.293065;3.704925;37.253206
1.507262;3.053543;37.351703
2.028307;1.566580;37.596342
2.173715;0.691837;37.663861
0.449879;4.693332;36.861467
1.890868;2.087509;37.532924
1.426980;3.162260;37.317031
2.166374;0.874366;37.661406
2.175631;0.241751;37.666402
0.688073;4.450629;36.974710
2.024364;-0.273957;37.598347
2.163964;0.262681;37.664862
1.896686;2.031796;37.540151
1.223729;3.822543;37.225154
2.174588;0.214299;37.670147
1.886384;2.058496;37.536509
1.819477;2.201009;37.507438
1.950825;1.715687;37.568313
2.101429;-0.163924;37.639683
2.064814;1.306683;37.623022
0.633580;4.523413;36.958564
2.114974;1.156890;37.648843
2.010041;1.544676;37.601346
1.802064;2.245908;37.503984
1.589067;2.882809;37.406010
0.595007;4.570170;36.941253
2.139516;-0.035461;37.663017
1.745545;2.372555;37.480317
2.126943;0.501330;37.658179
1.645262;2.655315;37.434668
-4.504546;0.719708;37.101482
0.421025;4.686975;36.865358
1.247141;3.698963;37.252445
1.353821;3.450922;37.302492
2.042486;-0.222348;37.624764
1.864913;2.044070;37.541328
1.350603;3.396649;37.304416
1.934159;1.688468;37.578351
1.698075;2.436681;37.468860
1.960295;-0.277881;37.592053
1.722797;2.353779;37.483211
1.364662;3.271240;37.316420
2.110038;0.965216;37.666583
1.624958;2.635037;37.440260
0.696983;4.379658;37.009950
0.432461;4.647687;36.889224
0.735208;4.327373;37.032377
2.109118;0.186748;37.673291
2.090106;1.064230;37.664645
2.111135;0.619595;37.674709
0.605345;4.472934;36.976086
2.040090;1.132993;37.648284
1.989715;-0.228045;37.624105
0.921812;4.099709;37.128889
1.372021;3.119383;37.337611
1.001712;3.992764;37.167031
1.997212;1.241797;37.632066
1.626451;2.557920;37.460424
1.468130;2.980664;37.386094
1.855747;1.830304;37.568299
1.481878;2.955723;37.394292
2.069887;0.558544;37.670373
2.007666;1.163273;37.643950
1.954239;1.370690;37.620987
1.846088;1.929126;37.568641
1.814506;2.034981;37.553385
1.685329;2.313228;37.497090
1.270937;3.507681;37.302864
0.467346;4.575647;36.929492
1.244629;3.545729;37.292626
2.058494;0.234443;37.673714
0.650856;4.342942;37.017089
1.353923;3.105237;37.344870
1.873356;1.680742;37.589651
2.031477;-0.083243;37.661956
2.048504;1.019495;37.671781
1.723293;2.152788;37.521077
1.289203;3.381058;37.318520
1.743440;2.114427;37.531202
1.194088;3.621457;37.273938
0.779718;4.197593;37.082256
1.295297;3.309124;37.322290
0.667675;4.317100;37.030137
0.832662;4.128890;37.107283
0.565055;4.459356;36.984071
1.015669;3.921062;37.195334
2.054518;0.810091;37.679818
2.037857;0.246157;37.673917
1.903365;1.542804;37.611340
0.837411;4.105423;37.117145
1.410054;2.974604;37.384841
2.009905;-0.064773;37.665159
0.991636;3.927602;37.192218
1.818541;1.774807;37.579546
1.935400;1.272879;37.635155
1.946530;-0.189872;37.639497
2.024389;0.265761;37.676331
1.098439;3.762435;37.244515
1.257065;3.446475;37.321489
1.491334;2.826777;37.432560
2.012216;0.071602;37.675690
2.015248;0.235803;37.676753
1.334418;3.068131;37.360369
0.518264;4.455345;36.980805
2.046464;0.695200;37.692742
1.790897;1.948158;37.573483
1.644332;2.261414;37.505785
1.621689;2.312696;37.498363
1.172684;3.575985;37.288985
1.996497;0.415566;37.675864
1.986123;0.353258;37.671914
1.987854;0.127604;37.675924
0.733497;4.179330;37.092164
0.421801;4.523556;36.947667
1.020903;3.858677;37.227196
2.011230;0.873739;37.689072
1.256924;3.276073;37.337818
1.829012;1.626472;37.605934
1.367432;2.969691;37.390352
1.840023;1.483064;37.611722
1.888777;1.269492;37.635132
1.917321;-0.166655;37.649102
1.969310;0.363585;37.675076
1.829908;1.579884;37.609329
0.226134;4.685795;36.861654
0.523630;4.385159;37.002746
1.986689;0.500623;37.688024
1.123048;3.599672;37.286104
1.539198;2.496638;37.481157
1.767066;1.762111;37.588050
1.756344;1.798454;37.584568
1.971012;0.236960;37.682031
1.680385;2.069281;37.550035
1.291148;3.086261;37.357886
1.618085;2.171251;37.522749
1.223878;3.288749;37.339742
1.928104;-0.076356;37.668294
1.985022;0.727961;37.697301
0.380951;4.518377;36.948748
1.730513;1.854087;37.583098
1.587598;2.179521;37.518790
1.932845;0.091113;37.682059
1.471095;2.673045;37.467357
1.011900;3.746771;37.254741
0.451650;4.378535;36.993526
1.877083;1.172166;37.659688
0.775407;4.058897;37.146214
1.533680;2.389269;37.499119
1.798726;-0.246901;37.624215
1.709225;1.909723;37.582849
0.703966;4.126975;37.114775
0.620288;4.214765;37.075900
1.517478;2.439021;37.495603
1.958033;0.668687;37.701184
1.955780;0.613313;37.700613
1.214008;3.218355;37.356820
1.881308;-0.088345;37.667533
1.493132;2.520574;37.488712
1.437070;2.725824;37.463361
1.797470;1.310219;37.633627
1.716701;1.739451;37.597029
1.752614;1.563149;37.612589
0.679951;4.135100;37.113584
1.148889;3.443922;37.333801
1.889156;0.270378;37.681885
0.790428;4.002280;37.167850
1.938473;0.797360;37.704688
-0.133543;4.739694;36.738986
0.317057;4.492483;36.949392
0.157194;4.649159;36.872708
1.206523;3.164070;37.366612
1.857955;1.130654;37.669837
1.939917;0.850506;37.707046
0.393968;4.406046;36.987552
0.466404;4.306177;37.021348
1.793632;-0.214309;37.642496
1.728626;1.446904;37.610726
1.621234;1.980693;37.562491
1.539718;2.153326;37.525236
1.340498;2.846186;37.433195
1.507626;2.289497;37.511163
1.760432;-0.249763;37.630271
1.024818;3.620840;37.288884
0.261337;4.534225;36.932029
1.656790;1.865243;37.583052
1.101996;3.489228;37.324807
1.912085;0.538974;37.702566
1.871530;0.038194;37.684090
1.866931;1.052400;37.682081
1.651975;1.943101;37.580645
1.732027;1.363042;37.619713
1.049754;3.571442;37.302851
0.200946;4.584486;36.907837
1.348033;2.820506;37.440876
0.287761;4.495445;36.946773
1.917164;0.897748;37.707838
1.126657;3.397278;37.339637
0.427133;4.328050;37.013388
1.744547;-0.258812;37.626154
1.423258;2.645202;37.478566
1.711586;1.509778;37.614165
1.670163;1.774909;37.595107
1.816863;1.148284;37.663737
1.306159;2.875115;37.426177
0.926371;3.778250;37.248679
1.401417;2.691439;37.470482
1.786539;-0.193317;37.651809
1.727813;-0.271159;37.619771
1.821775;-0.113884;37.666954
1.387986;2.723210;37.466108
1.805875;1.170885;37.660438
1.617545;1.910194;37.575202
1.816030;1.129534;37.668844
1.515725;2.140951;37.528990
0.926902;3.753024;37.256319
1.685675;1.654438;37.610124
1.805427;-0.113340;37.666591
0.009657;4.666707;36.824864
0.643066;4.116617;37.125896
1.366282;2.739057;37.465106
1.721500;1.302132;37.630010
1.560687;2.011791;37.554915
1.146418;3.212758;37.362904
1.692134;-0.277270;37.617459
1.849195;0.165578;37.691444
1.682141;-0.290453;37.614120
1.815291;-0.071700;37.676346
0.927389;3.724783;37.262798
0.555803;4.197372;37.089609
1.685838;1.578630;37.618764
1.838212;0.125263;37.689946
1.328214;2.801325;37.451365
0.120756;4.587834;36.886277
1.829584;0.067893;37.688649
1.629385;1.780926;37.595889
0.458173;4.254554;37.051073
1.877292;0.730389;37.714353
1.260599;2.869517;37.427414
0.906588;3.707468;37.265975
1.865393;0.610716;37.713529
1.862281;0.501167;37.711573
1.349879;2.696541;37.475279
1.560105;1.910754;37.573625
1.726032;-0.217743;37.650933
1.162131;3.108322;37.388107
1.057535;3.387181;37.340176
0.573290;4.151198;37.116326
1.422526;2.489083;37.512174
1.719016;1.151029;37.651994
1.432201;2.405923;37.518871
1.014456;3.490661;37.323944
1.678954;-0.254806;37.634977
0.892105;3.679419;37.270242
1.856110;0.792196;37.721358
1.799876;0.236479;37.696359
1.361583;2.629526;37.490171
1.677498;1.233755;37.637975
-0.106642;4.674250;36.808052
-0.239669;4.728702;36.747237
1.154757;2.973344;37.399937
1.623368;1.422062;37.619403
0.791374;3.825828;37.230551
0.294136;4.370021;37.000018
1.304599;2.716860;37.474191
1.786013;0.221428;37.697717
1.725262;1.078071;37.670888
1.574921;1.735092;37.607649
0.145210;4.500337;36.940546
1.551140;1.816131;37.596160
1.664918;1.145671;37.650927
1.424230;2.149148;37.543910
0.214898;4.413637;36.980991
0.975682;3.420147;37.335226
1.798299;0.552605;37.720292
0.895020;3.568295;37.298465
1.619012;1.220265;37.638207
0.020946;4.571836;36.898053
1.763031;0.936219;37.709256
1.794579;0.846985;37.725759
1.721034;0.982002;37.691306
0.590298;4.023302;37.164098
0.811855;3.672592;37.267774
0.560303;4.059160;37.151116
0.404371;4.171719;37.079053
1.216009;2.759475;37.456790
1.689054;1.014012;37.677572
1.575424;1.590017;37.625779
1.548112;1.723881;37.613732
1.373741;2.387112;37.533674
1.728638;0.068291;37.699244
1.089049;3.092472;37.401756
1.167179;2.830150;37.439627
-0.158903;4.658114;36.819003
1.345676;2.507252;37.523947
1.434514;2.025848;37.566373
1.777900;0.794696;37.726062
0.359220;4.236220;37.064050
-0.089558;4.602991;36.856781
0.679736;3.852864;37.215268
0.811783;3.643755;37.277833
0.643822;3.913054;37.199960
1.616329;1.138944;37.652594
-0.401785;4.706402;36.712154
1.562133;-0.304497;37.629017
1.763139;0.840227;37.723190
0.571189;4.009910;37.167027
0.989376;3.244200;37.362045
1.740348;0.291088;37.714253
0.937021;3.392262;37.339808
1.545106;1.675953;37.623323
1.543788;1.341773;37.622596
1.103625;2.929503;37.418453
0.676835;3.830108;37.220059
1.375483;2.221966;37.546750
1.443106;1.915711;37.578078
0.754080;3.712090;37.257854
1.539000;1.513427;37.623643
-0.031256;4.559223;36.891856
1.415121;2.028027;37.567388
1.704126;0.095099;37.702135
1.641044;0.997105;37.672510
1.362480;2.256762;37.544926
1.647622;0.958784;37.677199
1.690274;0.058458;37.697245
0.254002;4.299819;37.028259
0.132534;4.427554;36.973634
1.515343;1.455251;37.618843
1.185709;2.730833;37.465009
1.660248;-0.052820;37.687110
-0.332385;4.698733;36.760144
0.201063;4.352096;37.008848
-4.555425;0.706875;37.077008
1.724652;0.576396;37.720132
1.286083;2.575172;37.514441
1.580277;-0.258170;37.652025
1.526184;1.623869;37.629790
0.331071;4.211103;37.072960
1.706964;0.810610;37.715616
0.264626;4.250260;37.042291
1.569617;1.148932;37.652862
1.125921;2.811049;37.445778
-0.152550;4.592192;36.849725
1.725438;0.652237;37.725395
1.671160;0.208705;37.701949
1.699722;0.270507;37.715438
1.503311;1.672866;37.622362
0.380657;4.119886;37.095969
1.706473;0.781097;37.719955
0.603202;3.873416;37.208304
0.837448;3.445483;37.318468
1.327219;2.289886;37.548148
1.573684;1.092919;37.662948
1.281270;2.517729;37.526751
0.886908;3.357705;37.343783
0.971271;3.151911;37.383301
1.053129;3.012923;37.421063
1.188848;2.665824;37.487023
1.419459;1.832790;37.598015
1.023731;3.074470;37.414985
1.475033;1.341542;37.624544
1.056881;2.902878;37.432918
1.532875;1.114681;37.656209
0.604462;3.797808;37.222613
1.290685;2.401878;37.542963
1.232920;2.554214;37.517473
0.888989;3.301484;37.357244
1.562169;1.021102;37.671529
-0.071710;4.490596;36.910888
-0.488203;4.700166;36.716823
0.717893;3.638185;37.279736
0.059430;4.415077;36.972670
0.502070;3.951685;37.180040
1.443166;1.689069;37.619907
0.797548;3.433072;37.318863
-0.342749;4.658296;36.790733
1.377450;1.880874;37.595796
1.004449;3.015258;37.422456
1.059452;2.825665;37.447428
-0.287949;4.617383;36.822593
1.641657;0.712635;37.722375
1.674508;0.441925;37.737331
1.431595;1.333152;37.625721
1.595329;0.854360;37.702814
1.377043;1.806669;37.602190
1.593739;0.092546;37.702781
1.528938;-0.034665;37.675028
1.537045;-0.193552;37.680727
0.257908;4.148750;37.085094
1.629655;0.298995;37.722706
1.272221;2.266031;37.560737
-0.529517;4.685706;36.720881
0.853657;3.266775;37.366508
-0.113397;4.459880;36.915945
-0.035566;4.409325;36.953337
-0.517880;4.677215;36.732003
0.014517;4.383723;36.978937
0.160570;4.232553;37.048180
0.704057;3.507515;37.302392
1.434527;-0.315118;37.644024
0.548435;3.741159;37.231242
0.986377;2.900068;37.436339
0.803108;3.283709;37.351438
-0.549949;4.680333;36.720953
-0.502200;4.664635;36.746074
1.046814;2.761878;37.465515
1.513194;-0.061881;37.681689
1.608486;0.636337;37.728380
1.593254;0.266143;37.721683
0.212265;4.158009;37.077119
1.516768;-0.175650;37.685721
1.133173;2.595188;37.507239
1.377092;1.682710;37.621137
-0.203710;4.499749;36.887364
0.221884;4.136790;37.087177
1.440492;1.172219;37.656015
1.599864;0.552669;37.729757
0.286452;4.066469;37.118721
1.579760;0.694144;37.723072
0.688968;3.475071;37.307782
0.994771;2.833123;37.451758
0.944207;2.954519;37.427925
1.206647;2.399827;37.550044
1.437527;1.133999;37.658562
0.343966;3.997846;37.150141
0.662201;3.566147;37.297255
1.474371;1.017109;37.676274
0.681274;3.499281;37.306682
1.578484;0.636368;37.725797
1.599687;0.415627;37.735915
1.567374;0.243599;37.721609
0.480940;3.793112;37.214574
1.411278;1.247392;37.648446
-0.551367;4.666242;36.734225
-0.530269;4.656413;36.744904
1.429751;1.158063;37.657438
0.880067;3.103284;37.400410
1.583762;0.576696;37.729434
0.688063;3.443411;37.312709
-0.509043;4.648603;36.756967
1.416435;-0.299182;37.652900
1.579607;0.290058;37.729536
0.326559;3.994902;37.144103
1.471326;0.957053;37.678264
0.564745;3.675925;37.255719
0.695615;3.417552;37.316976
0.814921;3.210454;37.373850
0.994306;2.806576;37.457352
-0.205823;4.471003;36.898101
1.417985;1.139678;37.655584
0.838250;3.158626;37.385039
0.426525;3.876141;37.194274
1.568590;0.271281;37.727174
0.257309;4.078240;37.118510
1.579139;0.530117;37.731956
1.270083;2.086439;37.587572
1.314237;1.831751;37.609314
0.381399;3.958799;37.173592
1.131876;2.540283;37.525119
1.354189;1.573349;37.628053
0.105069;4.251514;37.047413
1.155670;2.465806;37.537176
1.303489;1.912466;37.606366
1.478705;0.926932;37.686613
-0.096695;4.379015;36.952676
1.516855;0.847559;37.706079
0.923646;2.953774;37.429772
1.024192;2.723000;37.476991
-0.302075;4.531458;36.858260
1.425740;-0.261546;37.665766
0.133863;4.199874;37.062698
0.427479;3.847069;37.200514
1.004888;2.758065;37.468852
1.573423;0.381250;37.735285
1.154686;2.432934;37.540025
0.038217;4.297850;37.019393
1.449438;0.959394;37.677760
0.609748;3.610749;37.288245
0.278400;4.020776;37.132385
0.401492;3.892074;37.191042
0.830295;3.136114;37.391398
0.868128;3.076106;37.409167
1.270278;1.974430;37.597440
1.335273;1.420906;37.628743
-0.332992;4.541189;36.848856
1.443899;0.990650;37.678800
0.513643;3.691547;37.244855
1.006083;2.732398;37.475189
1.178003;2.352450;37.556581
0.115188;4.216789;37.061803
-0.255543;4.473174;36.889914
-0.536372;4.626457;36.759637
0.647341;3.489335;37.309751
1.443016;-0.215707;37.683211
1.138719;2.439999;37.541253
1.398907;1.080493;37.662877
1.536398;0.560793;37.729653
0.247642;4.053000;37.127133
1.239793;2.071453;37.590704
0.619541;3.562959;37.301548
0.396261;3.857080;37.198302
1.520269;0.709251;37.723266
-0.490965;4.609139;36.785763
1.546727;0.445010;37.736169
1.517792;0.645207;37.724599
0.684905;3.298350;37.335143
0.407460;3.823831;37.207163
0.120123;4.187449;37.072723
1.141893;2.414375;37.549317
0.857627;3.041046;37.418071
0.322245;3.955188;37.167704
0.233824;4.063698;37.125112
1.439714;0.895565;37.691500
1.432982;0.932784;37.686644
0.987828;2.717674;37.480459
0.692798;3.262283;37.343864
-0.604817;4.632101;36.739223
1.358749;1.172276;37.654189
1.450909;0.868314;37.699043
-0.010461;4.281797;37.017209
0.096071;4.195891;37.068624
1.306128;1.343897;37.632338
1.455746;-0.070750;37.703612
1.518650;0.290995;37.734105
1.283701;1.659074;37.625769
1.391327;0.977832;37.675852
1.257096;1.849193;37.613778
-0.104843;4.321322;36.980500
-0.342677;4.498397;36.868320
1.285189;1.566338;37.630707
1.155934;2.255272;37.573381
1.455239;0.069639;37.710990
1.329503;1.159480;37.654268
1.020114;2.578470;37.510331
1.261932;1.719314;37.622992
1.432980;-0.103762;37.704974
1.262907;1.685885;37.624825
-4.425089;0.533859;37.136290
-0.449449;4.540991;36.830366
0.331463;3.886860;37.194341
0.256527;3.938380;37.158360
1.026998;2.518098;37.522342
-4.142573;0.491807;37.250493
0.803503;3.043120;37.419655
-0.035228;4.236882;37.028968
0.917629;2.797815;37.476560
0.612076;3.384489;37.332407
1.369786;0.927306;37.686565
1.171910;2.087148;37.595715
1.412525;0.832985;37.709791
1.298342;1.051932;37.658650
0.528693;3.555237;37.302604
1.438907;0.226394;37.725931
1.193392;1.910091;37.612749
1.271098;1.221181;37.650728
0.153765;4.035268;37.127846
1.231115;1.586148;37.634395
1.408469;0.117734;37.723118
0.225649;3.925365;37.165956
1.444938;0.506091;37.738256
1.245232;1.278807;37.646207
1.236413;1.448099;37.639791
1.329246;-0.228590;37.683293
-0.465199;4.491915;36.848358
1.420500;0.697097;37.727098
-0.092786;4.226132;37.022884
1.028259;2.429413;37.546515
-0.708764;4.593015;36.736236
0.458032;3.598400;37.281528
1.255814;-0.306143;37.655767
-0.612191;4.561823;36.782763
1.376272;0.801830;37.711414
1.255506;1.161832;37.655515
-0.412984;4.441835;36.878463
1.221250;1.534654;37.640505
0.430714;3.617269;37.272369
0.907851;2.677928;37.494749
1.099496;2.176306;37.588390
1.168480;1.834418;37.616708
-0.251638;4.327042;36.954810
1.365036;-0.085459;37.709485
0.885524;2.779852;37.486407
-0.378209;4.408220;36.897893
0.343042;3.723093;37.232737
1.163398;1.757523;37.617700
1.399102;0.640734;37.727566
1.436195;0.333730;37.745297
-0.714922;4.583196;36.741828
1.064262;2.276948;37.574972
1.246367;1.051750;37.660459
1.259153;0.955370;37.668844
1.347028;-0.112549;37.708744
1.431667;0.420896;37.747699
0.562012;3.353309;37.343005
0.280667;3.795189;37.210602
1.048614;2.290054;37.571054
1.385321;0.191845;37.729366
0.776672;2.940351;37.445799
1.127293;1.971194;37.609057
0.067170;4.046220;37.117794
0.932195;2.546960;37.520852
1.122610;1.932399;37.610536
0.781426;2.920618;37.452574
0.721532;3.041106;37.424216
1.227377;1.067551;37.660276
0.571078;3.273506;37.355394
1.325484;0.823913;37.707898
0.892819;2.631731;37.506610
-0.399279;4.378980;36.905640
1.387119;0.259365;37.736463
1.073469;2.167274;37.590497
1.344963;0.780884;37.720050
1.186459;0.924346;37.673569
0.986244;2.402465;37.551888
1.231783;0.863843;37.695047
-0.159875;4.222575;37.018733
1.277698;-0.227705;37.688447
-0.007574;4.093731;37.090341
1.209438;1.229908;37.658192
1.358277;0.683781;37.730370
0.020418;4.061543;37.106639
1.132327;1.715160;37.625242
1.065812;2.092785;37.595425
-0.576357;4.470706;36.828460
1.207145;1.205314;37.660586
-0.626461;4.506764;36.805072
1.185916;1.367312;37.650061
-0.288969;4.293164;36.963531
1.145991;1.658203;37.632814
1.179824;1.482787;37.648731
1.288759;-0.167016;37.699480
0.284808;3.710345;37.232611
-4.552736;0.381479;37.075655
1.360521;0.200468;37.734833
0.231012;3.800087;37.208566
-0.714554;4.528494;36.767394
0.361726;3.623763;37.271448
1.349014;0.636507;37.732875
-4.126100;0.445679;37.258086
-0.317309;4.294039;36.957866
1.177385;0.976870;37.665533
0.814548;2.748376;37.493540
0.135497;3.889015;37.177103
1.331638;0.535337;37.737857
0.083360;3.937374;37.154649
1.290520;-0.008802;37.716752
1.241030;-0.197698;37.694143
0.667125;3.038217;37.427280
0.748337;2.868878;37.466976
0.554472;3.207483;37.376824
-0.613427;4.436678;36.833314
0.817036;2.664693;37.501013
-0.152284;4.139144;37.050852
1.058747;1.937438;37.614868
-0.225676;4.191850;37.019970
0.673403;2.984040;37.439762
0.503520;3.280448;37.362033
1.319115;0.303721;37.741710
0.356974;3.562660;37.293171
-4.438204;0.674838;37.128906
-0.209637;4.174290;37.030101
-0.590146;4.406566;36.852049
1.233515;-0.167966;37.703280
0.189580;3.767441;37.218262
0.767494;2.761608;37.487375
0.906608;2.380786;37.552931
-0.091229;4.060331;37.088995
0.958329;2.262888;37.580170
0.063865;3.889492;37.163289
0.936819;2.317999;37.570498
0.775124;2.687390;37.496075
1.136825;1.306656;37.664721
1.297198;0.259080;37.740781
1.080903;-0.318902;37.644654
-0.504631;4.321812;36.905359
-0.754684;4.469081;36.790374
0.442928;3.366087;37.353362
1.274670;0.413643;37.742378
0.005350;3.903646;37.151724
0.580582;3.067085;37.421645
0.813934;2.546164;37.530123
-0.847783;4.518898;36.756310
1.002567;1.825768;37.618308
1.040323;1.651025;37.636457
1.064492;1.538033;37.649157
0.709311;2.777631;37.483138
1.047031;-0.334804;37.641341
-0.868346;4.542950;36.748131
0.188212;3.676774;37.241352
-0.446814;4.246610;36.945930
0.975925;2.050354;37.610337
0.305737;3.517607;37.298143
0.992176;1.967254;37.618718
1.226450;0.092865;37.727898
0.605008;2.993344;37.438600
0.994481;1.938313;37.620896
-0.033454;3.944043;37.142490
0.844447;2.407719;37.552897
-0.578666;4.330132;36.888443
-0.267284;4.125317;37.034426
0.066394;3.796742;37.192475
1.152441;-0.201677;37.698467
1.228105;0.517833;37.733333
0.546880;3.093597;37.416786
0.154592;3.721945;37.235355
0.469617;3.212895;37.381426
-0.032280;3.930677;37.147280
0.173044;3.667400;37.243175
0.993760;1.688269;37.626823
-0.108942;4.006714;37.112300
1.066170;1.361054;37.661219
1.018613;-0.341993;37.639174
0.261381;3.538356;37.285467
0.916970;2.156850;37.593605
-0.238549;4.091719;37.053905
1.178892;-0.106309;37.715246
0.632067;2.878520;37.460609
1.223574;0.173797;37.736862
0.308743;3.487729;37.311057
1.183188;0.012241;37.719321
0.024992;3.825540;37.179561
0.921391;2.130162;37.598995
1.216484;0.439191;37.737639
0.006896;3.834861;37.172859
-0.362310;4.154763;37.000881
0.997401;-0.347014;37.634859
1.199145;0.092712;37.728953
0.100255;3.739253;37.218566
-0.872494;4.522087;36.767846
1.212993;0.605950;37.738700
-0.582214;4.308404;36.900904
1.202203;0.148184;37.734292
0.399436;3.371035;37.360511
-0.759353;4.433247;36.824560
0.868228;2.294727;37.579849
0.319047;3.464404;37.325113
0.947652;1.797585;37.618637
1.217935;0.401456;37.744951
0.038392;3.784543;37.195334
0.479387;3.149695;37.400599
1.077781;1.037849;37.679307
1.055538;1.336632;37.669139
0.944825;1.855163;37.619310
0.941977;1.914551;37.618540
1.186307;0.120672;37.731186
-0.354608;4.133337;37.013730
0.127225;3.710506;37.237583
0.956060;1.707140;37.624770
0.741968;2.581160;37.525576
0.451616;3.192443;37.390022
1.217285;0.705423;37.744326
0.222338;3.525005;37.282564
0.663085;2.744392;37.489365
-0.039735;3.853489;37.161315
0.712374;2.624746;37.513824
-0.227598;4.045424;37.075069
0.775459;2.493091;37.542713
-0.500552;4.231115;36.947226
0.409521;3.304289;37.372797
1.067364;1.011985;37.678649
1.191249;0.421391;37.739161
0.194064;3.561370;37.272609
0.502541;3.094537;37.417862
-0.249604;4.054010;37.066786
1.189368;0.178823;37.738023
-0.640947;4.343235;36.884802
0.935148;1.768566;37.619824
1.017202;1.422745;37.657654
0.482574;3.124531;37.410094
0.090567;3.702332;37.227963
0.990238;1.564137;37.646474
0.808978;2.370000;37.562861
0.772784;2.461569;37.546215
0.927977;1.967582;37.618525
1.191491;0.640104;37.741462
0.921602;1.850258;37.616965
0.861142;2.204836;37.588097
0.659665;2.718141;37.495001
0.324105;3.442956;37.338447
0.923807;1.885814;37.618870
-0.034482;3.827384;37.171726
0.925686;1.792837;37.619974
0.636124;2.756933;37.485611
0.536339;2.985372;37.439004
0.876410;2.148058;37.597837
0.047277;3.739228;37.211228
-0.703888;4.386592;36.863358
0.567103;2.899832;37.453900
1.009559;1.367040;37.660877
1.161428;0.517801;37.731599
0.508951;3.053359;37.427795
0.774222;2.434160;37.551417
0.619805;2.775917;37.479719
0.146657;3.632119;37.258090
-0.247789;4.031934;37.075702
1.171942;0.672303;37.737913
1.059204;0.957243;37.677910
0.770951;2.389136;37.556479
-0.560386;4.258224;36.935449
0.045236;3.711355;37.219454
0.914947;1.683422;37.625193
0.982416;1.479064;37.657014
0.383522;3.248330;37.378151
0.897188;1.972554;37.619096
0.488865;3.040315;37.429402
0.818727;2.257216;37.583142
0.572639;2.784585;37.469429
0.982058;-0.310403;37.663005
1.020976;1.289975;37.679263
-0.267671;4.019056;37.082862
-0.707942;4.373307;36.878840
1.071324;-0.180156;37.709663
1.077442;-0.135013;37.714072
1.117223;0.125664;37.732887
0.421440;3.127509;37.408625
1.105986;0.693749;37.729786
0.702444;2.430206;37.555680
-0.810250;4.432971;36.835478
0.261837;3.406227;37.339122
0.945287;1.436900;37.657366
1.093763;0.495474;37.728928
0.863216;1.735215;37.622472
1.065346;-0.043664;37.718749
0.053800;3.623136;37.247548
0.505886;2.845168;37.457845
0.787001;2.175556;37.590136
1.130859;0.273545;37.749852
-0.120920;3.850197;37.165619
-0.704431;4.355215;36.895333
0.993680;1.179699;37.687706
0.542839;2.706185;37.478196
0.547841;2.681932;37.482614
0.887027;-0.322162;37.642211
-0.592229;4.241036;36.951826
-0.280018;3.983558;37.098836
0.156981;3.452000;37.304089
1.021568;-0.113414;37.714319
0.972637;1.038716;37.693192
0.744406;2.222793;37.585577
0.524815;2.671996;37.482721
0.962782;1.136351;37.687584
0.501112;2.714683;37.472746
-1.053896;4.596986;36.748246
0.299315;3.208533;37.379418
0.007740;3.619768;37.243550
0.252546;3.302347;37.358147
0.800836;1.965126;37.614223
0.821231;-0.354705;37.624208
1.016442;0.768315;37.714664
1.023788;0.010015;37.721875
0.829305;1.632145;37.630936
1.041805;0.698666;37.730043
1.086746;0.242165;37.750485
0.916864;1.354657;37.675730
0.437240;2.863829;37.450375
-0.097048;3.725259;37.201129
-0.510221;4.148342;37.006528
0.762575;2.083596;37.602762
0.798405;1.884578;37.619877
1.037937;0.438462;37.731381
-0.885770;4.455974;36.833811
0.144490;3.412929;37.315129
-0.946520;4.508354;36.806808
0.808687;1.765349;37.626010
0.890598;1.361614;37.674147
0.597954;2.563699;37.530329
0.978822;-0.187964;37.708591
-0.096449;3.680998;37.209485
0.812674;1.598743;37.634207
-0.320933;3.979875;37.105693
1.013527;0.491289;37.729202
0.201639;3.284936;37.350920
-0.459906;4.087305;37.042807
0.783951;1.833771;37.623637
0.723034;2.118285;37.596263
0.873867;1.402502;37.667122
1.008115;0.119033;37.729731
0.249697;3.184319;37.376264
0.691375;2.196899;37.584462
0.808767;1.541784;37.638813
0.932292;1.241869;37.698260
0.439866;2.755926;37.468376
0.946201;-0.196624;37.706350
0.204486;3.223824;37.360042
-0.665645;4.252417;36.953746
0.922118;1.207453;37.696603
-1.099106;4.599281;36.759430
-0.120748;3.651478;37.211462
0.922301;0.935293;37.699667
0.754094;1.887185;37.622076
0.311974;3.056311;37.416997
0.101286;3.402718;37.319597
1.016338;0.332403;37.746543
0.975130;0.694695;37.727636
-0.474672;4.078601;37.051697
0.572968;2.491565;37.541685
1.013410;0.236762;37.747448
0.055268;3.447624;37.300621
-0.164298;3.769667;37.198995
0.633621;2.390210;37.562475
0.962228;0.113902;37.726176
0.333924;2.980649;37.433275
0.896966;1.013817;37.696945
0.900054;1.219013;37.697844
-0.297207;3.908628;37.141342
0.806103;-0.307504;37.654397
0.739210;1.854737;37.624532
0.910304;-0.193461;37.704985
0.231178;3.125808;37.387851
0.970702;0.422348;37.733263
0.921968;0.845201;37.710388
0.389783;2.806754;37.463618
0.369222;2.868061;37.453708
-0.333332;3.942226;37.125983
0.451121;2.631813;37.492801
0.898021;1.243369;37.700115
0.952831;0.662691;37.726885
0.568861;2.442049;37.550795
0.936704;0.756535;37.722187
0.668590;2.090608;37.597245
0.419312;2.692610;37.481028
0.685217;2.038737;37.605882
-0.682116;4.232875;36.969085
0.238410;3.101974;37.398015
0.342331;2.899544;37.447176
0.944365;0.502476;37.728306
-0.080273;3.566742;37.251366
-0.653070;4.199071;36.985057
-0.119148;3.601788;37.234398
0.758846;1.518992;37.643583
-1.174442;4.614856;36.742069
0.916760;0.090070;37.717634
-0.179236;3.743263;37.209617
0.718685;1.806404;37.627737
0.889181;-0.168026;37.707871
0.732694;1.600588;37.635551
0.814014;-0.264135;37.675032
0.270592;2.993891;37.421385
0.962303;0.223297;37.744540
0.139917;3.215936;37.363339
-0.136018;3.584240;37.235938
0.721711;1.564325;37.636571
0.939539;0.199885;37.739366
-0.013432;3.437873;37.295299
-0.928714;4.421248;36.871333
0.074527;3.304130;37.338673
-0.327734;3.872277;37.155440
0.739971;1.449418;37.653906
0.802511;1.194909;37.688256
0.802149;1.288919;37.685530
0.479942;2.486846;37.536764
0.612169;2.083740;37.600547
-0.222456;3.600584;37.212489
0.818382;-0.191307;37.698388
0.876970;0.675363;37.727223
0.674441;1.651333;37.633904
0.643911;-0.361099;37.621316
0.829527;-0.115292;37.709860
0.862232;0.144298;37.725606
0.728872;-0.296254;37.663125
0.774440;1.175806;37.686417
-0.890245;4.359350;36.908409
0.331935;2.730052;37.480182
0.710393;1.409878;37.657105
0.860115;0.525994;37.727162
0.799347;0.992201;37.699589
0.113980;3.122725;37.380340
0.854872;0.636944;37.726799
0.857862;0.663232;37.728213
0.639515;1.826950;37.626829
0.877624;0.250743;37.739821
-0.261011;3.584689;37.210496
0.849558;0.480227;37.728873
0.780265;1.013223;37.697447
-0.028959;3.337076;37.321210
0.610990;1.949050;37.619497
0.008295;3.264552;37.340357
0.098803;3.104512;37.381438
0.258778;2.849711;37.457291
0.652026;1.592176;37.640749
0.729387;-0.249121;37.677198
-0.211708;3.550930;37.238085
0.809881;0.036429;37.716722
0.849779;0.391204;37.735217
-0.699546;4.161812;37.013734
-0.878210;4.317527;36.930458
-0.647510;4.107491;37.039467
0.851312;0.326260;37.737868
0.706434;-0.249452;37.674308
0.395966;2.524833;37.528959
0.630609;1.590846;37.638674
0.696859;1.334655;37.670359
-0.315750;3.646467;37.199051
-0.804172;4.239737;36.970902
0.501300;2.195643;37.580028
0.631879;-0.336298;37.640385
0.501745;2.232363;37.580231
0.484954;2.284677;37.573781
-0.407735;3.821791;37.158103
0.837525;0.296490;37.738825
-0.045286;3.300155;37.328684
0.557604;2.001981;37.611493
0.711290;1.190022;37.683242
-0.231349;3.509942;37.246241
-0.071505;3.311399;37.321691
0.819850;0.339579;37.736858
0.499526;2.102550;37.587764
0.780694;0.049242;37.719375
0.183726;2.867346;37.442100
-1.382972;4.550837;36.711220
0.089045;3.019830;37.398075
0.456279;2.369046;37.572921
0.106834;2.985544;37.406621
0.830515;0.238882;37.743214
0.790658;0.675488;37.725872
-1.142035;4.511117;36.823497
0.374530;2.523901;37.531715
-0.313339;3.567341;37.211545
0.600023;1.665447;37.639055
-0.776709;4.184684;36.996191
0.561165;1.919380;37.619936
-1.192281;4.558443;36.807155
0.113819;2.959718;37.411951
-0.129155;3.421915;37.295340
-0.326301;3.592828;37.206628
-0.617330;4.037614;37.071974
0.057354;3.057917;37.386514
0.523271;2.040499;37.605025
0.744901;0.947424;37.707752
0.589734;1.729877;37.635470
-0.302704;3.545305;37.219103
0.725901;-0.119736;37.697731
0.561021;1.881976;37.622730
0.820406;0.272097;37.743587
0.528459;2.014348;37.608921
0.596101;1.592570;37.641843
0.159151;2.874644;37.438480
0.670850;1.221036;37.678313
0.719999;0.977846;37.701161
-1.111186;4.481439;36.846817
-0.295002;3.521815;37.228642
-1.162643;4.521932;36.821612
-1.275421;4.575686;36.776307
0.117525;2.912975;37.421509
-0.397049;3.737677;37.181637
0.685556;1.079463;37.686669
0.420644;2.453758;37.559476
0.574058;1.762895;37.635440
-0.323603;3.548949;37.216643
-1.212722;4.567541;36.803773
0.723727;0.952675;37.705702
0.340383;2.541275;37.526002
-0.077043;3.251337;37.333347
-0.732545;4.131739;37.027440
-0.165622;3.437630;37.292023
-0.508424;3.847361;37.132313
-0.087860;3.299879;37.328849
-0.435771;3.780952;37.167037
0.571325;1.713704;37.637040
0.514850;-0.360758;37.610599
0.704828;-0.059079;37.698701
-0.118500;3.368244;37.317745
-0.210016;3.445959;37.274372
-0.319377;3.528759;37.223295
0.757845;0.755102;37.726567
0.128557;2.865799;37.433893
0.647679;1.158979;37.676580
0.790618;0.329664;37.737668
0.561480;1.736163;37.636414
0.446339;2.379778;37.580926
0.066419;2.957359;37.407538
0.571505;1.544869;37.643123
-1.196035;4.534618;36.819203
0.553675;-0.339455;37.633638
-0.337676;3.539627;37.220347
0.701286;0.961674;37.705606
0.176325;2.775534;37.462801
0.415301;2.209286;37.573910
0.267341;2.583628;37.505005
-1.080178;4.405157;36.877489
0.727392;0.093798;37.720509
0.423401;2.347737;37.578470
0.207026;2.700658;37.479517
0.412046;2.170905;37.576503
0.762566;0.329446;37.739242
-0.933179;4.265873;36.952739
0.655117;1.047722;37.690202
0.590436;1.367827;37.662806
0.149053;2.778712;37.458360
-1.232388;4.538589;36.816711
0.713169;0.014233;37.718564
0.742082;0.411696;37.734889
0.698920;0.904622;37.714716
0.561564;-0.315714;37.653025
0.350640;2.461997;37.555206
0.381165;2.155515;37.574920
0.528145;1.647925;37.642561
-4.424253;0.649774;37.132742
0.646576;-0.164194;37.698619
0.396312;2.401552;37.587172
0.492944;1.841824;37.629072
0.696234;0.604362;37.724038
-1.238899;4.508810;36.828232
-0.265072;3.339679;37.278358
0.393994;2.305648;37.578561
0.691238;0.757394;37.724544
-0.338611;3.437559;37.245823
-0.390639;3.529578;37.222483
0.694327;0.524927;37.727840
0.656024;0.119358;37.712469
0.531733;1.424658;37.654800
-0.150158;3.252483;37.338598
0.026970;2.872930;37.420988
-0.494893;3.716229;37.179992
0.667640;0.767567;37.722327
0.641051;0.169020;37.711052
0.653214;0.027978;37.718244
-0.435477;3.597249;37.211414
-1.090234;4.325214;36.905566
0.100267;2.697330;37.463694
0.223106;2.531436;37.519586
0.253829;2.465843;37.533411
-4.524660;0.796957;37.086113
0.212314;2.557039;37.514716
0.533097;1.278611;37.668484
-4.446085;0.435107;37.120886
0.400449;-0.372117;37.608026
0.526719;1.341104;37.667428
-0.670654;3.863846;37.110329
-0.611737;3.761692;37.137782
-0.191386;3.146197;37.333700
-4.604212;0.709606;37.047655
0.566052;1.069668;37.688577
-0.246535;3.210454;37.309925
-0.041319;2.908039;37.406057
0.457121;1.699328;37.638384
0.133024;2.658299;37.489695
0.603694;0.927566;37.707531
0.625547;-0.071447;37.719573
-0.390863;3.425597;37.247454
-1.046006;4.234023;36.940735
0.336363;1.949222;37.586171
-0.641104;3.766243;37.131937
0.469628;1.516489;37.649660
-0.231103;3.156520;37.323029
0.645720;0.519537;37.733239
-0.343206;3.328543;37.272710
0.628092;0.643686;37.725654
0.312022;2.203434;37.578794
-0.088574;2.954271;37.393018
-0.764218;3.908855;37.079262
-0.496633;3.627519;37.203874
0.642598;0.475051;37.735551
0.498802;1.197711;37.669721
-0.898794;4.141300;37.018024
0.093117;2.591726;37.482331
0.598286;-0.047485;37.716238
0.644225;0.356914;37.737792
-0.011788;2.787946;37.433254
0.281869;2.069601;37.570111
0.588994;0.212992;37.714781
0.593537;0.794448;37.716618
-0.305740;3.216101;37.298394
-1.275130;4.447765;36.847698
0.015823;2.726469;37.448170
-0.851744;4.081026;37.045352
0.540453;-0.170437;37.693093
-0.150079;3.042873;37.369895
-0.559209;3.651835;37.181589
-0.687715;3.795115;37.121740
0.618156;0.306571;37.730835
0.370151;-0.356345;37.617610
0.597744;0.718735;37.722256
0.025559;2.694163;37.455390
0.473937;1.391003;37.664211
-0.009800;2.753594;37.440054
0.580319;0.001598;37.714377
-1.347068;4.508307;36.817385
0.487793;-0.248864;37.672787
0.565606;0.237697;37.711602
0.390080;1.859284;37.626560
-0.087122;2.906467;37.404882
0.279742;2.217427;37.578114
0.416829;1.731861;37.639773
0.312593;1.922290;37.592018
-0.475284;3.539668;37.226234
-0.851545;4.055434;37.052443
0.557150;0.906692;37.708157
-1.367905;4.521362;36.813107
-0.323473;3.191314;37.299620
0.505528;1.050167;37.687003
-1.552255;4.517855;36.727876
-1.252963;4.422222;36.867138
-0.429922;3.396447;37.252042
0.190878;2.466724;37.536975
0.568373;0.757514;37.718779
0.456551;1.274186;37.667667
0.391884;1.707956;37.636797
0.619046;0.446959;37.743079
0.552122;0.814724;37.712704
0.460162;-0.253585;37.671006
0.273976;1.951463;37.583236
0.255254;2.231871;37.575981
0.344954;-0.349549;37.619946
0.430928;-0.286295;37.659356
-0.677485;3.679186;37.142007
-0.033121;2.724812;37.443169
0.153427;2.531081;37.530359
0.543051;-0.022964;37.712483
-1.301956;4.427783;36.854806
-1.574523;4.509646;36.727278
-0.809640;3.868817;37.084059
-0.459159;3.450353;37.246801
-0.395714;3.243230;37.278791
0.463017;1.130176;37.678020
0.522587;0.123209;37.707163
-0.412839;3.292710;37.270465
-0.868888;3.999945;37.059292
0.338871;1.815371;37.621350
0.552568;0.685822;37.721243
-0.746309;3.778881;37.115370
-0.325151;3.131703;37.312192
0.581595;0.502878;37.736671
-0.743157;3.742051;37.119996
0.524739;0.059480;37.712251
-1.085220;4.179951;36.961374
-0.130702;2.921040;37.406786
0.221839;2.018537;37.574077
-0.111738;2.809778;37.418036
0.536475;0.582316;37.721765
0.394953;1.561155;37.656482
-1.167012;4.261724;36.925686
0.157774;2.428257;37.544579
0.267470;1.855356;37.598469
0.060424;2.408733;37.502939
-0.068118;2.693537;37.443907
0.431312;1.186762;37.676052
0.529869;0.269916;37.723480
-0.549562;3.498909;37.221412
0.501756;0.037141;37.711737
0.159097;2.306410;37.552421
0.215273;2.093916;37.578826
0.340835;1.686666;37.639245
0.126100;2.389563;37.524916
-0.700899;3.596008;37.156281
-0.623078;3.525680;37.193127
0.369746;1.539293;37.656545
0.537473;0.403148;37.734838
0.326514;1.713937;37.636969
-1.370720;4.472732;36.841092
0.420246;1.063318;37.681680
-0.749119;3.649011;37.137045
-0.851221;3.827537;37.088917
0.330351;-0.313515;37.639918
-0.939953;4.048016;37.050734
-0.482133;3.250748;37.267279
-1.264024;4.304008;36.909862
0.484524;0.619355;37.719934
0.445201;0.882516;37.701266
0.186187;2.200754;37.577561
0.446589;0.138652;37.701856
0.229404;1.819295;37.602056
-0.114446;2.687196;37.442406
0.345897;1.478247;37.656898
0.342503;1.573179;37.655692
-0.268102;2.953871;37.371521
-1.126847;4.160333;36.970809
0.133447;2.216090;37.561808
0.349669;1.168629;37.670155
0.335486;1.386943;37.657521
0.426567;0.903652;37.699468
-0.780088;3.640676;37.138097
-1.176002;4.186007;36.954613
0.456853;0.320043;37.718623
-0.950752;3.944504;37.059940
-0.346317;2.956456;37.344152
-0.602643;3.465334;37.225018
0.425036;-0.078698;37.703651
-0.496086;3.166883;37.274944
-4.473100;0.368316;37.105765
-0.005157;2.350110;37.509741
0.414115;0.808358;37.702363
0.338817;-0.247312;37.668761
0.301362;1.371751;37.653367
-0.582133;3.416490;37.241582
-0.838042;3.665829;37.122381
0.146002;1.949099;37.581499
0.395053;-0.111884;37.698319
0.116410;2.008001;37.568588
0.355696;-0.198820;37.681493
0.177843;1.806076;37.597402
-0.054813;2.450007;37.488118
-0.914741;3.807173;37.089662
0.394578;0.822192;37.701195
0.225810;1.758799;37.621078
-0.990301;3.973427;37.055411
-0.295346;2.876567;37.380176
0.193192;1.782506;37.607470
0.377900;0.983109;37.696080
0.416221;0.630023;37.713527
-0.548849;3.331695;37.263497
-0.288397;2.848676;37.385930
0.053301;2.155208;37.546877
0.267011;1.594299;37.648555
0.220289;1.705838;37.628562
-0.858218;3.647222;37.125595
0.414208;0.558192;37.719615
0.338900;-0.183405;37.685574
0.344475;1.045899;37.689077
0.032932;2.163203;37.544081
0.409343;0.670746;37.712453
-1.017227;3.962926;37.054831
-1.252862;4.176262;36.944714
-0.032632;2.292621;37.513433
0.344555;-0.154412;37.690557
-0.996076;3.907305;37.065338
0.396318;0.213082;37.714532
-1.219927;4.136856;36.961168
-0.563331;3.299405;37.266523
0.322319;1.154005;37.677877
-1.110349;4.080767;37.012099
-0.493196;3.062869;37.300577
0.036416;2.142040;37.547905
-0.884816;3.676456;37.118385
-0.175878;2.641568;37.449747
0.314455;1.195695;37.673385
0.404341;0.296065;37.720554
0.260203;1.312835;37.653485
-0.564127;3.274812;37.268490
-1.548350;4.450600;36.812004
-0.242212;2.763167;37.419315
0.316108;-0.192205;37.681066
0.243222;1.391691;37.647443
-0.583329;3.330732;37.261685
0.358825;0.955124;37.701452
-1.352445;4.259197;36.904169
0.069416;1.974062;37.567459
0.322555;1.106328;37.684511
-0.887070;3.654837;37.122378
0.029049;2.116158;37.550293
-0.559096;3.152885;37.275906
-1.043101;3.973207;37.051025
0.038249;2.082812;37.556338
0.358141;0.169680;37.705974
-1.350049;4.231410;36.909359
-1.138876;4.055951;37.008143
-0.017317;2.205923;37.531706
0.220186;1.598232;37.644993
0.349692;0.848774;37.703686
-1.402033;4.358931;36.885513
-0.826867;3.536786;37.155124
0.354706;0.726990;37.707140
0.378325;0.504925;37.718327
-0.540911;3.099267;37.290082
0.377409;0.234987;37.719099
0.143397;1.744611;37.609798
0.348541;0.702722;37.706367
-0.094244;2.410534;37.498404
-1.117188;4.039828;37.022404
0.215776;1.570506;37.644853
-0.872291;3.593809;37.136344
-0.249672;2.708703;37.428025
0.192746;-0.328149;37.635443
-0.378145;2.823963;37.368358
-1.385586;4.251317;36.898745
-1.254114;4.120122;36.960440
-0.682464;3.392622;37.226864
0.354422;0.641101;37.709835
-0.536361;3.069251;37.295372
0.296875;-0.177750;37.684153
0.111321;1.767950;37.597437
-0.619321;3.342942;37.256857
0.053887;1.917320;37.572517
-0.910800;3.653613;37.122771
0.194842;1.636803;37.636444
-0.190406;2.537158;37.457968
0.162707;1.682464;37.620807
-1.116330;4.012011;37.026942
-0.001377;2.114668;37.548990
0.304237;-0.116894;37.690943
-1.249280;4.082077;36.966823
-1.166351;4.025243;37.005688
0.083780;1.826465;37.588748
-1.591043;4.437320;36.810873
0.324983;0.849222;37.702735
0.348757;0.614480;37.713476
-0.222177;2.624288;37.448521
-0.847476;3.519899;37.155990
-1.136900;3.993673;37.021394
-0.608020;3.263632;37.268158
0.042364;1.927688;37.571706
0.196129;1.464680;37.644053
0.345157;0.373801;37.713639
0.144813;-0.345051;37.621954
0.311884;-0.000838;37.699227
0.299151;0.090994;37.692522
-0.307252;2.757826;37.410794
0.188314;1.519648;37.641675
-0.676127;3.365879;37.239087
0.347709;0.195239;37.716489
-0.166994;2.473722;37.476635
0.238879;-0.254918;37.666186
0.208359;1.337035;37.652119
0.190500;1.616090;37.640867
-0.476405;2.891451;37.334888
-0.845899;3.494953;37.163249
-0.521838;2.953842;37.314916
0.343586;0.294843;37.719404
0.217290;-0.273603;37.661258
-0.171794;2.380428;37.480728
0.161595;1.517842;37.636441
-0.580094;3.048497;37.292302
-0.075958;2.205158;37.526165
-4.651570;0.558798;37.022995
0.285147;-0.025360;37.696068
-0.062003;2.176144;37.534604
-0.640138;3.294553;37.266164
-0.226866;2.466908;37.459193
-0.264070;2.619284;37.442329
-0.028394;2.062298;37.552092
-1.467255;4.323320;36.878877
-1.001553;3.765509;37.099050
-0.450560;2.817806;37.356163
0.210126;-0.249359;37.665127
0.140110;1.612221;37.631839
0.188240;-0.274626;37.656622
-1.210868;3.970236;37.004373
-1.363237;4.085370;36.932861
0.260058;1.056050;37.693616
-1.259149;3.992561;36.982152
-1.523417;4.351510;36.859929
-0.421312;2.761373;37.374430
0.296538;0.393332;37.709199
-0.396011;2.745284;37.387555
0.142603;1.449873;37.639177
0.275292;0.982877;37.702873
-0.026694;1.976337;37.562078
0.252739;1.075048;37.686960
-0.625857;3.127770;37.281743
0.156891;1.353107;37.649836
-0.316418;2.575945;37.430044
-1.314080;4.002245;36.965899
-0.937054;3.541684;37.142663
-0.730801;3.339273;37.239534
-0.881996;3.465598;37.169103
-1.076059;3.824495;37.078966
-0.150773;2.234859;37.510315
0.242033;1.033094;37.697193
0.066883;1.639728;37.614707
0.200068;1.164503;37.676561
0.048913;-0.374425;37.606314
-1.417438;4.074691;36.923886
0.092511;1.581103;37.627395
-0.327618;2.516594;37.435246
-1.121920;3.872085;37.065058
-0.166444;2.145330;37.513716
0.086329;-0.320115;37.631812
0.244568;0.614983;37.705734
-1.041659;3.728554;37.105769
-0.702059;3.267442;37.265578
0.198868;0.064416;37.687173
0.250851;0.552956;37.711790
-1.506657;4.209336;36.892459
-0.656256;3.010299;37.288911
-0.585307;2.900002;37.322455
-1.492763;4.146393;36.900642
-0.483836;2.730111;37.372142
0.162202;-0.171182;37.675084
0.221777;0.680224;37.702873
-1.588736;4.265408;36.860681
-0.141253;2.051282;37.537465
0.165113;1.037626;37.681037
0.193235;1.047017;37.693976
-0.073872;1.921071;37.572135
0.217578;0.471488;37.707587
0.196963;0.356878;37.699579
-0.509692;2.695423;37.370594
0.197418;0.297206;37.699854
0.162097;0.964808;37.685077
-1.104265;3.770130;37.093588
-1.598523;4.249578;36.863889
-0.295196;2.352578;37.472143
-0.965504;3.480010;37.159968
-1.060787;3.571919;37.116017
0.194341;0.217901;37.701568
-1.634841;4.290255;36.849065
-1.309145;3.928039;37.001098
0.009949;1.523839;37.617490
-0.708194;3.142593;37.281757
0.143425;0.007358;37.681714
-1.476770;4.052692;36.926906
0.123773;1.103130;37.672825
0.141625;0.390636;37.682587
0.152224;0.723378;37.687759
-0.008695;-0.333859;37.613785
0.151794;0.197685;37.688346
-1.674571;4.345962;36.835256
0.151210;0.299540;37.689535
0.147872;0.747961;37.689316
-0.022763;1.665667;37.608634
-1.080478;3.650254;37.117236
-0.368497;2.429160;37.448878
-0.451409;2.600812;37.411037
-0.756247;3.199779;37.270397
-0.155727;1.973536;37.549019
0.098227;-0.138295;37.667793
0.068854;1.203133;37.656738
-0.889993;3.334561;37.208802
0.136239;0.101117;37.687507
0.035834;-0.250631;37.641310
-0.704212;2.945831;37.297393
-1.772007;4.336898;36.801516
0.098792;1.020129;37.673241
0.114855;0.455548;37.681326
-1.430226;3.970963;36.962182
-0.396147;2.433781;37.445039
-0.426268;2.520852;37.432041
-1.017298;3.451176;37.156691
-0.353776;2.252497;37.465829
0.019430;1.257481;37.641140
-1.211780;3.802510;37.069194
0.072021;1.081395;37.668328
-0.731989;2.983699;37.293682
0.083789;0.294139;37.674640
-0.351712;2.176382;37.469770
0.089503;0.476379;37.680246
-1.099318;3.534851;37.126539
-0.102065;1.826998;37.585435
-1.155000;3.709449;37.103159
-0.862406;3.219539;37.239353
0.024067;1.186286;37.653636
-0.556950;2.594626;37.383259
-0.044685;-0.277630;37.622959
-0.763550;3.052451;37.287757
-0.790630;3.137228;37.274934
-1.542093;4.040098;36.925456
-0.573195;2.615956;37.376706
-1.604251;4.120271;36.896690
-0.044512;1.479038;37.623842
-1.719786;4.271088;36.842256
-0.397688;2.347388;37.459725
0.077810;0.731754;37.682468
-1.067361;3.463665;37.147376
-0.403133;2.227855;37.459751
-0.027495;1.275802;37.634021
-0.454914;2.504221;37.435413
-0.751002;2.954363;37.297699
0.053886;0.273270;37.673480
-1.825593;4.326636;36.793395
0.077193;0.642969;37.684952
-1.290466;3.820702;37.046461
-1.686655;4.205304;36.864708
0.055612;0.904632;37.678240
-0.062552;1.449621;37.623778
-0.464168;2.440267;37.437230
-1.393167;3.869360;37.004354
-0.676498;2.767986;37.339785
-0.612805;2.636256;37.369960
-0.989333;3.287755;37.195329
-0.448872;2.350076;37.446220
0.000396;-0.077281;37.655418
0.043901;0.037598;37.674988
0.031720;0.589531;37.674538
-0.824511;3.082807;37.273067
0.044775;0.660188;37.679827
-0.861214;3.135828;37.257419
-0.121817;-0.349669;37.602855
-0.049190;-0.216149;37.638099
0.005610;0.362061;37.662215
0.015099;0.207383;37.671183
-1.727651;4.211515;36.858192
-1.479120;3.933748;36.976846
-0.333015;2.006427;37.511362
-1.061108;3.362674;37.173850
-0.723267;2.793232;37.332100
-2.085300;4.266238;36.698516
-4.595069;0.736848;37.047975
-0.275985;1.902788;37.544169
-0.456681;2.156849;37.461445
-1.215390;3.631678;37.108546
-0.560579;2.482855;37.413330
-0.116622;1.506154;37.620674
-0.532027;2.351821;37.428562
-0.134004;1.699934;37.617517
-0.900967;3.051828;37.262223
-0.451114;2.108658;37.472664
-1.853278;4.265753;36.818608
-1.879143;4.281494;36.807310
-0.037237;0.757288;37.668099
-0.684622;2.603531;37.367390
-0.107589;1.371648;37.637517
-0.476826;2.117194;37.466989
-0.057082;0.093736;37.663728
-0.054155;0.283607;37.665129
-0.083114;0.986763;37.651333
-0.745067;2.750152;37.343126
-0.930349;3.080391;37.256754
-1.581740;3.991659;36.953228
-1.723230;4.088208;36.887476
-0.188689;1.748182;37.606574
-1.795526;4.175807;36.855774
-0.841616;2.925996;37.301899
-1.380818;3.761780;37.050463
-0.072525;0.644453;37.661583
-1.518672;3.910828;36.987690
-0.117590;1.249634;37.641976
-2.123051;4.246988;36.705282
-1.806126;4.149091;36.853634
-0.731843;2.640402;37.356265
-0.779709;2.791378;37.333757
-1.681208;4.049667;36.914479
-0.074472;-0.010535;37.662918
-0.080962;0.035421;37.660894
-0.353853;1.919115;37.533593
-2.134490;4.250695;36.704343
-0.076213;0.671339;37.664195
-1.439005;3.789946;37.031105
-0.330591;1.872066;37.548432
-0.112231;1.018849;37.651814
-0.101420;0.924891;37.656609
-0.105785;-0.072053;37.655491
-0.647645;2.403606;37.402777
-0.131227;1.133762;37.646127
-1.231512;3.505143;37.132358
-0.143828;-0.137858;37.641877
-0.461776;2.037951;37.493483
-2.044532;4.260135;36.754586
-0.182234;1.520388;37.623887
-0.774938;2.640514;37.348295
-0.973703;3.011260;37.257415
-0.699328;2.459689;37.384355
-0.102007;0.415835;37.663841
-1.177088;3.370742;37.161802
-0.303135;1.805431;37.571445
-0.268406;1.733971;37.587240
-0.177505;1.458160;37.630548
-0.814139;2.759154;37.333288
-0.127589;0.638497;37.653967
-0.935772;2.936029;37.277020
-2.063702;4.255635;36.747445
-1.758452;4.045889;36.894013
-1.257058;3.516009;37.128557
-0.352559;1.874878;37.549243
-0.124497;0.741494;37.656610
-2.183552;4.221098;36.696985
-1.064996;3.179429;37.218917
-0.286932;1.710990;37.582096
-0.643354;2.331838;37.416570
-1.094312;3.219861;37.206057
-0.749508;2.569919;37.367300
-0.873887;2.840675;37.309185
-0.177313;1.435434;37.634465
-0.121675;0.038542;37.660521
-0.663074;2.351472;37.407803
-0.136639;0.693516;37.653665
-0.214416;1.539377;37.617604
-0.178444;-0.235771;37.635711
-1.166249;3.324776;37.174586
-1.325765;3.589758;37.100852
-0.246364;-0.360473;37.604159
-0.098854;0.189779;37.675940
-0.267813;1.660777;37.594738
-0.210352;1.570803;37.621116
-1.694287;4.012471;36.931395
-0.151654;-0.095638;37.650179
-1.870048;4.088278;36.848384
-1.229230;3.444168;37.148028
-0.153425;1.223229;37.650726
-0.382970;1.909753;37.541471
-0.308843;1.721343;37.577508
-1.907295;4.173981;36.832005
-0.746965;2.542856;37.372887
-1.921481;4.212106;36.828073
-0.141300;0.728972;37.654913
-0.535585;2.114569;37.472587
-0.152566;1.169141;37.651907
-1.949875;4.233511;36.811995
-0.158493;1.313523;37.647597
-1.138840;3.252353;37.191516
-0.720645;2.439365;37.386916
-0.348814;1.830729;37.560410
-1.790683;4.024809;36.888689
-0.277808;1.624472;37.594606
-0.604218;2.255253;37.429561
-0.151166;0.633473;37.653933
-0.166847;1.363341;37.646060
-1.921987;4.183821;36.829614
-0.153415;1.135142;37.654008
-1.350848;3.588216;37.094750
-0.151303;0.817313;37.654728
-0.173498;-0.133892;37.644491
-1.378791;3.641276;37.083068
-0.158742;1.276844;37.649246
-1.718245;4.013988;36.925663
-1.501892;3.797509;37.026066
-1.320142;3.559353;37.110869
-1.027649;3.077974;37.247579
-0.168773;-0.108588;37.650235
-0.950619;2.872105;37.285273
-1.215231;3.366425;37.162329
-1.192120;3.307092;37.173311
-0.165960;1.252191;37.652916
-1.549711;3.863342;37.006986
-1.345811;3.568052;37.102632
-0.169241;0.581707;37.652253
-1.622292;3.953050;36.973204
-0.328379;1.706843;37.578209
-0.161260;0.880307;37.656109
-0.173800;0.615230;37.651276
-0.171900;1.160943;37.652803
-0.829707;2.642524;37.345631
-0.168859;0.728195;37.653114
-1.319087;3.528687;37.117106
-2.152074;4.208333;36.730524
-1.060924;3.124536;37.237798
-0.273865;1.542695;37.605420
-1.933869;4.087674;36.831541
-2.000817;4.226009;36.800826
-0.177005;1.292224;37.650619
-0.172405;0.967846;37.653965
-1.957073;4.206314;36.821889
-0.848394;2.664726;37.339958
-0.171263;0.816782;37.656402
-0.176053;1.231797;37.654745
-0.174761;1.114896;37.656250
-0.245199;1.484373;37.622784
-0.173420;-0.010285;37.658452
-1.181827;3.234198;37.188641
-1.087600;3.128667;37.233077
-1.345967;3.542961;37.112386
-0.170276;0.418666;37.662164
-1.364769;3.555770;37.103985
-0.251857;1.389679;37.623639
-1.555697;3.805391;37.016041
-1.398558;3.605709;37.089255
-1.955170;4.178112;36.830094
-1.278774;3.417283;37.145975
-0.275117;1.426418;37.614412
-0.167547;0.113622;37.665346
-0.345191;1.627322;37.581960
-1.300367;3.428154;37.137074
-0.894655;2.709872;37.326211
-0.266491;-0.294621;37.619805
-1.239215;3.317413;37.166333
-1.462531;3.682143;37.062809
-0.316370;1.503394;37.597394
-0.196242;1.267433;37.654018
-1.768241;3.988022;36.922216
-0.448027;1.919400;37.537638
-0.774332;2.387887;37.385613
-2.060202;4.212175;36.787835
-1.430471;3.598638;37.084472
-4.365559;0.500472;37.153573
-0.241112;-0.163436;37.640833
-0.384401;1.660595;37.574250
-0.229710;1.129141;37.648231
-2.246564;4.180401;36.705247
-0.164369;0.332401;37.679220
-1.102649;3.016163;37.243058
-1.121796;3.082003;37.234590
-0.699842;2.262748;37.425575
-0.232752;0.993430;37.649858
-1.974513;4.070504;36.835541
-0.838766;2.499533;37.367497
-0.254172;1.188623;37.640600
-1.258705;3.254159;37.173941
-1.676303;3.893365;36.979566
-0.999813;2.803622;37.295127
-1.625023;3.799325;37.003753
-0.266891;0.644376;37.637504
-0.681965;2.203238;37.444808
-0.315179;1.312942;37.616530
-0.230288;0.816364;37.657499
-0.441832;1.674206;37.559290
-1.394439;3.423118;37.115179
-1.204581;3.136325;37.204368
-0.333574;-0.338230;37.610202
-1.091566;2.940598;37.258145
-0.311410;1.289329;37.622480
-1.312806;3.274237;37.156010
-0.479351;1.743082;37.547030
-0.500057;1.882642;37.537297
-1.575044;3.680949;37.036402
-1.440441;3.484095;37.100877
-0.226019;0.144501;37.669168
-1.648365;3.719297;37.005719
-0.350085;1.306098;37.612765
-0.518080;1.868747;37.535616
-1.076773;2.823598;37.275624
-0.289938;0.890996;37.643892
-1.868951;3.936695;36.907781
-1.143871;2.984257;37.246160
-1.193641;3.053107;37.224385
-0.409185;1.427013;37.590066
-0.286144;-0.132680;37.647122
-0.641342;2.079095;37.482032
-0.301521;0.761930;37.641632
-0.320473;0.535165;37.633790
-1.785854;3.821700;36.951160
-0.208546;0.236761;37.686226
-0.339573;0.592122;37.626147
-1.838672;3.879232;36.928698
-1.254954;3.129028;37.202204
-0.432300;1.426682;37.589762
-1.922304;3.913642;36.896388
-0.610761;1.970590;37.508741
-0.663891;2.059369;37.484487
-1.448218;3.356307;37.119736
-0.531371;1.679428;37.546779
-1.482380;3.392915;37.105125
-0.767210;2.208647;37.439580
-0.506054;1.590776;37.562326
-0.351891;1.018425;37.634719
-0.814396;2.311494;37.418224
-1.762064;3.717159;36.977963
-0.347950;0.878189;37.636648
-2.206550;4.059949;36.771106
-0.322456;0.041667;37.650172
-1.051065;2.679449;37.309300
-0.610682;1.904542;37.516602
-0.273324;0.184178;37.673822
-0.801194;2.267504;37.426970
-0.760488;2.177453;37.447225
-0.431151;-0.339862;37.601279
-1.644443;3.605710;37.035264
-0.385321;0.614849;37.623450
-0.364829;1.130735;37.632639
-1.125527;2.793456;37.277510
-0.945873;2.510406;37.363040
-0.898848;2.449081;37.384271
-1.104928;2.765019;37.287801
-2.014646;3.986861;36.862700
-1.298118;3.098442;37.198640
-1.579240;3.518501;37.070081
-0.330252;-0.017546;37.652482
-1.262844;3.016418;37.217720
-1.608293;3.570231;37.056840
-0.290415;0.300329;37.671745
-1.637884;3.581848;37.043544
-0.472443;1.410359;37.587132
-0.348016;-0.114912;37.645852
-1.815711;3.746650;36.961725
-0.338181;0.086985;37.651549
-0.385119;0.757927;37.630312
-0.419353;-0.295349;37.614947
-0.397829;0.565572;37.624916
-2.037511;4.014803;36.858796
-0.284459;0.247439;37.678674
-0.346146;0.058208;37.650661
-0.344784;0.373509;37.651449
-0.462506;1.305497;37.595905
-0.601331;1.762281;37.531611
-0.396809;0.497745;37.627743
-0.603771;1.799331;37.530857
-1.545399;3.444733;37.092090
-1.062800;2.640295;37.316200
-0.380134;0.929016;37.635033
-1.403541;3.211781;37.158451
-2.362539;4.049607;36.711313
-1.729155;3.640896;37.007356
-0.787212;2.170266;37.447435
-0.386476;0.844977;37.633776
-0.392644;0.978490;37.632119
-0.680933;1.998696;37.497957
-1.121312;2.723976;37.293311
-0.315511;0.189704;37.669830
-0.567357;1.655636;37.552023
-0.467572;1.283615;37.598870
-1.847193;3.743361;36.956229
-0.411164;-0.193723;37.626911
-1.978083;3.893523;36.895655
-4.206001;0.430510;37.226925
-0.438434;-0.249163;37.615816
-0.413836;1.141578;37.627654
-2.331944;4.035286;36.732452
-0.421416;0.648589;37.625371
-1.622807;3.515531;37.064673
-1.897079;3.769376;36.936861
-1.378916;3.131979;37.178686
-0.569904;1.624918;37.556255
-0.392064;0.439936;37.639665
-0.411883;1.069349;37.630946
-1.246655;2.908188;37.241472
-0.859317;2.235372;37.424610
-2.275531;4.006204;36.765125
-2.054769;4.003241;36.865601
-2.159472;3.981617;36.821315
-0.378919;-0.024003;37.650270
-1.676841;3.537871;37.046000
-1.008630;2.537358;37.359531
-2.353291;4.000285;36.732046
-1.932966;3.772647;36.930191
-0.985278;2.508349;37.371780
-0.630720;1.678401;37.540288
-0.753613;2.005779;37.483523
-2.019735;3.850681;36.894124
-1.317506;2.955970;37.220919
-0.441723;0.967205;37.630974
-2.005095;3.802235;36.902092
-1.617856;3.400972;37.083228
-0.485909;1.196730;37.610852
-1.885265;3.692661;36.960786
-0.406308;0.350555;37.652896
-0.458571;0.791187;37.629281
-0.943101;2.432719;37.402490
-1.581598;3.330888;37.105220
-0.686669;1.777223;37.523500
-1.340232;2.960546;37.216518
-1.551615;3.273232;37.120969
-1.466832;3.135182;37.160487
-1.822792;3.613479;36.995973
-1.703552;3.500471;37.051669
-1.125946;2.648651;37.320348
-0.453677;0.472755;37.635602
-2.000480;3.761650;36.915993
-0.839222;2.060590;37.457894
-1.494251;3.146632;37.153696
-0.441847;0.098737;37.645622
-0.579600;-0.306669;37.582100
-0.472830;0.582336;37.631150
-2.127710;3.854767;36.862167
-0.475976;0.877833;37.633319
-0.576644;1.429396;37.587545
-1.087253;2.572889;37.350705
-2.176490;3.884662;36.842243
-0.562330;1.311114;37.594892
-0.644346;1.604109;37.559034
-0.702995;1.683957;37.533447
-1.438606;3.011542;37.199219
-1.567309;3.188501;37.132806
-0.787634;1.890021;37.497972
-1.275712;2.822479;37.271793
-2.025554;3.716833;36.924017
-0.602632;1.423674;37.588378
-0.783330;1.833900;37.503759
-1.653528;3.287655;37.098612
-1.689197;3.356434;37.082742
-1.069727;2.530607;37.371592
-1.425461;2.975321;37.212216
-0.856101;1.970660;37.474795
-1.494075;3.061117;37.175247
-1.253012;2.772187;37.291759
-1.961057;3.641912;36.962363
-0.941094;2.147261;37.437939
-1.923365;3.570260;36.981434
-0.549086;-0.071166;37.624570
-0.695802;-0.327548;37.555240
-1.281744;2.801387;37.282987
-1.149275;2.575480;37.345803
-2.106065;3.741913;36.898808
-0.528053;-0.057953;37.631457
-0.884209;1.953494;37.469576
-0.584017;1.189098;37.610580
-1.791541;3.442548;37.048450
-1.577495;3.143119;37.149020
-0.565926;1.072820;37.621680
-1.818627;3.443993;37.037239
-0.713411;1.590658;37.553776
-0.590866;-0.127784;37.612215
-0.539391;0.021375;37.635871
-0.697778;-0.297659;37.563014
-1.973031;3.573424;36.968176
-0.558698;0.961987;37.628217
-1.616563;3.180507;37.136741
-0.550484;0.759648;37.632839
-1.909916;3.516967;36.998413
-2.032786;3.654283;36.941920
-1.339946;2.852710;37.266607
-0.528250;0.095498;37.645191
-2.414217;3.911367;36.766175
-0.985998;2.203173;37.431390
-1.485644;3.016302;37.201477
-0.911932;1.914324;37.467084
-0.537098;0.534196;37.641551
-0.544953;0.603569;37.638532
-2.514429;3.966888;36.719761
-0.488632;0.268082;37.663994
-1.040824;2.339256;37.407812
-0.545955;0.642114;37.638157
-0.933914;1.977640;37.457327
-2.294168;3.844908;36.823754
-0.612258;1.233714;37.606426
-1.780457;3.403078;37.062600
-0.543313;0.582760;37.640956
-0.560977;0.872297;37.633440
-0.512130;0.387554;37.656868
-1.826189;3.415373;37.044138
-2.060816;3.651605;36.934284
-0.989210;2.119161;37.434766
-1.932308;3.513632;36.994406
-0.850523;1.783765;37.498426
-0.701248;-0.277907;37.569112
-0.538146;0.507894;37.644613
-0.888508;1.836601;37.481977
-0.674923;-0.253291;37.581622
-2.052128;3.635357;36.939575
-2.034686;3.626624;36.947817
-2.473644;3.928675;36.742325
-1.758357;3.327875;37.079465
-0.698737;1.522056;37.572728
-1.018775;2.242911;37.423559
-0.514055;0.171436;37.659616
-0.661281;1.414082;37.592212
-0.999759;2.095508;37.434294
-0.553985;0.091473;37.642126
-2.148964;3.696980;36.898539
-1.279985;2.742124;37.303922
-0.636835;1.252244;37.604129
-1.128369;2.463188;37.375748
-2.078053;3.632729;36.932213
-0.981449;2.043081;37.444650
-0.534637;0.138921;37.653143
-1.407166;2.905378;37.247204
-1.005505;2.148226;37.434150
-0.940547;1.915377;37.464721
-0.750839;-0.326108;37.553235
-0.654573;-0.146914;37.598419
-0.505948;0.293860;37.667004
-1.114803;2.407636;37.383933
-0.831552;1.705714;37.516256
-0.505777;0.206275;37.668668
-0.941560;1.879811;37.465524
-1.029800;2.236343;37.423594
-0.655739;1.385663;37.599788
-0.591415;0.005666;37.629729
-0.560644;0.583057;37.645455
-0.906048;1.787934;37.484738
-0.669436;-0.214610;37.595203
-0.722943;1.532124;37.571023
-1.279880;2.663513;37.313091
-0.510228;0.229154;37.671324
-1.422592;2.893226;37.247957
-1.993639;3.545186;36.978362
-2.232131;3.741376;36.870285
-0.515951;0.260509;37.669722
-0.685910;1.409843;37.592395
-0.980027;1.999403;37.454354
-1.402295;2.872240;37.258409
-0.525684;0.210845;37.666922
-1.549392;3.069711;37.188280
-1.728121;3.270267;37.107843
-0.969606;1.916277;37.460377
-1.786343;3.309974;37.084645
-0.535390;0.348036;37.665545
-0.683014;1.382330;37.597006
-0.614428;0.953041;37.629697
-1.524056;2.985635;37.206577
-2.010580;3.545120;36.978024
-1.702878;3.229748;37.128714
-0.614831;0.092500;37.635741
-0.608348;0.842460;37.637867
-0.606090;0.736026;37.639604
-0.743474;-0.253639;37.576607
-0.633927;0.958232;37.628962
-0.556064;0.213627;37.665642
-0.548471;0.330314;37.668855
-1.234433;2.544527;37.349243
-1.954876;3.473457;37.014286
-1.077328;2.141094;37.423352
-1.134696;2.316364;37.396944
-1.653194;3.171232;37.152145
-1.230677;2.516896;37.353677
-0.796969;-0.271690;37.560877
-1.593188;3.080219;37.187418
-1.365229;2.729495;37.296300
-1.723235;3.225721;37.131560
-1.419449;2.818835;37.271970
-1.149744;2.277020;37.398351
-0.678221;0.019914;37.618269
-1.710133;3.205560;37.138909
-1.370377;2.682944;37.298186
-1.582868;3.039501;37.196601
-0.800950;1.513539;37.563632
-0.913356;1.659267;37.512123
-0.869548;1.624083;37.533459
-1.020046;1.807276;37.465437
-0.734320;1.283135;37.599938
-1.064748;1.967136;37.446536
-2.650553;3.912118;36.707404
-2.040771;3.530610;36.992734
-0.630529;0.615545;37.652826
-2.620377;3.927895;36.722993
-1.238339;2.441490;37.369536
-0.694575;1.063449;37.624015
-0.856165;-0.278916;37.549590
-1.742005;3.211973;37.138201
-2.583729;3.942668;36.750304
-1.299477;2.498914;37.345341
-1.198496;2.288262;37.392758
-0.641348;0.639462;37.653688
-1.510085;2.844676;37.251970
-1.088136;1.882873;37.448725
-0.774973;1.334029;37.595754
-0.646064;0.176238;37.657904
-1.277709;2.366536;37.365551
-1.964671;3.400752;37.043955
-1.350585;2.523601;37.331818
-1.368749;2.550333;37.324829
-0.748309;0.055447;37.614226
-1.197597;2.208230;37.405074
-2.687145;3.885083;36.710618
-0.875652;-0.238275;37.555641
-1.448926;2.660447;37.287663
-0.893241;1.537319;37.548700
-1.329028;2.440324;37.346361
-2.653728;3.902109;36.723617
-0.788575;1.213802;37.598822
-0.809352;-0.020788;37.589433
-2.352313;3.788012;36.870395
-1.064359;1.758283;37.472248
-1.358168;2.385860;37.339452
-2.172276;3.585282;36.960379
-0.665484;0.494584;37.663354
-1.765146;3.176046;37.150968
-2.282507;3.677266;36.908642
-0.750106;1.012099;37.626089
-0.639190;0.349561;37.678422
-1.189197;2.061154;37.422195
-0.821531;1.248389;37.593847
-1.181974;2.032907;37.425919
-0.968781;1.588017;37.526886
-0.916250;-0.254298;37.550054
-2.665310;3.890270;36.738930
-0.883645;-0.170730;37.565200
-1.542602;2.790426;37.259639
-2.725741;3.854235;36.709665
-1.093025;1.740894;37.472463
-0.735157;0.907343;37.639310
-1.486205;2.636303;37.288784
-1.474191;2.590164;37.295873
-0.682784;0.481078;37.665689
-1.705028;2.988481;37.190154
-1.542102;2.703217;37.265729
-0.795279;0.066691;37.614434
-1.827144;3.198090;37.133972
-0.697786;0.583170;37.661009
-1.135611;1.800400;37.457962
-0.839174;1.192449;37.595820
-2.106719;3.476700;37.005438
-0.716606;0.756860;37.653257
-1.413213;2.404625;37.329560
-2.745722;3.848067;36.708438
-0.764580;0.106443;37.633194
-1.995242;3.368233;37.059563
-0.663736;0.249601;37.679031
-1.897529;3.250272;37.106728
-0.844880;1.132718;37.597484
-0.892107;1.319644;37.577532
-0.751723;0.889075;37.642286
-4.341147;0.439433;37.163455
-0.921870;1.428377;37.564001
-1.708841;2.962067;37.197349
-0.920420;-0.117924;37.565067
-1.655297;2.902007;37.222480
-1.009291;1.572972;37.526003
-1.390384;2.332645;37.347809
-2.658448;3.863744;36.756116
-1.464184;2.481942;37.313387
-1.235153;2.010856;37.420802
-1.250533;2.108923;37.413106
-1.635664;2.839211;37.235027
-2.327401;3.639270;36.913024
-0.909879;-0.051211;37.575905
-0.727139;0.639664;37.663201
-0.775864;0.902469;37.640114
-1.544121;2.601703;37.282871
-2.244372;3.556393;36.956956
-0.875628;0.062435;37.596049
-1.880432;3.187460;37.128035
-0.872476;1.107730;37.598133
-2.292450;3.586046;36.936298
-1.989976;3.326924;37.079870
-2.531139;3.816724;36.826708
-2.061895;3.389502;37.045558
-1.512775;2.515287;37.302751
-2.568770;3.873667;36.811020
-0.751356;0.661852;37.659923
-0.705821;0.354656;37.679611
-2.502937;3.789638;36.843378
-1.612435;2.702640;37.260646
-2.722145;3.803499;36.744981
-1.586705;2.639787;37.272869
-0.707033;0.300339;37.683900
-0.751776;0.633304;37.663960
-1.197249;1.802063;37.456594
-0.973948;1.422909;37.561939
-0.825575;0.969636;37.631509
-0.731255;0.405055;37.676117
-0.954819;1.366354;37.571090
-1.824923;3.040243;37.166304
-1.032804;-0.276465;37.535378
-0.928263;0.015580;37.584706
-0.748434;0.490110;37.670664
-1.706259;2.862849;37.224718
-1.897264;3.159720;37.135092
-1.635454;2.697966;37.258688
-2.507984;3.739684;36.856243
-1.925468;3.155815;37.129261
-2.574492;3.755019;36.835799
-1.994350;3.198816;37.105840
-1.409164;2.225445;37.379550
-1.312956;1.970613;37.424149
-0.989237;1.277344;37.575425
-2.046480;3.248025;37.083201
-1.303709;1.936766;37.429873
-0.760351;0.303196;37.683855
-1.807653;2.927041;37.195975
-2.297248;3.475273;36.967593
-1.727890;2.815962;37.233545
-1.006282;-0.068762;37.570230
-2.171362;3.400930;37.022541
-1.076342;-0.240622;37.540790
-2.373686;3.515537;36.939404
-0.964578;1.105285;37.596606
-1.146177;1.588848;37.513965
-0.845545;0.191225;37.655367
-1.107508;1.535836;37.533384
-2.124814;3.296388;37.059345
-1.718130;2.733708;37.250136
-2.484714;3.628536;36.893485
-1.493425;2.292844;37.357746
-0.838767;0.727332;37.663986
-2.464235;3.598413;36.905953
-0.846549;0.790827;37.660625
-1.989727;3.112675;37.127781
-0.841335;0.552962;37.663968
-1.130363;-0.279684;37.529336
-1.389086;2.065367;37.409440
-1.385329;2.039084;37.412550
-1.066598;-0.106065;37.560966
-1.120352;-0.243260;37.536210
-2.398787;3.507621;36.939792
-1.208146;1.634621;37.496622
-0.841179;0.411890;37.669775
-0.915071;0.148698;37.634217
-1.644091;2.507833;37.294482
-1.805207;2.829696;37.221199
-2.571981;3.684518;36.863373
-0.974751;1.035279;37.610335
-2.828275;3.741671;36.749477
-1.070694;1.381824;37.568405
-0.911885;0.891062;37.642483
-2.393759;3.482563;36.950408
-1.802948;2.805094;37.227504
-0.849632;0.246429;37.671555
-2.239286;3.354537;37.024267
-1.050950;0.004109;37.578320
-2.431781;3.513490;36.935572
-2.009723;3.094798;37.132282
-1.066298;1.333051;37.573167
-0.911185;0.861869;37.646479
-1.302775;1.766056;37.462688
-1.829596;2.837794;37.219078
-1.137846;1.474820;37.541372
-2.106647;3.177192;37.089816
-1.845465;2.862042;37.212413
-1.065656;-0.016218;37.575417
-0.860490;0.385179;37.672304
-1.686284;2.524860;37.286946
-1.455356;2.149769;37.394648
-1.384559;1.941708;37.428853
-1.647957;2.459604;37.305887
-1.217136;1.588779;37.506460
-2.864268;3.746940;36.740050
-1.056492;1.280759;37.581336
-0.964253;0.961092;37.626226
-1.798703;2.756763;37.236156
-0.911441;0.823772;37.650579
-1.088101;-0.076802;37.567620
-1.032875;1.159948;37.594557
-1.823853;2.810579;37.225175
-1.508749;2.231764;37.372545
-1.016186;1.103976;37.602291
-1.814930;2.780468;37.230052
-2.749805;3.710609;36.794137
-1.639610;2.438422;37.311962
-1.023524;0.097601;37.600580
-2.420804;3.480897;36.948241
-2.398282;3.459626;36.958896
-1.059311;1.248690;37.584346
-1.815321;2.757322;37.231932
-2.222081;3.294098;37.043549
-0.932575;0.875943;37.644617
-2.367993;3.426616;36.975356
-2.459646;3.508815;36.933347
-2.268025;3.344725;37.021836
-0.956987;0.911311;37.634932
-2.099269;3.149584;37.100870
-1.429684;2.057436;37.413814
-1.960547;2.990513;37.166566
-1.080089;1.307486;37.576336
-2.485123;3.541275;36.921770
-1.665350;2.469253;37.304078
-0.992500;0.990688;37.618939
-0.879352;0.289571;37.670937
-1.851530;2.836466;37.218582
-2.517822;3.573371;36.906933
-0.901861;0.433550;37.661067
-1.777441;2.698159;37.253656
-1.478596;2.155778;37.392735
-0.893900;0.677855;37.664389
-0.900961;0.702455;37.661888
-1.633143;2.412079;37.321026
-1.194440;-0.257338;37.527459
-0.904525;0.402275;37.662368
-0.894107;0.261968;37.666517
-2.613911;3.657510;36.865837
-1.352209;1.805956;37.454269
-0.898764;0.731660;37.664896
-1.452459;2.097182;37.406944
-2.481695;3.517653;36.927993
-1.815385;2.738418;37.238326
-1.213128;-0.281566;37.519491
-1.162452;1.447997;37.543492
-0.901760;0.376926;37.665636
-2.816074;3.695611;36.773205
-1.927006;2.924415;37.188472
-0.902198;0.235056;37.665983
-0.898238;0.642595;37.667501
-2.043276;3.064531;37.134464
-1.035694;1.078451;37.605577
-2.353463;3.388433;36.992016
-2.500993;3.526612;36.922439
-2.104640;3.133308;37.106344
-1.131783;-0.111079;37.561499
-1.798015;2.699023;37.250909
-2.085559;3.101851;37.116333
-0.907681;0.528381;37.666632
-2.540111;3.570599;36.905258
-1.920672;2.895781;37.195102
-1.033608;0.118011;37.609469
-2.445466;3.466652;36.950762
-2.337017;3.373953;37.001663
-1.340974;1.753463;37.466526
-0.908962;0.324666;37.669101
-0.932075;0.420793;37.659743
-2.243103;3.277718;37.048940
-1.270573;1.600264;37.503229
-1.704889;2.465589;37.301792
-1.653558;2.384632;37.326103
-2.756424;3.686331;36.815874
-1.336640;1.717201;37.474267
-2.057924;3.046196;37.139511
-1.392906;1.847406;37.449392
-1.566719;2.232836;37.369731
-1.984173;2.949131;37.176265
-1.944980;2.894260;37.194714
-1.157399;-0.102525;37.562438
-0.969715;0.822090;37.651587
-1.208858;1.429671;37.539675
-1.130277;-0.016803;37.575923
-0.947544;0.348506;37.662308
-2.362823;3.362889;37.004101
-1.098266;1.225635;37.594236
-2.206300;3.185226;37.080483
-1.907975;2.813940;37.220586
-0.972478;0.790614;37.657753
-2.093385;3.035919;37.136382
-1.440462;1.868040;37.440678
-1.038230;0.933152;37.628455
-0.999971;0.205576;37.649033
-2.124060;3.061932;37.124441
-2.178559;3.130624;37.099590
-1.957828;2.863999;37.203360
-2.968103;3.688956;36.732824
-2.402303;3.376348;36.996834
-2.992500;3.656813;36.724153
-1.894916;2.756306;37.235548
-0.994825;0.638182;37.656295
-0.982779;0.706298;37.662518
-1.276328;1.442062;37.528777
-1.057769;0.887322;37.631350
-1.804864;2.473412;37.284094
-1.024131;0.488115;37.648651
-2.649656;3.549832;36.891710
-1.246344;-0.176040;37.546955
-2.322702;3.253754;37.049924
-1.029210;0.438991;37.652707
-2.633162;3.503749;36.905817
-1.042728;0.327082;37.649412
-1.131782;0.127706;37.607674
-1.130170;0.932034;37.608870
-1.130159;1.021362;37.612232
-2.056804;2.923203;37.176789
-1.396033;1.677053;37.485655
-2.793290;3.640683;36.829268
-1.191549;0.067815;37.583168
-1.063022;0.309987;37.645198
-1.183683;1.243854;37.590457
-1.774551;2.382814;37.313511
-1.254342;-0.075631;37.557712
-2.412055;3.332685;37.017456
-1.761111;2.353688;37.323383
-1.293343;1.360731;37.542336
-1.982761;2.790662;37.221294
-1.670237;2.232481;37.367908
-1.512445;1.884790;37.441994
-2.690356;3.510323;36.892082
-1.532851;1.918381;37.434891
-1.160051;0.141944;37.609695
-1.349061;1.453353;37.521455
-1.579095;2.063890;37.415589
-2.715822;3.522394;36.886036
-1.076814;0.755911;37.651139
-2.305074;3.163575;37.080120
-1.173675;1.112817;37.608395
-1.106419;0.324663;37.642812
-2.800167;3.588529;36.852539
-1.947662;2.643499;37.252132
-1.417173;1.564699;37.501777
-1.118369;0.551900;37.641920
-1.119538;0.265600;37.641657
-1.627023;2.117962;37.405205
-1.929819;2.547266;37.264646
-1.128920;0.414393;37.638792
-1.119332;0.584624;37.643296
-1.519750;1.795929;37.456846
-1.331967;-0.187547;37.544369
-1.338955;1.348848;37.542404
-1.303510;1.286955;37.558232
-2.712902;3.494780;36.901762
-1.309035;-0.051765;37.557551
-1.465268;1.671736;37.484392
-1.594842;2.002484;37.424589
-2.092351;2.840555;37.192689
-1.282179;0.031315;37.569828
-1.220920;1.167224;37.599137
-2.492041;3.334856;37.008775
-1.911811;2.467370;37.279735
-1.811682;2.299871;37.327223
-1.909251;2.435921;37.282671
-3.185248;3.535940;36.688151
-1.152307;0.329189;37.637512
-1.352984;-0.195008;37.543738
-1.154389;0.519310;37.637585
-1.105895;0.695520;37.659955
-3.060436;3.607136;36.751376
-2.090720;2.808627;37.203428
-2.195832;2.926510;37.154946
-1.779141;2.231841;37.349417
-1.370260;-0.158754;37.541435
-1.843697;2.298374;37.319993
-3.134788;3.542586;36.723902
-1.338416;-0.056315;37.556139
-1.441337;1.512351;37.509763
-2.987836;3.600486;36.791328
-2.740751;3.479475;36.903463
-1.285003;1.190118;37.583502
-1.364640;1.312302;37.547247
-1.269235;0.954895;37.590131
-2.840647;3.547944;36.859140
-2.565114;3.352752;36.990404
-1.507692;1.664932;37.483753
-1.575926;1.802102;37.452436
-2.028082;2.704247;37.241511
-2.349044;3.112278;37.093992
-2.727890;3.448000;36.916715
-1.545671;1.721511;37.470863
-1.687881;2.090860;37.405876
-1.164787;0.625669;37.649225
-1.314284;0.109208;37.582969
-2.653132;3.380300;36.960857
-1.977643;2.493438;37.274724
-1.635016;1.919540;37.435601
-1.868135;2.232082;37.328876
-1.561392;1.692912;37.472638
-2.069826;2.724079;37.235358
-2.340122;3.047465;37.112608
-1.627696;1.804236;37.444360
-2.498202;3.247021;37.038333
-1.527392;1.626196;37.490995
-2.204599;2.851284;37.175761
-1.479494;1.478213;37.515744
-1.216131;0.275665;37.637596
-1.342927;1.161649;37.579955
-1.239651;0.494301;37.631601
-2.036362;2.582757;37.260683
-2.325166;3.020620;37.125791
-2.471760;3.188457;37.058050
-1.794106;2.125986;37.373556
-1.239543;0.580302;37.633717
-1.971594;2.379081;37.293065
-1.238313;0.441080;37.636655
-1.333102;0.968185;37.593443
-2.921090;3.531828;36.854240
-1.351047;1.021653;37.586685
-1.940946;2.272424;37.311156
-1.407296;1.186055;37.561653
-1.642584;1.711165;37.451862
-3.238636;3.467124;36.708616
-1.400085;1.135376;37.565492
-2.261437;2.870027;37.166493
-1.691183;1.921037;37.431385
-1.659587;1.722078;37.447043
-1.322517;0.164298;37.604806
-1.627048;1.650061;37.464142
-1.284627;0.571536;37.624922
-2.042188;2.514968;37.271404
-1.295737;0.556029;37.621736
-1.713947;1.916978;37.426763
-1.460808;1.284266;37.544980
-2.608973;3.265346;37.012519
-1.266420;0.298368;37.637845
-1.413514;0.066399;37.570047
-2.705500;3.346344;36.972100
-3.297366;3.422200;36.695902
-2.289022;2.863047;37.167277
-1.429703;0.090421;37.566805
-1.461209;1.127280;37.553393
-1.347084;0.843754;37.605779
-1.338834;0.177819;37.610621
-1.505031;-0.249251;37.533927
-1.518884;-0.257161;37.526888
-1.279176;0.381559;37.639729
-1.569911;1.481485;37.505461
-1.729684;1.864801;37.430800
-2.341871;2.924118;37.148765
-2.932998;3.482819;36.874930
-3.349095;3.388134;36.681362
-1.454983;0.082695;37.564581
-2.849923;3.421883;36.915176
-2.529721;3.129067;37.064218
-3.372849;3.365975;36.672381
-1.543251;1.370847;37.526055
-2.483915;3.081180;37.087575
-2.045422;2.355065;37.293156
-1.644088;1.518426;37.480757
-1.726413;1.685326;37.443062
-1.515593;1.194225;37.541243
-1.436157;0.141215;37.580983
-1.596469;1.455577;37.506383
-2.169601;2.675250;37.238360
-2.119746;2.581472;37.262614
-1.913841;2.087287;37.358466
-1.799450;1.920832;37.411425
-1.381511;0.532115;37.606664
-1.716267;1.630673;37.450750
-1.356164;0.457730;37.619222
-2.429831;2.992855;37.119218
-1.368803;0.754616;37.614966
-1.726634;1.656696;37.448243
-1.543141;1.278260;37.533905
-1.973556;2.149485;37.333082
-2.465235;3.023073;37.104704
-1.364128;0.674121;37.618419
-3.386770;3.349106;36.675548
-2.762878;3.334011;36.966497
-2.106882;2.496233;37.275603
-1.423280;0.160097;37.595873
-1.887769;2.025032;37.379765
-2.163538;2.627145;37.251452
-2.344047;2.856076;37.167277
-1.744395;1.677192;37.446924
-1.519814;1.049038;37.552062
-1.563368;1.253604;37.532771
-1.447877;0.898138;37.586116
-2.461302;2.990931;37.113857
-2.138443;2.543679;37.266557
-1.393906;0.445575;37.613603
-2.647490;3.197257;37.028705
-1.930178;2.063793;37.363954
-1.346836;0.352724;37.636036
-1.563491;1.164078;37.535407
-2.836053;3.364897;36.941014
-1.398368;0.671711;37.612485
-1.385877;0.193783;37.617525
-1.373781;0.414906;37.624675
-1.410744;0.722615;37.607631
-2.043489;2.230875;37.312805
-2.933111;3.419539;36.897715
-1.714100;1.545264;37.466598
-1.430419;0.843639;37.599207
-3.238213;3.438930;36.751574
-1.587719;1.165849;37.528294
-1.437036;0.583089;37.597477
-3.372248;3.368483;36.698995
-1.417824;0.752986;37.607377
-1.836679;1.878363;37.413009
-2.571548;3.105355;37.070635
-2.890446;3.393770;36.921766
-1.790463;1.712548;37.435642
-1.753378;1.597463;37.452770
-1.425471;0.662721;37.606168
-1.497802;0.964656;37.572221
-1.557371;1.054066;37.544864
-1.603590;1.358751;37.523617
-1.370130;0.334370;37.632869
-2.159663;2.551426;37.266452
-3.218310;3.437278;36.768623
-1.888514;1.965119;37.392922
-2.865442;3.361191;36.937276
-1.397911;0.415714;37.621408
-1.473234;0.156949;37.587563
-1.613029;1.249335;37.522531
-1.841285;1.850660;37.416454
-1.424414;0.183259;37.611603
-1.864048;1.912119;37.406033
-1.464306;0.547880;37.593190
-1.560526;0.074296;37.557492
-1.397455;0.243901;37.625600
-1.569423;-0.144785;37.550310
-2.093515;2.303704;37.300978
-2.834299;3.335007;36.955805
-3.077571;3.446516;36.843413
-2.422073;2.874004;37.149255
-1.511344;0.824389;37.574966
-2.016061;2.114136;37.339966
-1.414745;0.224245;37.620988
-2.392482;2.839567;37.166091
-2.549365;2.988913;37.093637
-2.237217;2.642983;37.240132
-1.511151;0.699876;37.581049
-1.601533;-0.159043;37.541327
-2.607359;3.062041;37.071980
-2.171337;2.509367;37.275499
-1.450837;0.391417;37.611954
-1.521749;0.587234;37.582249
-1.780974;1.532089;37.463037
-1.606130;0.993102;37.545630
-3.076318;3.427219;36.859137
-2.454441;2.843681;37.152112
-1.673811;1.199215;37.516999
-2.582277;2.929759;37.093330
-1.639181;-0.184272;37.535983
-1.585575;0.845064;37.560936
-1.702135;1.307682;37.506853
-2.322142;2.693028;37.218953
-2.740944;3.179415;37.023770
-2.664481;3.043955;37.059436
-1.486068;0.220643;37.612867
-1.565447;0.558897;37.574410
-2.167169;2.352466;37.294185
-1.594476;0.754187;37.563109
-1.624204;0.966353;37.550047
-1.717435;1.286220;37.507085
-4.348407;0.593388;37.158248
-2.785315;3.201050;37.012643
-2.120826;2.153696;37.324107
-1.871354;1.659115;37.440636
-2.281876;2.579842;37.249417
-1.508217;0.329295;37.610919
-1.633532;-0.078649;37.545239
-1.661463;-0.112116;37.539318
-3.521182;3.242112;36.672113
-1.617135;0.049750;37.555178
-3.009411;3.339270;36.911672
-2.356813;2.661952;37.217008
-2.692422;2.998903;37.060254
-1.518145;0.347273;37.608521
-1.700227;1.084586;37.524567
-2.609715;2.879802;37.100275
-1.741695;1.283104;37.506282
-1.513963;0.307424;37.613602
-1.937802;1.805751;37.417046
-2.020667;1.950387;37.379277
-1.697683;-0.160868;37.532873
-1.730918;-0.266146;37.517924
-2.743700;3.020512;37.045297
-1.670511;0.790712;37.549670
-1.705260;0.984473;37.534200
-1.588076;0.449302;37.589472
-1.896108;1.622536;37.445656
-1.701111;0.954475;37.538080
-2.838383;3.168993;37.010232
-2.343470;2.586644;37.239836
-1.785495;-0.271314;37.500343
-2.519637;2.746858;37.158634
-2.711364;2.906430;37.071821
-2.133824;2.099081;37.341111
-1.652315;0.124243;37.566903
-3.116895;3.320615;36.884725
-3.532499;3.222545;36.689865
-2.681312;2.851928;37.087256
-2.938946;3.250480;36.968998
-3.227019;3.338186;36.834598
-1.715412;-0.037142;37.540642
-1.631091;0.469784;37.580205
-1.785806;-0.241551;37.508678
-3.638084;3.137437;36.644785
-2.494107;2.697459;37.178321
-2.256075;2.378434;37.290847
-1.706531;0.008388;37.547021
-1.962682;1.722392;37.427485
-2.841037;3.081703;37.018542
-2.017649;1.839025;37.403165
-3.317792;3.325626;36.797037
-1.700666;0.589273;37.552083
-1.764286;1.075719;37.522040
-1.857514;1.461432;37.480063
-2.331167;2.511906;37.259080
-2.284081;2.410361;37.282567
-2.787571;2.961652;37.049232
-1.732316;0.790505;37.542452
-1.987773;1.723925;37.424119
-1.801960;1.215027;37.511603
-2.146801;2.059645;37.350316
-1.834784;1.321582;37.497604
-1.790616;-0.187496;37.518153
-2.071275;1.909927;37.386356
-2.352074;2.501181;37.256098
-2.401723;2.570802;37.233616
-2.039062;1.824008;37.403753
-2.423454;2.581624;37.224366
-3.488959;3.247028;36.726091
-1.726709;0.579343;37.550241
-2.233891;2.207030;37.312947
-1.745603;0.784130;37.541448
-1.933499;1.565833;37.454423
-1.717541;0.531800;37.555461
-2.068555;1.877001;37.392012
-1.662058;0.445480;37.582287
-2.630208;2.755813;37.132614
-1.669960;0.158468;37.581438
-2.304162;2.359658;37.287173
-2.539589;2.643919;37.176448
-3.186627;3.303631;36.874770
-1.903849;1.484181;37.474547
-2.973497;3.205012;36.977122
-3.078292;3.247414;36.927931
-2.005647;1.693452;37.429273
-3.619057;3.143105;36.674634
-1.800639;1.015164;37.525900
-2.346851;2.440447;37.272263
-1.793730;0.967123;37.530552
-2.263605;2.196225;37.313748
-2.883543;3.014766;37.025073
-3.558086;3.197247;36.706060
-3.661778;3.106759;36.664432
-3.047706;3.189902;36.952228
-3.011362;3.153660;36.971341
-2.529202;2.585195;37.195590
-2.868142;2.953926;37.037217
-2.458034;2.523400;37.228785
-1.744657;0.477633;37.561553
-1.835369;1.064555;37.519925
-2.076421;1.774500;37.408860
-1.940923;1.455253;37.472648
-2.422380;2.474942;37.247016
-1.971025;1.489559;37.459408
-1.796104;0.761859;37.540918
-1.898422;1.294500;37.495762
-1.898314;1.320965;37.496008
-1.689155;0.353926;37.594042
-2.010630;1.544945;37.444207
-2.292391;2.177595;37.313009
-2.833336;2.871820;37.060341
-1.921133;-0.265604;37.487219
-3.268829;3.254055;36.858251
-2.386004;2.389309;37.272245
-2.784344;2.771358;37.089248
-1.833854;0.849367;37.532839
-2.071949;1.648477;37.422424
-2.596002;2.606213;37.178447
-1.734078;0.380077;37.581021
-2.175692;1.943625;37.375112
-1.812492;0.642941;37.544789
-2.985946;3.047041;36.998363
-3.167768;3.200422;36.913328
-3.092313;3.123832;36.949669
-2.942268;2.979848;37.020329
-3.452728;3.235673;36.781377
-2.279110;2.086220;37.332814
-3.555888;3.175525;36.736639
-1.711245;0.251125;37.600199
-1.978455;1.393587;37.475536
-1.899878;1.138698;37.512881
-1.887806;1.015270;37.518912
-2.100050;1.626511;37.420336
-2.236751;1.996524;37.357454
-2.999052;3.018295;37.002297
-1.813215;0.496000;37.556043
-1.967331;1.342440;37.486086
-1.869319;0.785521;37.533315
-2.495917;2.431416;37.240994
-2.700473;2.649600;37.145913
-1.787786;0.405590;37.572270
-1.917048;-0.168301;37.512178
-1.992034;-0.268076;37.481813
-1.945514;1.199525;37.503927
-2.152810;1.693774;37.407374
-3.491613;3.203986;36.784388
-1.761092;0.340844;37.590006
-2.363079;2.150898;37.310910
-2.072759;1.458889;37.446747
-1.944970;1.075960;37.506950
-3.521850;3.172692;36.775362
-1.874474;0.265194;37.542776
-3.235103;3.125426;36.908924
-3.313801;3.181347;36.870736
-1.881842;0.017958;37.540466
-3.078034;3.009429;36.982790
-2.955043;2.890830;37.041076
-1.952413;-0.143590;37.508411
-2.824159;2.696353;37.102878
-1.822211;0.247345;37.571312
-2.165584;1.621225;37.412407
-2.866577;2.723505;37.087153
-1.869648;0.560187;37.551601
-2.764505;2.641752;37.134826
-2.482283;2.298366;37.266657
-1.931441;0.894660;37.524361
-2.031108;-0.266519;37.477414
-2.743236;2.616381;37.145540
-1.875831;0.583218;37.550571
-2.110277;1.481184;37.442620
-1.933331;-0.080153;37.524821
-3.157805;3.017692;36.955658
-2.326109;2.005594;37.344305
-3.184981;3.048772;36.943591
-2.007969;1.224413;37.492960
-2.274103;1.944198;37.369399
-1.932028;0.204444;37.530206
-2.239121;1.856888;37.387158
-1.937713;0.264590;37.528846
-2.842634;2.668258;37.107061
-2.478415;2.236132;37.277101
-2.614001;2.432372;37.215275
-3.262700;3.076685;36.913035
-1.937979;0.788286;37.531215
-1.944457;0.846702;37.528103
-1.958931;-0.073814;37.521297
-2.238128;1.828097;37.391139
-2.534615;2.317429;37.253102
-1.947323;-0.050193;37.527034
-3.159796;2.980765;36.962267
-1.924907;0.123309;37.538333
-1.930168;0.725164;37.537247
-1.960848;0.884812;37.523571
-3.448370;3.165198;36.830636
-2.682900;2.524862;37.186877
-2.657964;2.493696;37.198370
-2.036385;-0.217739;37.489304
-3.836533;2.904120;36.649650
-2.024621;1.069741;37.494446
-3.187265;2.993046;36.952888
-1.979719;-0.083223;37.516521
-1.948536;0.183968;37.530731
-2.581607;2.359994;37.235456
-2.867444;2.668997;37.102784
-2.237761;1.746545;37.396186
-2.531935;2.271475;37.259255
-2.093183;1.366902;37.463635
-3.384620;3.137878;36.862259
-1.958659;0.302164;37.527523
-1.919198;0.324635;37.545487
-2.266766;1.869789;37.383332
-1.946728;0.008012;37.533198
-2.461788;2.152496;37.293989
-1.960153;-0.021282;37.527304
-2.561334;2.324896;37.247285
-1.938623;0.323570;37.536204
-2.247925;1.803487;37.393928
-2.835571;2.640034;37.119640
-1.959185;0.202784;37.528768
-1.959829;0.783557;37.528038
-3.128759;2.947182;36.983290
-2.650571;2.452770;37.206466
-2.074836;1.279762;37.475581
-3.241020;3.029872;36.931896
-1.922701;0.647901;37.546623
-2.602162;2.367787;37.230213
-3.035861;2.885687;37.028074
-2.899091;2.703103;37.091903
-1.991250;0.901729;37.515551
-2.677304;2.496768;37.195120
-2.006444;-0.141119;37.508406
-2.054331;1.049931;37.486101
-3.085295;2.912488;37.005912
-3.586298;3.103917;36.773195
-1.947574;0.734509;37.536899
-2.526773;2.244397;37.266432
-2.501571;2.210105;37.278377
-2.050195;1.104002;37.488800
-2.066942;1.208695;37.483044
-1.918502;0.587270;37.552441
-3.063601;2.893532;37.019101
-2.260601;1.737271;37.393859
-1.972501;0.178015;37.528329
-1.977156;0.849206;37.527022
-2.547877;2.250533;37.261146
-2.890925;2.671541;37.101195
-2.522822;2.224533;37.273452
-3.116563;2.925224;36.996915
-2.081719;1.133577;37.480227
-2.944951;2.741258;37.078099
-2.235128;1.627291;37.409031
-2.625432;2.380764;37.226978
-2.811802;2.598591;37.140711
-1.999789;-0.042579;37.520025
-1.970645;0.115983;37.533720
-3.057082;2.872094;37.027131
-2.748552;2.545748;37.171411
-2.095137;1.190050;37.476717
-1.937915;0.612885;37.549731
-2.095327;1.102791;37.477068
-3.539311;3.124217;36.803663
-2.221594;1.569091;37.418688
-3.334241;3.079374;36.899762
-2.235134;1.594093;37.412750
-3.090775;2.889210;37.013891
-2.650893;2.384089;37.219582
-2.854480;2.613556;37.125324
-2.303416;1.827916;37.383526
-3.114557;2.896661;37.005241
-3.080797;2.871294;37.022822
-1.991864;0.073494;37.530699
-2.158643;1.401172;37.454307
-2.614052;2.296887;37.241471
-2.140976;1.340361;37.462813
-2.525242;2.153339;37.284631
-2.194751;1.479016;37.437929
-2.668660;2.372701;37.218752
-2.130235;1.225786;37.469771
-3.066938;2.850643;37.032885
-3.108375;2.871471;37.015340
-2.294882;1.683743;37.395912
-2.725632;2.467706;37.194475
-3.274597;2.982272;36.938627
-2.938693;2.664180;37.097164
-2.464220;2.061338;37.318292
-2.410485;1.977580;37.342836
-2.257645;-0.243137;37.415794
-1.943851;0.526082;37.563349
-2.166923;1.197772;37.460843
-2.025783;0.802445;37.527491
-3.167581;2.893139;36.995413
-2.070642;-0.108602;37.506980
-2.041369;0.240608;37.521316
-2.808286;2.535287;37.165128
-3.530933;3.102525;36.829678
-3.850421;2.870672;36.684516
-2.191736;1.151256;37.456138
-2.657153;2.264838;37.238501
-2.552559;2.111192;37.288526
-2.008860;0.700168;37.542963
-2.190245;1.125767;37.459798
-2.071323;0.384467;37.516429
-2.359691;1.742692;37.383693
-3.356536;2.982680;36.922919
-3.887175;2.837665;36.674047
-2.219107;1.302874;37.455219
-2.627852;2.152977;37.264225
-3.288761;2.929988;36.956692
-2.060671;0.065555;37.530373
-2.716709;2.294705;37.224917
-2.243028;1.404277;37.447276
-2.152413;0.284501;37.491652
-2.215859;-0.161098;37.465240
-2.058889;0.721545;37.539436
-2.422834;1.807174;37.371436
-2.158130;0.873680;37.494976
-2.095981;0.147968;37.523878
-2.298675;-0.183990;37.430588
-3.504041;3.042608;36.868836
-2.217655;0.968716;37.468573
-2.230250;0.991724;37.464108
-3.258714;2.858636;36.985684
-2.116245;0.801146;37.518689
-2.863409;2.499973;37.170429
-2.583152;2.043034;37.301710
-2.391665;1.683380;37.391714
-2.292838;1.402355;37.439323
-2.162607;0.352709;37.500891
-2.036171;0.471610;37.559062
-3.423803;2.979085;36.912324
-2.930079;2.531545;37.148099
-2.021124;0.529197;37.570169
-3.091352;2.717276;37.072309
-2.111331;0.138799;37.527647
-2.295464;-0.159149;37.444251
-2.132639;0.165318;37.518399
-2.302404;1.364028;37.441783
-2.435055;1.736935;37.380990
-2.187981;0.845557;37.495849
-2.684951;2.106084;37.264981
-2.788333;2.293123;37.218623
-2.615942;2.030979;37.298197
-3.596736;3.023687;36.839989
-2.433959;-0.178671;37.385829
-3.697842;3.005320;36.796968
-2.988851;2.572368;37.126160
-2.180073;0.563463;37.506203
-3.047652;2.636812;37.101868
-2.345527;1.457103;37.428753
-2.439282;1.711450;37.386328
-2.833749;2.371995;37.203097
-3.481616;2.984455;36.900939
-2.328052;1.162157;37.438574
-3.163593;2.758927;37.049313
-2.209258;0.345292;37.495840
-2.287997;0.991227;37.458686
-2.545208;1.927370;37.339322
-2.347286;1.216366;37.431852
-2.353575;1.332416;37.430713
-3.014343;2.585173;37.122649
-2.931446;2.491097;37.162414
-2.510213;-0.193511;37.360646
-2.137589;0.061345;37.533331
-4.510873;0.822139;37.081573
-2.775052;2.172238;37.236681
-2.727146;2.096640;37.260020
-2.263546;-0.057112;37.476868
-3.614497;2.998778;36.847000
-2.355115;1.401546;37.435009
-2.875799;2.389561;37.192439
-2.373668;1.308705;37.427144
-2.166658;0.579498;37.522448
-2.221880;0.482176;37.499454
-2.364194;1.182003;37.434747
-2.145576;0.668781;37.536550
-2.390110;1.479704;37.422813
-2.552558;1.867643;37.347732
-2.826339;2.248877;37.219752
-2.204945;0.769531;37.511841
-2.320840;-0.029649;37.459510
-2.162675;0.154213;37.527410
-2.853381;2.295125;37.211423
-3.317401;2.812155;36.996301
-2.254580;0.330690;37.492629
-2.252780;0.523720;37.494578
-2.486857;1.662816;37.385183
-2.534465;1.756917;37.364148
-2.875870;2.323579;37.206762
-2.315012;0.912463;37.469494
-3.602756;2.960293;36.871817
-2.598792;1.861580;37.339011
-2.456153;1.568191;37.405673
-2.551559;-0.184417;37.362014
-3.918066;2.785054;36.725793
-3.284404;2.785186;37.019884
-2.256180;0.429918;37.499463
-2.328131;0.558705;37.468448
-3.449138;2.871960;36.945866
-3.054251;2.555151;37.130990
-3.665271;2.962604;36.849837
-2.308955;0.466999;37.478476
-2.943200;2.404639;37.183714
-2.710651;2.003409;37.292567
-2.213093;0.674887;37.525440
-2.309204;-0.000356;37.480859
-2.320108;0.859296;37.476234
-2.792875;2.059390;37.257532
-2.560256;1.693606;37.367171
-2.686996;1.942233;37.308131
-2.375052;1.030000;37.454130
-2.268984;0.731668;37.503329
-2.452462;1.365696;37.418819
-2.733013;1.982911;37.288610
-3.152781;2.640520;37.094457
-2.327349;0.726674;37.479561
-2.459043;1.397022;37.418942
-2.261370;0.083837;37.510476
-2.309541;0.763688;37.488281
-3.234270;2.724293;37.057701
-2.426544;1.142834;37.435010
-3.876058;2.825357;36.756856
-2.924810;2.285509;37.204279
-2.279937;0.313369;37.504213
-2.616861;1.739313;37.349108
-2.868295;2.141499;37.231390
-2.401495;-0.054170;37.450665
-2.520300;1.572382;37.395249
-3.810348;2.898049;36.792391
-3.433445;2.804774;36.973979
-2.514428;1.454041;37.408847
-2.302919;0.323143;37.507042
-2.930852;2.202797;37.215197
-2.301858;0.295652;37.509333
-2.720826;1.861545;37.314791
-2.515544;-0.100999;37.410277
-2.956653;2.290564;37.204311
-3.510213;2.832560;36.945913
-3.299618;2.722326;37.047686
-2.531660;1.473370;37.405561
-3.568614;2.876195;36.924710
-2.782481;1.921848;37.291426
-2.620850;1.634732;37.367450
-2.422747;0.583719;37.461064
-2.445567;0.847203;37.452017
-2.674838;-0.186149;37.345389
-2.714862;1.773497;37.326438
-2.278855;0.161385;37.529999
-3.649434;2.900614;36.891758
-3.904636;2.758919;36.782064
-2.538514;1.362267;37.412311
-2.442381;1.027775;37.459574
-2.534712;-0.082182;37.415648
-3.428367;2.740445;36.999799
-2.595859;1.542387;37.388694
-3.066218;2.372552;37.169467
-2.778361;-0.211865;37.303585
-2.831840;1.944969;37.280421
-2.329104;0.191029;37.516396
-3.059711;2.347475;37.175439
-3.009896;2.253280;37.199488
-3.224820;2.618041;37.099523
-3.215381;2.596833;37.104499
-2.899218;2.003237;37.251568
-2.797372;1.860137;37.299018
-2.514949;1.190201;37.430999
-2.694298;1.657530;37.347962
-2.755945;-0.199665;37.322058
-2.465672;0.954692;37.462847
-3.355468;2.689472;37.046884
-2.753957;1.713240;37.326993
-2.892563;1.972151;37.262665
-2.450231;0.542010;37.468090
-3.194221;2.531609;37.123553
-3.515233;2.765191;36.973996
-2.744509;-0.182422;37.335895
-2.534028;1.158018;37.433165
-2.361305;0.243907;37.513294
-3.126981;2.414784;37.157226
-2.998701;2.167039;37.216865
-2.487178;0.615600;37.456096
-2.477056;0.675684;37.463375
-2.390438;0.139753;37.503879
-2.472399;0.025609;37.465718
-4.041272;2.585861;36.732251
-2.649180;1.507864;37.383937
-2.509253;0.804882;37.450075
-2.802841;-0.189930;37.314073
-3.209814;2.499114;37.123665
-4.613022;0.756449;37.034595
-4.087640;2.503798;36.714962
-2.724360;1.597203;37.351469
-3.647339;2.842544;36.920647
-2.811418;1.792339;37.310780
-2.916192;1.976187;37.261906
-2.946777;2.003648;37.248925
-3.208880;2.473959;37.126645
-2.795839;1.743151;37.319958
-3.442504;2.704323;37.018089
-3.340770;2.658829;37.066379
-3.819653;2.827695;36.842086
-2.597073;1.319702;37.412504
-2.465194;0.533815;37.472102
-2.706797;1.568178;37.362399
-3.178453;2.440279;37.142790
-2.515525;1.081789;37.452467
-2.445821;0.084468;37.485656
-3.375157;2.669375;37.053548
-3.019837;2.147768;37.218660
-2.444747;0.378933;37.487448
-2.996776;2.096406;37.229752
-3.187512;2.412418;37.141459
-3.646867;2.821801;36.927071
-2.788963;1.691800;37.328172
-3.946943;2.704339;36.787681
-3.235040;2.496083;37.120675
-3.011983;2.102691;37.225844
-2.887165;1.890878;37.284114
-3.154215;2.350268;37.160088
-2.562103;0.953911;37.438359
-2.596515;1.259745;37.419894
-2.513775;0.725439;37.458697
-2.771967;1.628429;37.340792
-3.311848;2.590126;37.089320
-3.909320;2.735330;36.808083
-2.508316;1.000034;37.461244
-2.494553;0.538759;37.469690
-2.431755;0.178766;37.501751
-4.087694;2.493888;36.728026
-2.483495;0.473839;37.479631
-2.739730;1.567120;37.360352
-3.035775;2.118163;37.221964
-2.567104;0.833708;37.441540
-2.695222;-0.123243;37.383201
-2.846451;1.731355;37.313802
-2.872434;-0.176935;37.301453
-3.245013;2.440209;37.127664
-2.837841;-0.159183;37.318270
-2.619547;1.244939;37.419807
-2.586100;-0.019880;37.435936
-2.719680;1.493583;37.377864
-2.566134;0.675241;37.449572
-2.480837;0.329334;37.490216
-2.669501;1.390331;37.402791
-3.344068;2.522476;37.089027
-3.219253;2.346665;37.148625
-4.050614;2.563478;36.763293
-3.624574;2.747006;36.961384
-2.566142;0.588255;37.454751
-3.040430;2.059587;37.235423
-2.665610;1.314486;37.411020
-2.591159;0.752740;37.447495
-2.511795;0.107043;37.484088
-2.658110;1.045714;37.417452
-2.846644;1.660252;37.328850
-2.961488;1.885286;37.277410
-2.644925;0.894574;37.425579
-2.609167;1.125723;37.437788
-3.358493;2.464551;37.095217
-2.507627;0.272579;37.492922
-3.013495;1.948423;37.258439
-3.108666;2.130166;37.213382
-2.662635;1.211246;37.422013
-2.624584;0.787039;37.440637
-2.723098;1.403033;37.394387
-3.216837;2.268451;37.165134
-3.200961;2.240895;37.173903
-2.941901;-0.170477;37.294628
-3.681082;2.753496;36.952337
-3.383011;2.421395;37.093045
-2.550351;0.105334;37.480995
-2.580842;0.476023;37.469147
-2.689640;1.247770;37.419646
-3.541244;2.618389;37.023238
-3.507438;2.559576;37.041655
-3.468710;2.502569;37.060471
-2.967852;1.809393;37.294625
-2.996057;-0.179369;37.281535
-2.732457;1.297602;37.406903
-3.090673;2.003330;37.241067
-2.681960;0.798762;37.432284
-2.770731;1.115788;37.392288
-2.739615;-0.050621;37.408901
-3.361336;2.354620;37.118338
-4.020722;2.583380;36.813536
-2.803810;1.403722;37.379897
-2.754594;1.144709;37.404079
-2.568919;0.188480;37.490580
-2.814570;1.145714;37.378689
-2.971797;1.750405;37.304890
-3.393090;2.354869;37.108885
-3.150274;-0.177719;37.223737
-2.760769;0.744074;37.414936
-2.659817;0.037286;37.453840
-2.879031;1.489281;37.350979
-3.781922;2.748592;36.931267
-2.724129;0.830572;37.424643
-2.780988;1.026963;37.399567
-2.951977;1.639826;37.319743
-3.124968;-0.168764;37.239655
-2.791825;-0.083187;37.396741
-4.200063;0.363794;37.226355
-3.966250;2.637089;36.850514
-2.863313;1.438378;37.363736
-2.944507;-0.136177;37.328350
-3.200112;2.094186;37.208555
-3.339184;2.257246;37.145290
-2.804599;1.285072;37.393887
-3.005951;1.744326;37.302244
-3.257513;2.160742;37.185240
-3.619426;2.595217;37.017910
-3.227159;2.112661;37.200522
-4.131485;2.405121;36.780383
-2.610478;0.213717;37.490314
-3.583265;2.529743;37.037047
-2.720914;0.587059;37.439754
-4.156602;2.358855;36.770049
-2.870655;1.373311;37.370063
-2.949845;1.577257;37.332311
-3.151680;1.976304;37.239371
-2.669763;0.356042;37.464561
-2.720271;0.533933;37.442188
-2.775260;0.714697;37.418228
-3.899821;2.681067;36.892048
-3.111859;-0.142349;37.262174
-2.935770;1.309664;37.343788
-3.704135;2.678885;36.986104
-2.687819;0.412273;37.459789
-2.877961;1.076380;37.371536
-2.931012;1.110646;37.347671
-2.673972;0.095659;37.468964
-2.861078;1.059893;37.383115
-3.365321;2.232058;37.148157
-2.645506;0.161902;37.485742
-2.923796;1.349017;37.355818
-2.823363;0.938859;37.402725
-3.662290;2.598211;37.012977
-3.214820;1.986677;37.222085
-2.961852;1.275366;37.341229
-3.275018;2.090181;37.195673
-2.929031;1.041969;37.356644
-2.851265;0.986940;37.394268
-2.943921;-0.088714;37.352199
-2.988198;1.514444;37.332836
-2.829915;0.873786;37.406996
-2.810850;0.729290;37.414121
-2.713763;0.354254;37.461819
-2.954491;1.407514;37.349502
-3.128717;1.819403;37.268221
-3.367176;2.196994;37.159230
-2.812454;-0.030660;37.418313
-3.079243;1.742836;37.294486
-3.029919;1.597368;37.317344
-3.195402;1.919002;37.240211
-2.781009;0.510153;37.434263
-3.010612;1.386395;37.327845
-3.702936;2.632265;37.005691
-2.826416;0.747138;37.413671
-3.118076;1.786487;37.280371
-3.641808;2.508858;37.033948
-2.705664;0.305715;37.472140
-2.738962;0.081286;37.460797
-3.495866;2.292651;37.108242
-3.457619;2.252303;37.124289
-3.472446;2.276604;37.118368
-3.110553;-0.063590;37.290309
-3.049825;1.651575;37.317133
-3.551058;2.360037;37.082923
-4.098019;2.431802;36.833742
-3.272424;1.958200;37.217902
-3.810382;2.643879;36.970772
-3.357225;2.094789;37.181571
-3.156257;1.768069;37.277157
-2.969183;-0.046373;37.364827
-3.720712;2.555948;37.015624
-4.177495;2.239166;36.808536
-4.057683;2.461321;36.862917
-3.572504;2.298906;37.091570
-3.044823;1.110095;37.337705
-3.100822;1.340903;37.312079
-4.115065;2.358372;36.844176
-3.063654;1.223889;37.331375
-2.770614;0.267789;37.467685
-2.946824;0.873675;37.386288
-2.879121;0.495316;37.419988
-3.692631;2.463033;37.038706
-3.287172;-0.105598;37.233894
-3.677080;2.409791;37.049799
-3.198034;1.526233;37.274634
-3.182560;1.647215;37.282346
-3.032979;1.041204;37.349431
-3.410961;2.063919;37.176890
-3.446110;-0.130381;37.161518
-2.926126;0.799102;37.404458
-3.352595;1.955549;37.207233
-4.041181;2.440645;36.886693
-3.206702;1.629017;37.276800
-3.211498;1.724062;37.274374
-2.899506;0.469307;37.420672
-3.371925;1.985844;37.200668
-3.000736;0.910572;37.376171
-4.281230;2.123183;36.779674
-3.527132;2.210045;37.131162
-3.164335;1.285936;37.300496
-3.180041;1.370481;37.293975
-3.300903;1.657733;37.238734
-2.926557;0.696159;37.413864
-2.930016;0.036265;37.414479
-3.336193;1.663689;37.225030
-3.285719;1.593772;37.247244
-3.871828;2.581927;36.974456
-2.883455;0.387896;37.435667
-3.113609;1.133665;37.329651
-3.781523;2.543099;37.016347
-3.016010;0.878696;37.376518
-3.033767;0.906215;37.368397
-3.186656;1.304201;37.297014
-3.724270;2.435968;37.046417
-2.955268;0.611291;37.406547
-4.114442;2.249197;36.867354
-3.525970;2.182487;37.142221
-3.100191;0.991612;37.340888
-2.836714;0.154228;37.469207
-4.017269;2.330871;36.914629
-3.222493;-0.043139;37.288620
-3.408127;1.883613;37.199094
-3.979235;2.424165;36.932248
-3.843585;2.273674;36.995619
-4.027300;2.376483;36.910511
-3.315273;-0.080155;37.243481
-3.448594;1.841935;37.180593
-3.445943;1.664637;37.187728
-3.972492;2.196002;36.945196
-3.327583;-0.083246;37.239578
-2.987229;0.754515;37.398490
-2.971395;0.507797;37.406078
-2.978058;0.596292;37.403243
-3.376827;1.834658;37.217288
-3.312922;1.728119;37.248593
-2.982816;0.533647;37.402784
-2.857593;0.242666;37.460778
-2.972934;0.488837;37.408073
-3.110094;0.923486;37.343509
-3.452505;2.005042;37.183903
-3.295524;-0.066381;37.254944
-3.522171;2.125530;37.152480
-2.960927;0.469500;37.414587
-3.265035;1.427100;37.272900
-2.841710;0.183415;37.469900
-3.102444;0.011335;37.348298
-3.772079;2.164635;37.040184
-3.095330;0.882805;37.354707
-3.790955;2.205554;37.030373
-3.562213;-0.118783;37.137116
-4.090933;2.208795;36.893066
-3.571491;2.190414;37.132869
-3.459250;1.904009;37.185389
-4.132783;2.184965;36.873458
-3.007501;0.557687;37.397092
-3.992029;2.530864;36.934248
-3.349343;1.565929;37.237935
-3.820895;2.201718;37.019655
-2.985740;0.471109;37.408754
-3.935163;2.205151;36.966875
-3.014812;0.617320;37.394935
-2.974380;0.444516;37.414896
-3.333051;-0.067867;37.247028
-3.413544;-0.084900;37.209623
-3.258640;1.339527;37.282946
-2.994792;0.501530;37.406135
-3.277056;-0.040694;37.273051
-3.793728;2.453344;37.035850
-3.033532;0.727605;37.389218
-4.314496;2.005834;36.791828
-3.364664;-0.068502;37.234494
-3.906868;2.211503;36.982533
-3.465195;-0.091729;37.189044
-3.091511;0.828188;37.362748
-3.773065;2.199532;37.043826
-3.640202;2.236577;37.106683
-4.052686;2.210423;36.914393
-3.546672;2.117415;37.151351
-3.412394;1.642367;37.210705
-3.308527;1.434907;37.263537
-3.563938;2.140942;37.144457
-3.886086;2.211140;36.997152
-3.530051;-0.096806;37.160863
-3.518739;1.852870;37.166557
-3.545250;2.058730;37.154556
-3.062936;0.731959;37.379605
-3.014435;0.529000;37.401916
-3.524498;1.885395;37.164308
-3.112614;0.843201;37.356521
-3.752631;2.400666;37.056755
-3.164418;0.905587;37.332308
-3.537080;2.041062;37.159300
-3.035977;0.643213;37.393114
-3.494149;-0.091514;37.179892
-3.502884;1.716783;37.173640
-2.993921;0.063825;37.412423
-3.062777;0.044601;37.382420
-3.869632;2.495493;37.005900
-3.550620;-0.091947;37.155582
-3.576342;1.968381;37.143297
-3.516920;-0.087728;37.171463
-3.563059;2.068580;37.150460
-3.094108;0.791877;37.369023
-3.728041;2.111515;37.073791
-3.409154;1.605142;37.220814
-3.377779;1.543095;37.237241
-3.194430;0.930574;37.322806
-3.240652;1.243263;37.299557
-3.789391;2.358457;37.045812
-3.711925;2.287370;37.083194
-4.276042;2.067159;36.817849
-3.755979;2.174251;37.061769
-3.227945;1.049875;37.309396
-3.761627;2.356374;37.060610
-3.069665;0.608219;37.383754
-3.307704;1.376785;37.272442
-2.931235;0.297279;37.448810
-2.938600;0.121299;37.446371
-2.942845;0.324099;37.443694
-3.950583;2.502560;36.971350
-3.655945;2.210305;37.111606
-4.091310;2.178903;36.909106
-3.180809;0.876786;37.334065
-4.160675;2.155171;36.877487
-3.256580;1.109107;37.300392
-3.517052;1.683474;37.178205
-4.608165;0.322445;37.035208
-3.646902;-0.101592;37.119005
-3.863913;2.418782;37.017446
-3.622981;-0.107939;37.131261
-3.849306;2.154937;37.028518
-3.678950;2.209410;37.106663
-3.966240;2.150493;36.974036
-3.362860;1.419663;37.256705
-3.678433;-0.105400;37.110182
-3.676305;1.915524;37.111903
-3.124170;0.677340;37.370637
-3.144563;0.732820;37.363032
-3.133883;0.620623;37.368943
-3.489452;1.530629;37.205212
-3.744303;1.981175;37.089859
-3.286086;0.011703;37.303153
-3.807968;2.069113;37.059832
-3.048523;0.099002;37.413803
-3.034748;0.375432;37.422383
-3.908006;2.135315;37.017701
-3.597283;1.775333;37.159969
-3.707864;-0.095572;37.108848
-3.206329;0.797071;37.342783
-3.675674;-0.086633;37.127564
-3.418064;-0.014910;37.248786
-3.260615;0.872715;37.322766
-4.083447;2.123522;36.939541
-3.994643;2.100177;36.979789
-4.126074;2.087153;36.922634
-4.275207;2.011426;36.850173
-3.622129;1.712585;37.160413
-3.570792;1.589731;37.185235
-2.995817;0.233819;37.452575
-3.896459;2.053361;37.033371
-3.132330;0.478835;37.389090
-3.424453;1.225092;37.254953
-3.728485;1.862341;37.112470
-3.476331;1.460355;37.230662
-3.205674;0.670450;37.358044
-3.786631;1.914360;37.087726
-3.446631;1.373359;37.246747
-3.288522;0.847818;37.320847
-3.426812;1.171322;37.256262
-3.313988;0.909775;37.309722
-3.107963;0.120340;37.406208
-3.132821;0.090218;37.393769
-3.766476;1.750692;37.099825
-3.852538;1.971121;37.060268
-3.721933;1.719104;37.120864
-3.372346;1.003461;37.284952
-3.419920;1.117586;37.262300
-3.240332;0.708548;37.347296
-3.181888;0.509339;37.374866
-3.045377;0.241323;37.441444
-4.203000;2.036945;36.901466
-3.683303;1.665485;37.144495
-3.799996;1.809808;37.091336
-3.476726;-0.002596;37.242941
-4.148164;2.031850;36.929880
-3.230693;0.623579;37.356984
-3.741635;1.669409;37.121710
-4.061928;2.032026;36.972161
-3.903744;1.956698;37.046453
-4.012910;2.039621;36.994664
-3.562625;-0.024931;37.205074
-3.479125;1.231164;37.248355
-3.228444;0.535752;37.365779
-3.850054;1.777222;37.076648
-3.644738;1.572527;37.174696
-3.773624;-0.074504;37.114837
-3.459343;1.073736;37.261579
-3.317938;0.077533;37.330821
-3.597397;1.479394;37.198079
-3.692191;1.566400;37.156937
-3.143796;0.355689;37.412871
-3.270985;0.093279;37.354623
-4.404152;1.831956;36.825126
-3.105455;0.217563;37.431408
-3.519023;1.286033;37.239247
-3.853525;1.688810;37.083183
-4.041506;1.963885;36.999305
-3.384080;0.852998;37.306946
-3.618785;1.392739;37.198151
-3.204837;0.404480;37.392199
-3.909208;-0.069463;37.063566
-4.079344;1.953039;36.984584
-3.453498;0.998606;37.276563
-3.570167;1.338105;37.222216
-3.326207;0.678681;37.336581
-3.962684;1.919173;37.040444
-4.313352;1.911747;36.877051
-3.675389;1.466102;37.174988
-3.694835;1.488181;37.166307
-3.298370;0.571269;37.352090
-3.203454;0.151185;37.396769
-3.738597;-0.048378;37.148494
-3.952345;1.839102;37.047782
-3.646661;1.381681;37.191665
-3.772248;1.550304;37.133827
-3.560372;1.270067;37.232889
-3.932047;1.734836;37.060730
-3.386975;0.767045;37.314964
-3.190321;0.177668;37.406685
-4.003913;1.910350;37.027932
-3.693435;1.429891;37.173567
-3.557514;1.214328;37.237284
-3.215554;0.363327;37.399055
-4.327498;1.885079;36.881795
-4.069659;1.891196;37.001283
-3.443142;0.901206;37.293686
-3.341397;0.607421;37.341808
-3.311345;0.528413;37.356467
-3.558984;1.105079;37.242304
-3.864711;1.609046;37.099574
-3.523965;1.058631;37.258897
-3.503855;1.002007;37.268820
-3.256572;0.392746;37.384221
-4.396696;1.809184;36.849462
-3.503818;0.971501;37.272827
-4.425425;1.766748;36.842753
-4.015765;1.802747;37.035344
-3.316800;0.145957;37.364731
-3.628008;1.252490;37.216706
-4.213638;1.899897;36.943275
-3.291034;0.417492;37.375189
-3.570957;0.049174;37.248148
-3.793756;1.479846;37.142236
-3.655672;0.007101;37.204833
-3.916205;1.625656;37.085918
-3.781357;-0.031075;37.147328
-3.238574;0.295494;37.403673
-3.633272;1.219888;37.219596
-3.691900;1.315194;37.192638
-4.179692;1.873393;36.964976
-4.053657;1.806535;37.025538
-4.052422;-0.040453;37.025563
-3.283320;0.183965;37.387626
-3.763393;1.393583;37.164100
-3.963770;1.645681;37.072081
-4.004533;1.705898;37.053559
-3.284283;0.336069;37.391284
-3.413177;0.623505;37.331887
-4.259410;1.873256;36.937482
-3.431082;0.137977;37.324793
-3.453763;0.747915;37.313459
-3.473501;0.771075;37.304347
-3.619473;1.098814;37.238486
-3.789501;1.374518;37.161644
-3.491301;0.817911;37.300741
-4.305189;1.853266;36.924292
-3.560415;0.909374;37.274013
-4.187003;1.807002;36.982744
-4.439060;1.718345;36.868584
-3.745814;1.284711;37.190398
-3.615212;1.021337;37.251250
-4.132608;1.772561;37.011140
-4.121443;1.750133;37.018554
-3.381358;0.195232;37.364672
-3.502009;0.726759;37.308119
-3.851322;-0.018498;37.143273
-3.360352;0.355070;37.375872
-4.037574;-0.012963;37.060301
-3.976847;1.573012;37.089570
-3.404359;0.424909;37.357794
-3.849809;1.358636;37.150753
-3.350040;0.303889;37.383874
-4.158337;-0.004176;37.009427
-3.623535;0.081883;37.256989
-4.004002;1.580117;37.083440
-3.777605;0.020892;37.189834
-3.893138;1.406258;37.135521
-4.223777;1.762268;36.983733
-4.278544;1.805553;36.958563
-3.479964;0.173092;37.331494
-3.719517;1.139342;37.219725
-3.960663;1.489787;37.110249
-3.748027;0.050656;37.211493
-3.528528;0.640396;37.314742
-4.243135;0.003903;36.982026
-4.298072;0.024927;36.956764
-4.171888;1.716503;37.016200
-3.675531;0.079014;37.247645
-3.571648;0.762303;37.298948
-3.631418;0.880846;37.273743
-4.083768;1.630879;37.063028
-3.439877;0.324566;37.364730
-4.256229;1.714929;36.985058
-4.429863;1.684272;36.905859
-3.699115;0.988925;37.245894
-4.472795;1.600120;36.887528
-3.442967;0.260073;37.366661
-3.868928;1.252938;37.168774
-4.288062;1.717613;36.973108
-3.512153;0.439971;37.334868
-3.938287;1.369396;37.136977
-3.809225;1.167034;37.197918
-3.676140;0.100930;37.258972
-3.628369;0.825915;37.284317
-3.661261;0.111337;37.267386
-3.777274;1.111253;37.215371
-3.527134;0.207573;37.332750
-3.481918;0.358195;37.354683
-4.515185;1.521381;36.873743
-3.607644;0.150134;37.297751
-3.606766;0.730544;37.298531
-3.663413;0.879140;37.272085
-3.579915;0.584673;37.311864
-4.275662;1.695150;36.986034
-3.944299;1.322754;37.141435
-3.479538;0.267787;37.359240
-3.955225;1.349249;37.137156
-4.020707;1.461356;37.107058
-3.857801;0.041370;37.186006
-3.992697;0.019190;37.119551
-3.518666;0.387336;37.342836
-3.600940;0.625472;37.305579
-4.068290;1.515301;37.087583
-4.522849;1.489732;36.875697
-3.524462;0.239413;37.341949
-4.320280;1.703977;36.969580
-4.037103;1.471273;37.103027
-3.503395;0.297809;37.353108
-3.833005;1.143274;37.198944
-3.854012;0.058492;37.191896
-3.552630;0.230179;37.330391
-4.137653;1.622697;37.058363
-3.498521;0.331870;37.356352
-3.614328;0.665659;37.302715
-4.130008;0.023438;37.061613
-3.998975;1.400476;37.124044
-3.619262;0.639605;37.303202
-3.919247;1.233681;37.163798
-3.967921;1.292530;37.141414
-4.058138;0.019534;37.098448
-3.873694;0.056412;37.186366
-3.645159;0.154050;37.292621
-3.959733;0.023984;37.144633
-3.617030;0.588433;37.306318
-3.857713;1.153174;37.194828
-4.383607;1.702672;36.951262
-3.919968;0.028495;37.165952
-3.609341;0.194537;37.312557
-3.567848;0.395858;37.333729
-4.075718;1.462151;37.096906
-4.090065;1.489484;37.090553
-4.047656;1.419858;37.111457
-3.697273;0.847678;37.275315
-4.275162;0.054206;37.008292
-3.892288;0.070921;37.186381
-3.665760;0.711763;37.292964
-3.562342;0.306215;37.341016
-3.686325;0.785891;37.285382
-4.245091;1.622626;37.025996
-4.060118;1.392842;37.115119
-4.534348;1.431789;36.894633
-4.221099;1.603315;37.041855
-3.645663;0.211870;37.311296
-4.447159;1.600521;36.939740
-3.776762;0.937322;37.251768
-4.010661;1.226741;37.143391
-3.634867;0.238466;37.319249
-3.745096;0.822502;37.268457
-4.085804;1.395003;37.109831
-3.694772;0.625220;37.293543
-3.819688;0.996700;37.235975
-4.420223;0.072894;36.955919
-3.643062;0.395296;37.320080
-4.240199;1.561355;37.042547
-4.226224;1.537885;37.050939
-3.682250;0.522186;37.303986
-3.965392;1.138465;37.176032
-4.047969;1.218331;37.140809
-4.552773;1.358676;36.908412
-4.138810;0.068544;37.099256
-3.782474;0.701886;37.270515
-4.359732;1.568408;37.001464
-3.811979;0.792714;37.258142
-4.254225;1.484436;37.053388
-4.506531;1.446541;36.937530
-4.230943;1.462533;37.066524
-3.719510;0.331353;37.306369
-4.572463;1.292383;36.910356
-4.036692;0.093981;37.162090
-4.184440;1.340482;37.096051
-3.731106;0.349830;37.306530
-4.283411;0.092954;37.051498
-4.262016;1.407638;37.063167
-3.894528;0.937999;37.233305
-4.529618;1.385994;36.938245
-4.324271;1.487628;37.033276
-3.870950;0.180771;37.246503
-4.388917;0.098990;37.002903
-3.764570;0.268359;37.296616
-3.776098;0.474513;37.291611
-3.900607;0.828609;37.235852
-4.172681;1.269124;37.109201
-3.914221;0.177272;37.234136
-4.140172;1.170726;37.130342
-4.356586;1.465498;37.028309
-3.829474;0.589569;37.276890
-4.234099;1.310267;37.088225
-4.271969;1.338789;37.071274
-3.898031;0.753441;37.247064
-3.855867;0.671554;37.266098
-4.079407;1.050892;37.164065
-4.208217;1.193496;37.104635
-4.579930;1.172075;36.931322
-4.475552;1.439550;36.979288
-3.843831;0.270529;37.275579
-4.157140;1.113877;37.129874
-3.981857;0.896592;37.212397
-3.824708;0.435521;37.287984
-4.465686;0.126710;36.989735
-4.112167;1.054022;37.154097
-3.838032;0.415837;37.285815
-4.069485;0.134173;37.179049
-4.036146;0.922826;37.197572
-3.995241;0.830175;37.216959
-3.875651;0.566603;37.273602
-3.944586;0.747918;37.241883
-4.180567;1.055214;37.132819
-3.850711;0.397109;37.286622
-4.364388;1.301551;37.048376
-4.511977;1.357044;36.980394
-4.555591;1.246840;36.961998
-4.281693;1.160360;37.088808
-4.477345;1.402613;36.996475
-3.940744;0.238684;37.250954
-4.479294;1.378287;37.000655
-4.064641;0.881799;37.194772
-4.380483;1.316668;37.047222
-4.221666;0.139478;37.121820
-3.948474;0.700546;37.250456
-3.988532;0.768809;37.231711
-3.913966;0.291692;37.266918
-3.908495;0.558494;37.270930
-4.322533;1.140754;37.080864
-4.567373;1.113211;36.966289
-4.141955;0.901240;37.166746
-4.434279;1.284831;37.032787
-4.408755;1.226748;37.044981
-3.916415;0.476309;37.274967
-4.207789;0.182353;37.140263
-4.554702;1.179780;36.976596
-4.377975;0.142352;37.061870
-4.000081;0.228753;37.240416
-4.417503;0.149111;37.044613
-4.310385;0.163152;37.097470
-4.412551;1.197075;37.047835
-4.129483;0.856530;37.181947
-4.253914;0.998417;37.124331
-4.422820;1.181315;37.046566
-4.557687;1.101989;36.985579
-4.304746;1.005477;37.107104
-4.225380;0.905204;37.145880
-4.483086;1.130318;37.027004
-4.596148;0.968705;36.976323
-4.389003;1.051283;37.075376
-4.056916;0.728106;37.231562
-4.036766;0.707570;37.241660
-4.257169;0.888111;37.141366
-4.341117;0.937435;37.111265
-4.031084;0.589409;37.256299
-4.292689;0.226207;37.137483
-4.306402;0.856638;37.130622
-4.379585;0.965822;37.099076
-4.422646;1.000288;37.079068
-4.433452;0.968994;37.075073
-4.504527;0.217407;37.041304
-4.601647;0.264817;36.997464
-4.601998;0.254926;36.997850
-4.020006;0.446857;37.268539
-4.582907;0.243197;37.007991
-4.217392;0.252274;37.182233
-4.097270;0.660566;37.240710
-4.094337;0.637612;37.244177
-4.656830;0.728213;36.982171
-4.245088;0.736708;37.174342
-4.585876;0.256591;37.017074
-4.218535;0.705232;37.190200
-4.452426;0.268457;37.083073
-4.278943;0.280928;37.162887
-4.614530;0.279361;37.008306
-4.472295;0.250688;37.075028
-4.350783;0.303505;37.132118
-4.407512;0.310536;37.106811
-4.101369;0.315274;37.249519
-4.409366;0.828113;37.106357
-4.595224;0.276342;37.019240
-4.449781;0.899764;37.088615
-4.302646;0.699778;37.157587
-4.639076;0.759574;37.002014
-4.231862;0.270018;37.188343
-4.075144;0.381143;37.264122
-4.651185;0.707475;36.995281
-4.627771;0.791679;37.008505
-4.512081;0.243336;37.059431
-4.509607;0.902462;37.062813
-4.253711;0.287901;37.181410
-4.356268;0.324007;37.135560
-4.456698;0.302898;37.089726
-4.152296;0.602120;37.231295
-4.359749;0.790498;37.134820
-4.586712;0.288599;37.029263
-4.133136;0.303582;37.240783
-4.592413;0.847017;37.027506
-4.439685;0.339839;37.100416
-4.122817;0.337206;37.248854
-4.610380;0.818687;37.022550
-4.102147;0.390198;37.260928
-4.610916;0.785935;37.025276
-4.244730;0.519875;37.199371
-4.128129;0.387438;37.253904
